ticker,time,open,high,low,close,volume
EVF,2023-11-01 02:15:00,10.1849,10.1849,10.1849,10.1849,14000
EVF,2023-11-01 02:16:00,10.1849,10.1849,10.1849,10.1849,10000
EVF,2023-11-01 02:17:00,10.1849,10.1849,10.13861,10.1849,25500
EVF,2023-11-01 02:18:00,10.1849,10.27749,10.1849,10.27749,700
EVF,2023-11-01 02:19:00,10.27749,10.27749,10.27749,10.27749,300
EVF,2023-11-01 02:22:00,10.1849,10.1849,10.1849,10.1849,100
EVF,2023-11-01 02:23:00,10.1849,10.27749,10.1849,10.27749,13200
EVF,2023-11-01 02:25:00,10.1849,10.1849,10.1849,10.1849,10100
EVF,2023-11-01 02:26:00,10.1849,10.1849,10.1849,10.1849,4900
EVF,2023-11-01 02:27:00,10.1849,10.1849,10.1849,10.1849,100
EVF,2023-11-01 02:33:00,10.13861,10.13861,10.13861,10.13861,1400
EVF,2023-11-01 02:34:00,10.13861,10.13861,10.13861,10.13861,21300
EVF,2023-11-01 02:35:00,10.13861,10.1849,10.13861,10.1849,900
EVF,2023-11-01 02:36:00,10.13861,10.13861,10.13861,10.13861,11400
EVF,2023-11-01 02:38:00,10.13861,10.13861,10.13861,10.13861,3000
EVF,2023-11-01 02:39:00,10.13861,10.13861,10.13861,10.13861,500
EVF,2023-11-01 02:40:00,10.13861,10.13861,10.13861,10.13861,5500
EVF,2023-11-01 02:41:00,10.13861,10.13861,10.13861,10.13861,100
EVF,2023-11-01 02:42:00,10.13861,10.13861,10.09231,10.13861,8100
EVF,2023-11-01 02:48:00,10.13861,10.13861,10.13861,10.13861,17200
EVF,2023-11-01 02:49:00,10.09231,10.09231,10.09231,10.09231,18400
EVF,2023-11-01 02:50:00,10.09231,10.09231,10.09231,10.09231,100
EVF,2023-11-01 02:51:00,9.99972,9.99972,9.99972,9.99972,12300
EVF,2023-11-01 02:52:00,9.99972,9.99972,9.90713,9.90713,8800
EVF,2023-11-01 02:53:00,9.90713,9.90713,9.90713,9.90713,1100
EVF,2023-11-01 02:54:00,9.86084,9.86084,9.81454,9.81454,15400
EVF,2023-11-01 02:55:00,9.81454,9.90713,9.81454,9.90713,2000
EVF,2023-11-01 02:56:00,9.81454,9.86084,9.81454,9.81454,7000
EVF,2023-11-01 02:57:00,9.90713,9.90713,9.81454,9.81454,11200
EVF,2023-11-01 02:58:00,9.86084,9.86084,9.86084,9.86084,1500
EVF,2023-11-01 02:59:00,9.86084,9.86084,9.86084,9.86084,1600
EVF,2023-11-01 03:00:00,9.86084,9.86084,9.86084,9.86084,7200
EVF,2023-11-01 03:01:00,9.86084,9.86084,9.86084,9.86084,7000
EVF,2023-11-01 03:03:00,9.86084,9.86084,9.86084,9.86084,5200
EVF,2023-11-01 03:04:00,9.86084,9.86084,9.86084,9.86084,2400
EVF,2023-11-01 03:05:00,9.86084,9.86084,9.86084,9.86084,23200
EVF,2023-11-01 03:06:00,9.99972,9.99972,9.99972,9.99972,15000
EVF,2023-11-01 03:07:00,9.90713,9.90713,9.90713,9.90713,500
EVF,2023-11-01 03:08:00,9.81454,9.81454,9.81454,9.81454,700
EVF,2023-11-01 03:10:00,9.81454,9.86084,9.81454,9.86084,400
EVF,2023-11-01 03:11:00,9.86084,9.86084,9.86084,9.86084,3000
EVF,2023-11-01 03:12:00,9.86084,9.86084,9.81454,9.81454,1100
EVF,2023-11-01 03:14:00,9.86084,9.86084,9.86084,9.86084,2000
EVF,2023-11-01 03:18:00,9.86084,9.86084,9.86084,9.86084,1000
EVF,2023-11-01 03:19:00,9.86084,9.86084,9.86084,9.86084,200
EVF,2023-11-01 03:20:00,9.86084,9.86084,9.86084,9.86084,10200
EVF,2023-11-01 03:21:00,9.81454,9.81454,9.81454,9.81454,38800
EVF,2023-11-01 03:22:00,9.76825,9.76825,9.76825,9.76825,32400
EVF,2023-11-01 03:23:00,9.76825,9.76825,9.72195,9.72195,100700
EVF,2023-11-01 03:24:00,9.67566,9.67566,9.67566,9.67566,1100
EVF,2023-11-01 03:25:00,9.67566,9.72195,9.67566,9.72195,32000
EVF,2023-11-01 03:26:00,9.72195,9.72195,9.67566,9.67566,10500
EVF,2023-11-01 03:28:00,9.72195,9.72195,9.67566,9.67566,15800
EVF,2023-11-01 03:30:00,9.72195,9.72195,9.62936,9.62936,1600
EVF,2023-11-01 03:31:00,9.62936,9.62936,9.62936,9.62936,35400
EVF,2023-11-01 03:33:00,9.72195,9.72195,9.72195,9.72195,15800
EVF,2023-11-01 03:34:00,9.72195,9.72195,9.72195,9.72195,800
EVF,2023-11-01 03:35:00,9.76825,9.76825,9.76825,9.76825,500
EVF,2023-11-01 03:36:00,9.76825,9.76825,9.76825,9.76825,200
EVF,2023-11-01 03:38:00,9.76825,9.76825,9.76825,9.76825,2100
EVF,2023-11-01 03:40:00,9.81454,9.81454,9.81454,9.81454,1000
EVF,2023-11-01 03:43:00,9.81454,9.81454,9.81454,9.81454,300
EVF,2023-11-01 03:44:00,9.76825,9.76825,9.76825,9.76825,400
EVF,2023-11-01 03:46:00,9.76825,9.76825,9.72195,9.72195,4100
EVF,2023-11-01 03:47:00,9.72195,9.72195,9.72195,9.72195,3200
EVF,2023-11-01 03:50:00,9.76825,9.76825,9.76825,9.76825,3400
EVF,2023-11-01 03:52:00,9.76825,9.81454,9.76825,9.81454,4000
EVF,2023-11-01 03:54:00,9.81454,9.81454,9.81454,9.81454,4300
EVF,2023-11-01 03:59:00,9.81454,9.81454,9.81454,9.81454,500
EVF,2023-11-01 04:00:00,9.81454,9.81454,9.81454,9.81454,700
EVF,2023-11-01 04:01:00,9.76825,9.76825,9.76825,9.76825,2500
EVF,2023-11-01 04:03:00,9.76825,9.76825,9.76825,9.76825,100
EVF,2023-11-01 04:05:00,9.76825,9.76825,9.76825,9.76825,500
EVF,2023-11-01 04:07:00,9.76825,9.76825,9.76825,9.76825,1000
EVF,2023-11-01 04:15:00,9.81454,9.81454,9.81454,9.81454,500
EVF,2023-11-01 04:19:00,9.76825,9.76825,9.76825,9.76825,100
EVF,2023-11-01 04:23:00,9.76825,9.76825,9.76825,9.76825,10100
EVF,2023-11-01 04:24:00,9.76825,9.76825,9.76825,9.76825,3300
EVF,2023-11-01 04:26:00,9.76825,9.76825,9.76825,9.76825,100
EVF,2023-11-01 04:29:00,9.72195,9.72195,9.72195,9.72195,5500
EVF,2023-11-01 06:00:00,9.72195,9.72195,9.72195,9.72195,9800
EVF,2023-11-01 06:03:00,9.72195,9.76825,9.72195,9.76825,4100
EVF,2023-11-01 06:04:00,9.76825,9.76825,9.76825,9.76825,1100
EVF,2023-11-01 06:06:00,9.76825,9.76825,9.76825,9.76825,500
EVF,2023-11-01 06:07:00,9.76825,9.76825,9.76825,9.76825,100
EVF,2023-11-01 06:08:00,9.72195,9.72195,9.72195,9.72195,10000
EVF,2023-11-01 06:09:00,9.72195,9.72195,9.72195,9.72195,500
EVF,2023-11-01 06:10:00,9.76825,9.76825,9.76825,9.76825,100
EVF,2023-11-01 06:12:00,9.76825,9.76825,9.76825,9.76825,2000
EVF,2023-11-01 06:13:00,9.76825,9.76825,9.76825,9.76825,600
EVF,2023-11-01 06:15:00,9.76825,9.76825,9.76825,9.76825,2300
EVF,2023-11-01 06:16:00,9.76825,9.76825,9.76825,9.76825,4500
EVF,2023-11-01 06:17:00,9.72195,9.72195,9.67566,9.67566,21700
EVF,2023-11-01 06:19:00,9.67566,9.67566,9.67566,9.67566,2800
EVF,2023-11-01 06:20:00,9.67566,9.67566,9.67566,9.67566,11100
EVF,2023-11-01 06:21:00,9.72195,9.72195,9.72195,9.72195,2000
EVF,2023-11-01 06:22:00,9.67566,9.67566,9.67566,9.67566,100
EVF,2023-11-01 06:24:00,9.67566,9.72195,9.67566,9.72195,762100
EVF,2023-11-01 06:25:00,9.72195,9.72195,9.67566,9.67566,15100
EVF,2023-11-01 06:26:00,9.67566,9.72195,9.67566,9.72195,1004100
EVF,2023-11-01 06:27:00,9.72195,9.72195,9.67566,9.67566,500100
EVF,2023-11-01 06:28:00,9.72195,9.72195,9.72195,9.72195,10000
EVF,2023-11-01 06:29:00,9.72195,9.72195,9.72195,9.72195,100
EVF,2023-11-01 06:31:00,9.67566,9.72195,9.67566,9.72195,600
EVF,2023-11-01 06:32:00,9.72195,9.76825,9.72195,9.76825,16100
EVF,2023-11-01 06:33:00,9.72195,9.72195,9.72195,9.72195,1205500
EVF,2023-11-01 06:34:00,9.72195,9.72195,9.67566,9.67566,6600
EVF,2023-11-01 06:35:00,9.67566,9.67566,9.67566,9.67566,300
EVF,2023-11-01 06:36:00,9.67566,9.67566,9.67566,9.67566,900
EVF,2023-11-01 06:37:00,9.67566,9.67566,9.67566,9.67566,100
EVF,2023-11-01 06:41:00,9.67566,9.67566,9.67566,9.67566,3500
EVF,2023-11-01 06:42:00,9.67566,9.67566,9.62936,9.62936,23700
EVF,2023-11-01 06:43:00,9.67566,9.67566,9.67566,9.67566,1800
EVF,2023-11-01 06:44:00,9.67566,9.67566,9.62936,9.62936,3400
EVF,2023-11-01 06:45:00,9.67566,9.67566,9.67566,9.67566,500
EVF,2023-11-01 06:47:00,9.62936,9.67566,9.62936,9.67566,1100
EVF,2023-11-01 06:48:00,9.62936,9.67566,9.62936,9.62936,46200
EVF,2023-11-01 06:49:00,9.62936,9.62936,9.62936,9.62936,13100
EVF,2023-11-01 06:50:00,9.62936,9.62936,9.58307,9.62936,9300
EVF,2023-11-01 06:51:00,9.62936,9.62936,9.62936,9.62936,5600
EVF,2023-11-01 06:52:00,9.62936,9.67566,9.62936,9.67566,1800
EVF,2023-11-01 06:53:00,9.67566,9.67566,9.67566,9.67566,3000
EVF,2023-11-01 06:54:00,9.67566,9.72195,9.67566,9.72195,4400
EVF,2023-11-01 06:55:00,9.67566,9.72195,9.67566,9.72195,10100
EVF,2023-11-01 06:56:00,9.72195,9.72195,9.72195,9.72195,6600
EVF,2023-11-01 06:58:00,9.67566,9.67566,9.67566,9.67566,100
EVF,2023-11-01 07:00:00,9.67566,9.67566,9.67566,9.67566,800
EVF,2023-11-01 07:01:00,9.67566,9.67566,9.67566,9.67566,5400
EVF,2023-11-01 07:05:00,9.67566,9.76825,9.67566,9.76825,9000
EVF,2023-11-01 07:06:00,9.72195,9.76825,9.72195,9.76825,3000
EVF,2023-11-01 07:07:00,9.76825,9.76825,9.76825,9.76825,3000
EVF,2023-11-01 07:08:00,9.76825,9.76825,9.76825,9.76825,100
EVF,2023-11-01 07:09:00,9.81454,9.81454,9.81454,9.81454,13800
EVF,2023-11-01 07:10:00,9.81454,9.81454,9.81454,9.81454,2600
EVF,2023-11-01 07:11:00,9.81454,9.81454,9.81454,9.81454,1000
EVF,2023-11-01 07:12:00,9.81454,9.81454,9.76825,9.76825,3200
EVF,2023-11-01 07:14:00,9.76825,9.76825,9.76825,9.76825,200
EVF,2023-11-01 07:15:00,9.81454,9.81454,9.76825,9.76825,400
EVF,2023-11-01 07:16:00,9.81454,9.81454,9.81454,9.81454,700
EVF,2023-11-01 07:19:00,9.81454,9.81454,9.76825,9.76825,600
EVF,2023-11-01 07:20:00,9.76825,9.76825,9.76825,9.76825,5500
EVF,2023-11-01 07:21:00,9.86084,9.86084,9.81454,9.81454,1100
EVF,2023-11-01 07:22:00,9.81454,9.81454,9.81454,9.81454,700
EVF,2023-11-01 07:23:00,9.81454,9.81454,9.81454,9.81454,500
EVF,2023-11-01 07:26:00,9.86084,9.86084,9.81454,9.81454,200
EVF,2023-11-01 07:27:00,9.81454,9.86084,9.81454,9.86084,4600
EVF,2023-11-01 07:28:00,9.81454,9.86084,9.81454,9.86084,10200
EVF,2023-11-01 07:29:00,9.86084,9.86084,9.86084,9.86084,10000
EVF,2023-11-01 07:45:00,10.1849,10.1849,10.1849,10.1849,61200
EVF,2023-11-02 02:15:00,10.32379,10.37008,10.32379,10.37008,5083500
EVF,2023-11-02 02:16:00,10.41638,10.41638,10.41638,10.41638,32700
EVF,2023-11-02 02:17:00,10.41638,10.46267,10.41638,10.41638,34800
EVF,2023-11-02 02:18:00,10.46267,10.46267,10.41638,10.41638,24500
EVF,2023-11-02 02:19:00,10.41638,10.41638,10.41638,10.41638,15900
EVF,2023-11-02 02:20:00,10.41638,10.41638,10.37008,10.37008,800
EVF,2023-11-02 02:21:00,10.37008,10.37008,10.37008,10.37008,5000
EVF,2023-11-02 02:22:00,10.41638,10.41638,10.37008,10.37008,19000
EVF,2023-11-02 02:23:00,10.37008,10.37008,10.37008,10.37008,17000
EVF,2023-11-02 02:26:00,10.37008,10.41638,10.37008,10.41638,21900
EVF,2023-11-02 02:27:00,10.41638,10.41638,10.41638,10.41638,2800
EVF,2023-11-02 02:28:00,10.37008,10.41638,10.37008,10.41638,1700
EVF,2023-11-02 02:30:00,10.41638,10.41638,10.41638,10.41638,1000
EVF,2023-11-02 02:32:00,10.41638,10.41638,10.37008,10.41638,16200
EVF,2023-11-02 02:34:00,10.41638,10.41638,10.41638,10.41638,34500
EVF,2023-11-02 02:35:00,10.46267,10.46267,10.46267,10.46267,500
EVF,2023-11-02 02:36:00,10.46267,10.50897,10.46267,10.50897,1200
EVF,2023-11-02 02:38:00,10.50897,10.50897,10.50897,10.50897,1900
EVF,2023-11-02 02:39:00,10.50897,10.55526,10.50897,10.50897,7700
EVF,2023-11-02 02:40:00,10.50897,10.55526,10.50897,10.50897,6400
EVF,2023-11-02 02:41:00,10.55526,10.55526,10.50897,10.50897,5100
EVF,2023-11-02 02:42:00,10.50897,10.50897,10.50897,10.50897,1000
EVF,2023-11-02 02:43:00,10.50897,10.50897,10.50897,10.50897,1500
EVF,2023-11-02 02:44:00,10.50897,10.50897,10.50897,10.50897,600
EVF,2023-11-02 02:45:00,10.50897,10.50897,10.50897,10.50897,1000
EVF,2023-11-02 02:47:00,10.50897,10.50897,10.50897,10.50897,200
EVF,2023-11-02 02:48:00,10.50897,10.50897,10.50897,10.50897,100
EVF,2023-11-02 02:49:00,10.50897,10.50897,10.50897,10.50897,3800
EVF,2023-11-02 02:50:00,10.50897,10.50897,10.50897,10.50897,500
EVF,2023-11-02 02:51:00,10.50897,10.50897,10.50897,10.50897,2000
EVF,2023-11-02 02:52:00,10.50897,10.50897,10.50897,10.50897,300
EVF,2023-11-02 02:53:00,10.50897,10.50897,10.50897,10.50897,3500
EVF,2023-11-02 02:54:00,10.50897,10.50897,10.50897,10.50897,5000
EVF,2023-11-02 02:55:00,10.50897,10.50897,10.50897,10.50897,14700
EVF,2023-11-02 02:58:00,10.55526,10.55526,10.55526,10.55526,100
EVF,2023-11-02 02:59:00,10.55526,10.55526,10.55526,10.55526,500
EVF,2023-11-02 03:00:00,10.55526,10.55526,10.55526,10.55526,800
EVF,2023-11-02 03:01:00,10.60156,10.60156,10.60156,10.60156,71200
EVF,2023-11-02 03:02:00,10.64785,10.64785,10.64785,10.64785,300
EVF,2023-11-02 03:03:00,10.64785,10.64785,10.64785,10.64785,2100
EVF,2023-11-02 03:04:00,10.64785,10.64785,10.64785,10.64785,11400
EVF,2023-11-02 03:05:00,10.64785,10.64785,10.64785,10.64785,35900
EVF,2023-11-02 03:06:00,10.69415,10.74044,10.69415,10.74044,17500
EVF,2023-11-02 03:07:00,10.74044,10.74044,10.74044,10.74044,3100
EVF,2023-11-02 03:08:00,10.74044,10.78674,10.74044,10.78674,2900
EVF,2023-11-02 03:09:00,10.78674,10.78674,10.74044,10.78674,4800
EVF,2023-11-02 03:10:00,10.74044,10.74044,10.74044,10.74044,1800
EVF,2023-11-02 03:11:00,10.78674,10.78674,10.78674,10.78674,1100
EVF,2023-11-02 03:12:00,10.78674,10.78674,10.78674,10.78674,300
EVF,2023-11-02 03:15:00,10.78674,10.78674,10.78674,10.78674,19500
EVF,2023-11-02 03:16:00,10.78674,10.78674,10.78674,10.78674,1000
EVF,2023-11-02 03:17:00,10.78674,10.78674,10.78674,10.78674,2400
EVF,2023-11-02 03:18:00,10.78674,10.78674,10.78674,10.78674,2000
EVF,2023-11-02 03:20:00,10.78674,10.78674,10.78674,10.78674,10900
EVF,2023-11-02 03:21:00,10.78674,10.83303,10.78674,10.83303,22800
EVF,2023-11-02 03:22:00,10.83303,10.83303,10.83303,10.83303,12300
EVF,2023-11-02 03:23:00,10.83303,10.83303,10.83303,10.83303,2000
EVF,2023-11-02 03:24:00,10.83303,10.83303,10.83303,10.83303,3000
EVF,2023-11-02 03:26:00,10.83303,10.83303,10.83303,10.83303,1400
EVF,2023-11-02 03:28:00,10.83303,10.83303,10.83303,10.83303,200
EVF,2023-11-02 03:29:00,10.83303,10.83303,10.83303,10.83303,1500
EVF,2023-11-02 03:30:00,10.78674,10.78674,10.78674,10.78674,600
EVF,2023-11-02 03:34:00,10.83303,10.83303,10.83303,10.83303,20000
EVF,2023-11-02 03:35:00,10.83303,10.83303,10.83303,10.83303,500
EVF,2023-11-02 03:36:00,10.83303,10.83303,10.83303,10.83303,36900
EVF,2023-11-02 03:37:00,10.83303,10.83303,10.83303,10.83303,10000
EVF,2023-11-02 03:38:00,10.83303,10.87933,10.83303,10.87933,2100
EVF,2023-11-02 03:39:00,10.87933,10.87933,10.87933,10.87933,800
EVF,2023-11-02 03:40:00,10.87933,10.87933,10.87933,10.87933,20500
EVF,2023-11-02 03:42:00,10.87933,10.87933,10.87933,10.87933,20000
EVF,2023-11-02 03:43:00,10.83303,10.87933,10.83303,10.83303,1800
EVF,2023-11-02 03:44:00,10.83303,10.83303,10.83303,10.83303,3600
EVF,2023-11-02 03:45:00,10.83303,10.83303,10.83303,10.83303,1000
EVF,2023-11-02 03:46:00,10.87933,10.87933,10.83303,10.83303,3600
EVF,2023-11-02 03:47:00,10.83303,10.83303,10.83303,10.83303,17400
EVF,2023-11-02 03:48:00,10.83303,10.83303,10.83303,10.83303,300
EVF,2023-11-02 03:49:00,10.83303,10.83303,10.83303,10.83303,2000
EVF,2023-11-02 03:51:00,10.78674,10.78674,10.78674,10.78674,3000
EVF,2023-11-02 03:52:00,10.78674,10.78674,10.78674,10.78674,1000
EVF,2023-11-02 03:53:00,10.78674,10.78674,10.78674,10.78674,14800
EVF,2023-11-02 03:54:00,10.78674,10.78674,10.78674,10.78674,1300
EVF,2023-11-02 03:58:00,10.78674,10.78674,10.78674,10.78674,100
EVF,2023-11-02 04:00:00,10.78674,10.78674,10.78674,10.78674,900
EVF,2023-11-02 04:01:00,10.78674,10.78674,10.78674,10.78674,7500
EVF,2023-11-02 04:03:00,10.83303,10.83303,10.78674,10.78674,2100
EVF,2023-11-02 04:04:00,10.78674,10.78674,10.78674,10.78674,500
EVF,2023-11-02 04:06:00,10.74044,10.74044,10.74044,10.74044,1100
EVF,2023-11-02 04:09:00,10.74044,10.74044,10.74044,10.74044,2000
EVF,2023-11-02 04:10:00,10.78674,10.78674,10.78674,10.78674,6600
EVF,2023-11-02 04:12:00,10.78674,10.78674,10.78674,10.78674,1700
EVF,2023-11-02 04:14:00,10.78674,10.78674,10.78674,10.78674,200
EVF,2023-11-02 04:20:00,10.78674,10.78674,10.78674,10.78674,1400
EVF,2023-11-02 04:23:00,10.78674,10.78674,10.78674,10.78674,18200
EVF,2023-11-02 04:24:00,10.78674,10.78674,10.78674,10.78674,1000
EVF,2023-11-02 04:25:00,10.78674,10.78674,10.78674,10.78674,5000
EVF,2023-11-02 04:26:00,10.78674,10.78674,10.78674,10.78674,1000
EVF,2023-11-02 04:27:00,10.78674,10.78674,10.78674,10.78674,5000
EVF,2023-11-02 04:28:00,10.78674,10.78674,10.78674,10.78674,3300
EVF,2023-11-02 04:29:00,10.78674,10.78674,10.78674,10.78674,6700
EVF,2023-11-02 06:00:00,10.78674,10.83303,10.78674,10.83303,12700
EVF,2023-11-02 06:04:00,10.78674,10.78674,10.78674,10.78674,6501500
EVF,2023-11-02 06:05:00,10.78674,10.78674,10.78674,10.78674,6900000
EVF,2023-11-02 06:06:00,10.83303,10.83303,10.83303,10.83303,43000
EVF,2023-11-02 06:07:00,10.83303,10.83303,10.83303,10.83303,33000
EVF,2023-11-02 06:08:00,10.83303,10.87933,10.83303,10.87933,1500
EVF,2023-11-02 06:09:00,10.87933,10.87933,10.87933,10.87933,1400
EVF,2023-11-02 06:10:00,10.87933,10.87933,10.87933,10.87933,2000
EVF,2023-11-02 06:11:00,10.87933,10.87933,10.87933,10.87933,900
EVF,2023-11-02 06:12:00,10.83303,10.83303,10.83303,10.83303,300
EVF,2023-11-02 06:13:00,10.87933,10.87933,10.87933,10.87933,5000
EVF,2023-11-02 06:14:00,10.87933,10.87933,10.87933,10.87933,1200
EVF,2023-11-02 06:16:00,10.87933,10.87933,10.87933,10.87933,15200
EVF,2023-11-02 06:17:00,10.87933,10.87933,10.87933,10.87933,10300
EVF,2023-11-02 06:18:00,10.87933,10.87933,10.83303,10.87933,104500
EVF,2023-11-02 06:19:00,10.87933,10.87933,10.87933,10.87933,58900
EVF,2023-11-02 06:20:00,10.87933,10.87933,10.87933,10.87933,2500
EVF,2023-11-02 06:21:00,10.87933,10.87933,10.87933,10.87933,500
EVF,2023-11-02 06:22:00,10.87933,10.87933,10.87933,10.87933,600
EVF,2023-11-02 06:23:00,10.87933,10.87933,10.87933,10.87933,3800
EVF,2023-11-02 06:24:00,10.87933,10.87933,10.87933,10.87933,300
EVF,2023-11-02 06:25:00,10.87933,10.87933,10.87933,10.87933,100
EVF,2023-11-02 06:26:00,10.87933,10.87933,10.87933,10.87933,3000
EVF,2023-11-02 06:30:00,10.87933,10.87933,10.87933,10.87933,300
EVF,2023-11-02 06:33:00,10.87933,10.87933,10.87933,10.87933,1100
EVF,2023-11-02 06:36:00,10.87933,10.87933,10.87933,10.87933,700
EVF,2023-11-02 06:40:00,10.87933,10.87933,10.87933,10.87933,8300
EVF,2023-11-02 06:42:00,10.87933,10.87933,10.87933,10.87933,300
EVF,2023-11-02 06:43:00,10.87933,10.87933,10.87933,10.87933,400
EVF,2023-11-02 06:46:00,10.87933,10.87933,10.87933,10.87933,15200
EVF,2023-11-02 06:47:00,10.87933,10.87933,10.87933,10.87933,20500
EVF,2023-11-02 06:49:00,10.87933,10.87933,10.87933,10.87933,900
EVF,2023-11-02 06:54:00,10.87933,10.87933,10.87933,10.87933,5000
EVF,2023-11-02 07:00:00,10.87933,10.87933,10.87933,10.87933,1600
EVF,2023-11-02 07:01:00,10.87933,10.87933,10.87933,10.87933,100
EVF,2023-11-02 07:09:00,10.87933,10.87933,10.87933,10.87933,200
EVF,2023-11-02 07:10:00,10.87933,10.87933,10.87933,10.87933,600
EVF,2023-11-02 07:12:00,10.87933,10.87933,10.87933,10.87933,800
EVF,2023-11-02 07:14:00,10.87933,10.87933,10.87933,10.87933,5700
EVF,2023-11-02 07:17:00,10.87933,10.87933,10.87933,10.87933,60000
EVF,2023-11-02 07:18:00,10.87933,10.87933,10.87933,10.87933,500
EVF,2023-11-02 07:21:00,10.87933,10.87933,10.87933,10.87933,1000
EVF,2023-11-02 07:28:00,10.87933,10.87933,10.87933,10.87933,1000
EVF,2023-11-02 07:29:00,10.87933,10.87933,10.87933,10.87933,100
EVF,2023-11-02 07:45:00,10.87933,10.87933,10.87933,10.87933,13100
EVF,2023-11-03 02:15:00,11.29598,11.29598,11.24969,11.24969,21300
EVF,2023-11-03 02:16:00,11.1108,11.24969,11.1108,11.1108,3700
EVF,2023-11-03 02:17:00,11.20339,11.20339,11.20339,11.20339,1000
EVF,2023-11-03 02:18:00,11.20339,11.20339,11.20339,11.20339,500
EVF,2023-11-03 02:19:00,11.06451,11.06451,11.06451,11.06451,1300
EVF,2023-11-03 02:20:00,11.1108,11.1108,11.06451,11.1108,6400
EVF,2023-11-03 02:22:00,11.1108,11.1108,11.1108,11.1108,1200
EVF,2023-11-03 02:23:00,11.1108,11.1571,11.1108,11.1108,3800
EVF,2023-11-03 02:24:00,11.1108,11.1108,11.1108,11.1108,200
EVF,2023-11-03 02:25:00,11.1571,11.1571,11.1571,11.1571,2200
EVF,2023-11-03 02:26:00,11.20339,11.20339,11.20339,11.20339,4100
EVF,2023-11-03 02:29:00,11.1571,11.1571,11.1571,11.1571,2000
EVF,2023-11-03 02:30:00,11.1571,11.1571,11.1571,11.1571,8500
EVF,2023-11-03 02:31:00,11.1571,11.1571,11.1571,11.1571,1000
EVF,2023-11-03 02:32:00,11.1108,11.1108,11.1108,11.1108,100
EVF,2023-11-03 02:33:00,11.1108,11.1108,11.1108,11.1108,47500
EVF,2023-11-03 02:34:00,11.1108,11.1108,11.1108,11.1108,1000
EVF,2023-11-03 02:35:00,11.06451,11.06451,11.06451,11.06451,3900
EVF,2023-11-03 02:37:00,11.06451,11.06451,11.01821,11.06451,3600
EVF,2023-11-03 02:38:00,11.06451,11.06451,11.06451,11.06451,800
EVF,2023-11-03 02:39:00,11.06451,11.06451,11.01821,11.01821,4000
EVF,2023-11-03 02:40:00,11.06451,11.06451,11.06451,11.06451,15400
EVF,2023-11-03 02:42:00,11.06451,11.06451,11.06451,11.06451,900
EVF,2023-11-03 02:43:00,11.06451,11.06451,11.06451,11.06451,2200
EVF,2023-11-03 02:44:00,11.06451,11.06451,11.06451,11.06451,5000
EVF,2023-11-03 02:45:00,11.1108,11.1108,11.1108,11.1108,2000
EVF,2023-11-03 02:46:00,11.06451,11.1108,11.06451,11.1108,7200
EVF,2023-11-03 02:47:00,11.1108,11.1571,11.1108,11.1571,11500
EVF,2023-11-03 02:48:00,11.1571,11.1571,11.1571,11.1571,2000
EVF,2023-11-03 02:51:00,11.1571,11.1571,11.1571,11.1571,1000
EVF,2023-11-03 02:53:00,11.1108,11.1108,11.1108,11.1108,1900
EVF,2023-11-03 02:54:00,11.1108,11.1108,11.1108,11.1108,30800
EVF,2023-11-03 02:55:00,11.1108,11.1108,11.1108,11.1108,100
EVF,2023-11-03 02:56:00,11.06451,11.06451,11.06451,11.06451,10000
EVF,2023-11-03 02:57:00,11.06451,11.06451,11.06451,11.06451,2000
EVF,2023-11-03 02:58:00,11.01821,11.01821,11.01821,11.01821,1700
EVF,2023-11-03 02:59:00,11.01821,11.01821,11.01821,11.01821,3300
EVF,2023-11-03 03:00:00,11.01821,11.01821,11.01821,11.01821,100
EVF,2023-11-03 03:01:00,11.06451,11.06451,11.06451,11.06451,1000
EVF,2023-11-03 03:02:00,11.06451,11.06451,11.06451,11.06451,100
EVF,2023-11-03 03:03:00,11.06451,11.06451,11.06451,11.06451,8300
EVF,2023-11-03 03:06:00,11.06451,11.06451,11.06451,11.06451,6000
EVF,2023-11-03 03:12:00,11.06451,11.06451,11.06451,11.06451,6800
EVF,2023-11-03 03:13:00,11.06451,11.06451,11.06451,11.06451,1400
EVF,2023-11-03 03:14:00,11.1108,11.1108,11.1108,11.1108,10000
EVF,2023-11-03 03:15:00,11.20339,11.20339,11.1108,11.1108,26800
EVF,2023-11-03 03:16:00,11.1108,11.20339,11.1108,11.20339,6000
EVF,2023-11-03 03:19:00,11.1571,11.1571,11.1571,11.1571,200
EVF,2023-11-03 03:22:00,11.1571,11.1571,11.1571,11.1571,800
EVF,2023-11-03 03:23:00,11.1108,11.1108,11.06451,11.06451,5500
EVF,2023-11-03 03:27:00,11.1108,11.1108,11.1108,11.1108,4000
EVF,2023-11-03 03:28:00,11.1108,11.1108,11.1108,11.1108,100
EVF,2023-11-03 03:29:00,11.06451,11.06451,11.06451,11.06451,300
EVF,2023-11-03 03:30:00,11.06451,11.06451,11.06451,11.06451,1000
EVF,2023-11-03 03:32:00,11.06451,11.06451,11.06451,11.06451,1000
EVF,2023-11-03 03:34:00,11.01821,11.01821,11.01821,11.01821,3800
EVF,2023-11-03 03:35:00,11.01821,11.01821,11.01821,11.01821,36900
EVF,2023-11-03 03:37:00,11.01821,11.01821,11.01821,11.01821,100
EVF,2023-11-03 03:44:00,11.1108,11.1108,11.1108,11.1108,100
EVF,2023-11-03 03:45:00,11.06451,11.06451,11.06451,11.06451,200
EVF,2023-11-03 03:47:00,11.06451,11.06451,11.06451,11.06451,12500
EVF,2023-11-03 03:48:00,11.06451,11.06451,11.06451,11.06451,700
EVF,2023-11-03 03:50:00,11.06451,11.06451,11.06451,11.06451,100
EVF,2023-11-03 03:51:00,11.06451,11.06451,11.06451,11.06451,200
EVF,2023-11-03 03:54:00,11.06451,11.06451,11.06451,11.06451,4800
EVF,2023-11-03 03:57:00,11.06451,11.06451,11.06451,11.06451,100
EVF,2023-11-03 03:58:00,11.06451,11.06451,11.06451,11.06451,5000
EVF,2023-11-03 04:04:00,11.06451,11.06451,11.06451,11.06451,500
EVF,2023-11-03 04:08:00,11.06451,11.06451,11.06451,11.06451,2500
EVF,2023-11-03 04:09:00,11.1108,11.1108,11.1108,11.1108,20000
EVF,2023-11-03 04:11:00,11.1108,11.1108,11.1108,11.1108,2000
EVF,2023-11-03 04:15:00,11.06451,11.06451,11.06451,11.06451,2500
EVF,2023-11-03 04:16:00,11.06451,11.06451,11.06451,11.06451,1000
EVF,2023-11-03 04:18:00,11.06451,11.06451,11.06451,11.06451,1000
EVF,2023-11-03 04:22:00,11.06451,11.06451,11.06451,11.06451,15000
EVF,2023-11-03 04:23:00,11.06451,11.06451,11.06451,11.06451,5200
EVF,2023-11-03 04:25:00,11.06451,11.06451,11.06451,11.06451,100
EVF,2023-11-03 04:26:00,11.06451,11.06451,11.06451,11.06451,400
EVF,2023-11-03 04:28:00,11.06451,11.06451,11.01821,11.01821,30100
EVF,2023-11-03 04:29:00,11.01821,11.01821,11.01821,11.01821,1000
EVF,2023-11-03 06:00:00,11.01821,11.01821,11.01821,11.01821,2200
EVF,2023-11-03 06:01:00,11.01821,11.01821,11.01821,11.01821,8000
EVF,2023-11-03 06:02:00,11.01821,11.01821,11.01821,11.01821,3900
EVF,2023-11-03 06:04:00,11.01821,11.01821,11.01821,11.01821,800
EVF,2023-11-03 06:05:00,11.01821,11.01821,11.01821,11.01821,2000
EVF,2023-11-03 06:06:00,11.06451,11.06451,11.01821,11.01821,10300
EVF,2023-11-03 06:09:00,11.01821,11.01821,11.01821,11.01821,500
EVF,2023-11-03 06:11:00,11.01821,11.06451,11.01821,11.06451,32900
EVF,2023-11-03 06:12:00,11.06451,11.06451,11.06451,11.06451,12100
EVF,2023-11-03 06:13:00,11.06451,11.06451,11.06451,11.06451,3000
EVF,2023-11-03 06:15:00,11.06451,11.06451,11.06451,11.06451,5000
EVF,2023-11-03 06:19:00,11.06451,11.06451,11.06451,11.06451,15400
EVF,2023-11-03 06:26:00,11.06451,11.06451,11.06451,11.06451,100
EVF,2023-11-03 06:29:00,11.1108,11.1108,11.1108,11.1108,27000
EVF,2023-11-03 06:30:00,11.1108,11.20339,11.1108,11.20339,37600
EVF,2023-11-03 06:32:00,11.1571,11.1571,11.1571,11.1571,6100
EVF,2023-11-03 06:33:00,11.1571,11.20339,11.1571,11.20339,4300
EVF,2023-11-03 06:34:00,11.20339,11.20339,11.20339,11.20339,4300
EVF,2023-11-03 06:36:00,11.1571,11.1571,11.1571,11.1571,21800
EVF,2023-11-03 06:38:00,11.1571,11.20339,11.1571,11.20339,3300
EVF,2023-11-03 06:39:00,11.20339,11.20339,11.20339,11.20339,4000
EVF,2023-11-03 06:41:00,11.1571,11.1571,11.1571,11.1571,300
EVF,2023-11-03 06:42:00,11.1571,11.1571,11.1571,11.1571,500
EVF,2023-11-03 06:43:00,11.1571,11.1571,11.1571,11.1571,7000
EVF,2023-11-03 06:44:00,11.1571,11.1571,11.1571,11.1571,5100
EVF,2023-11-03 06:45:00,11.1571,11.1571,11.1571,11.1571,14900
EVF,2023-11-03 06:46:00,11.20339,11.20339,11.1571,11.20339,2400
EVF,2023-11-03 06:47:00,11.1571,11.1571,11.1571,11.1571,1800
EVF,2023-11-03 06:48:00,11.1571,11.1571,11.1571,11.1571,1000
EVF,2023-11-03 06:49:00,11.1571,11.1571,11.1571,11.1571,300
EVF,2023-11-03 06:50:00,11.1571,11.1571,11.1571,11.1571,500
EVF,2023-11-03 06:51:00,11.1571,11.1571,11.1108,11.1108,3000
EVF,2023-11-03 06:53:00,11.1108,11.1571,11.1108,11.1571,1100
EVF,2023-11-03 06:54:00,11.1108,11.1108,11.1108,11.1108,5000
EVF,2023-11-03 06:55:00,11.1108,11.1108,11.1108,11.1108,5000
EVF,2023-11-03 06:56:00,11.1108,11.1108,11.1108,11.1108,100
EVF,2023-11-03 06:57:00,11.1108,11.1108,11.1108,11.1108,11100
EVF,2023-11-03 06:58:00,11.1108,11.1108,11.1108,11.1108,2300
EVF,2023-11-03 06:59:00,11.1108,11.1108,11.1108,11.1108,1000
EVF,2023-11-03 07:01:00,11.1108,11.1108,11.1108,11.1108,1000
EVF,2023-11-03 07:02:00,11.1108,11.1108,11.1108,11.1108,1000
EVF,2023-11-03 07:03:00,11.1108,11.1108,11.1108,11.1108,7700
EVF,2023-11-03 07:07:00,11.1108,11.1108,11.1108,11.1108,2200
EVF,2023-11-03 07:09:00,11.06451,11.06451,11.06451,11.06451,100
EVF,2023-11-03 07:13:00,11.06451,11.06451,11.06451,11.06451,10800
EVF,2023-11-03 07:14:00,11.06451,11.06451,11.06451,11.06451,5000
EVF,2023-11-03 07:16:00,11.06451,11.06451,11.06451,11.06451,5000
EVF,2023-11-03 07:17:00,11.06451,11.06451,11.06451,11.06451,6000
EVF,2023-11-03 07:18:00,11.1108,11.1108,11.1108,11.1108,60100
EVF,2023-11-03 07:19:00,11.1108,11.1108,11.1108,11.1108,2000
EVF,2023-11-03 07:20:00,11.1108,11.1571,11.1108,11.1571,76100
EVF,2023-11-03 07:21:00,11.1571,11.1571,11.1571,11.1571,15000
EVF,2023-11-03 07:22:00,11.1108,11.1108,11.1108,11.1108,50000
EVF,2023-11-03 07:23:00,11.1108,11.1108,11.1108,11.1108,83900
EVF,2023-11-03 07:24:00,11.1571,11.1571,11.1571,11.1571,77000
EVF,2023-11-03 07:27:00,11.1571,11.20339,11.1571,11.20339,59700
EVF,2023-11-03 07:28:00,11.1571,11.20339,11.1571,11.20339,33000
EVF,2023-11-03 07:29:00,11.1571,11.1571,11.1108,11.1571,34700
EVF,2023-11-03 07:45:00,11.1108,11.1108,11.1108,11.1108,42800
EVF,2023-11-06 02:15:00,11.20339,11.20339,11.20339,11.20339,4296600
EVF,2023-11-06 02:16:00,11.20339,11.20339,11.20339,11.20339,200
EVF,2023-11-06 02:17:00,11.20339,11.20339,11.20339,11.20339,1400
EVF,2023-11-06 02:18:00,11.20339,11.20339,11.20339,11.20339,100
EVF,2023-11-06 02:19:00,11.20339,11.20339,11.20339,11.20339,9400
EVF,2023-11-06 02:21:00,11.20339,11.20339,11.1108,11.1108,8000
EVF,2023-11-06 02:22:00,11.1108,11.1108,11.1108,11.1108,2100
EVF,2023-11-06 02:23:00,11.1108,11.1108,11.1108,11.1108,25200
EVF,2023-11-06 02:24:00,11.1108,11.1108,11.1108,11.1108,10200
EVF,2023-11-06 02:25:00,11.1108,11.1108,11.1108,11.1108,1600
EVF,2023-11-06 02:26:00,11.1108,11.1108,11.1108,11.1108,300
EVF,2023-11-06 02:27:00,11.20339,11.20339,11.20339,11.20339,600
EVF,2023-11-06 02:28:00,11.1108,11.1108,11.1108,11.1108,2400
EVF,2023-11-06 02:33:00,11.1108,11.1108,11.1108,11.1108,500
EVF,2023-11-06 02:37:00,11.1108,11.1108,11.1108,11.1108,15000
EVF,2023-11-06 02:38:00,11.1108,11.1108,11.1108,11.1108,22700
EVF,2023-11-06 02:39:00,11.1108,11.1108,11.1108,11.1108,2300
EVF,2023-11-06 02:41:00,11.1108,11.1108,11.1108,11.1108,4000
EVF,2023-11-06 02:45:00,11.1108,11.1108,11.01821,11.01821,1600
EVF,2023-11-06 02:46:00,11.01821,11.01821,11.01821,11.01821,100
EVF,2023-11-06 02:49:00,11.01821,11.01821,11.01821,11.01821,48300
EVF,2023-11-06 02:50:00,11.01821,11.01821,11.01821,11.01821,100
EVF,2023-11-06 02:52:00,11.01821,11.01821,11.01821,11.01821,600
EVF,2023-11-06 02:56:00,11.01821,11.01821,11.01821,11.01821,10000
EVF,2023-11-06 02:57:00,11.01821,11.01821,11.01821,11.01821,11000
EVF,2023-11-06 03:00:00,11.1108,11.1108,11.1108,11.1108,5000
EVF,2023-11-06 03:01:00,11.1108,11.1108,11.1108,11.1108,6000
EVF,2023-11-06 03:04:00,11.1571,11.1571,11.1571,11.1571,1000
EVF,2023-11-06 03:07:00,11.1571,11.1571,11.1571,11.1571,200
EVF,2023-11-06 03:08:00,11.1571,11.1571,11.1571,11.1571,1000
EVF,2023-11-06 03:09:00,11.1571,11.20339,11.1571,11.20339,7100
EVF,2023-11-06 03:10:00,11.20339,11.20339,11.20339,11.20339,38100
EVF,2023-11-06 03:11:00,11.1571,11.24969,11.1571,11.24969,43200
EVF,2023-11-06 03:12:00,11.20339,11.20339,11.1571,11.1571,10300
EVF,2023-11-06 03:13:00,11.1571,11.1571,11.1571,11.1571,7900
EVF,2023-11-06 03:14:00,11.24969,11.29598,11.24969,11.29598,153000
EVF,2023-11-06 03:15:00,11.29598,11.29598,11.29598,11.29598,47600
EVF,2023-11-06 03:16:00,11.29598,11.34228,11.29598,11.34228,87900
EVF,2023-11-06 03:17:00,11.34228,11.38857,11.34228,11.38857,135100
EVF,2023-11-06 03:18:00,11.38857,11.43487,11.38857,11.43487,131200
EVF,2023-11-06 03:19:00,11.43487,11.43487,11.34228,11.38857,51500
EVF,2023-11-06 03:21:00,11.38857,11.38857,11.38857,11.38857,6100
EVF,2023-11-06 03:22:00,11.38857,11.43487,11.38857,11.43487,37600
EVF,2023-11-06 03:23:00,11.43487,11.43487,11.43487,11.43487,11300
EVF,2023-11-06 03:24:00,11.43487,11.43487,11.43487,11.43487,500
EVF,2023-11-06 03:25:00,11.43487,11.43487,11.43487,11.43487,4000
EVF,2023-11-06 03:27:00,11.43487,11.43487,11.43487,11.43487,100
EVF,2023-11-06 03:28:00,11.38857,11.38857,11.38857,11.38857,46000
EVF,2023-11-06 03:29:00,11.29598,11.29598,11.20339,11.20339,38800
EVF,2023-11-06 03:30:00,11.29598,11.29598,11.20339,11.20339,51700
EVF,2023-11-06 03:31:00,11.24969,11.24969,11.24969,11.24969,5400
EVF,2023-11-06 03:32:00,11.34228,11.34228,11.34228,11.34228,20100
EVF,2023-11-06 03:34:00,11.34228,11.34228,11.34228,11.34228,10200
EVF,2023-11-06 03:36:00,11.34228,11.34228,11.34228,11.34228,900
EVF,2023-11-06 03:37:00,11.38857,11.38857,11.34228,11.34228,20500
EVF,2023-11-06 03:38:00,11.34228,11.34228,11.34228,11.34228,7000
EVF,2023-11-06 03:41:00,11.34228,11.34228,11.34228,11.34228,1000
EVF,2023-11-06 03:42:00,11.34228,11.34228,11.34228,11.34228,3900
EVF,2023-11-06 03:43:00,11.34228,11.34228,11.34228,11.34228,200
EVF,2023-11-06 03:44:00,11.29598,11.29598,11.29598,11.29598,1000
EVF,2023-11-06 03:46:00,11.29598,11.29598,11.29598,11.29598,11100
EVF,2023-11-06 03:49:00,11.24969,11.24969,11.24969,11.24969,700
EVF,2023-11-06 03:50:00,11.24969,11.24969,11.24969,11.24969,300
EVF,2023-11-06 03:51:00,11.24969,11.24969,11.24969,11.24969,9700
EVF,2023-11-06 03:52:00,11.24969,11.24969,11.24969,11.24969,2500
EVF,2023-11-06 03:55:00,11.24969,11.24969,11.24969,11.24969,5100
EVF,2023-11-06 03:57:00,11.24969,11.24969,11.24969,11.24969,1500
EVF,2023-11-06 03:58:00,11.24969,11.24969,11.24969,11.24969,300
EVF,2023-11-06 03:59:00,11.24969,11.24969,11.24969,11.24969,1100
EVF,2023-11-06 04:01:00,11.20339,11.20339,11.20339,11.20339,4500
EVF,2023-11-06 04:02:00,11.20339,11.20339,11.20339,11.20339,700
EVF,2023-11-06 04:04:00,11.24969,11.24969,11.20339,11.20339,5400
EVF,2023-11-06 04:05:00,11.24969,11.24969,11.24969,11.24969,4300
EVF,2023-11-06 04:07:00,11.29598,11.29598,11.29598,11.29598,5000
EVF,2023-11-06 04:08:00,11.29598,11.29598,11.29598,11.29598,20900
EVF,2023-11-06 04:10:00,11.29598,11.29598,11.29598,11.29598,6500
EVF,2023-11-06 04:13:00,11.29598,11.34228,11.29598,11.34228,10000
EVF,2023-11-06 04:14:00,11.34228,11.34228,11.34228,11.34228,2000
EVF,2023-11-06 04:15:00,11.29598,11.29598,11.29598,11.29598,8900
EVF,2023-11-06 04:16:00,11.29598,11.29598,11.29598,11.29598,3000
EVF,2023-11-06 04:19:00,11.34228,11.34228,11.34228,11.34228,1000
EVF,2023-11-06 04:22:00,11.34228,11.34228,11.34228,11.34228,9000
EVF,2023-11-06 04:23:00,11.34228,11.38857,11.34228,11.38857,20000
EVF,2023-11-06 06:00:00,11.38857,11.38857,11.34228,11.38857,53100
EVF,2023-11-06 06:02:00,11.38857,11.38857,11.29598,11.29598,3900
EVF,2023-11-06 06:03:00,11.29598,11.29598,11.29598,11.29598,2900
EVF,2023-11-06 06:04:00,11.29598,11.29598,11.29598,11.29598,2200
EVF,2023-11-06 06:06:00,11.29598,11.29598,11.29598,11.29598,20000
EVF,2023-11-06 06:08:00,11.29598,11.29598,11.29598,11.29598,1000
EVF,2023-11-06 06:09:00,11.29598,11.29598,11.29598,11.29598,8200
EVF,2023-11-06 06:10:00,11.29598,11.29598,11.29598,11.29598,3800
EVF,2023-11-06 06:12:00,11.24969,11.24969,11.24969,11.24969,17100
EVF,2023-11-06 06:13:00,11.20339,11.20339,11.20339,11.20339,15000
EVF,2023-11-06 06:14:00,11.20339,11.20339,11.20339,11.20339,100
EVF,2023-11-06 06:15:00,11.20339,11.20339,11.20339,11.20339,30400
EVF,2023-11-06 06:16:00,11.20339,11.20339,11.1571,11.1571,4700
EVF,2023-11-06 06:17:00,11.1571,11.1571,11.1571,11.1571,2400
EVF,2023-11-06 06:18:00,11.1571,11.20339,11.1571,11.20339,8600
EVF,2023-11-06 06:19:00,11.20339,11.20339,11.20339,11.20339,1200
EVF,2023-11-06 06:20:00,11.20339,11.24969,11.20339,11.24969,300
EVF,2023-11-06 06:25:00,11.34228,11.34228,11.34228,11.34228,10000
EVF,2023-11-06 06:26:00,11.34228,11.34228,11.34228,11.34228,2700
EVF,2023-11-06 06:29:00,11.34228,11.34228,11.34228,11.34228,500
EVF,2023-11-06 06:31:00,11.29598,11.29598,11.29598,11.29598,3800
EVF,2023-11-06 06:35:00,11.24969,11.24969,11.24969,11.24969,2300
EVF,2023-11-06 06:36:00,11.24969,11.24969,11.24969,11.24969,700
EVF,2023-11-06 06:39:00,11.24969,11.24969,11.24969,11.24969,22900
EVF,2023-11-06 06:40:00,11.29598,11.29598,11.29598,11.29598,100
EVF,2023-11-06 06:42:00,11.34228,11.34228,11.34228,11.34228,20000
EVF,2023-11-06 06:43:00,11.29598,11.29598,11.29598,11.29598,100
EVF,2023-11-06 06:45:00,11.38857,11.38857,11.29598,11.29598,30100
EVF,2023-11-06 06:48:00,11.29598,11.29598,11.29598,11.29598,4800
EVF,2023-11-06 06:49:00,11.29598,11.34228,11.29598,11.34228,2700
EVF,2023-11-06 06:51:00,11.34228,11.34228,11.34228,11.34228,200
EVF,2023-11-06 06:52:00,11.34228,11.34228,11.34228,11.34228,1000
EVF,2023-11-06 06:53:00,11.34228,11.34228,11.29598,11.29598,2400
EVF,2023-11-06 06:54:00,11.34228,11.34228,11.34228,11.34228,500
EVF,2023-11-06 06:56:00,11.34228,11.34228,11.29598,11.29598,11000
EVF,2023-11-06 06:57:00,11.24969,11.24969,11.24969,11.24969,900
EVF,2023-11-06 07:00:00,11.29598,11.29598,11.29598,11.29598,7300
EVF,2023-11-06 07:02:00,11.29598,11.29598,11.29598,11.29598,600
EVF,2023-11-06 07:04:00,11.29598,11.29598,11.29598,11.29598,3400
EVF,2023-11-06 07:05:00,11.29598,11.29598,11.29598,11.29598,26500
EVF,2023-11-06 07:07:00,11.24969,11.24969,11.24969,11.24969,2000
EVF,2023-11-06 07:10:00,11.24969,11.24969,11.24969,11.24969,4900
EVF,2023-11-06 07:11:00,11.24969,11.24969,11.24969,11.24969,5000
EVF,2023-11-06 07:13:00,11.24969,11.24969,11.24969,11.24969,500
EVF,2023-11-06 07:15:00,11.29598,11.29598,11.29598,11.29598,100
EVF,2023-11-06 07:18:00,11.24969,11.24969,11.24969,11.24969,1000
EVF,2023-11-06 07:20:00,11.24969,11.29598,11.24969,11.29598,5100
EVF,2023-11-06 07:22:00,11.29598,11.29598,11.29598,11.29598,6500
EVF,2023-11-06 07:24:00,11.29598,11.29598,11.29598,11.29598,900
EVF,2023-11-06 07:25:00,11.29598,11.29598,11.29598,11.29598,1600
EVF,2023-11-06 07:26:00,11.24969,11.24969,11.24969,11.24969,1000
EVF,2023-11-06 07:28:00,11.24969,11.24969,11.24969,11.24969,500
EVF,2023-11-06 07:30:00,11.29598,11.29598,11.29598,11.29598,8000
EVF,2023-11-06 07:45:00,11.57375,11.57375,11.57375,11.57375,476600
EVF,2023-11-07 02:15:00,11.52746,11.52746,11.52746,11.52746,10400
EVF,2023-11-07 02:16:00,11.43487,11.43487,11.43487,11.43487,600
EVF,2023-11-07 02:18:00,11.43487,11.43487,11.43487,11.43487,400
EVF,2023-11-07 02:20:00,11.43487,11.43487,11.38857,11.38857,14700
EVF,2023-11-07 02:21:00,11.38857,11.38857,11.29598,11.29598,11000
EVF,2023-11-07 02:22:00,11.29598,11.29598,11.29598,11.29598,10200
EVF,2023-11-07 02:23:00,11.29598,11.29598,11.29598,11.29598,10000
EVF,2023-11-07 02:24:00,11.34228,11.34228,11.34228,11.34228,1000
EVF,2023-11-07 02:27:00,11.34228,11.34228,11.34228,11.34228,1000
EVF,2023-11-07 02:28:00,11.34228,11.34228,11.34228,11.34228,1000
EVF,2023-11-07 02:29:00,11.38857,11.38857,11.38857,11.38857,300
EVF,2023-11-07 02:30:00,11.38857,11.38857,11.38857,11.38857,5000
EVF,2023-11-07 02:31:00,11.38857,11.38857,11.38857,11.38857,10000
EVF,2023-11-07 02:32:00,11.34228,11.34228,11.34228,11.34228,800
EVF,2023-11-07 02:33:00,11.34228,11.34228,11.34228,11.34228,1600
EVF,2023-11-07 02:34:00,11.34228,11.34228,11.34228,11.34228,3500
EVF,2023-11-07 02:35:00,11.34228,11.38857,11.34228,11.38857,5100
EVF,2023-11-07 02:36:00,11.38857,11.38857,11.38857,11.38857,29700
EVF,2023-11-07 02:37:00,11.38857,11.43487,11.38857,11.43487,10500
EVF,2023-11-07 02:38:00,11.43487,11.43487,11.43487,11.43487,1200
EVF,2023-11-07 02:39:00,11.43487,11.43487,11.43487,11.43487,100
EVF,2023-11-07 02:40:00,11.43487,11.43487,11.43487,11.43487,300
EVF,2023-11-07 02:42:00,11.43487,11.43487,11.43487,11.43487,1500
EVF,2023-11-07 02:43:00,11.48116,11.48116,11.48116,11.48116,11900
EVF,2023-11-07 02:45:00,11.48116,11.48116,11.48116,11.48116,7900
EVF,2023-11-07 02:47:00,11.48116,11.48116,11.48116,11.48116,5300
EVF,2023-11-07 02:50:00,11.48116,11.48116,11.48116,11.48116,5000
EVF,2023-11-07 02:51:00,11.48116,11.48116,11.48116,11.48116,500
EVF,2023-11-07 02:52:00,11.48116,11.48116,11.48116,11.48116,600
EVF,2023-11-07 02:53:00,11.43487,11.43487,11.43487,11.43487,100
EVF,2023-11-07 02:58:00,11.43487,11.43487,11.43487,11.43487,1000
EVF,2023-11-07 02:59:00,11.43487,11.43487,11.43487,11.43487,100
EVF,2023-11-07 03:00:00,11.43487,11.43487,11.38857,11.38857,25300
EVF,2023-11-07 03:01:00,11.38857,11.38857,11.38857,11.38857,1000
EVF,2023-11-07 03:02:00,11.38857,11.38857,11.38857,11.38857,6400
EVF,2023-11-07 03:04:00,11.34228,11.34228,11.34228,11.34228,2300
EVF,2023-11-07 03:05:00,11.34228,11.34228,11.34228,11.34228,500
EVF,2023-11-07 03:06:00,11.38857,11.43487,11.38857,11.43487,75000
EVF,2023-11-07 03:08:00,11.43487,11.43487,11.43487,11.43487,46100
EVF,2023-11-07 03:12:00,11.38857,11.48116,11.38857,11.48116,94600
EVF,2023-11-07 03:13:00,11.48116,11.48116,11.48116,11.48116,13400
EVF,2023-11-07 03:14:00,11.48116,11.48116,11.38857,11.38857,22300
EVF,2023-11-07 03:15:00,11.38857,11.38857,11.38857,11.38857,6600
EVF,2023-11-07 03:17:00,11.38857,11.38857,11.38857,11.38857,2800
EVF,2023-11-07 03:18:00,11.38857,11.48116,11.38857,11.48116,58600
EVF,2023-11-07 03:19:00,11.48116,11.48116,11.48116,11.48116,24400
EVF,2023-11-07 03:20:00,11.48116,11.48116,11.48116,11.48116,200
EVF,2023-11-07 03:21:00,11.52746,11.52746,11.52746,11.52746,500
EVF,2023-11-07 03:22:00,11.48116,11.52746,11.48116,11.52746,17200
EVF,2023-11-07 03:23:00,11.52746,11.52746,11.52746,11.52746,18000
EVF,2023-11-07 03:25:00,11.52746,11.52746,11.48116,11.48116,2300
EVF,2023-11-07 03:27:00,11.48116,11.48116,11.48116,11.48116,20400
EVF,2023-11-07 03:28:00,11.48116,11.48116,11.48116,11.48116,14000
EVF,2023-11-07 03:30:00,11.48116,11.48116,11.48116,11.48116,2600
EVF,2023-11-07 03:31:00,11.48116,11.48116,11.48116,11.48116,2000
EVF,2023-11-07 03:32:00,11.43487,11.43487,11.43487,11.43487,11400
EVF,2023-11-07 03:33:00,11.43487,11.43487,11.43487,11.43487,18600
EVF,2023-11-07 03:34:00,11.43487,11.48116,11.43487,11.48116,37300
EVF,2023-11-07 03:35:00,11.48116,11.48116,11.48116,11.48116,300
EVF,2023-11-07 03:36:00,11.48116,11.48116,11.48116,11.48116,20000
EVF,2023-11-07 03:38:00,11.48116,11.48116,11.48116,11.48116,5000
EVF,2023-11-07 03:40:00,11.48116,11.48116,11.48116,11.48116,8100
EVF,2023-11-07 03:41:00,11.48116,11.48116,11.48116,11.48116,1000
EVF,2023-11-07 03:42:00,11.48116,11.48116,11.48116,11.48116,2200
EVF,2023-11-07 03:44:00,11.48116,11.48116,11.48116,11.48116,4400
EVF,2023-11-07 03:47:00,11.48116,11.48116,11.48116,11.48116,2800
EVF,2023-11-07 03:48:00,11.48116,11.48116,11.43487,11.43487,5700
EVF,2023-11-07 03:49:00,11.48116,11.48116,11.48116,11.48116,900
EVF,2023-11-07 03:50:00,11.48116,11.48116,11.48116,11.48116,400
EVF,2023-11-07 03:51:00,11.52746,11.52746,11.52746,11.52746,34600
EVF,2023-11-07 03:52:00,11.52746,11.52746,11.52746,11.52746,400
EVF,2023-11-07 03:56:00,11.48116,11.48116,11.48116,11.48116,11300
EVF,2023-11-07 03:57:00,11.48116,11.48116,11.43487,11.43487,6900
EVF,2023-11-07 04:01:00,11.43487,11.43487,11.43487,11.43487,31000
EVF,2023-11-07 04:02:00,11.43487,11.43487,11.43487,11.43487,20000
EVF,2023-11-07 04:04:00,11.43487,11.43487,11.43487,11.43487,200
EVF,2023-11-07 04:05:00,11.43487,11.43487,11.43487,11.43487,10000
EVF,2023-11-07 04:06:00,11.43487,11.43487,11.43487,11.43487,53200
EVF,2023-11-07 04:07:00,11.38857,11.38857,11.38857,11.38857,26600
EVF,2023-11-07 04:09:00,11.38857,11.38857,11.38857,11.38857,1700
EVF,2023-11-07 04:10:00,11.34228,11.43487,11.34228,11.43487,35600
EVF,2023-11-07 04:12:00,11.43487,11.43487,11.43487,11.43487,1000
EVF,2023-11-07 04:20:00,11.43487,11.43487,11.43487,11.43487,100
EVF,2023-11-07 04:21:00,11.38857,11.38857,11.38857,11.38857,12600
EVF,2023-11-07 04:24:00,11.34228,11.34228,11.34228,11.34228,2800
EVF,2023-11-07 04:26:00,11.34228,11.34228,11.34228,11.34228,2000
EVF,2023-11-07 06:00:00,11.34228,11.34228,11.34228,11.34228,8000
EVF,2023-11-07 06:01:00,11.38857,11.38857,11.38857,11.38857,23000
EVF,2023-11-07 06:02:00,11.34228,11.34228,11.34228,11.34228,100
EVF,2023-11-07 06:03:00,11.38857,11.38857,11.38857,11.38857,2800
EVF,2023-11-07 06:04:00,11.38857,11.38857,11.38857,11.38857,300
EVF,2023-11-07 06:05:00,11.38857,11.38857,11.34228,11.34228,58700
EVF,2023-11-07 06:06:00,11.34228,11.34228,11.34228,11.34228,4300
EVF,2023-11-07 06:07:00,11.34228,11.34228,11.34228,11.34228,5000
EVF,2023-11-07 06:08:00,11.34228,11.34228,11.34228,11.34228,700
EVF,2023-11-07 06:12:00,11.34228,11.34228,11.34228,11.34228,2000
EVF,2023-11-07 06:14:00,11.34228,11.34228,11.34228,11.34228,1000
EVF,2023-11-07 06:16:00,11.34228,11.34228,11.34228,11.34228,11400
EVF,2023-11-07 06:17:00,11.34228,11.34228,11.34228,11.34228,3100
EVF,2023-11-07 06:18:00,11.29598,11.29598,11.29598,11.29598,4500
EVF,2023-11-07 06:20:00,11.29598,11.34228,11.29598,11.34228,11800
EVF,2023-11-07 06:21:00,11.34228,11.34228,11.34228,11.34228,7200
EVF,2023-11-07 06:22:00,11.34228,11.34228,11.34228,11.34228,500
EVF,2023-11-07 06:23:00,11.34228,11.34228,11.34228,11.34228,7100
EVF,2023-11-07 06:25:00,11.34228,11.34228,11.34228,11.34228,800
EVF,2023-11-07 06:26:00,11.34228,11.34228,11.34228,11.34228,1000
EVF,2023-11-07 06:27:00,11.34228,11.34228,11.34228,11.34228,2200
EVF,2023-11-07 06:28:00,11.34228,11.34228,11.29598,11.29598,174200
EVF,2023-11-07 06:30:00,11.29598,11.29598,11.29598,11.29598,69800
EVF,2023-11-07 06:31:00,11.24969,11.24969,11.24969,11.24969,13300
EVF,2023-11-07 06:33:00,11.24969,11.24969,11.24969,11.24969,23000
EVF,2023-11-07 06:36:00,11.29598,11.29598,11.29598,11.29598,1000
EVF,2023-11-07 06:37:00,11.29598,11.29598,11.29598,11.29598,2100
EVF,2023-11-07 06:38:00,11.29598,11.29598,11.29598,11.29598,200
EVF,2023-11-07 06:39:00,11.34228,11.34228,11.34228,11.34228,11600
EVF,2023-11-07 06:43:00,11.38857,11.38857,11.38857,11.38857,27500
EVF,2023-11-07 06:45:00,11.38857,11.38857,11.38857,11.38857,300
EVF,2023-11-07 06:46:00,11.38857,11.38857,11.38857,11.38857,500
EVF,2023-11-07 06:52:00,11.38857,11.38857,11.38857,11.38857,3100
EVF,2023-11-07 06:53:00,11.38857,11.38857,11.38857,11.38857,1400
EVF,2023-11-07 06:59:00,11.38857,11.38857,11.38857,11.38857,500
EVF,2023-11-07 07:00:00,11.38857,11.38857,11.38857,11.38857,14800
EVF,2023-11-07 07:01:00,11.34228,11.34228,11.34228,11.34228,2600
EVF,2023-11-07 07:02:00,11.34228,11.34228,11.34228,11.34228,5000
EVF,2023-11-07 07:04:00,11.34228,11.34228,11.34228,11.34228,50300
EVF,2023-11-07 07:05:00,11.34228,11.34228,11.34228,11.34228,1000
EVF,2023-11-07 07:06:00,11.34228,11.34228,11.34228,11.34228,1000
EVF,2023-11-07 07:07:00,11.34228,11.34228,11.34228,11.34228,1100
EVF,2023-11-07 07:09:00,11.38857,11.38857,11.38857,11.38857,7400
EVF,2023-11-07 07:10:00,11.38857,11.38857,11.38857,11.38857,100
EVF,2023-11-07 07:11:00,11.38857,11.38857,11.38857,11.38857,3100
EVF,2023-11-07 07:12:00,11.43487,11.43487,11.43487,11.43487,7700
EVF,2023-11-07 07:17:00,11.43487,11.43487,11.38857,11.38857,5100
EVF,2023-11-07 07:18:00,11.38857,11.43487,11.38857,11.38857,6700
EVF,2023-11-07 07:20:00,11.38857,11.38857,11.38857,11.38857,5000
EVF,2023-11-07 07:21:00,11.38857,11.43487,11.38857,11.43487,4400
EVF,2023-11-07 07:23:00,11.34228,11.34228,11.34228,11.34228,500
EVF,2023-11-07 07:24:00,11.34228,11.38857,11.34228,11.34228,53800
EVF,2023-11-07 07:25:00,11.38857,11.38857,11.38857,11.38857,10000
EVF,2023-11-07 07:26:00,11.34228,11.38857,11.29598,11.29598,40200
EVF,2023-11-07 07:27:00,11.34228,11.34228,11.34228,11.34228,900
EVF,2023-11-07 07:28:00,11.34228,11.34228,11.34228,11.34228,2500
EVF,2023-11-07 07:45:00,11.43487,11.43487,11.43487,11.43487,60400
EVF,2023-11-08 02:15:00,11.43487,11.43487,11.43487,11.43487,31300
EVF,2023-11-08 02:16:00,11.43487,11.43487,11.43487,11.43487,3900
EVF,2023-11-08 02:17:00,11.43487,11.43487,11.43487,11.43487,2600
EVF,2023-11-08 02:19:00,11.43487,11.43487,11.43487,11.43487,1500
EVF,2023-11-08 02:21:00,11.43487,11.43487,11.43487,11.43487,1900
EVF,2023-11-08 02:22:00,11.43487,11.43487,11.43487,11.43487,600
EVF,2023-11-08 02:23:00,11.43487,11.43487,11.38857,11.38857,6100
EVF,2023-11-08 02:26:00,11.29598,11.29598,11.29598,11.29598,900
EVF,2023-11-08 02:28:00,11.38857,11.38857,11.38857,11.38857,100
EVF,2023-11-08 02:30:00,11.38857,11.38857,11.38857,11.38857,1100
EVF,2023-11-08 02:33:00,11.34228,11.34228,11.34228,11.34228,4000
EVF,2023-11-08 02:34:00,11.34228,11.34228,11.34228,11.34228,5100
EVF,2023-11-08 02:36:00,11.34228,11.38857,11.34228,11.38857,65000
EVF,2023-11-08 02:37:00,11.38857,11.38857,11.38857,11.38857,20100
EVF,2023-11-08 02:39:00,11.43487,11.43487,11.43487,11.43487,50400
EVF,2023-11-08 02:40:00,11.48116,11.48116,11.48116,11.48116,31000
EVF,2023-11-08 02:41:00,11.48116,11.52746,11.48116,11.52746,25100
EVF,2023-11-08 02:42:00,11.52746,11.52746,11.48116,11.48116,10400
EVF,2023-11-08 02:44:00,11.43487,11.43487,11.38857,11.38857,11100
EVF,2023-11-08 02:46:00,11.38857,11.38857,11.38857,11.38857,200
EVF,2023-11-08 02:47:00,11.38857,11.38857,11.38857,11.38857,200
EVF,2023-11-08 02:48:00,11.38857,11.38857,11.38857,11.38857,300
EVF,2023-11-08 02:51:00,11.38857,11.38857,11.38857,11.38857,19100
EVF,2023-11-08 02:52:00,11.38857,11.38857,11.38857,11.38857,11000
EVF,2023-11-08 02:53:00,11.38857,11.38857,11.38857,11.38857,500
EVF,2023-11-08 02:57:00,11.38857,11.38857,11.38857,11.38857,2000
EVF,2023-11-08 02:59:00,11.38857,11.38857,11.38857,11.38857,2500
EVF,2023-11-08 03:00:00,11.43487,11.43487,11.43487,11.43487,33300
EVF,2023-11-08 03:04:00,11.43487,11.43487,11.43487,11.43487,5000
EVF,2023-11-08 03:05:00,11.48116,11.48116,11.48116,11.48116,10000
EVF,2023-11-08 03:07:00,11.48116,11.48116,11.48116,11.48116,200
EVF,2023-11-08 03:08:00,11.43487,11.43487,11.43487,11.43487,1600
EVF,2023-11-08 03:09:00,11.48116,11.57375,11.48116,11.57375,179900
EVF,2023-11-08 03:10:00,11.52746,11.52746,11.52746,11.52746,21000
EVF,2023-11-08 03:11:00,11.52746,11.52746,11.52746,11.52746,100
EVF,2023-11-08 03:13:00,11.57375,11.57375,11.57375,11.57375,121500
EVF,2023-11-08 03:14:00,11.57375,11.57375,11.57375,11.57375,8000
EVF,2023-11-08 03:15:00,11.57375,11.57375,11.57375,11.57375,46100
EVF,2023-11-08 03:16:00,11.57375,11.62005,11.57375,11.62005,8000
EVF,2023-11-08 03:17:00,11.62005,11.66634,11.62005,11.66634,108400
EVF,2023-11-08 03:18:00,11.66634,11.75893,11.62005,11.75893,93300
EVF,2023-11-08 03:20:00,11.75893,11.75893,11.71264,11.75893,2100
EVF,2023-11-08 03:21:00,11.75893,11.75893,11.75893,11.75893,62300
EVF,2023-11-08 03:22:00,11.75893,11.75893,11.75893,11.75893,4700
EVF,2023-11-08 03:23:00,11.75893,11.75893,11.71264,11.71264,4600
EVF,2023-11-08 03:24:00,11.71264,11.71264,11.66634,11.66634,300
EVF,2023-11-08 03:25:00,11.66634,11.66634,11.66634,11.66634,4200
EVF,2023-11-08 03:26:00,11.66634,11.66634,11.66634,11.66634,3900
EVF,2023-11-08 03:27:00,11.75893,11.75893,11.75893,11.75893,200
EVF,2023-11-08 03:28:00,11.66634,11.66634,11.66634,11.66634,2500
EVF,2023-11-08 03:29:00,11.75893,11.75893,11.75893,11.75893,10000
EVF,2023-11-08 03:30:00,11.75893,11.75893,11.75893,11.75893,9300
EVF,2023-11-08 03:32:00,11.71264,11.71264,11.71264,11.71264,900
EVF,2023-11-08 03:33:00,11.71264,11.71264,11.66634,11.71264,2300
EVF,2023-11-08 03:34:00,11.71264,11.71264,11.71264,11.71264,2800
EVF,2023-11-08 03:35:00,11.71264,11.71264,11.71264,11.71264,1000
EVF,2023-11-08 03:37:00,11.71264,11.71264,11.71264,11.71264,1400
EVF,2023-11-08 03:38:00,11.71264,11.71264,11.71264,11.71264,1300
EVF,2023-11-08 03:39:00,11.71264,11.71264,11.71264,11.71264,5100
EVF,2023-11-08 03:40:00,11.66634,11.66634,11.66634,11.66634,800
EVF,2023-11-08 03:41:00,11.66634,11.71264,11.66634,11.71264,22900
EVF,2023-11-08 03:42:00,11.71264,11.71264,11.71264,11.71264,6800
EVF,2023-11-08 03:43:00,11.71264,11.71264,11.71264,11.71264,200
EVF,2023-11-08 03:45:00,11.71264,11.71264,11.71264,11.71264,8100
EVF,2023-11-08 03:48:00,11.71264,11.71264,11.66634,11.66634,1100
EVF,2023-11-08 03:49:00,11.66634,11.66634,11.66634,11.66634,1100
EVF,2023-11-08 03:50:00,11.71264,11.71264,11.71264,11.71264,7800
EVF,2023-11-08 03:51:00,11.71264,11.71264,11.71264,11.71264,5600
EVF,2023-11-08 03:52:00,11.71264,11.71264,11.71264,11.71264,900
EVF,2023-11-08 03:54:00,11.71264,11.71264,11.71264,11.71264,1000
EVF,2023-11-08 03:56:00,11.66634,11.66634,11.66634,11.66634,2300
EVF,2023-11-08 03:57:00,11.66634,11.66634,11.66634,11.66634,100
EVF,2023-11-08 03:58:00,11.66634,11.66634,11.66634,11.66634,16100
EVF,2023-11-08 04:03:00,11.66634,11.66634,11.66634,11.66634,2000
EVF,2023-11-08 04:04:00,11.66634,11.66634,11.66634,11.66634,100
EVF,2023-11-08 04:07:00,11.66634,11.66634,11.66634,11.66634,500
EVF,2023-11-08 04:10:00,11.71264,11.71264,11.71264,11.71264,1500
EVF,2023-11-08 04:11:00,11.71264,11.71264,11.71264,11.71264,300
EVF,2023-11-08 04:12:00,11.66634,11.66634,11.66634,11.66634,100
EVF,2023-11-08 04:14:00,11.66634,11.66634,11.66634,11.66634,500
EVF,2023-11-08 04:17:00,11.66634,11.66634,11.66634,11.66634,25900
EVF,2023-11-08 04:18:00,11.66634,11.66634,11.62005,11.62005,33800
EVF,2023-11-08 04:19:00,11.62005,11.62005,11.62005,11.62005,20000
EVF,2023-11-08 04:20:00,11.57375,11.62005,11.57375,11.62005,1400
EVF,2023-11-08 04:21:00,11.62005,11.62005,11.62005,11.62005,1300
EVF,2023-11-08 04:22:00,11.62005,11.66634,11.62005,11.66634,700
EVF,2023-11-08 04:24:00,11.62005,11.62005,11.62005,11.62005,5000
EVF,2023-11-08 04:25:00,11.62005,11.66634,11.62005,11.66634,3100
EVF,2023-11-08 04:26:00,11.62005,11.62005,11.62005,11.62005,1000
EVF,2023-11-08 04:27:00,11.66634,11.66634,11.66634,11.66634,41400
EVF,2023-11-08 04:28:00,11.66634,11.66634,11.66634,11.66634,100
EVF,2023-11-08 06:00:00,11.66634,11.66634,11.66634,11.66634,17300
EVF,2023-11-08 06:03:00,11.66634,11.66634,11.66634,11.66634,1800
EVF,2023-11-08 06:04:00,11.66634,11.66634,11.66634,11.66634,1900
EVF,2023-11-08 06:05:00,11.66634,11.66634,11.66634,11.66634,5200
EVF,2023-11-08 06:06:00,11.66634,11.66634,11.62005,11.62005,4600
EVF,2023-11-08 06:09:00,11.62005,11.62005,11.62005,11.62005,10000
EVF,2023-11-08 06:10:00,11.62005,11.66634,11.62005,11.66634,8700
EVF,2023-11-08 06:13:00,11.62005,11.62005,11.62005,11.62005,800
EVF,2023-11-08 06:14:00,11.62005,11.62005,11.62005,11.62005,200
EVF,2023-11-08 06:15:00,11.62005,11.62005,11.62005,11.62005,100
EVF,2023-11-08 06:16:00,11.62005,11.62005,11.62005,11.62005,200
EVF,2023-11-08 06:18:00,11.57375,11.57375,11.57375,11.57375,10000
EVF,2023-11-08 06:19:00,11.57375,11.57375,11.57375,11.57375,1000
EVF,2023-11-08 06:20:00,11.57375,11.57375,11.57375,11.57375,6100
EVF,2023-11-08 06:22:00,11.57375,11.57375,11.52746,11.52746,200
EVF,2023-11-08 06:24:00,11.52746,11.52746,11.52746,11.52746,1700
EVF,2023-11-08 06:25:00,11.57375,11.57375,11.57375,11.57375,6100
EVF,2023-11-08 06:26:00,11.62005,11.62005,11.62005,11.62005,100
EVF,2023-11-08 06:27:00,11.62005,11.62005,11.62005,11.62005,400
EVF,2023-11-08 06:28:00,11.62005,11.62005,11.62005,11.62005,100
EVF,2023-11-08 06:29:00,11.62005,11.62005,11.62005,11.62005,30400
EVF,2023-11-08 06:30:00,11.62005,11.62005,11.62005,11.62005,1100
EVF,2023-11-08 06:32:00,11.62005,11.62005,11.62005,11.62005,500
EVF,2023-11-08 06:33:00,11.62005,11.62005,11.62005,11.62005,400
EVF,2023-11-08 06:34:00,11.62005,11.62005,11.62005,11.62005,3100
EVF,2023-11-08 06:35:00,11.62005,11.62005,11.62005,11.62005,200
EVF,2023-11-08 06:36:00,11.62005,11.62005,11.62005,11.62005,8100
EVF,2023-11-08 06:37:00,11.62005,11.66634,11.62005,11.66634,19700
EVF,2023-11-08 06:38:00,11.66634,11.66634,11.66634,11.66634,5100
EVF,2023-11-08 06:40:00,11.66634,11.66634,11.66634,11.66634,6000
EVF,2023-11-08 06:42:00,11.71264,11.71264,11.71264,11.71264,15100
EVF,2023-11-08 06:46:00,11.66634,11.66634,11.66634,11.66634,100
EVF,2023-11-08 06:48:00,11.71264,11.71264,11.71264,11.71264,37600
EVF,2023-11-08 06:49:00,11.71264,11.75893,11.71264,11.75893,300
EVF,2023-11-08 06:50:00,11.75893,11.75893,11.75893,11.75893,5000
EVF,2023-11-08 06:51:00,11.71264,11.75893,11.71264,11.75893,10600
EVF,2023-11-08 06:54:00,11.75893,11.75893,11.71264,11.75893,9100
EVF,2023-11-08 06:56:00,11.71264,11.71264,11.71264,11.71264,400
EVF,2023-11-08 06:57:00,11.71264,11.71264,11.71264,11.71264,1300
EVF,2023-11-08 06:59:00,11.71264,11.71264,11.71264,11.71264,5000
EVF,2023-11-08 07:00:00,11.71264,11.71264,11.71264,11.71264,4000
EVF,2023-11-08 07:01:00,11.71264,11.75893,11.71264,11.75893,11000
EVF,2023-11-08 07:02:00,11.71264,11.71264,11.71264,11.71264,6300
EVF,2023-11-08 07:03:00,11.71264,11.71264,11.71264,11.71264,1000
EVF,2023-11-08 07:04:00,11.71264,11.71264,11.71264,11.71264,100
EVF,2023-11-08 07:05:00,11.71264,11.71264,11.66634,11.66634,7900
EVF,2023-11-08 07:06:00,11.66634,11.66634,11.66634,11.66634,4000
EVF,2023-11-08 07:07:00,11.66634,11.66634,11.66634,11.66634,1300
EVF,2023-11-08 07:08:00,11.66634,11.66634,11.66634,11.66634,100
EVF,2023-11-08 07:09:00,11.66634,11.66634,11.66634,11.66634,2300
EVF,2023-11-08 07:10:00,11.62005,11.66634,11.62005,11.66634,2200
EVF,2023-11-08 07:11:00,11.71264,11.71264,11.71264,11.71264,1800
EVF,2023-11-08 07:12:00,11.75893,11.75893,11.71264,11.71264,12200
EVF,2023-11-08 07:13:00,11.71264,11.71264,11.71264,11.71264,100
EVF,2023-11-08 07:14:00,11.71264,11.71264,11.71264,11.71264,2600
EVF,2023-11-08 07:15:00,11.71264,11.75893,11.71264,11.75893,37600
EVF,2023-11-08 07:16:00,11.75893,11.75893,11.71264,11.75893,24500
EVF,2023-11-08 07:17:00,11.75893,11.80523,11.75893,11.80523,45000
EVF,2023-11-08 07:18:00,11.80523,11.89782,11.80523,11.89782,166300
EVF,2023-11-08 07:19:00,11.89782,11.89782,11.85152,11.89782,24200
EVF,2023-11-08 07:20:00,11.89782,11.89782,11.89782,11.89782,25800
EVF,2023-11-08 07:21:00,11.89782,11.99041,11.89782,11.99041,106100
EVF,2023-11-08 07:22:00,11.99041,12.0367,11.99041,12.0367,22900
EVF,2023-11-08 07:23:00,12.0367,12.0367,11.99041,11.99041,18900
EVF,2023-11-08 07:24:00,11.99041,11.99041,11.94411,11.94411,500
EVF,2023-11-08 07:25:00,11.94411,11.94411,11.89782,11.89782,58800
EVF,2023-11-08 07:26:00,11.89782,11.94411,11.89782,11.89782,63300
EVF,2023-11-08 07:27:00,11.94411,11.94411,11.89782,11.89782,16800
EVF,2023-11-08 07:28:00,11.85152,11.89782,11.85152,11.89782,49800
EVF,2023-11-08 07:29:00,11.85152,11.85152,11.85152,11.85152,27100
EVF,2023-11-08 07:45:00,11.89782,11.89782,11.89782,11.89782,218000
EVF,2023-11-09 02:15:00,11.99041,11.99041,11.94411,11.94411,42500
EVF,2023-11-09 02:16:00,11.94411,11.94411,11.94411,11.94411,1500
EVF,2023-11-09 02:17:00,11.89782,11.89782,11.89782,11.89782,63100
EVF,2023-11-09 02:18:00,11.85152,11.85152,11.85152,11.85152,1300
EVF,2023-11-09 02:19:00,11.85152,11.85152,11.80523,11.80523,87000
EVF,2023-11-09 02:20:00,11.80523,11.80523,11.80523,11.80523,900
EVF,2023-11-09 02:21:00,11.85152,11.89782,11.80523,11.89782,66100
EVF,2023-11-09 02:23:00,11.94411,11.94411,11.89782,11.89782,2200
EVF,2023-11-09 02:24:00,11.89782,11.89782,11.89782,11.89782,13400
EVF,2023-11-09 02:25:00,11.85152,11.85152,11.85152,11.85152,5900
EVF,2023-11-09 02:26:00,11.85152,11.89782,11.85152,11.89782,900
EVF,2023-11-09 02:28:00,11.89782,11.89782,11.89782,11.89782,20000
EVF,2023-11-09 02:29:00,11.89782,11.89782,11.85152,11.85152,40200
EVF,2023-11-09 02:30:00,11.85152,11.85152,11.80523,11.80523,2300
EVF,2023-11-09 02:31:00,11.85152,11.85152,11.85152,11.85152,700
EVF,2023-11-09 02:32:00,11.85152,11.85152,11.80523,11.80523,60700
EVF,2023-11-09 02:33:00,11.80523,11.80523,11.80523,11.80523,300
EVF,2023-11-09 02:35:00,11.80523,11.80523,11.80523,11.80523,37500
EVF,2023-11-09 02:36:00,11.80523,11.85152,11.80523,11.85152,17400
EVF,2023-11-09 02:37:00,11.85152,11.85152,11.80523,11.85152,6500
EVF,2023-11-09 02:38:00,11.85152,11.85152,11.85152,11.85152,12800
EVF,2023-11-09 02:39:00,11.89782,11.89782,11.89782,11.89782,1000
EVF,2023-11-09 02:40:00,11.89782,11.89782,11.85152,11.89782,53900
EVF,2023-11-09 02:41:00,11.89782,11.89782,11.89782,11.89782,23000
EVF,2023-11-09 02:42:00,11.89782,11.89782,11.89782,11.89782,3000
EVF,2023-11-09 02:44:00,11.89782,11.89782,11.89782,11.89782,25200
EVF,2023-11-09 02:45:00,11.89782,11.89782,11.89782,11.89782,11200
EVF,2023-11-09 02:46:00,11.89782,11.94411,11.89782,11.94411,56500
EVF,2023-11-09 02:47:00,11.89782,11.89782,11.89782,11.89782,11900
EVF,2023-11-09 02:48:00,11.89782,11.89782,11.85152,11.85152,1600
EVF,2023-11-09 02:49:00,11.85152,11.85152,11.85152,11.85152,15000
EVF,2023-11-09 02:50:00,11.85152,11.85152,11.85152,11.85152,1700
EVF,2023-11-09 02:51:00,11.85152,11.89782,11.85152,11.85152,7500
EVF,2023-11-09 02:52:00,11.85152,11.85152,11.85152,11.85152,20000
EVF,2023-11-09 02:54:00,11.85152,11.85152,11.85152,11.85152,100
EVF,2023-11-09 02:55:00,11.85152,11.85152,11.85152,11.85152,30300
EVF,2023-11-09 02:56:00,11.85152,11.85152,11.80523,11.80523,30800
EVF,2023-11-09 02:57:00,11.80523,11.80523,11.80523,11.80523,4900
EVF,2023-11-09 02:58:00,11.85152,11.85152,11.85152,11.85152,5000
EVF,2023-11-09 02:59:00,11.85152,11.85152,11.85152,11.85152,1200
EVF,2023-11-09 03:00:00,11.85152,11.89782,11.85152,11.89782,27500
EVF,2023-11-09 03:02:00,11.89782,11.89782,11.89782,11.89782,12400
EVF,2023-11-09 03:03:00,11.89782,11.89782,11.89782,11.89782,10000
EVF,2023-11-09 03:04:00,11.89782,11.89782,11.89782,11.89782,37500
EVF,2023-11-09 03:05:00,11.94411,11.94411,11.94411,11.94411,1000
EVF,2023-11-09 03:06:00,11.94411,11.94411,11.94411,11.94411,100
EVF,2023-11-09 03:07:00,11.94411,11.94411,11.89782,11.89782,33000
EVF,2023-11-09 03:08:00,11.89782,11.89782,11.89782,11.89782,12300
EVF,2023-11-09 03:09:00,11.89782,11.89782,11.89782,11.89782,5400
EVF,2023-11-09 03:10:00,11.89782,11.89782,11.89782,11.89782,6100
EVF,2023-11-09 03:12:00,11.89782,11.89782,11.89782,11.89782,3500
EVF,2023-11-09 03:13:00,11.94411,11.94411,11.89782,11.89782,41000
EVF,2023-11-09 03:15:00,11.89782,11.89782,11.89782,11.89782,5300
EVF,2023-11-09 03:17:00,11.89782,11.94411,11.89782,11.94411,5200
EVF,2023-11-09 03:20:00,11.94411,11.94411,11.94411,11.94411,200
EVF,2023-11-09 03:29:00,11.94411,11.94411,11.89782,11.89782,30000
EVF,2023-11-09 03:32:00,11.89782,11.89782,11.89782,11.89782,10000
EVF,2023-11-09 03:34:00,11.89782,11.89782,11.89782,11.89782,40000
EVF,2023-11-09 03:38:00,11.94411,11.94411,11.94411,11.94411,1300
EVF,2023-11-09 03:40:00,11.94411,11.94411,11.89782,11.89782,125000
EVF,2023-11-09 03:41:00,11.94411,11.94411,11.94411,11.94411,8100
EVF,2023-11-09 03:42:00,11.94411,11.94411,11.89782,11.89782,60000
EVF,2023-11-09 03:43:00,11.94411,11.94411,11.94411,11.94411,55000
EVF,2023-11-09 03:45:00,11.94411,11.94411,11.94411,11.94411,5100
EVF,2023-11-09 03:46:00,11.94411,11.94411,11.94411,11.94411,45500
EVF,2023-11-09 03:48:00,11.94411,11.94411,11.94411,11.94411,11000
EVF,2023-11-09 03:49:00,11.94411,11.94411,11.94411,11.94411,3000
EVF,2023-11-09 03:50:00,11.94411,11.94411,11.94411,11.94411,5000
EVF,2023-11-09 03:51:00,11.94411,11.94411,11.94411,11.94411,200
EVF,2023-11-09 03:52:00,11.94411,11.94411,11.94411,11.94411,1800
EVF,2023-11-09 03:57:00,11.94411,11.94411,11.94411,11.94411,500
EVF,2023-11-09 03:58:00,11.94411,11.94411,11.89782,11.89782,21600
EVF,2023-11-09 04:00:00,11.89782,11.89782,11.89782,11.89782,7900
EVF,2023-11-09 04:02:00,11.89782,11.89782,11.89782,11.89782,25800
EVF,2023-11-09 04:04:00,11.89782,11.89782,11.89782,11.89782,4000
EVF,2023-11-09 04:05:00,11.89782,11.89782,11.89782,11.89782,900
EVF,2023-11-09 04:06:00,11.89782,11.89782,11.89782,11.89782,5700
EVF,2023-11-09 04:08:00,11.89782,11.89782,11.85152,11.85152,130000
EVF,2023-11-09 04:10:00,11.85152,11.85152,11.85152,11.85152,10500
EVF,2023-11-09 04:11:00,11.85152,11.85152,11.85152,11.85152,2000
EVF,2023-11-09 04:12:00,11.85152,11.85152,11.85152,11.85152,200
EVF,2023-11-09 04:13:00,11.85152,11.85152,11.85152,11.85152,33700
EVF,2023-11-09 04:14:00,11.85152,11.85152,11.85152,11.85152,1100
EVF,2023-11-09 04:15:00,11.85152,11.85152,11.85152,11.85152,800
EVF,2023-11-09 04:16:00,11.85152,11.85152,11.85152,11.85152,1800
EVF,2023-11-09 04:18:00,11.85152,11.85152,11.85152,11.85152,12200
EVF,2023-11-09 04:19:00,11.85152,11.85152,11.85152,11.85152,400
EVF,2023-11-09 04:20:00,11.85152,11.85152,11.85152,11.85152,4000
EVF,2023-11-09 04:21:00,11.80523,11.80523,11.80523,11.80523,4000
EVF,2023-11-09 04:23:00,11.80523,11.85152,11.80523,11.85152,1200
EVF,2023-11-09 06:00:00,11.85152,11.85152,11.85152,11.85152,16800
EVF,2023-11-09 06:01:00,11.85152,11.85152,11.85152,11.85152,1600
EVF,2023-11-09 06:02:00,11.85152,11.85152,11.85152,11.85152,1000
EVF,2023-11-09 06:04:00,11.85152,11.85152,11.85152,11.85152,100
EVF,2023-11-09 06:09:00,11.85152,11.85152,11.85152,11.85152,100
EVF,2023-11-09 06:11:00,11.85152,11.85152,11.85152,11.85152,800
EVF,2023-11-09 06:12:00,11.85152,11.85152,11.85152,11.85152,9000
EVF,2023-11-09 06:13:00,11.85152,11.85152,11.85152,11.85152,22000
EVF,2023-11-09 06:14:00,11.85152,11.85152,11.85152,11.85152,6000
EVF,2023-11-09 06:15:00,11.85152,11.85152,11.85152,11.85152,22200
EVF,2023-11-09 06:16:00,11.85152,11.85152,11.80523,11.80523,1100
EVF,2023-11-09 06:18:00,11.80523,11.89782,11.80523,11.89782,12200
EVF,2023-11-09 06:21:00,11.89782,11.89782,11.85152,11.85152,42000
EVF,2023-11-09 06:22:00,11.85152,11.85152,11.80523,11.85152,12900
EVF,2023-11-09 06:23:00,11.85152,11.85152,11.85152,11.85152,3900
EVF,2023-11-09 06:25:00,11.80523,11.80523,11.80523,11.80523,1700
EVF,2023-11-09 06:28:00,11.85152,11.85152,11.80523,11.80523,400
EVF,2023-11-09 06:29:00,11.85152,11.85152,11.80523,11.85152,800
EVF,2023-11-09 06:30:00,11.85152,11.85152,11.85152,11.85152,6100
EVF,2023-11-09 06:33:00,11.85152,11.85152,11.85152,11.85152,8700
EVF,2023-11-09 06:34:00,11.80523,11.80523,11.80523,11.80523,1700
EVF,2023-11-09 06:36:00,11.80523,11.80523,11.80523,11.80523,8700
EVF,2023-11-09 06:38:00,11.85152,11.85152,11.85152,11.85152,200
EVF,2023-11-09 06:39:00,11.85152,11.85152,11.85152,11.85152,100
EVF,2023-11-09 06:40:00,11.85152,11.85152,11.85152,11.85152,900
EVF,2023-11-09 06:41:00,11.85152,11.85152,11.85152,11.85152,6800
EVF,2023-11-09 06:42:00,11.85152,11.85152,11.85152,11.85152,800
EVF,2023-11-09 06:43:00,11.89782,11.89782,11.85152,11.85152,9100
EVF,2023-11-09 06:44:00,11.85152,11.85152,11.85152,11.85152,500
EVF,2023-11-09 06:45:00,11.85152,11.89782,11.85152,11.89782,65300
EVF,2023-11-09 06:47:00,11.85152,11.94411,11.85152,11.94411,97100
EVF,2023-11-09 06:49:00,11.89782,11.94411,11.89782,11.94411,80200
EVF,2023-11-09 06:51:00,11.89782,11.89782,11.89782,11.89782,1600
EVF,2023-11-09 06:52:00,11.89782,11.89782,11.85152,11.85152,83400
EVF,2023-11-09 06:53:00,11.85152,11.85152,11.85152,11.85152,3100
EVF,2023-11-09 06:54:00,11.80523,11.80523,11.80523,11.80523,100
EVF,2023-11-09 06:55:00,11.80523,11.80523,11.80523,11.80523,400
EVF,2023-11-09 06:56:00,11.80523,11.80523,11.80523,11.80523,2000
EVF,2023-11-09 06:57:00,11.80523,11.85152,11.80523,11.85152,2800
EVF,2023-11-09 06:58:00,11.85152,11.85152,11.85152,11.85152,13500
EVF,2023-11-09 06:59:00,11.85152,11.85152,11.85152,11.85152,200
EVF,2023-11-09 07:02:00,11.89782,11.89782,11.85152,11.85152,2900
EVF,2023-11-09 07:03:00,11.85152,11.85152,11.85152,11.85152,2200
EVF,2023-11-09 07:04:00,11.85152,11.85152,11.85152,11.85152,200
EVF,2023-11-09 07:05:00,11.85152,11.85152,11.85152,11.85152,200
EVF,2023-11-09 07:06:00,11.85152,11.89782,11.85152,11.89782,52100
EVF,2023-11-09 07:07:00,11.89782,11.89782,11.89782,11.89782,5000
EVF,2023-11-09 07:08:00,11.89782,11.89782,11.89782,11.89782,3400
EVF,2023-11-09 07:09:00,11.89782,11.89782,11.89782,11.89782,3000
EVF,2023-11-09 07:12:00,11.89782,11.89782,11.89782,11.89782,500
EVF,2023-11-09 07:13:00,11.89782,11.89782,11.89782,11.89782,300
EVF,2023-11-09 07:14:00,11.94411,11.94411,11.94411,11.94411,121700
EVF,2023-11-09 07:15:00,11.94411,11.94411,11.94411,11.94411,3600
EVF,2023-11-09 07:16:00,11.94411,11.94411,11.94411,11.94411,5200
EVF,2023-11-09 07:17:00,11.94411,11.99041,11.94411,11.99041,33600
EVF,2023-11-09 07:18:00,11.99041,11.99041,11.99041,11.99041,38100
EVF,2023-11-09 07:19:00,11.99041,12.0367,11.99041,12.0367,97200
EVF,2023-11-09 07:20:00,11.99041,11.99041,11.99041,11.99041,800
EVF,2023-11-09 07:21:00,11.99041,11.99041,11.94411,11.94411,110600
EVF,2023-11-09 07:22:00,11.94411,11.94411,11.94411,11.94411,1200
EVF,2023-11-09 07:25:00,11.94411,11.94411,11.94411,11.94411,5900
EVF,2023-11-09 07:26:00,11.94411,11.94411,11.94411,11.94411,24200
EVF,2023-11-09 07:28:00,11.94411,11.94411,11.94411,11.94411,2000
EVF,2023-11-09 07:45:00,11.99041,11.99041,11.99041,11.99041,114700
EVF,2023-11-10 02:15:00,12.0367,12.0367,12.0367,12.0367,35300
EVF,2023-11-10 02:16:00,11.99041,11.99041,11.99041,11.99041,1700
EVF,2023-11-10 02:17:00,11.99041,11.99041,11.85152,11.85152,11100
EVF,2023-11-10 02:18:00,11.85152,11.89782,11.85152,11.89782,5400
EVF,2023-11-10 02:19:00,11.85152,11.85152,11.85152,11.85152,34500
EVF,2023-11-10 02:21:00,11.85152,11.85152,11.85152,11.85152,16000
EVF,2023-11-10 02:23:00,11.85152,11.85152,11.85152,11.85152,1100
EVF,2023-11-10 02:24:00,11.85152,11.85152,11.85152,11.85152,1200
EVF,2023-11-10 02:25:00,11.85152,11.89782,11.85152,11.89782,28000
EVF,2023-11-10 02:26:00,11.89782,11.89782,11.89782,11.89782,5800
EVF,2023-11-10 02:28:00,11.89782,11.89782,11.89782,11.89782,20600
EVF,2023-11-10 02:29:00,11.85152,11.85152,11.85152,11.85152,1700
EVF,2023-11-10 02:31:00,11.85152,11.85152,11.85152,11.85152,5000
EVF,2023-11-10 02:33:00,11.85152,11.85152,11.85152,11.85152,2600
EVF,2023-11-10 02:35:00,11.89782,11.94411,11.89782,11.94411,128400
EVF,2023-11-10 02:36:00,11.94411,11.94411,11.94411,11.94411,44100
EVF,2023-11-10 02:37:00,11.94411,11.94411,11.94411,11.94411,8000
EVF,2023-11-10 02:38:00,11.89782,11.94411,11.89782,11.94411,11300
EVF,2023-11-10 02:39:00,11.94411,11.94411,11.94411,11.94411,40000
EVF,2023-11-10 02:40:00,11.94411,11.99041,11.94411,11.99041,59600
EVF,2023-11-10 02:41:00,11.99041,11.99041,11.99041,11.99041,20900
EVF,2023-11-10 02:44:00,11.94411,11.94411,11.94411,11.94411,25000
EVF,2023-11-10 02:45:00,11.94411,11.94411,11.94411,11.94411,10200
EVF,2023-11-10 02:47:00,11.94411,11.94411,11.94411,11.94411,2000
EVF,2023-11-10 02:48:00,11.89782,11.94411,11.89782,11.94411,61900
EVF,2023-11-10 02:49:00,11.94411,11.94411,11.94411,11.94411,4200
EVF,2023-11-10 02:50:00,11.94411,11.94411,11.94411,11.94411,13300
EVF,2023-11-10 02:51:00,11.94411,11.94411,11.94411,11.94411,19000
EVF,2023-11-10 02:52:00,11.94411,11.94411,11.94411,11.94411,10000
EVF,2023-11-10 02:53:00,11.94411,11.94411,11.94411,11.94411,21000
EVF,2023-11-10 02:54:00,11.94411,11.94411,11.94411,11.94411,12000
EVF,2023-11-10 02:55:00,11.89782,11.89782,11.89782,11.89782,22000
EVF,2023-11-10 02:56:00,11.94411,11.94411,11.89782,11.89782,7000
EVF,2023-11-10 02:57:00,11.94411,11.94411,11.89782,11.89782,4900
EVF,2023-11-10 02:58:00,11.89782,11.89782,11.89782,11.89782,2800
EVF,2023-11-10 02:59:00,11.89782,11.89782,11.89782,11.89782,68000
EVF,2023-11-10 03:00:00,11.89782,11.89782,11.89782,11.89782,23000
EVF,2023-11-10 03:01:00,11.89782,11.89782,11.89782,11.89782,4900
EVF,2023-11-10 03:07:00,11.89782,11.89782,11.89782,11.89782,200
EVF,2023-11-10 03:08:00,11.89782,11.89782,11.89782,11.89782,5000
EVF,2023-11-10 03:10:00,11.89782,11.89782,11.85152,11.85152,93200
EVF,2023-11-10 03:11:00,11.85152,11.85152,11.85152,11.85152,80700
EVF,2023-11-10 03:12:00,11.80523,11.80523,11.75893,11.75893,138300
EVF,2023-11-10 03:13:00,11.75893,11.75893,11.75893,11.75893,100
EVF,2023-11-10 03:14:00,11.80523,11.80523,11.80523,11.80523,1400
EVF,2023-11-10 03:16:00,11.80523,11.80523,11.80523,11.80523,1000
EVF,2023-11-10 03:17:00,11.80523,11.80523,11.80523,11.80523,400
EVF,2023-11-10 03:18:00,11.80523,11.80523,11.80523,11.80523,1100
EVF,2023-11-10 03:20:00,11.80523,11.80523,11.80523,11.80523,2500
EVF,2023-11-10 03:21:00,11.80523,11.80523,11.80523,11.80523,1600
EVF,2023-11-10 03:22:00,11.80523,11.80523,11.80523,11.80523,8800
EVF,2023-11-10 03:23:00,11.80523,11.80523,11.80523,11.80523,1000
EVF,2023-11-10 03:25:00,11.80523,11.80523,11.80523,11.80523,1000
EVF,2023-11-10 03:28:00,11.85152,11.85152,11.85152,11.85152,100
EVF,2023-11-10 03:29:00,11.85152,11.85152,11.85152,11.85152,1000
EVF,2023-11-10 03:30:00,11.80523,11.80523,11.80523,11.80523,100
EVF,2023-11-10 03:32:00,11.85152,11.85152,11.85152,11.85152,300
EVF,2023-11-10 03:41:00,11.85152,11.85152,11.85152,11.85152,1900
EVF,2023-11-10 03:42:00,11.85152,11.85152,11.85152,11.85152,300
EVF,2023-11-10 03:44:00,11.85152,11.85152,11.85152,11.85152,2500
EVF,2023-11-10 03:45:00,11.85152,11.85152,11.85152,11.85152,1000
EVF,2023-11-10 03:46:00,11.85152,11.85152,11.85152,11.85152,9800
EVF,2023-11-10 03:47:00,11.85152,11.85152,11.85152,11.85152,4300
EVF,2023-11-10 03:48:00,11.85152,11.85152,11.85152,11.85152,3000
EVF,2023-11-10 03:49:00,11.85152,11.85152,11.85152,11.85152,11900
EVF,2023-11-10 03:50:00,11.85152,11.85152,11.85152,11.85152,8100
EVF,2023-11-10 03:51:00,11.85152,11.85152,11.85152,11.85152,7500
EVF,2023-11-10 03:52:00,11.85152,11.85152,11.85152,11.85152,1200
EVF,2023-11-10 03:53:00,11.85152,11.85152,11.80523,11.85152,26400
EVF,2023-11-10 03:54:00,11.85152,11.85152,11.85152,11.85152,7000
EVF,2023-11-10 03:55:00,11.85152,11.85152,11.85152,11.85152,8900
EVF,2023-11-10 03:56:00,11.85152,11.85152,11.85152,11.85152,200
EVF,2023-11-10 03:57:00,11.89782,11.89782,11.85152,11.85152,1000
EVF,2023-11-10 03:58:00,11.89782,11.89782,11.89782,11.89782,2300
EVF,2023-11-10 03:59:00,11.89782,11.89782,11.89782,11.89782,34500
EVF,2023-11-10 04:04:00,11.89782,11.89782,11.89782,11.89782,16600
EVF,2023-11-10 04:10:00,11.89782,11.89782,11.89782,11.89782,1900
EVF,2023-11-10 04:12:00,11.85152,11.85152,11.85152,11.85152,55000
EVF,2023-11-10 04:16:00,11.85152,11.85152,11.85152,11.85152,5600
EVF,2023-11-10 04:20:00,11.85152,11.85152,11.85152,11.85152,200
EVF,2023-11-10 04:25:00,11.85152,11.85152,11.85152,11.85152,2500
EVF,2023-11-10 04:26:00,11.85152,11.85152,11.85152,11.85152,6700
EVF,2023-11-10 04:27:00,11.85152,11.85152,11.85152,11.85152,100
EVF,2023-11-10 06:00:00,11.85152,11.85152,11.80523,11.85152,19400
EVF,2023-11-10 06:01:00,11.80523,11.80523,11.80523,11.80523,80000
EVF,2023-11-10 06:02:00,11.85152,11.85152,11.85152,11.85152,24000
EVF,2023-11-10 06:05:00,11.80523,11.80523,11.80523,11.80523,5000
EVF,2023-11-10 06:07:00,11.80523,11.80523,11.80523,11.80523,5000
EVF,2023-11-10 06:08:00,11.80523,11.80523,11.80523,11.80523,5000
EVF,2023-11-10 06:09:00,11.80523,11.80523,11.80523,11.80523,37600
EVF,2023-11-10 06:10:00,11.80523,11.80523,11.80523,11.80523,33300
EVF,2023-11-10 06:14:00,11.80523,11.80523,11.80523,11.80523,200
EVF,2023-11-10 06:15:00,11.80523,11.80523,11.80523,11.80523,1900
EVF,2023-11-10 06:17:00,11.80523,11.80523,11.80523,11.80523,400
EVF,2023-11-10 06:18:00,11.80523,11.80523,11.80523,11.80523,2900
EVF,2023-11-10 06:19:00,11.80523,11.80523,11.80523,11.80523,1000
EVF,2023-11-10 06:20:00,11.80523,11.80523,11.80523,11.80523,2000
EVF,2023-11-10 06:22:00,11.80523,11.80523,11.80523,11.80523,5100
EVF,2023-11-10 06:23:00,11.80523,11.85152,11.80523,11.85152,50500
EVF,2023-11-10 06:24:00,11.80523,11.85152,11.80523,11.85152,200
EVF,2023-11-10 06:25:00,11.85152,11.85152,11.80523,11.85152,1100
EVF,2023-11-10 06:26:00,11.85152,11.85152,11.85152,11.85152,2200
EVF,2023-11-10 06:27:00,11.85152,11.89782,11.85152,11.89782,3500
EVF,2023-11-10 06:28:00,11.89782,11.89782,11.89782,11.89782,2000
EVF,2023-11-10 06:29:00,11.89782,11.89782,11.89782,11.89782,8600
EVF,2023-11-10 06:30:00,11.89782,11.89782,11.89782,11.89782,1900
EVF,2023-11-10 06:31:00,11.89782,11.94411,11.89782,11.94411,39100
EVF,2023-11-10 06:32:00,11.89782,11.89782,11.89782,11.89782,5000
EVF,2023-11-10 06:33:00,11.89782,11.89782,11.89782,11.89782,2000
EVF,2023-11-10 06:34:00,11.94411,11.94411,11.94411,11.94411,6000
EVF,2023-11-10 06:35:00,11.89782,11.89782,11.89782,11.89782,800
EVF,2023-11-10 06:37:00,11.89782,11.89782,11.89782,11.89782,1000
EVF,2023-11-10 06:38:00,11.89782,11.89782,11.89782,11.89782,300
EVF,2023-11-10 06:39:00,11.89782,11.89782,11.89782,11.89782,400
EVF,2023-11-10 06:40:00,11.94411,11.94411,11.89782,11.94411,54400
EVF,2023-11-10 06:41:00,11.94411,11.99041,11.94411,11.99041,1100
EVF,2023-11-10 06:42:00,11.94411,11.99041,11.94411,11.94411,6100
EVF,2023-11-10 06:43:00,11.94411,11.94411,11.94411,11.94411,3000
EVF,2023-11-10 06:44:00,11.94411,11.94411,11.94411,11.94411,5000
EVF,2023-11-10 06:45:00,11.94411,11.94411,11.94411,11.94411,6400
EVF,2023-11-10 06:46:00,11.89782,11.94411,11.89782,11.94411,4200
EVF,2023-11-10 06:47:00,11.94411,11.94411,11.89782,11.89782,27100
EVF,2023-11-10 06:48:00,11.89782,11.89782,11.89782,11.89782,3500
EVF,2023-11-10 06:49:00,11.89782,11.89782,11.89782,11.89782,7500
EVF,2023-11-10 06:51:00,11.85152,11.85152,11.85152,11.85152,3000
EVF,2023-11-10 06:53:00,11.85152,11.85152,11.85152,11.85152,3000
EVF,2023-11-10 06:55:00,11.85152,11.85152,11.85152,11.85152,13000
EVF,2023-11-10 06:56:00,11.85152,11.89782,11.85152,11.89782,2700
EVF,2023-11-10 06:57:00,11.89782,11.89782,11.89782,11.89782,14600
EVF,2023-11-10 06:58:00,11.89782,11.89782,11.89782,11.89782,1000
EVF,2023-11-10 07:00:00,11.89782,11.89782,11.89782,11.89782,1000
EVF,2023-11-10 07:01:00,11.89782,11.89782,11.89782,11.89782,6000
EVF,2023-11-10 07:02:00,11.89782,11.89782,11.89782,11.89782,200
EVF,2023-11-10 07:03:00,11.89782,11.89782,11.89782,11.89782,16800
EVF,2023-11-10 07:04:00,11.89782,11.89782,11.89782,11.89782,7600
EVF,2023-11-10 07:05:00,11.89782,11.89782,11.89782,11.89782,100
EVF,2023-11-10 07:07:00,11.89782,11.89782,11.89782,11.89782,7000
EVF,2023-11-10 07:09:00,11.89782,11.89782,11.89782,11.89782,18200
EVF,2023-11-10 07:10:00,11.89782,11.89782,11.89782,11.89782,18300
EVF,2023-11-10 07:12:00,11.89782,11.89782,11.89782,11.89782,400
EVF,2023-11-10 07:14:00,11.89782,11.89782,11.89782,11.89782,4900
EVF,2023-11-10 07:16:00,11.89782,11.89782,11.89782,11.89782,100
EVF,2023-11-10 07:17:00,11.89782,11.89782,11.85152,11.85152,51200
EVF,2023-11-10 07:18:00,11.85152,11.85152,11.80523,11.80523,41600
EVF,2023-11-10 07:19:00,11.80523,11.80523,11.80523,11.80523,7000
EVF,2023-11-10 07:20:00,11.80523,11.80523,11.71264,11.71264,136500
EVF,2023-11-10 07:21:00,11.71264,11.75893,11.71264,11.75893,9000
EVF,2023-11-10 07:23:00,11.80523,11.80523,11.80523,11.80523,400
EVF,2023-11-10 07:24:00,11.80523,11.80523,11.80523,11.80523,2800
EVF,2023-11-10 07:25:00,11.85152,11.85152,11.85152,11.85152,200
EVF,2023-11-10 07:26:00,11.85152,11.85152,11.85152,11.85152,700
EVF,2023-11-10 07:27:00,11.80523,11.80523,11.75893,11.75893,9900
EVF,2023-11-10 07:28:00,11.75893,11.75893,11.75893,11.75893,2800
EVF,2023-11-10 07:29:00,11.80523,11.80523,11.75893,11.75893,5100
EVF,2023-11-10 07:45:00,11.89782,11.89782,11.89782,11.89782,73900
EVF,2023-11-13 02:15:00,11.89782,11.89782,11.89782,11.89782,3100
EVF,2023-11-13 02:16:00,11.89782,11.89782,11.89782,11.89782,600
EVF,2023-11-13 02:18:00,11.75893,11.75893,11.75893,11.75893,1100
EVF,2023-11-13 02:20:00,11.75893,11.75893,11.75893,11.75893,100
EVF,2023-11-13 02:21:00,11.75893,11.75893,11.75893,11.75893,400
EVF,2023-11-13 02:22:00,11.80523,11.85152,11.80523,11.85152,6400
EVF,2023-11-13 02:23:00,11.89782,11.89782,11.89782,11.89782,20900
EVF,2023-11-13 02:24:00,11.89782,11.99041,11.89782,11.99041,42900
EVF,2023-11-13 02:27:00,11.94411,11.94411,11.94411,11.94411,200
EVF,2023-11-13 02:28:00,11.94411,11.94411,11.94411,11.94411,50200
EVF,2023-11-13 02:29:00,11.94411,11.99041,11.94411,11.99041,5000
EVF,2023-11-13 02:30:00,11.99041,11.99041,11.94411,11.99041,83500
EVF,2023-11-13 02:31:00,12.0367,12.0367,12.0367,12.0367,7100
EVF,2023-11-13 02:32:00,12.0367,12.0367,12.0367,12.0367,400
EVF,2023-11-13 02:34:00,11.99041,11.99041,11.99041,11.99041,10000
EVF,2023-11-13 02:35:00,11.99041,11.99041,11.99041,11.99041,1500
EVF,2023-11-13 02:36:00,11.99041,11.99041,11.99041,11.99041,1000
EVF,2023-11-13 02:38:00,11.99041,11.99041,11.99041,11.99041,500
EVF,2023-11-13 02:41:00,11.94411,11.99041,11.94411,11.99041,5100
EVF,2023-11-13 02:42:00,11.99041,11.99041,11.99041,11.99041,6200
EVF,2023-11-13 02:43:00,11.99041,11.99041,11.99041,11.99041,700
EVF,2023-11-13 02:46:00,11.99041,11.99041,11.99041,11.99041,500
EVF,2023-11-13 02:47:00,11.99041,11.99041,11.99041,11.99041,8100
EVF,2023-11-13 02:49:00,11.94411,11.94411,11.94411,11.94411,50900
EVF,2023-11-13 02:53:00,11.94411,11.94411,11.94411,11.94411,800
EVF,2023-11-13 02:55:00,11.94411,11.94411,11.94411,11.94411,1000
EVF,2023-11-13 02:56:00,11.94411,11.94411,11.94411,11.94411,7800
EVF,2023-11-13 02:58:00,11.94411,11.94411,11.94411,11.94411,2700
EVF,2023-11-13 02:59:00,11.94411,11.94411,11.94411,11.94411,500
EVF,2023-11-13 03:00:00,11.94411,11.94411,11.94411,11.94411,1500
EVF,2023-11-13 03:05:00,11.94411,11.94411,11.89782,11.89782,1500
EVF,2023-11-13 03:07:00,11.89782,11.99041,11.89782,11.94411,38700
EVF,2023-11-13 03:08:00,11.94411,11.99041,11.94411,11.99041,20100
EVF,2023-11-13 03:09:00,11.99041,11.99041,11.99041,11.99041,19200
EVF,2023-11-13 03:10:00,11.99041,11.99041,11.99041,11.99041,10800
EVF,2023-11-13 03:11:00,11.99041,12.0367,11.99041,12.0367,61300
EVF,2023-11-13 03:12:00,12.0367,12.0367,12.0367,12.0367,155500
EVF,2023-11-13 03:13:00,12.0367,12.0367,12.0367,12.0367,44000
EVF,2023-11-13 03:15:00,12.0367,12.0367,12.0367,12.0367,2500
EVF,2023-11-13 03:16:00,12.0367,12.0367,11.99041,11.99041,11500
EVF,2023-11-13 03:17:00,11.99041,12.0367,11.99041,12.0367,54500
EVF,2023-11-13 03:18:00,12.0367,12.0367,11.99041,11.99041,55000
EVF,2023-11-13 03:19:00,11.99041,11.99041,11.99041,11.99041,1200
EVF,2023-11-13 03:21:00,11.94411,11.99041,11.94411,11.94411,47900
EVF,2023-11-13 03:23:00,11.94411,11.94411,11.94411,11.94411,100
EVF,2023-11-13 03:24:00,11.94411,11.94411,11.89782,11.89782,1500
EVF,2023-11-13 03:26:00,11.89782,11.89782,11.89782,11.89782,1000
EVF,2023-11-13 03:29:00,11.89782,11.99041,11.89782,11.99041,97300
EVF,2023-11-13 03:30:00,11.99041,11.99041,11.99041,11.99041,85000
EVF,2023-11-13 03:31:00,11.99041,12.0367,11.99041,12.0367,160300
EVF,2023-11-13 03:32:00,12.0367,12.0367,11.99041,12.0367,167000
EVF,2023-11-13 03:33:00,12.0367,12.0367,12.0367,12.0367,30000
EVF,2023-11-13 03:34:00,12.0367,12.083,11.94411,12.0367,220300
EVF,2023-11-13 03:35:00,12.0367,12.0367,11.94411,11.94411,20100
EVF,2023-11-13 03:36:00,11.94411,11.94411,11.94411,11.94411,6000
EVF,2023-11-13 03:37:00,11.94411,11.94411,11.94411,11.94411,5000
EVF,2023-11-13 03:40:00,11.94411,11.94411,11.94411,11.94411,600
EVF,2023-11-13 03:41:00,11.99041,12.0367,11.99041,12.0367,44900
EVF,2023-11-13 03:42:00,12.0367,12.083,12.0367,12.0367,213000
EVF,2023-11-13 03:43:00,12.0367,12.083,12.0367,12.083,168400
EVF,2023-11-13 03:44:00,12.083,12.12929,12.083,12.12929,106500
EVF,2023-11-13 03:45:00,12.12929,12.12929,12.12929,12.12929,293600
EVF,2023-11-13 03:46:00,12.12929,12.17559,12.12929,12.12929,104300
EVF,2023-11-13 03:47:00,12.12929,12.12929,12.083,12.083,119200
EVF,2023-11-13 03:48:00,12.083,12.12929,12.083,12.12929,103000
EVF,2023-11-13 03:49:00,12.083,12.083,12.083,12.083,5200
EVF,2023-11-13 03:50:00,12.0367,12.0367,12.0367,12.0367,66400
EVF,2023-11-13 03:51:00,12.0367,12.0367,12.0367,12.0367,34000
EVF,2023-11-13 03:52:00,12.083,12.083,12.083,12.083,20000
EVF,2023-11-13 03:53:00,12.0367,12.083,12.0367,12.083,32600
EVF,2023-11-13 03:55:00,12.083,12.083,12.083,12.083,73800
EVF,2023-11-13 03:57:00,12.12929,12.12929,12.12929,12.12929,100000
EVF,2023-11-13 03:58:00,12.12929,12.12929,12.12929,12.12929,29900
EVF,2023-11-13 03:59:00,12.17559,12.17559,12.12929,12.12929,73700
EVF,2023-11-13 04:00:00,12.17559,12.17559,12.17559,12.17559,100100
EVF,2023-11-13 04:01:00,12.17559,12.17559,12.17559,12.17559,70800
EVF,2023-11-13 04:03:00,12.17559,12.17559,12.17559,12.17559,5000
EVF,2023-11-13 04:04:00,12.17559,12.17559,12.17559,12.17559,3000
EVF,2023-11-13 04:05:00,12.17559,12.17559,12.17559,12.17559,7400
EVF,2023-11-13 04:06:00,12.17559,12.17559,12.17559,12.17559,800
EVF,2023-11-13 04:07:00,12.17559,12.17559,12.17559,12.17559,21700
EVF,2023-11-13 04:08:00,12.17559,12.17559,12.17559,12.17559,300
EVF,2023-11-13 04:09:00,12.17559,12.17559,12.17559,12.17559,8300
EVF,2023-11-13 04:10:00,12.17559,12.17559,12.17559,12.17559,1900
EVF,2023-11-13 04:11:00,12.22188,12.22188,12.22188,12.22188,12900
EVF,2023-11-13 04:12:00,12.22188,12.22188,12.22188,12.22188,16000
EVF,2023-11-13 04:13:00,12.22188,12.22188,12.17559,12.17559,36000
EVF,2023-11-13 04:14:00,12.22188,12.22188,12.17559,12.22188,2300
EVF,2023-11-13 04:15:00,12.17559,12.22188,12.17559,12.22188,6200
EVF,2023-11-13 04:16:00,12.22188,12.22188,12.22188,12.22188,1000
EVF,2023-11-13 04:17:00,12.22188,12.22188,12.22188,12.22188,3000
EVF,2023-11-13 04:18:00,12.22188,12.22188,12.22188,12.22188,44000
EVF,2023-11-13 04:19:00,12.22188,12.22188,12.22188,12.22188,7000
EVF,2023-11-13 04:21:00,12.22188,12.22188,12.22188,12.22188,100
EVF,2023-11-13 04:22:00,12.22188,12.22188,12.22188,12.22188,3300
EVF,2023-11-13 04:23:00,12.17559,12.17559,12.17559,12.17559,4500
EVF,2023-11-13 04:24:00,12.17559,12.17559,12.17559,12.17559,1000
EVF,2023-11-13 04:25:00,12.17559,12.22188,12.17559,12.22188,15100
EVF,2023-11-13 04:29:00,12.17559,12.17559,12.17559,12.17559,2000
EVF,2023-11-13 06:00:00,12.17559,12.17559,12.17559,12.17559,12000
EVF,2023-11-13 06:02:00,12.12929,12.17559,12.12929,12.17559,50500
EVF,2023-11-13 06:04:00,12.12929,12.17559,12.12929,12.12929,16300
EVF,2023-11-13 06:05:00,12.12929,12.12929,12.12929,12.12929,28500
EVF,2023-11-13 06:06:00,12.17559,12.17559,12.17559,12.17559,200
EVF,2023-11-13 06:07:00,12.17559,12.17559,12.17559,12.17559,1300
EVF,2023-11-13 06:08:00,12.17559,12.17559,12.17559,12.17559,24000
EVF,2023-11-13 06:09:00,12.12929,12.17559,12.12929,12.17559,4200
EVF,2023-11-13 06:10:00,12.17559,12.17559,12.17559,12.17559,3000
EVF,2023-11-13 06:11:00,12.17559,12.17559,12.17559,12.17559,200
EVF,2023-11-13 06:12:00,12.17559,12.17559,12.17559,12.17559,3000
EVF,2023-11-13 06:13:00,12.17559,12.17559,12.12929,12.12929,800
EVF,2023-11-13 06:14:00,12.12929,12.12929,12.12929,12.12929,10000
EVF,2023-11-13 06:15:00,12.12929,12.17559,12.12929,12.17559,58300
EVF,2023-11-13 06:16:00,12.17559,12.17559,12.17559,12.17559,200
EVF,2023-11-13 06:17:00,12.12929,12.12929,12.12929,12.12929,3000
EVF,2023-11-13 06:18:00,12.12929,12.12929,12.12929,12.12929,100
EVF,2023-11-13 06:19:00,12.12929,12.12929,12.12929,12.12929,100
EVF,2023-11-13 06:20:00,12.083,12.083,12.0367,12.0367,45200
EVF,2023-11-13 06:21:00,12.0367,12.0367,12.0367,12.0367,2000
EVF,2023-11-13 06:22:00,12.0367,12.0367,12.0367,12.0367,200
EVF,2023-11-13 06:24:00,12.083,12.083,12.083,12.083,1400
EVF,2023-11-13 06:26:00,12.083,12.083,12.083,12.083,300
EVF,2023-11-13 06:27:00,12.083,12.083,12.083,12.083,100
EVF,2023-11-13 06:28:00,12.0367,12.0367,12.0367,12.0367,4800
EVF,2023-11-13 06:30:00,12.0367,12.0367,12.0367,12.0367,100
EVF,2023-11-13 06:33:00,12.0367,12.0367,12.0367,12.0367,1900
EVF,2023-11-13 06:34:00,12.0367,12.083,12.0367,12.083,46600
EVF,2023-11-13 06:35:00,12.0367,12.0367,12.0367,12.0367,1000
EVF,2023-11-13 06:36:00,12.0367,12.0367,12.0367,12.0367,67300
EVF,2023-11-13 06:37:00,12.083,12.083,12.083,12.083,20000
EVF,2023-11-13 06:38:00,12.0367,12.0367,12.0367,12.0367,6000
EVF,2023-11-13 06:39:00,12.083,12.083,12.083,12.083,33000
EVF,2023-11-13 06:40:00,12.083,12.083,12.0367,12.0367,26300
EVF,2023-11-13 06:41:00,12.0367,12.083,12.0367,12.0367,31400
EVF,2023-11-13 06:43:00,12.0367,12.0367,12.0367,12.0367,1000
EVF,2023-11-13 06:44:00,12.0367,12.0367,12.0367,12.0367,3700
EVF,2023-11-13 06:45:00,12.0367,12.0367,11.99041,11.99041,50500
EVF,2023-11-13 06:46:00,11.94411,11.99041,11.94411,11.99041,4500
EVF,2023-11-13 06:47:00,11.99041,11.99041,11.99041,11.99041,6000
EVF,2023-11-13 06:48:00,11.99041,11.99041,11.99041,11.99041,500
EVF,2023-11-13 06:49:00,11.94411,11.94411,11.94411,11.94411,10000
EVF,2023-11-13 06:50:00,11.99041,11.99041,11.99041,11.99041,71300
EVF,2023-11-13 06:51:00,11.99041,11.99041,11.99041,11.99041,5000
EVF,2023-11-13 06:52:00,11.99041,11.99041,11.99041,11.99041,3000
EVF,2023-11-13 06:53:00,12.0367,12.0367,12.0367,12.0367,55400
EVF,2023-11-13 06:54:00,12.0367,12.0367,12.0367,12.0367,42000
EVF,2023-11-13 06:55:00,12.0367,12.0367,12.0367,12.0367,8900
EVF,2023-11-13 06:56:00,12.0367,12.083,12.0367,12.083,21400
EVF,2023-11-13 06:59:00,12.0367,12.0367,12.0367,12.0367,6700
EVF,2023-11-13 07:00:00,12.0367,12.0367,12.0367,12.0367,13600
EVF,2023-11-13 07:01:00,12.0367,12.0367,12.0367,12.0367,14500
EVF,2023-11-13 07:02:00,12.0367,12.0367,12.0367,12.0367,6900
EVF,2023-11-13 07:03:00,12.0367,12.0367,12.0367,12.0367,5000
EVF,2023-11-13 07:04:00,12.0367,12.0367,12.0367,12.0367,16300
EVF,2023-11-13 07:05:00,12.0367,12.083,12.0367,12.083,10400
EVF,2023-11-13 07:06:00,12.083,12.083,12.083,12.083,1000
EVF,2023-11-13 07:07:00,12.083,12.083,12.083,12.083,8300
EVF,2023-11-13 07:08:00,12.083,12.083,12.083,12.083,500
EVF,2023-11-13 07:09:00,12.083,12.083,12.083,12.083,16000
EVF,2023-11-13 07:10:00,12.0367,12.0367,12.0367,12.0367,1000
EVF,2023-11-13 07:11:00,12.0367,12.083,12.0367,12.083,27900
EVF,2023-11-13 07:13:00,12.083,12.083,12.083,12.083,12300
EVF,2023-11-13 07:14:00,12.083,12.083,12.083,12.083,5900
EVF,2023-11-13 07:15:00,12.083,12.12929,12.083,12.12929,93300
EVF,2023-11-13 07:16:00,12.12929,12.12929,12.083,12.083,91000
EVF,2023-11-13 07:17:00,12.083,12.083,12.083,12.083,15000
EVF,2023-11-13 07:19:00,12.0367,12.0367,12.0367,12.0367,1100
EVF,2023-11-13 07:21:00,12.0367,12.0367,12.0367,12.0367,27300
EVF,2023-11-13 07:22:00,12.0367,12.0367,12.0367,12.0367,27500
EVF,2023-11-13 07:23:00,12.0367,12.0367,12.0367,12.0367,4000
EVF,2023-11-13 07:24:00,11.99041,11.99041,11.99041,11.99041,60000
EVF,2023-11-13 07:25:00,11.99041,11.99041,11.99041,11.99041,3500
EVF,2023-11-13 07:26:00,11.99041,11.99041,11.99041,11.99041,42300
EVF,2023-11-13 07:27:00,11.99041,11.99041,11.94411,11.94411,51500
EVF,2023-11-13 07:28:00,11.94411,11.94411,11.89782,11.94411,79600
EVF,2023-11-13 07:29:00,11.94411,11.94411,11.94411,11.94411,3400
EVF,2023-11-13 07:45:00,12.083,12.083,12.083,12.083,131100
EVF,2023-11-14 02:15:00,12.12929,12.12929,12.083,12.083,118900
EVF,2023-11-14 02:17:00,12.12929,12.12929,12.083,12.12929,12600
EVF,2023-11-14 02:18:00,12.12929,12.17559,12.12929,12.17559,20400
EVF,2023-11-14 02:19:00,12.17559,12.17559,12.17559,12.17559,17100
EVF,2023-11-14 02:20:00,12.17559,12.22188,12.17559,12.22188,15900
EVF,2023-11-14 02:21:00,12.17559,12.22188,12.17559,12.22188,141400
EVF,2023-11-14 02:22:00,12.26818,12.26818,12.17559,12.17559,205300
EVF,2023-11-14 02:23:00,12.22188,12.22188,12.22188,12.22188,1200
EVF,2023-11-14 02:24:00,12.22188,12.22188,12.22188,12.22188,23300
EVF,2023-11-14 02:25:00,12.17559,12.22188,12.17559,12.22188,25600
EVF,2023-11-14 02:26:00,12.22188,12.22188,12.12929,12.12929,74600
EVF,2023-11-14 02:27:00,12.12929,12.17559,12.12929,12.17559,33100
EVF,2023-11-14 02:28:00,12.17559,12.22188,12.17559,12.22188,87400
EVF,2023-11-14 02:29:00,12.22188,12.26818,12.22188,12.26818,69400
EVF,2023-11-14 02:30:00,12.26818,12.26818,12.22188,12.22188,81900
EVF,2023-11-14 02:31:00,12.26818,12.26818,12.22188,12.26818,277200
EVF,2023-11-14 02:32:00,12.31447,12.40706,12.31447,12.40706,295900
EVF,2023-11-14 02:33:00,12.40706,12.49965,12.40706,12.49965,956600
EVF,2023-11-14 02:34:00,12.54595,12.68483,12.54595,12.68483,174300
EVF,2023-11-14 02:35:00,12.63854,12.63854,12.63854,12.63854,8400
EVF,2023-11-14 02:36:00,12.63854,12.68483,12.63854,12.68483,5300
EVF,2023-11-14 02:37:00,12.68483,12.68483,12.59224,12.68483,20600
EVF,2023-11-14 02:38:00,12.68483,12.68483,12.68483,12.68483,22700
EVF,2023-11-14 02:39:00,12.68483,12.77742,12.68483,12.77742,56200
EVF,2023-11-14 02:40:00,12.77742,12.77742,12.63854,12.63854,3600
EVF,2023-11-14 02:41:00,12.68483,12.73113,12.68483,12.68483,12900
EVF,2023-11-14 02:43:00,12.68483,12.68483,12.68483,12.68483,16000
EVF,2023-11-14 02:44:00,12.68483,12.73113,12.68483,12.73113,4500
EVF,2023-11-14 02:45:00,12.68483,12.77742,12.68483,12.77742,102000
EVF,2023-11-14 02:46:00,12.77742,12.87001,12.77742,12.87001,164300
EVF,2023-11-14 02:47:00,12.87001,12.91631,12.82372,12.91631,1121300
EVF,2023-11-14 02:48:00,12.91631,12.91631,12.91631,12.91631,80300
EVF,2023-11-14 02:49:00,12.91631,12.91631,12.91631,12.91631,53400
EVF,2023-11-14 02:50:00,12.91631,12.91631,12.91631,12.91631,46900
EVF,2023-11-14 02:51:00,12.91631,12.91631,12.91631,12.91631,33200
EVF,2023-11-14 02:52:00,12.91631,12.91631,12.91631,12.91631,7600
EVF,2023-11-14 02:53:00,12.91631,12.91631,12.91631,12.91631,8800
EVF,2023-11-14 02:54:00,12.91631,12.91631,12.91631,12.91631,13200
EVF,2023-11-14 02:55:00,12.91631,12.91631,12.91631,12.91631,9100
EVF,2023-11-14 02:56:00,12.91631,12.91631,12.91631,12.91631,5900
EVF,2023-11-14 02:57:00,12.91631,12.91631,12.91631,12.91631,24300
EVF,2023-11-14 02:58:00,12.91631,12.91631,12.91631,12.91631,5500
EVF,2023-11-14 02:59:00,12.91631,12.91631,12.91631,12.91631,6100
EVF,2023-11-14 03:00:00,12.91631,12.91631,12.91631,12.91631,2500
EVF,2023-11-14 03:01:00,12.91631,12.91631,12.91631,12.91631,200
EVF,2023-11-14 03:02:00,12.91631,12.91631,12.91631,12.91631,3100
EVF,2023-11-14 03:03:00,12.91631,12.91631,12.91631,12.91631,6800
EVF,2023-11-14 03:04:00,12.91631,12.91631,12.91631,12.91631,3600
EVF,2023-11-14 03:05:00,12.91631,12.91631,12.91631,12.91631,3500
EVF,2023-11-14 03:06:00,12.91631,12.91631,12.91631,12.91631,3200
EVF,2023-11-14 03:07:00,12.91631,12.91631,12.91631,12.91631,900
EVF,2023-11-14 03:08:00,12.91631,12.91631,12.91631,12.91631,1500
EVF,2023-11-14 03:09:00,12.91631,12.91631,12.91631,12.91631,5900
EVF,2023-11-14 03:10:00,12.91631,12.91631,12.91631,12.91631,300
EVF,2023-11-14 03:11:00,12.91631,12.91631,12.91631,12.91631,6800
EVF,2023-11-14 03:12:00,12.91631,12.91631,12.91631,12.91631,6000
EVF,2023-11-14 03:13:00,12.91631,12.91631,12.91631,12.91631,10500
EVF,2023-11-14 03:14:00,12.91631,12.91631,12.91631,12.91631,12200
EVF,2023-11-14 03:15:00,12.91631,12.91631,12.91631,12.91631,4900
EVF,2023-11-14 03:16:00,12.91631,12.91631,12.91631,12.91631,5900
EVF,2023-11-14 03:17:00,12.91631,12.91631,12.91631,12.91631,1400
EVF,2023-11-14 03:18:00,12.91631,12.91631,12.91631,12.91631,2400
EVF,2023-11-14 03:19:00,12.91631,12.91631,12.91631,12.91631,100
EVF,2023-11-14 03:20:00,12.91631,12.91631,12.91631,12.91631,300
EVF,2023-11-14 03:21:00,12.91631,12.91631,12.91631,12.91631,100
EVF,2023-11-14 03:22:00,12.91631,12.91631,12.91631,12.91631,10500
EVF,2023-11-14 03:24:00,12.91631,12.91631,12.91631,12.91631,19500
EVF,2023-11-14 03:26:00,12.91631,12.91631,12.91631,12.91631,1300
EVF,2023-11-14 03:27:00,12.91631,12.91631,12.91631,12.91631,19200
EVF,2023-11-14 03:28:00,12.91631,12.91631,12.91631,12.91631,250700
EVF,2023-11-14 03:29:00,12.91631,12.91631,12.91631,12.91631,5500
EVF,2023-11-14 03:32:00,12.91631,12.91631,12.91631,12.91631,2400
EVF,2023-11-14 03:33:00,12.91631,12.91631,12.91631,12.91631,2900
EVF,2023-11-14 03:34:00,12.91631,12.91631,12.91631,12.91631,700
EVF,2023-11-14 03:35:00,12.91631,12.91631,12.91631,12.91631,28000
EVF,2023-11-14 03:36:00,12.91631,12.91631,12.91631,12.91631,1000
EVF,2023-11-14 03:37:00,12.91631,12.91631,12.91631,12.91631,200
EVF,2023-11-14 03:38:00,12.91631,12.91631,12.91631,12.91631,100
EVF,2023-11-14 03:39:00,12.91631,12.91631,12.91631,12.91631,500
EVF,2023-11-14 03:40:00,12.91631,12.91631,12.91631,12.91631,3300
EVF,2023-11-14 03:41:00,12.91631,12.91631,12.91631,12.91631,800
EVF,2023-11-14 03:42:00,12.91631,12.91631,12.91631,12.91631,100
EVF,2023-11-14 03:43:00,12.91631,12.91631,12.91631,12.91631,4500
EVF,2023-11-14 03:44:00,12.91631,12.91631,12.91631,12.91631,1800
EVF,2023-11-14 03:45:00,12.91631,12.91631,12.91631,12.91631,15700
EVF,2023-11-14 03:46:00,12.91631,12.91631,12.91631,12.91631,2700
EVF,2023-11-14 03:47:00,12.91631,12.91631,12.91631,12.91631,2300
EVF,2023-11-14 03:48:00,12.91631,12.91631,12.91631,12.91631,1100
EVF,2023-11-14 03:49:00,12.91631,12.91631,12.91631,12.91631,21900
EVF,2023-11-14 03:50:00,12.91631,12.91631,12.91631,12.91631,5200
EVF,2023-11-14 03:51:00,12.91631,12.91631,12.91631,12.91631,600
EVF,2023-11-14 03:53:00,12.91631,12.91631,12.91631,12.91631,3500
EVF,2023-11-14 03:54:00,12.91631,12.91631,12.91631,12.91631,2100
EVF,2023-11-14 03:55:00,12.91631,12.91631,12.91631,12.91631,100
EVF,2023-11-14 03:56:00,12.91631,12.91631,12.91631,12.91631,2900
EVF,2023-11-14 03:58:00,12.91631,12.91631,12.91631,12.91631,100
EVF,2023-11-14 03:59:00,12.91631,12.91631,12.91631,12.91631,3500
EVF,2023-11-14 04:01:00,12.91631,12.91631,12.91631,12.91631,5200
EVF,2023-11-14 04:06:00,12.91631,12.91631,12.91631,12.91631,700
EVF,2023-11-14 04:07:00,12.91631,12.91631,12.91631,12.91631,2400
EVF,2023-11-14 04:08:00,12.91631,12.91631,12.91631,12.91631,1000
EVF,2023-11-14 04:09:00,12.91631,12.91631,12.91631,12.91631,2000
EVF,2023-11-14 04:10:00,12.91631,12.91631,12.91631,12.91631,500
EVF,2023-11-14 04:12:00,12.91631,12.91631,12.91631,12.91631,100
EVF,2023-11-14 04:13:00,12.91631,12.91631,12.91631,12.91631,1000
EVF,2023-11-14 04:14:00,12.91631,12.91631,12.91631,12.91631,2000
EVF,2023-11-14 04:15:00,12.91631,12.91631,12.91631,12.91631,1000
EVF,2023-11-14 04:21:00,12.91631,12.91631,12.91631,12.91631,1400
EVF,2023-11-14 04:22:00,12.91631,12.91631,12.91631,12.91631,100
EVF,2023-11-14 04:25:00,12.91631,12.91631,12.91631,12.91631,300
EVF,2023-11-14 04:26:00,12.91631,12.91631,12.91631,12.91631,2600
EVF,2023-11-14 04:27:00,12.91631,12.91631,12.91631,12.91631,1600
EVF,2023-11-14 06:00:00,12.91631,12.91631,12.91631,12.91631,274000
EVF,2023-11-14 06:01:00,12.91631,12.91631,12.91631,12.91631,5000
EVF,2023-11-14 06:02:00,12.91631,12.91631,12.91631,12.91631,1500
EVF,2023-11-14 06:03:00,12.91631,12.91631,12.91631,12.91631,4800
EVF,2023-11-14 06:04:00,12.91631,12.91631,12.91631,12.91631,100
EVF,2023-11-14 06:05:00,12.91631,12.91631,12.91631,12.91631,3200
EVF,2023-11-14 06:06:00,12.91631,12.91631,12.91631,12.91631,100
EVF,2023-11-14 06:07:00,12.91631,12.91631,12.91631,12.91631,20000
EVF,2023-11-14 06:08:00,12.91631,12.91631,12.91631,12.91631,26200
EVF,2023-11-14 06:09:00,12.91631,12.91631,12.91631,12.91631,6000
EVF,2023-11-14 06:10:00,12.91631,12.91631,12.91631,12.91631,3200
EVF,2023-11-14 06:11:00,12.91631,12.91631,12.91631,12.91631,10400
EVF,2023-11-14 06:12:00,12.91631,12.91631,12.91631,12.91631,900
EVF,2023-11-14 06:13:00,12.91631,12.91631,12.91631,12.91631,3600
EVF,2023-11-14 06:14:00,12.91631,12.91631,12.91631,12.91631,30000
EVF,2023-11-14 06:15:00,12.91631,12.91631,12.91631,12.91631,10800
EVF,2023-11-14 06:16:00,12.91631,12.91631,12.91631,12.91631,2100
EVF,2023-11-14 06:17:00,12.91631,12.91631,12.91631,12.91631,3000
EVF,2023-11-14 06:19:00,12.91631,12.91631,12.91631,12.91631,400
EVF,2023-11-14 06:20:00,12.91631,12.91631,12.91631,12.91631,5000
EVF,2023-11-14 06:22:00,12.91631,12.91631,12.91631,12.91631,500
EVF,2023-11-14 06:23:00,12.91631,12.91631,12.91631,12.91631,800
EVF,2023-11-14 06:25:00,12.91631,12.91631,12.91631,12.91631,1000
EVF,2023-11-14 06:26:00,12.91631,12.91631,12.91631,12.91631,600
EVF,2023-11-14 06:28:00,12.91631,12.91631,12.91631,12.91631,1900
EVF,2023-11-14 06:29:00,12.91631,12.91631,12.91631,12.91631,1600
EVF,2023-11-14 06:30:00,12.91631,12.91631,12.91631,12.91631,5000
EVF,2023-11-14 06:31:00,12.91631,12.91631,12.91631,12.91631,1100
EVF,2023-11-14 06:32:00,12.91631,12.91631,12.91631,12.91631,200
EVF,2023-11-14 06:34:00,12.91631,12.91631,12.91631,12.91631,900
EVF,2023-11-14 06:36:00,12.91631,12.91631,12.91631,12.91631,2000
EVF,2023-11-14 06:37:00,12.91631,12.91631,12.91631,12.91631,2000
EVF,2023-11-14 06:40:00,12.91631,12.91631,12.91631,12.91631,1700
EVF,2023-11-14 06:43:00,12.91631,12.91631,12.91631,12.91631,1000
EVF,2023-11-14 06:45:00,12.91631,12.91631,12.91631,12.91631,5500
EVF,2023-11-14 06:46:00,12.91631,12.91631,12.91631,12.91631,1500
EVF,2023-11-14 06:47:00,12.91631,12.91631,12.91631,12.91631,100
EVF,2023-11-14 06:48:00,12.91631,12.91631,12.91631,12.91631,5300
EVF,2023-11-14 06:49:00,12.91631,12.91631,12.91631,12.91631,700
EVF,2023-11-14 06:51:00,12.91631,12.91631,12.91631,12.91631,8400
EVF,2023-11-14 06:52:00,12.91631,12.91631,12.91631,12.91631,206400
EVF,2023-11-14 06:53:00,12.91631,12.91631,12.91631,12.91631,360300
EVF,2023-11-14 06:54:00,12.91631,12.91631,12.91631,12.91631,40800
EVF,2023-11-14 06:55:00,12.91631,12.91631,12.91631,12.91631,22700
EVF,2023-11-14 06:56:00,12.91631,12.91631,12.91631,12.91631,25600
EVF,2023-11-14 06:57:00,12.91631,12.91631,12.91631,12.91631,26500
EVF,2023-11-14 06:58:00,12.91631,12.91631,12.91631,12.91631,7700
EVF,2023-11-14 06:59:00,12.91631,12.91631,12.91631,12.91631,500
EVF,2023-11-14 07:00:00,12.91631,12.91631,12.91631,12.91631,3500
EVF,2023-11-14 07:01:00,12.91631,12.91631,12.91631,12.91631,5900
EVF,2023-11-14 07:02:00,12.91631,12.91631,12.91631,12.91631,5500
EVF,2023-11-14 07:04:00,12.91631,12.91631,12.91631,12.91631,2300
EVF,2023-11-14 07:05:00,12.91631,12.91631,12.91631,12.91631,100
EVF,2023-11-14 07:06:00,12.91631,12.91631,12.91631,12.91631,23600
EVF,2023-11-14 07:07:00,12.91631,12.91631,12.91631,12.91631,6100
EVF,2023-11-14 07:08:00,12.91631,12.91631,12.91631,12.91631,400
EVF,2023-11-14 07:09:00,12.91631,12.91631,12.91631,12.91631,3700
EVF,2023-11-14 07:10:00,12.91631,12.91631,12.91631,12.91631,67200
EVF,2023-11-14 07:11:00,12.91631,12.91631,12.91631,12.91631,7600
EVF,2023-11-14 07:12:00,12.91631,12.91631,12.91631,12.91631,55100
EVF,2023-11-14 07:14:00,12.91631,12.91631,12.91631,12.91631,600
EVF,2023-11-14 07:15:00,12.91631,12.91631,12.91631,12.91631,1400
EVF,2023-11-14 07:16:00,12.91631,12.91631,12.91631,12.91631,3500
EVF,2023-11-14 07:17:00,12.91631,12.91631,12.91631,12.91631,4800
EVF,2023-11-14 07:18:00,12.91631,12.91631,12.91631,12.91631,2900
EVF,2023-11-14 07:19:00,12.91631,12.91631,12.91631,12.91631,1900
EVF,2023-11-14 07:20:00,12.91631,12.91631,12.91631,12.91631,400
EVF,2023-11-14 07:21:00,12.91631,12.91631,12.91631,12.91631,2600
EVF,2023-11-14 07:23:00,12.91631,12.91631,12.91631,12.91631,5400
EVF,2023-11-14 07:24:00,12.91631,12.91631,12.91631,12.91631,7000
EVF,2023-11-14 07:25:00,12.91631,12.91631,12.91631,12.91631,400
EVF,2023-11-14 07:26:00,12.91631,12.91631,12.91631,12.91631,900
EVF,2023-11-14 07:27:00,12.91631,12.91631,12.91631,12.91631,400
EVF,2023-11-14 07:28:00,12.91631,12.91631,12.91631,12.91631,4700
EVF,2023-11-14 07:29:00,12.91631,12.91631,12.91631,12.91631,1000
EVF,2023-11-14 07:45:00,12.91631,12.91631,12.91631,12.91631,5100
EVF,2023-11-15 02:15:00,13.79591,13.79591,13.70332,13.79591,1083200
EVF,2023-11-15 02:16:00,13.79591,13.79591,13.79591,13.79591,16000
EVF,2023-11-15 02:17:00,13.79591,13.79591,13.79591,13.79591,7700
EVF,2023-11-15 02:18:00,13.79591,13.79591,13.79591,13.79591,3900
EVF,2023-11-15 02:19:00,13.79591,13.79591,13.79591,13.79591,10200
EVF,2023-11-15 02:20:00,13.79591,13.79591,13.79591,13.79591,12300
EVF,2023-11-15 02:21:00,13.79591,13.79591,13.79591,13.79591,15300
EVF,2023-11-15 02:22:00,13.79591,13.79591,13.79591,13.79591,5900
EVF,2023-11-15 02:23:00,13.79591,13.79591,13.79591,13.79591,3800
EVF,2023-11-15 02:24:00,13.79591,13.79591,13.79591,13.79591,6600
EVF,2023-11-15 02:25:00,13.79591,13.79591,13.79591,13.79591,4200
EVF,2023-11-15 02:26:00,13.79591,13.79591,13.79591,13.79591,8000
EVF,2023-11-15 02:27:00,13.79591,13.79591,13.79591,13.79591,1256500
EVF,2023-11-15 02:28:00,13.79591,13.79591,13.79591,13.79591,27900
EVF,2023-11-15 02:29:00,13.79591,13.79591,13.79591,13.79591,53500
EVF,2023-11-15 02:30:00,13.79591,13.79591,13.79591,13.79591,1042700
EVF,2023-11-15 02:31:00,13.79591,13.79591,13.74962,13.79591,658100
EVF,2023-11-15 02:32:00,13.79591,13.79591,13.74962,13.79591,156600
EVF,2023-11-15 02:33:00,13.74962,13.79591,13.74962,13.79591,379600
EVF,2023-11-15 02:34:00,13.79591,13.79591,13.74962,13.79591,649100
EVF,2023-11-15 02:35:00,13.79591,13.79591,13.79591,13.79591,88400
EVF,2023-11-15 02:36:00,13.79591,13.79591,13.74962,13.79591,135600
EVF,2023-11-15 02:37:00,13.79591,13.79591,13.79591,13.79591,4800
EVF,2023-11-15 02:38:00,13.79591,13.79591,13.79591,13.79591,19900
EVF,2023-11-15 02:39:00,13.79591,13.79591,13.79591,13.79591,3000
EVF,2023-11-15 02:40:00,13.79591,13.79591,13.79591,13.79591,4000
EVF,2023-11-15 02:41:00,13.79591,13.79591,13.79591,13.79591,94900
EVF,2023-11-15 02:42:00,13.79591,13.79591,13.79591,13.79591,10100
EVF,2023-11-15 02:43:00,13.79591,13.79591,13.79591,13.79591,2200
EVF,2023-11-15 02:44:00,13.79591,13.79591,13.79591,13.79591,17800
EVF,2023-11-15 02:45:00,13.79591,13.79591,13.79591,13.79591,7900
EVF,2023-11-15 02:46:00,13.79591,13.79591,13.79591,13.79591,2200
EVF,2023-11-15 02:47:00,13.79591,13.79591,13.79591,13.79591,4000
EVF,2023-11-15 02:48:00,13.79591,13.79591,13.79591,13.79591,4900
EVF,2023-11-15 02:49:00,13.79591,13.79591,13.79591,13.79591,500
EVF,2023-11-15 02:50:00,13.79591,13.79591,13.79591,13.79591,5100
EVF,2023-11-15 02:51:00,13.79591,13.79591,13.79591,13.79591,3000
EVF,2023-11-15 02:52:00,13.79591,13.79591,13.79591,13.79591,11400
EVF,2023-11-15 02:53:00,13.79591,13.79591,13.79591,13.79591,200
EVF,2023-11-15 02:54:00,13.79591,13.79591,13.79591,13.79591,300
EVF,2023-11-15 02:55:00,13.79591,13.79591,13.79591,13.79591,4200
EVF,2023-11-15 02:56:00,13.79591,13.79591,13.79591,13.79591,400
EVF,2023-11-15 02:57:00,13.79591,13.79591,13.79591,13.79591,1200
EVF,2023-11-15 02:58:00,13.79591,13.79591,13.79591,13.79591,10200
EVF,2023-11-15 02:59:00,13.79591,13.79591,13.79591,13.79591,4900
EVF,2023-11-15 03:00:00,13.79591,13.79591,13.79591,13.79591,700
EVF,2023-11-15 03:01:00,13.79591,13.79591,13.79591,13.79591,52100
EVF,2023-11-15 03:02:00,13.79591,13.79591,13.79591,13.79591,500
EVF,2023-11-15 03:04:00,13.79591,13.79591,13.79591,13.79591,3000
EVF,2023-11-15 03:05:00,13.79591,13.79591,13.79591,13.79591,9700
EVF,2023-11-15 03:06:00,13.79591,13.79591,13.79591,13.79591,5100
EVF,2023-11-15 03:07:00,13.79591,13.79591,13.79591,13.79591,500
EVF,2023-11-15 03:09:00,13.79591,13.79591,13.79591,13.79591,5300
EVF,2023-11-15 03:10:00,13.79591,13.79591,13.79591,13.79591,2200
EVF,2023-11-15 03:11:00,13.79591,13.79591,13.79591,13.79591,2200
EVF,2023-11-15 03:12:00,13.79591,13.79591,13.79591,13.79591,10100
EVF,2023-11-15 03:13:00,13.79591,13.79591,13.79591,13.79591,11500
EVF,2023-11-15 03:14:00,13.79591,13.79591,13.79591,13.79591,2600
EVF,2023-11-15 03:15:00,13.79591,13.79591,13.79591,13.79591,4900
EVF,2023-11-15 03:16:00,13.79591,13.79591,13.79591,13.79591,1700
EVF,2023-11-15 03:19:00,13.79591,13.79591,13.79591,13.79591,7200
EVF,2023-11-15 03:20:00,13.79591,13.79591,13.79591,13.79591,1100
EVF,2023-11-15 03:21:00,13.79591,13.79591,13.79591,13.79591,100
EVF,2023-11-15 03:22:00,13.79591,13.79591,13.79591,13.79591,76900
EVF,2023-11-15 03:24:00,13.79591,13.79591,13.79591,13.79591,500
EVF,2023-11-15 03:25:00,13.79591,13.79591,13.79591,13.79591,1600
EVF,2023-11-15 03:26:00,13.79591,13.79591,13.79591,13.79591,14200
EVF,2023-11-15 03:27:00,13.79591,13.79591,13.79591,13.79591,100
EVF,2023-11-15 03:28:00,13.79591,13.79591,13.79591,13.79591,700
EVF,2023-11-15 03:29:00,13.79591,13.79591,13.79591,13.79591,2200
EVF,2023-11-15 03:30:00,13.79591,13.79591,13.79591,13.79591,2000
EVF,2023-11-15 03:31:00,13.79591,13.79591,13.79591,13.79591,3700
EVF,2023-11-15 03:32:00,13.79591,13.79591,13.79591,13.79591,1800
EVF,2023-11-15 03:33:00,13.79591,13.79591,13.79591,13.79591,2300
EVF,2023-11-15 03:35:00,13.79591,13.79591,13.79591,13.79591,500
EVF,2023-11-15 03:36:00,13.79591,13.79591,13.79591,13.79591,5800
EVF,2023-11-15 03:37:00,13.79591,13.79591,13.79591,13.79591,1800
EVF,2023-11-15 03:38:00,13.79591,13.79591,13.79591,13.79591,100
EVF,2023-11-15 03:39:00,13.79591,13.79591,13.79591,13.79591,100100
EVF,2023-11-15 03:44:00,13.79591,13.79591,13.79591,13.79591,1200
EVF,2023-11-15 03:45:00,13.79591,13.79591,13.79591,13.79591,3000
EVF,2023-11-15 03:46:00,13.79591,13.79591,13.79591,13.79591,2000
EVF,2023-11-15 03:50:00,13.79591,13.79591,13.79591,13.79591,1400
EVF,2023-11-15 03:51:00,13.79591,13.79591,13.79591,13.79591,9400
EVF,2023-11-15 03:52:00,13.79591,13.79591,13.79591,13.79591,5100
EVF,2023-11-15 03:53:00,13.79591,13.79591,13.79591,13.79591,1400
EVF,2023-11-15 03:54:00,13.79591,13.79591,13.79591,13.79591,12000
EVF,2023-11-15 03:55:00,13.79591,13.79591,13.79591,13.79591,7100
EVF,2023-11-15 03:56:00,13.79591,13.79591,13.79591,13.79591,1100
EVF,2023-11-15 03:57:00,13.79591,13.79591,13.79591,13.79591,1300
EVF,2023-11-15 04:03:00,13.79591,13.79591,13.79591,13.79591,2300
EVF,2023-11-15 04:04:00,13.79591,13.79591,13.79591,13.79591,8200
EVF,2023-11-15 04:07:00,13.79591,13.79591,13.79591,13.79591,25500
EVF,2023-11-15 04:10:00,13.79591,13.79591,13.79591,13.79591,8000
EVF,2023-11-15 04:12:00,13.79591,13.79591,13.79591,13.79591,5000
EVF,2023-11-15 04:13:00,13.79591,13.79591,13.79591,13.79591,7000
EVF,2023-11-15 04:14:00,13.79591,13.79591,13.79591,13.79591,400
EVF,2023-11-15 04:15:00,13.79591,13.79591,13.79591,13.79591,500
EVF,2023-11-15 04:16:00,13.79591,13.79591,13.79591,13.79591,1000
EVF,2023-11-15 04:17:00,13.79591,13.79591,13.79591,13.79591,1300
EVF,2023-11-15 04:18:00,13.79591,13.79591,13.79591,13.79591,2400
EVF,2023-11-15 04:19:00,13.79591,13.79591,13.79591,13.79591,1000
EVF,2023-11-15 04:22:00,13.79591,13.79591,13.79591,13.79591,6000
EVF,2023-11-15 04:23:00,13.79591,13.79591,13.79591,13.79591,100
EVF,2023-11-15 04:26:00,13.79591,13.79591,13.79591,13.79591,1000
EVF,2023-11-15 04:27:00,13.79591,13.79591,13.79591,13.79591,700
EVF,2023-11-15 04:28:00,13.79591,13.79591,13.79591,13.79591,3000
EVF,2023-11-15 04:29:00,13.79591,13.79591,13.79591,13.79591,600
EVF,2023-11-15 06:00:00,13.79591,13.79591,13.79591,13.79591,198500
EVF,2023-11-15 06:01:00,13.79591,13.79591,13.79591,13.79591,1300
EVF,2023-11-15 06:02:00,13.79591,13.79591,13.79591,13.79591,2000
EVF,2023-11-15 06:03:00,13.79591,13.79591,13.79591,13.79591,1900
EVF,2023-11-15 06:05:00,13.79591,13.79591,13.79591,13.79591,100
EVF,2023-11-15 06:06:00,13.79591,13.79591,13.79591,13.79591,100
EVF,2023-11-15 06:07:00,13.79591,13.79591,13.79591,13.79591,2100
EVF,2023-11-15 06:08:00,13.79591,13.79591,13.79591,13.79591,44800
EVF,2023-11-15 06:09:00,13.79591,13.79591,13.79591,13.79591,3200
EVF,2023-11-15 06:10:00,13.79591,13.79591,13.79591,13.79591,2300
EVF,2023-11-15 06:11:00,13.79591,13.79591,13.79591,13.79591,4000
EVF,2023-11-15 06:12:00,13.79591,13.79591,13.79591,13.79591,900
EVF,2023-11-15 06:15:00,13.79591,13.79591,13.79591,13.79591,5200
EVF,2023-11-15 06:16:00,13.79591,13.79591,13.79591,13.79591,100
EVF,2023-11-15 06:17:00,13.79591,13.79591,13.79591,13.79591,500
EVF,2023-11-15 06:18:00,13.79591,13.79591,13.79591,13.79591,1100
EVF,2023-11-15 06:20:00,13.79591,13.79591,13.79591,13.79591,1200
EVF,2023-11-15 06:21:00,13.79591,13.79591,13.79591,13.79591,100
EVF,2023-11-15 06:22:00,13.79591,13.79591,13.79591,13.79591,1000
EVF,2023-11-15 06:23:00,13.79591,13.79591,13.79591,13.79591,1300
EVF,2023-11-15 06:24:00,13.79591,13.79591,13.79591,13.79591,600
EVF,2023-11-15 06:26:00,13.79591,13.79591,13.79591,13.79591,7900
EVF,2023-11-15 06:27:00,13.79591,13.79591,13.79591,13.79591,1200
EVF,2023-11-15 06:28:00,13.79591,13.79591,13.79591,13.79591,800
EVF,2023-11-15 06:29:00,13.79591,13.79591,13.79591,13.79591,2000
EVF,2023-11-15 06:31:00,13.79591,13.79591,13.79591,13.79591,2900
EVF,2023-11-15 06:32:00,13.79591,13.79591,13.79591,13.79591,1100
EVF,2023-11-15 06:33:00,13.79591,13.79591,13.79591,13.79591,400
EVF,2023-11-15 06:34:00,13.79591,13.79591,13.79591,13.79591,8200
EVF,2023-11-15 06:35:00,13.79591,13.79591,13.79591,13.79591,500
EVF,2023-11-15 06:36:00,13.79591,13.79591,13.79591,13.79591,50700
EVF,2023-11-15 06:37:00,13.79591,13.79591,13.79591,13.79591,5800
EVF,2023-11-15 06:38:00,13.79591,13.79591,13.79591,13.79591,200
EVF,2023-11-15 06:39:00,13.79591,13.79591,13.79591,13.79591,1600
EVF,2023-11-15 06:41:00,13.79591,13.79591,13.79591,13.79591,3000
EVF,2023-11-15 06:42:00,13.79591,13.79591,13.79591,13.79591,1000
EVF,2023-11-15 06:43:00,13.79591,13.79591,13.79591,13.79591,200
EVF,2023-11-15 06:44:00,13.79591,13.79591,13.79591,13.79591,1400
EVF,2023-11-15 06:45:00,13.79591,13.79591,13.79591,13.79591,3400
EVF,2023-11-15 06:46:00,13.79591,13.79591,13.79591,13.79591,6100
EVF,2023-11-15 06:47:00,13.79591,13.79591,13.79591,13.79591,600
EVF,2023-11-15 06:48:00,13.79591,13.79591,13.79591,13.79591,200
EVF,2023-11-15 06:49:00,13.79591,13.79591,13.79591,13.79591,300
EVF,2023-11-15 06:50:00,13.79591,13.79591,13.79591,13.79591,6000
EVF,2023-11-15 06:51:00,13.79591,13.79591,13.79591,13.79591,500
EVF,2023-11-15 06:52:00,13.79591,13.79591,13.79591,13.79591,600
EVF,2023-11-15 06:55:00,13.79591,13.79591,13.79591,13.79591,6500
EVF,2023-11-15 06:56:00,13.79591,13.79591,13.79591,13.79591,700
EVF,2023-11-15 06:57:00,13.79591,13.79591,13.79591,13.79591,500
EVF,2023-11-15 06:58:00,13.79591,13.79591,13.79591,13.79591,51400
EVF,2023-11-15 06:59:00,13.79591,13.79591,13.79591,13.79591,100
EVF,2023-11-15 07:00:00,13.79591,13.79591,13.79591,13.79591,1200
EVF,2023-11-15 07:03:00,13.79591,13.79591,13.79591,13.79591,300
EVF,2023-11-15 07:04:00,13.79591,13.79591,13.79591,13.79591,8100
EVF,2023-11-15 07:06:00,13.79591,13.79591,13.79591,13.79591,22300
EVF,2023-11-15 07:07:00,13.79591,13.79591,13.79591,13.79591,64300
EVF,2023-11-15 07:08:00,13.79591,13.79591,13.79591,13.79591,42700
EVF,2023-11-15 07:09:00,13.79591,13.79591,13.79591,13.79591,45200
EVF,2023-11-15 07:10:00,13.79591,13.79591,13.79591,13.79591,30000
EVF,2023-11-15 07:11:00,13.79591,13.79591,13.79591,13.79591,1000
EVF,2023-11-15 07:12:00,13.79591,13.79591,13.79591,13.79591,2500
EVF,2023-11-15 07:14:00,13.79591,13.79591,13.79591,13.79591,2800
EVF,2023-11-15 07:20:00,13.79591,13.79591,13.79591,13.79591,1200
EVF,2023-11-15 07:21:00,13.79591,13.79591,13.79591,13.79591,7300
EVF,2023-11-15 07:23:00,13.79591,13.79591,13.79591,13.79591,4500
EVF,2023-11-15 07:24:00,13.79591,13.79591,13.79591,13.79591,49700
EVF,2023-11-15 07:25:00,13.79591,13.79591,13.79591,13.79591,22300
EVF,2023-11-15 07:26:00,13.79591,13.79591,13.79591,13.79591,40500
EVF,2023-11-15 07:27:00,13.79591,13.79591,13.79591,13.79591,2000
EVF,2023-11-15 07:29:00,13.79591,13.79591,13.79591,13.79591,1000
EVF,2023-11-15 07:45:00,13.79591,13.79591,13.79591,13.79591,7700
EVF,2023-11-16 02:15:00,13.8885,13.8885,13.70332,13.74962,829800
EVF,2023-11-16 02:16:00,13.74962,13.84221,13.74962,13.84221,109300
EVF,2023-11-16 02:17:00,13.84221,13.8885,13.79591,13.8885,99100
EVF,2023-11-16 02:18:00,13.84221,13.8885,13.79591,13.84221,21300
EVF,2023-11-16 02:19:00,13.84221,13.8885,13.84221,13.84221,10000
EVF,2023-11-16 02:20:00,13.84221,13.8885,13.84221,13.84221,29700
EVF,2023-11-16 02:21:00,13.84221,13.9348,13.84221,13.8885,333000
EVF,2023-11-16 02:22:00,13.98109,14.02739,13.98109,14.02739,170500
EVF,2023-11-16 02:23:00,13.98109,14.07368,13.98109,14.07368,234900
EVF,2023-11-16 02:24:00,14.07368,14.21257,14.07368,14.21257,482100
EVF,2023-11-16 02:25:00,14.21257,14.35145,14.16627,14.16627,466800
EVF,2023-11-16 02:26:00,14.16627,14.35145,14.16627,14.35145,421700
EVF,2023-11-16 02:27:00,14.35145,14.44404,14.25886,14.39775,342000
EVF,2023-11-16 02:28:00,14.44404,14.49034,14.35145,14.44404,396300
EVF,2023-11-16 02:29:00,14.44404,14.53663,14.39775,14.39775,101400
EVF,2023-11-16 02:30:00,14.39775,14.44404,14.35145,14.35145,126200
EVF,2023-11-16 02:31:00,14.35145,14.44404,14.35145,14.35145,54600
EVF,2023-11-16 02:32:00,14.25886,14.35145,14.21257,14.21257,48500
EVF,2023-11-16 02:33:00,14.25886,14.25886,14.16627,14.16627,24500
EVF,2023-11-16 02:34:00,14.16627,14.16627,14.07368,14.11998,40700
EVF,2023-11-16 02:35:00,14.07368,14.11998,14.07368,14.07368,27700
EVF,2023-11-16 02:36:00,14.11998,14.11998,14.07368,14.07368,41300
EVF,2023-11-16 02:37:00,14.02739,14.02739,14.02739,14.02739,21800
EVF,2023-11-16 02:38:00,14.02739,14.07368,14.02739,14.02739,47000
EVF,2023-11-16 02:39:00,14.07368,14.07368,14.02739,14.07368,30700
EVF,2023-11-16 02:40:00,14.07368,14.07368,14.07368,14.07368,66500
EVF,2023-11-16 02:41:00,14.07368,14.07368,14.07368,14.07368,3300
EVF,2023-11-16 02:42:00,14.07368,14.11998,14.07368,14.11998,70400
EVF,2023-11-16 02:43:00,14.11998,14.16627,14.11998,14.11998,42500
EVF,2023-11-16 02:44:00,14.16627,14.16627,14.11998,14.11998,15800
EVF,2023-11-16 02:45:00,14.11998,14.25886,14.11998,14.25886,108400
EVF,2023-11-16 02:46:00,14.25886,14.25886,14.11998,14.25886,55100
EVF,2023-11-16 02:47:00,14.21257,14.21257,14.16627,14.21257,33200
EVF,2023-11-16 02:48:00,14.16627,14.21257,14.16627,14.21257,31000
EVF,2023-11-16 02:49:00,14.16627,14.16627,14.07368,14.11998,52800
EVF,2023-11-16 02:50:00,14.11998,14.11998,14.07368,14.07368,113100
EVF,2023-11-16 02:51:00,14.07368,14.07368,14.02739,14.02739,43300
EVF,2023-11-16 02:52:00,14.02739,14.07368,14.02739,14.07368,33200
EVF,2023-11-16 02:53:00,14.07368,14.07368,14.02739,14.02739,21200
EVF,2023-11-16 02:54:00,14.07368,14.07368,14.07368,14.07368,9400
EVF,2023-11-16 02:55:00,14.07368,14.11998,14.07368,14.11998,160700
EVF,2023-11-16 02:56:00,14.11998,14.16627,14.11998,14.16627,125100
EVF,2023-11-16 02:57:00,14.16627,14.16627,14.16627,14.16627,2900
EVF,2023-11-16 02:58:00,14.21257,14.21257,14.16627,14.21257,21100
EVF,2023-11-16 02:59:00,14.16627,14.21257,14.16627,14.21257,800
EVF,2023-11-16 03:00:00,14.21257,14.21257,14.21257,14.21257,26600
EVF,2023-11-16 03:01:00,14.21257,14.21257,14.21257,14.21257,84100
EVF,2023-11-16 03:02:00,14.21257,14.25886,14.21257,14.21257,59300
EVF,2023-11-16 03:03:00,14.21257,14.21257,14.21257,14.21257,2800
EVF,2023-11-16 03:04:00,14.21257,14.25886,14.21257,14.25886,96000
EVF,2023-11-16 03:05:00,14.25886,14.25886,14.16627,14.25886,57600
EVF,2023-11-16 03:06:00,14.30516,14.30516,14.30516,14.30516,50200
EVF,2023-11-16 03:07:00,14.30516,14.30516,14.25886,14.25886,3100
EVF,2023-11-16 03:08:00,14.25886,14.25886,14.25886,14.25886,18400
EVF,2023-11-16 03:09:00,14.25886,14.25886,14.25886,14.25886,9000
EVF,2023-11-16 03:10:00,14.25886,14.25886,14.25886,14.25886,6000
EVF,2023-11-16 03:11:00,14.21257,14.21257,14.21257,14.21257,700
EVF,2023-11-16 03:13:00,14.21257,14.21257,14.16627,14.21257,39000
EVF,2023-11-16 03:14:00,14.16627,14.21257,14.16627,14.16627,25100
EVF,2023-11-16 03:15:00,14.16627,14.16627,14.16627,14.16627,11000
EVF,2023-11-16 03:16:00,14.16627,14.16627,14.16627,14.16627,41600
EVF,2023-11-16 03:17:00,14.16627,14.16627,14.16627,14.16627,72000
EVF,2023-11-16 03:18:00,14.16627,14.16627,14.16627,14.16627,12200
EVF,2023-11-16 03:19:00,14.16627,14.16627,14.16627,14.16627,1000
EVF,2023-11-16 03:20:00,14.21257,14.21257,14.16627,14.16627,3300
EVF,2023-11-16 03:21:00,14.16627,14.16627,14.16627,14.16627,12300
EVF,2023-11-16 03:22:00,14.16627,14.16627,14.16627,14.16627,11800
EVF,2023-11-16 03:23:00,14.16627,14.16627,14.16627,14.16627,500
EVF,2023-11-16 03:24:00,14.16627,14.16627,14.16627,14.16627,5700
EVF,2023-11-16 03:25:00,14.16627,14.16627,14.16627,14.16627,4400
EVF,2023-11-16 03:26:00,14.16627,14.16627,14.16627,14.16627,6000
EVF,2023-11-16 03:27:00,14.16627,14.16627,14.16627,14.16627,1000
EVF,2023-11-16 03:28:00,14.16627,14.16627,14.16627,14.16627,15800
EVF,2023-11-16 03:29:00,14.11998,14.11998,14.11998,14.11998,500
EVF,2023-11-16 03:30:00,14.16627,14.16627,14.16627,14.16627,100
EVF,2023-11-16 03:31:00,14.11998,14.11998,14.11998,14.11998,67000
EVF,2023-11-16 03:32:00,14.11998,14.11998,14.11998,14.11998,1000
EVF,2023-11-16 03:34:00,14.11998,14.11998,14.07368,14.07368,98700
EVF,2023-11-16 03:35:00,14.07368,14.07368,14.07368,14.07368,1200
EVF,2023-11-16 03:36:00,14.07368,14.07368,14.07368,14.07368,7000
EVF,2023-11-16 03:37:00,14.07368,14.07368,14.07368,14.07368,1500
EVF,2023-11-16 03:38:00,14.07368,14.07368,14.07368,14.07368,96000
EVF,2023-11-16 03:39:00,14.07368,14.07368,14.02739,14.02739,132100
EVF,2023-11-16 03:40:00,14.02739,14.02739,14.02739,14.02739,61000
EVF,2023-11-16 03:41:00,14.02739,14.02739,14.02739,14.02739,22700
EVF,2023-11-16 03:42:00,14.02739,14.02739,14.02739,14.02739,20600
EVF,2023-11-16 03:43:00,14.02739,14.16627,14.02739,14.16627,212300
EVF,2023-11-16 03:46:00,14.07368,14.07368,14.07368,14.07368,15800
EVF,2023-11-16 03:48:00,14.11998,14.11998,14.07368,14.07368,600
EVF,2023-11-16 03:52:00,14.07368,14.07368,14.07368,14.07368,1500
EVF,2023-11-16 03:53:00,14.07368,14.07368,14.07368,14.07368,500
EVF,2023-11-16 03:54:00,14.11998,14.11998,14.11998,14.11998,2200
EVF,2023-11-16 03:55:00,14.11998,14.11998,14.11998,14.11998,82700
EVF,2023-11-16 03:57:00,14.11998,14.11998,14.11998,14.11998,600
EVF,2023-11-16 03:58:00,14.11998,14.11998,14.11998,14.11998,5100
EVF,2023-11-16 03:59:00,14.11998,14.11998,14.11998,14.11998,1000
EVF,2023-11-16 04:00:00,14.11998,14.16627,14.11998,14.16627,12100
EVF,2023-11-16 04:01:00,14.11998,14.16627,14.11998,14.16627,2700
EVF,2023-11-16 04:02:00,14.11998,14.11998,14.11998,14.11998,2100
EVF,2023-11-16 04:03:00,14.11998,14.16627,14.11998,14.16627,1400
EVF,2023-11-16 04:04:00,14.16627,14.16627,14.16627,14.16627,2000
EVF,2023-11-16 04:07:00,14.16627,14.16627,14.16627,14.16627,500
EVF,2023-11-16 04:08:00,14.11998,14.11998,14.11998,14.11998,81400
EVF,2023-11-16 04:09:00,14.07368,14.07368,14.07368,14.07368,60100
EVF,2023-11-16 04:10:00,14.07368,14.07368,14.02739,14.02739,23300
EVF,2023-11-16 04:11:00,14.02739,14.07368,14.02739,14.07368,191600
EVF,2023-11-16 04:12:00,14.07368,14.07368,14.07368,14.07368,26100
EVF,2023-11-16 04:13:00,14.07368,14.07368,14.07368,14.07368,1000
EVF,2023-11-16 04:14:00,14.07368,14.07368,14.07368,14.07368,71300
EVF,2023-11-16 04:15:00,14.07368,14.07368,14.02739,14.02739,56600
EVF,2023-11-16 04:16:00,14.07368,14.07368,14.07368,14.07368,2000
EVF,2023-11-16 04:17:00,14.02739,14.02739,14.02739,14.02739,3100
EVF,2023-11-16 04:18:00,14.02739,14.11998,14.02739,14.11998,122500
EVF,2023-11-16 04:20:00,14.07368,14.07368,14.07368,14.07368,15300
EVF,2023-11-16 04:21:00,14.07368,14.07368,14.07368,14.07368,5200
EVF,2023-11-16 04:22:00,14.07368,14.07368,14.07368,14.07368,10300
EVF,2023-11-16 04:23:00,14.07368,14.07368,14.07368,14.07368,6700
EVF,2023-11-16 04:25:00,14.07368,14.07368,14.07368,14.07368,50500
EVF,2023-11-16 04:26:00,14.07368,14.07368,14.07368,14.07368,900
EVF,2023-11-16 04:27:00,14.07368,14.07368,14.07368,14.07368,5100
EVF,2023-11-16 04:29:00,14.02739,14.02739,14.02739,14.02739,39100
EVF,2023-11-16 06:00:00,13.98109,14.02739,13.8885,13.98109,379500
EVF,2023-11-16 06:01:00,13.8885,13.8885,13.84221,13.8885,441000
EVF,2023-11-16 06:02:00,13.8885,13.98109,13.8885,13.8885,20800
EVF,2023-11-16 06:03:00,13.98109,14.07368,13.98109,14.07368,151900
EVF,2023-11-16 06:04:00,14.02739,14.02739,13.8885,13.98109,273100
EVF,2023-11-16 06:05:00,13.98109,13.98109,13.98109,13.98109,5000
EVF,2023-11-16 06:07:00,14.02739,14.02739,13.98109,14.02739,68700
EVF,2023-11-16 06:08:00,14.02739,14.02739,14.02739,14.02739,800
EVF,2023-11-16 06:09:00,14.02739,14.02739,14.02739,14.02739,42600
EVF,2023-11-16 06:10:00,13.98109,14.02739,13.98109,14.02739,34400
EVF,2023-11-16 06:11:00,14.07368,14.07368,14.07368,14.07368,100000
EVF,2023-11-16 06:12:00,14.07368,14.11998,14.07368,14.11998,223500
EVF,2023-11-16 06:13:00,14.11998,14.25886,14.11998,14.25886,383000
EVF,2023-11-16 06:14:00,14.30516,14.30516,14.25886,14.25886,160200
EVF,2023-11-16 06:15:00,14.25886,14.25886,14.25886,14.25886,3300
EVF,2023-11-16 06:16:00,14.25886,14.30516,14.25886,14.30516,100100
EVF,2023-11-16 06:17:00,14.25886,14.25886,14.25886,14.25886,1100
EVF,2023-11-16 06:18:00,14.25886,14.25886,14.25886,14.25886,104200
EVF,2023-11-16 06:19:00,14.25886,14.25886,14.25886,14.25886,130200
EVF,2023-11-16 06:20:00,14.25886,14.25886,14.25886,14.25886,159700
EVF,2023-11-16 06:21:00,14.25886,14.25886,14.25886,14.25886,45200
EVF,2023-11-16 06:22:00,14.21257,14.21257,14.21257,14.21257,300
EVF,2023-11-16 06:23:00,14.21257,14.21257,14.21257,14.21257,600
EVF,2023-11-16 06:24:00,14.16627,14.16627,14.16627,14.16627,100
EVF,2023-11-16 06:25:00,14.21257,14.21257,14.21257,14.21257,3900
EVF,2023-11-16 06:26:00,14.21257,14.21257,14.16627,14.16627,17800
EVF,2023-11-16 06:27:00,14.16627,14.16627,14.16627,14.16627,11100
EVF,2023-11-16 06:28:00,14.25886,14.35145,14.25886,14.30516,259600
EVF,2023-11-16 06:29:00,14.30516,14.35145,14.30516,14.30516,13100
EVF,2023-11-16 06:30:00,14.30516,14.30516,14.30516,14.30516,100
EVF,2023-11-16 06:31:00,14.30516,14.30516,14.30516,14.30516,6500
EVF,2023-11-16 06:32:00,14.30516,14.35145,14.30516,14.30516,105900
EVF,2023-11-16 06:33:00,14.35145,14.35145,14.35145,14.35145,189600
EVF,2023-11-16 06:34:00,14.35145,14.44404,14.35145,14.44404,191900
EVF,2023-11-16 06:35:00,14.44404,14.49034,14.44404,14.49034,126000
EVF,2023-11-16 06:36:00,14.49034,14.49034,14.44404,14.44404,6500
EVF,2023-11-16 06:37:00,14.44404,14.44404,14.35145,14.39775,58000
EVF,2023-11-16 06:38:00,14.39775,14.39775,14.35145,14.35145,59500
EVF,2023-11-16 06:39:00,14.35145,14.39775,14.35145,14.39775,40800
EVF,2023-11-16 06:40:00,14.39775,14.39775,14.39775,14.39775,100
EVF,2023-11-16 06:41:00,14.39775,14.44404,14.39775,14.44404,110200
EVF,2023-11-16 06:42:00,14.49034,14.49034,14.44404,14.44404,70800
EVF,2023-11-16 06:43:00,14.44404,14.44404,14.44404,14.44404,1100
EVF,2023-11-16 06:44:00,14.44404,14.49034,14.44404,14.49034,9500
EVF,2023-11-16 06:46:00,14.49034,14.49034,14.44404,14.49034,6500
EVF,2023-11-16 06:47:00,14.49034,14.49034,14.49034,14.49034,100
EVF,2023-11-16 06:48:00,14.49034,14.49034,14.44404,14.44404,2000
EVF,2023-11-16 06:49:00,14.49034,14.49034,14.44404,14.44404,2000
EVF,2023-11-16 06:50:00,14.44404,14.44404,14.39775,14.39775,68000
EVF,2023-11-16 06:51:00,14.44404,14.44404,14.39775,14.39775,6700
EVF,2023-11-16 06:52:00,14.39775,14.44404,14.39775,14.44404,27000
EVF,2023-11-16 06:53:00,14.44404,14.44404,14.39775,14.39775,20000
EVF,2023-11-16 06:54:00,14.39775,14.39775,14.35145,14.35145,19000
EVF,2023-11-16 06:55:00,14.30516,14.30516,14.30516,14.30516,11400
EVF,2023-11-16 06:56:00,14.25886,14.25886,14.21257,14.21257,140000
EVF,2023-11-16 06:57:00,14.16627,14.21257,14.16627,14.21257,7700
EVF,2023-11-16 06:58:00,14.21257,14.21257,14.16627,14.16627,4000
EVF,2023-11-16 07:00:00,14.16627,14.21257,14.16627,14.21257,1300
EVF,2023-11-16 07:01:00,14.25886,14.25886,14.21257,14.21257,21000
EVF,2023-11-16 07:03:00,14.21257,14.21257,14.21257,14.21257,2500
EVF,2023-11-16 07:04:00,14.21257,14.21257,14.21257,14.21257,500
EVF,2023-11-16 07:05:00,14.21257,14.21257,14.21257,14.21257,15300
EVF,2023-11-16 07:07:00,14.16627,14.21257,14.16627,14.21257,35000
EVF,2023-11-16 07:08:00,14.21257,14.21257,14.21257,14.21257,3600
EVF,2023-11-16 07:09:00,14.25886,14.25886,14.16627,14.16627,12300
EVF,2023-11-16 07:10:00,14.16627,14.21257,14.16627,14.16627,164400
EVF,2023-11-16 07:11:00,14.21257,14.21257,14.16627,14.16627,71700
EVF,2023-11-16 07:12:00,14.21257,14.21257,14.21257,14.21257,10500
EVF,2023-11-16 07:13:00,14.21257,14.21257,14.21257,14.21257,600
EVF,2023-11-16 07:14:00,14.21257,14.21257,14.21257,14.21257,10900
EVF,2023-11-16 07:16:00,14.21257,14.25886,14.21257,14.21257,25500
EVF,2023-11-16 07:17:00,14.21257,14.21257,14.21257,14.21257,200
EVF,2023-11-16 07:18:00,14.21257,14.25886,14.21257,14.25886,1200
EVF,2023-11-16 07:20:00,14.25886,14.25886,14.25886,14.25886,6100
EVF,2023-11-16 07:21:00,14.25886,14.25886,14.25886,14.25886,1000
EVF,2023-11-16 07:22:00,14.25886,14.25886,14.25886,14.25886,1400
EVF,2023-11-16 07:23:00,14.25886,14.25886,14.25886,14.25886,1300
EVF,2023-11-16 07:24:00,14.25886,14.25886,14.25886,14.25886,2300
EVF,2023-11-16 07:25:00,14.21257,14.25886,14.21257,14.25886,1400
EVF,2023-11-16 07:26:00,14.25886,14.25886,14.25886,14.25886,4500
EVF,2023-11-16 07:27:00,14.30516,14.35145,14.21257,14.21257,53400
EVF,2023-11-16 07:28:00,14.21257,14.21257,14.16627,14.16627,82000
EVF,2023-11-16 07:29:00,14.16627,14.21257,14.16627,14.16627,518400
EVF,2023-11-16 07:45:00,14.25886,14.25886,14.25886,14.25886,590600
EVF,2023-11-17 02:15:00,14.72181,14.72181,14.62922,14.62922,125600
EVF,2023-11-17 02:16:00,14.62922,14.62922,14.35145,14.35145,26800
EVF,2023-11-17 02:17:00,14.35145,14.35145,14.35145,14.35145,11400
EVF,2023-11-17 02:18:00,14.35145,14.35145,14.30516,14.30516,7100
EVF,2023-11-17 02:19:00,14.30516,14.35145,14.30516,14.30516,4300
EVF,2023-11-17 02:20:00,14.30516,14.30516,14.25886,14.30516,102600
EVF,2023-11-17 02:21:00,14.30516,14.30516,14.25886,14.25886,1000
EVF,2023-11-17 02:22:00,14.25886,14.25886,14.25886,14.25886,1000
EVF,2023-11-17 02:23:00,14.25886,14.25886,14.25886,14.25886,700
EVF,2023-11-17 02:24:00,14.25886,14.25886,14.25886,14.25886,15700
EVF,2023-11-17 02:25:00,14.25886,14.25886,14.25886,14.25886,17500
EVF,2023-11-17 02:26:00,14.25886,14.25886,14.25886,14.25886,1000
EVF,2023-11-17 02:27:00,14.25886,14.25886,14.25886,14.25886,11000
EVF,2023-11-17 02:28:00,14.25886,14.25886,14.25886,14.25886,1700
EVF,2023-11-17 02:29:00,14.25886,14.25886,14.25886,14.25886,400
EVF,2023-11-17 02:30:00,14.25886,14.25886,14.25886,14.25886,84400
EVF,2023-11-17 02:31:00,14.25886,14.25886,14.21257,14.21257,145600
EVF,2023-11-17 02:32:00,14.16627,14.16627,14.16627,14.16627,248400
EVF,2023-11-17 02:33:00,14.16627,14.21257,14.16627,14.21257,8700
EVF,2023-11-17 02:34:00,14.21257,14.21257,14.16627,14.16627,16600
EVF,2023-11-17 02:35:00,14.16627,14.16627,14.16627,14.16627,2200
EVF,2023-11-17 02:36:00,14.16627,14.16627,14.16627,14.16627,2600
EVF,2023-11-17 02:37:00,14.16627,14.16627,14.16627,14.16627,1100
EVF,2023-11-17 02:38:00,14.16627,14.16627,14.16627,14.16627,11500
EVF,2023-11-17 02:39:00,14.16627,14.21257,14.16627,14.21257,15200
EVF,2023-11-17 02:40:00,14.21257,14.21257,14.21257,14.21257,9400
EVF,2023-11-17 02:41:00,14.21257,14.25886,14.21257,14.21257,300000
EVF,2023-11-17 02:42:00,14.21257,14.21257,14.16627,14.16627,133400
EVF,2023-11-17 02:43:00,14.16627,14.25886,14.11998,14.25886,102800
EVF,2023-11-17 02:44:00,14.25886,14.25886,14.25886,14.25886,63400
EVF,2023-11-17 02:45:00,14.25886,14.25886,14.25886,14.25886,62500
EVF,2023-11-17 02:46:00,14.25886,14.25886,14.25886,14.25886,9800
EVF,2023-11-17 02:47:00,14.21257,14.21257,14.11998,14.11998,72700
EVF,2023-11-17 02:48:00,14.16627,14.25886,14.16627,14.25886,97400
EVF,2023-11-17 02:49:00,14.25886,14.25886,14.25886,14.25886,3600
EVF,2023-11-17 02:50:00,14.25886,14.25886,14.25886,14.25886,24200
EVF,2023-11-17 02:51:00,14.16627,14.25886,14.16627,14.25886,61500
EVF,2023-11-17 02:53:00,14.16627,14.16627,14.16627,14.16627,10400
EVF,2023-11-17 02:54:00,14.16627,14.25886,14.16627,14.25886,26000
EVF,2023-11-17 02:55:00,14.25886,14.30516,14.25886,14.25886,5000
EVF,2023-11-17 02:57:00,14.25886,14.25886,14.25886,14.25886,50000
EVF,2023-11-17 02:58:00,14.25886,14.25886,14.25886,14.25886,103700
EVF,2023-11-17 02:59:00,14.30516,14.30516,14.30516,14.30516,10000
EVF,2023-11-17 03:01:00,14.30516,14.30516,14.30516,14.30516,35800
EVF,2023-11-17 03:02:00,14.30516,14.30516,14.30516,14.30516,4200
EVF,2023-11-17 03:03:00,14.30516,14.30516,14.30516,14.30516,4400
EVF,2023-11-17 03:04:00,14.25886,14.25886,14.25886,14.25886,200
EVF,2023-11-17 03:05:00,14.25886,14.25886,14.25886,14.25886,110500
EVF,2023-11-17 03:06:00,14.25886,14.25886,14.21257,14.21257,58100
EVF,2023-11-17 03:07:00,14.21257,14.25886,14.21257,14.25886,18500
EVF,2023-11-17 03:08:00,14.21257,14.21257,14.21257,14.21257,1000
EVF,2023-11-17 03:09:00,14.25886,14.25886,14.25886,14.25886,1700
EVF,2023-11-17 03:10:00,14.21257,14.21257,14.21257,14.21257,11100
EVF,2023-11-17 03:11:00,14.16627,14.21257,14.16627,14.21257,43400
EVF,2023-11-17 03:12:00,14.16627,14.16627,14.11998,14.11998,8900
EVF,2023-11-17 03:13:00,14.16627,14.25886,14.11998,14.25886,183200
EVF,2023-11-17 03:14:00,14.25886,14.25886,14.11998,14.11998,178100
EVF,2023-11-17 03:15:00,14.16627,14.16627,14.16627,14.16627,1100
EVF,2023-11-17 03:16:00,14.16627,14.16627,14.16627,14.16627,2100
EVF,2023-11-17 03:17:00,14.16627,14.16627,14.11998,14.11998,80200
EVF,2023-11-17 03:19:00,14.11998,14.11998,14.11998,14.11998,43500
EVF,2023-11-17 03:20:00,14.16627,14.16627,14.11998,14.16627,31500
EVF,2023-11-17 03:22:00,14.16627,14.16627,14.16627,14.16627,500
EVF,2023-11-17 03:23:00,14.16627,14.16627,14.11998,14.11998,23000
EVF,2023-11-17 03:24:00,14.16627,14.16627,14.16627,14.16627,300
EVF,2023-11-17 03:25:00,14.11998,14.11998,14.11998,14.11998,500
EVF,2023-11-17 03:26:00,14.11998,14.11998,14.11998,14.11998,1500
EVF,2023-11-17 03:27:00,14.11998,14.11998,14.11998,14.11998,2500
EVF,2023-11-17 03:29:00,14.11998,14.11998,14.11998,14.11998,1000
EVF,2023-11-17 03:30:00,14.11998,14.11998,14.11998,14.11998,10000
EVF,2023-11-17 03:33:00,14.11998,14.11998,14.11998,14.11998,19400
EVF,2023-11-17 03:34:00,14.11998,14.11998,14.11998,14.11998,300
EVF,2023-11-17 03:35:00,14.11998,14.11998,14.11998,14.11998,300
EVF,2023-11-17 03:36:00,14.11998,14.25886,14.11998,14.25886,190000
EVF,2023-11-17 03:38:00,14.25886,14.25886,14.25886,14.25886,2500
EVF,2023-11-17 03:39:00,14.25886,14.35145,14.25886,14.35145,305600
EVF,2023-11-17 03:40:00,14.35145,14.35145,14.35145,14.35145,1900
EVF,2023-11-17 03:41:00,14.35145,14.35145,14.35145,14.35145,2500
EVF,2023-11-17 03:45:00,14.35145,14.35145,14.30516,14.30516,400
EVF,2023-11-17 03:47:00,14.39775,14.44404,14.39775,14.44404,195000
EVF,2023-11-17 03:48:00,14.44404,14.44404,14.44404,14.44404,300
EVF,2023-11-17 03:49:00,14.25886,14.25886,14.25886,14.25886,7000
EVF,2023-11-17 03:50:00,14.25886,14.25886,14.25886,14.25886,4400
EVF,2023-11-17 03:51:00,14.25886,14.25886,14.25886,14.25886,500
EVF,2023-11-17 03:52:00,14.25886,14.25886,14.25886,14.25886,500
EVF,2023-11-17 03:53:00,14.25886,14.25886,14.25886,14.25886,1300
EVF,2023-11-17 03:55:00,14.25886,14.35145,14.25886,14.35145,210300
EVF,2023-11-17 03:56:00,14.49034,14.53663,14.35145,14.53663,191900
EVF,2023-11-17 03:57:00,14.53663,14.62922,14.53663,14.62922,191100
EVF,2023-11-17 03:58:00,14.67552,14.67552,14.62922,14.67552,171700
EVF,2023-11-17 04:01:00,14.35145,14.35145,14.35145,14.35145,20500
EVF,2023-11-17 04:02:00,14.21257,14.21257,14.21257,14.21257,1000
EVF,2023-11-17 04:03:00,14.21257,14.21257,14.16627,14.16627,6800
EVF,2023-11-17 04:04:00,14.16627,14.21257,14.16627,14.16627,44400
EVF,2023-11-17 04:05:00,14.16627,14.16627,14.16627,14.16627,8800
EVF,2023-11-17 04:06:00,14.16627,14.25886,14.16627,14.16627,19400
EVF,2023-11-17 04:09:00,14.16627,14.16627,14.16627,14.16627,4300
EVF,2023-11-17 04:12:00,14.16627,14.16627,14.16627,14.16627,5000
EVF,2023-11-17 04:13:00,14.16627,14.16627,14.16627,14.16627,100000
EVF,2023-11-17 04:14:00,14.16627,14.16627,14.16627,14.16627,300
EVF,2023-11-17 04:15:00,14.16627,14.16627,14.16627,14.16627,31600
EVF,2023-11-17 04:16:00,14.16627,14.16627,14.16627,14.16627,18900
EVF,2023-11-17 04:18:00,14.16627,14.16627,14.16627,14.16627,2000
EVF,2023-11-17 04:19:00,14.16627,14.16627,14.11998,14.11998,10200
EVF,2023-11-17 04:21:00,14.11998,14.11998,14.11998,14.11998,7700
EVF,2023-11-17 04:22:00,14.11998,14.11998,14.11998,14.11998,1300
EVF,2023-11-17 04:23:00,14.11998,14.11998,14.11998,14.11998,20000
EVF,2023-11-17 04:24:00,14.11998,14.11998,14.11998,14.11998,34500
EVF,2023-11-17 04:25:00,14.11998,14.11998,14.11998,14.11998,1500
EVF,2023-11-17 04:26:00,14.11998,14.11998,14.11998,14.11998,2000
EVF,2023-11-17 04:27:00,14.11998,14.16627,14.11998,14.16627,186800
EVF,2023-11-17 04:28:00,14.25886,14.25886,14.25886,14.25886,3700
EVF,2023-11-17 04:29:00,14.25886,14.25886,14.25886,14.25886,6300
EVF,2023-11-17 06:00:00,14.25886,14.25886,14.07368,14.21257,26600
EVF,2023-11-17 06:01:00,14.21257,14.21257,14.07368,14.07368,103200
EVF,2023-11-17 06:02:00,14.07368,14.07368,14.07368,14.07368,3100
EVF,2023-11-17 06:03:00,14.07368,14.07368,14.07368,14.07368,800
EVF,2023-11-17 06:04:00,14.07368,14.07368,14.07368,14.07368,2000
EVF,2023-11-17 06:05:00,14.07368,14.07368,14.07368,14.07368,35900
EVF,2023-11-17 06:06:00,14.07368,14.07368,14.07368,14.07368,3900
EVF,2023-11-17 06:07:00,14.07368,14.07368,14.07368,14.07368,11000
EVF,2023-11-17 06:08:00,14.16627,14.16627,14.16627,14.16627,200
EVF,2023-11-17 06:09:00,14.16627,14.16627,14.16627,14.16627,1600
EVF,2023-11-17 06:10:00,14.16627,14.16627,14.07368,14.07368,11700
EVF,2023-11-17 06:11:00,14.11998,14.11998,14.11998,14.11998,5300
EVF,2023-11-17 06:12:00,14.11998,14.11998,14.11998,14.11998,1900
EVF,2023-11-17 06:13:00,14.11998,14.11998,14.11998,14.11998,100
EVF,2023-11-17 06:14:00,14.16627,14.16627,14.16627,14.16627,18500
EVF,2023-11-17 06:15:00,14.11998,14.11998,14.02739,14.02739,197900
EVF,2023-11-17 06:16:00,14.02739,14.21257,13.98109,14.21257,185900
EVF,2023-11-17 06:17:00,14.21257,14.21257,14.16627,14.21257,23600
EVF,2023-11-17 06:18:00,14.21257,14.21257,14.07368,14.07368,50500
EVF,2023-11-17 06:19:00,14.07368,14.16627,14.07368,14.16627,18400
EVF,2023-11-17 06:20:00,14.07368,14.07368,14.07368,14.07368,250600
EVF,2023-11-17 06:21:00,14.07368,14.21257,14.07368,14.21257,138300
EVF,2023-11-17 06:22:00,14.21257,14.21257,14.07368,14.07368,26700
EVF,2023-11-17 06:23:00,14.11998,14.11998,14.07368,14.07368,57900
EVF,2023-11-17 06:24:00,14.07368,14.07368,14.07368,14.07368,102100
EVF,2023-11-17 06:25:00,14.02739,14.02739,14.02739,14.02739,92600
EVF,2023-11-17 06:26:00,13.98109,13.98109,13.9348,13.9348,100700
EVF,2023-11-17 06:27:00,13.9348,13.9348,13.8885,13.9348,131300
EVF,2023-11-17 06:28:00,13.9348,13.98109,13.8885,13.98109,56500
EVF,2023-11-17 06:29:00,14.07368,14.07368,14.07368,14.07368,53100
EVF,2023-11-17 06:30:00,14.07368,14.07368,13.98109,14.02739,400
EVF,2023-11-17 06:31:00,14.07368,14.07368,14.07368,14.07368,52300
EVF,2023-11-17 06:32:00,14.11998,14.11998,14.11998,14.11998,1800
EVF,2023-11-17 06:33:00,14.11998,14.16627,14.11998,14.16627,200
EVF,2023-11-17 06:34:00,14.16627,14.16627,14.11998,14.11998,8100
EVF,2023-11-17 06:35:00,14.07368,14.07368,14.02739,14.02739,60000
EVF,2023-11-17 06:36:00,14.02739,14.02739,14.02739,14.02739,20500
EVF,2023-11-17 06:37:00,14.02739,14.02739,13.98109,13.98109,124400
EVF,2023-11-17 06:38:00,13.9348,13.9348,13.8885,13.8885,174700
EVF,2023-11-17 06:39:00,13.84221,13.8885,13.84221,13.8885,15700
EVF,2023-11-17 06:40:00,13.8885,13.8885,13.84221,13.8885,15800
EVF,2023-11-17 06:41:00,13.84221,13.84221,13.79591,13.84221,56000
EVF,2023-11-17 06:42:00,13.79591,13.79591,13.79591,13.79591,83100
EVF,2023-11-17 06:43:00,13.79591,13.79591,13.70332,13.70332,158700
EVF,2023-11-17 06:44:00,13.70332,13.79591,13.70332,13.74962,58000
EVF,2023-11-17 06:45:00,13.74962,13.74962,13.74962,13.74962,57600
EVF,2023-11-17 06:46:00,13.74962,13.74962,13.70332,13.70332,112800
EVF,2023-11-17 06:47:00,13.74962,13.74962,13.74962,13.74962,13800
EVF,2023-11-17 06:48:00,13.74962,13.74962,13.70332,13.74962,6000
EVF,2023-11-17 06:49:00,13.74962,13.74962,13.74962,13.74962,16400
EVF,2023-11-17 06:50:00,13.74962,13.74962,13.70332,13.74962,19000
EVF,2023-11-17 06:51:00,13.74962,13.74962,13.70332,13.70332,32600
EVF,2023-11-17 06:52:00,13.74962,13.84221,13.70332,13.84221,48700
EVF,2023-11-17 06:53:00,13.84221,13.8885,13.84221,13.8885,13500
EVF,2023-11-17 06:54:00,13.8885,13.8885,13.84221,13.8885,33000
EVF,2023-11-17 06:55:00,13.8885,13.8885,13.8885,13.8885,21000
EVF,2023-11-17 06:56:00,13.8885,13.9348,13.8885,13.9348,6500
EVF,2023-11-17 06:57:00,13.9348,14.02739,13.8885,13.8885,139300
EVF,2023-11-17 06:58:00,13.8885,13.8885,13.8885,13.8885,43800
EVF,2023-11-17 06:59:00,13.8885,13.8885,13.8885,13.8885,33800
EVF,2023-11-17 07:00:00,13.84221,13.84221,13.79591,13.79591,69900
EVF,2023-11-17 07:01:00,13.79591,13.79591,13.79591,13.79591,53100
EVF,2023-11-17 07:02:00,13.84221,13.84221,13.79591,13.79591,107300
EVF,2023-11-17 07:03:00,13.79591,13.79591,13.79591,13.79591,3200
EVF,2023-11-17 07:04:00,13.79591,13.8885,13.79591,13.8885,73500
EVF,2023-11-17 07:05:00,13.8885,13.9348,13.8885,13.8885,14100
EVF,2023-11-17 07:06:00,13.98109,13.98109,13.8885,13.8885,23600
EVF,2023-11-17 07:07:00,13.8885,13.98109,13.8885,13.98109,3500
EVF,2023-11-17 07:08:00,13.98109,13.98109,13.98109,13.98109,2200
EVF,2023-11-17 07:10:00,13.98109,13.98109,13.98109,13.98109,16700
EVF,2023-11-17 07:11:00,14.02739,14.02739,14.02739,14.02739,2300
EVF,2023-11-17 07:12:00,14.02739,14.02739,14.02739,14.02739,10100
EVF,2023-11-17 07:13:00,14.02739,14.02739,13.8885,13.8885,245000
EVF,2023-11-17 07:14:00,14.02739,14.02739,13.98109,13.98109,700
EVF,2023-11-17 07:15:00,13.98109,13.98109,13.8885,13.8885,124000
EVF,2023-11-17 07:16:00,13.8885,13.8885,13.8885,13.8885,100
EVF,2023-11-17 07:18:00,13.8885,13.8885,13.8885,13.8885,20000
EVF,2023-11-17 07:19:00,13.8885,13.8885,13.8885,13.8885,2700
EVF,2023-11-17 07:20:00,13.8885,13.98109,13.8885,13.98109,700
EVF,2023-11-17 07:21:00,13.98109,13.98109,13.98109,13.98109,600
EVF,2023-11-17 07:22:00,13.98109,14.07368,13.98109,14.07368,8500
EVF,2023-11-17 07:23:00,14.07368,14.07368,14.07368,14.07368,25500
EVF,2023-11-17 07:25:00,14.11998,14.11998,14.11998,14.11998,1100
EVF,2023-11-17 07:26:00,14.11998,14.11998,14.11998,14.11998,14000
EVF,2023-11-17 07:27:00,14.11998,14.16627,14.11998,14.11998,8500
EVF,2023-11-17 07:28:00,14.11998,14.11998,14.07368,14.07368,55100
EVF,2023-11-17 07:29:00,14.07368,14.07368,14.02739,14.02739,28100
EVF,2023-11-17 07:45:00,14.02739,14.02739,14.02739,14.02739,436300
EVF,2023-11-20 02:15:00,13.79591,13.79591,13.79591,13.79591,46400
EVF,2023-11-20 02:16:00,13.74962,13.74962,13.74962,13.74962,12500
EVF,2023-11-20 02:17:00,13.74962,13.74962,13.74962,13.74962,33100
EVF,2023-11-20 02:18:00,13.79591,13.84221,13.79591,13.84221,14900
EVF,2023-11-20 02:19:00,13.84221,13.84221,13.79591,13.79591,50000
EVF,2023-11-20 02:20:00,13.8885,13.8885,13.79591,13.79591,34000
EVF,2023-11-20 02:21:00,13.79591,13.79591,13.79591,13.79591,20300
EVF,2023-11-20 02:22:00,13.79591,13.84221,13.79591,13.84221,1100
EVF,2023-11-20 02:23:00,13.79591,13.79591,13.79591,13.79591,22900
EVF,2023-11-20 02:24:00,13.79591,13.79591,13.70332,13.74962,100300
EVF,2023-11-20 02:25:00,13.70332,13.74962,13.70332,13.74962,22300
EVF,2023-11-20 02:26:00,13.74962,13.74962,13.74962,13.74962,18200
EVF,2023-11-20 02:27:00,13.74962,13.74962,13.74962,13.74962,20000
EVF,2023-11-20 02:28:00,13.79591,13.79591,13.74962,13.74962,31000
EVF,2023-11-20 02:29:00,13.74962,13.79591,13.70332,13.70332,120300
EVF,2023-11-20 02:30:00,13.70332,13.70332,13.70332,13.70332,700
EVF,2023-11-20 02:31:00,13.74962,13.74962,13.74962,13.74962,6200
EVF,2023-11-20 02:32:00,13.70332,13.70332,13.70332,13.70332,1900
EVF,2023-11-20 02:33:00,13.70332,13.70332,13.70332,13.70332,4500
EVF,2023-11-20 02:35:00,13.74962,13.74962,13.74962,13.74962,1200
EVF,2023-11-20 02:36:00,13.74962,13.74962,13.74962,13.74962,6000
EVF,2023-11-20 02:37:00,13.74962,13.74962,13.74962,13.74962,5500
EVF,2023-11-20 02:38:00,13.79591,13.79591,13.79591,13.79591,2400
EVF,2023-11-20 02:39:00,13.74962,13.74962,13.74962,13.74962,1000
EVF,2023-11-20 02:40:00,13.79591,13.79591,13.79591,13.79591,2000
EVF,2023-11-20 02:41:00,13.79591,13.79591,13.74962,13.74962,25100
EVF,2023-11-20 02:42:00,13.8885,13.8885,13.8885,13.8885,250000
EVF,2023-11-20 02:43:00,13.8885,13.8885,13.8885,13.8885,14100
EVF,2023-11-20 02:44:00,13.8885,13.8885,13.8885,13.8885,2000
EVF,2023-11-20 02:45:00,13.9348,13.98109,13.8885,13.98109,187100
EVF,2023-11-20 02:46:00,13.98109,13.98109,13.8885,13.8885,16000
EVF,2023-11-20 02:47:00,13.8885,13.9348,13.8885,13.9348,70700
EVF,2023-11-20 02:48:00,13.9348,13.9348,13.9348,13.9348,12000
EVF,2023-11-20 02:49:00,13.9348,13.9348,13.9348,13.9348,23000
EVF,2023-11-20 02:50:00,13.9348,13.9348,13.9348,13.9348,4000
EVF,2023-11-20 02:52:00,13.8885,13.8885,13.8885,13.8885,30700
EVF,2023-11-20 02:53:00,13.8885,13.98109,13.8885,13.98109,359900
EVF,2023-11-20 02:54:00,13.98109,13.98109,13.98109,13.98109,330200
EVF,2023-11-20 02:55:00,13.98109,14.02739,13.98109,14.02739,224200
EVF,2023-11-20 02:56:00,13.98109,13.98109,13.98109,13.98109,350000
EVF,2023-11-20 02:57:00,13.98109,13.98109,13.98109,13.98109,3000
EVF,2023-11-20 02:58:00,13.98109,13.98109,13.8885,13.8885,18300
EVF,2023-11-20 02:59:00,13.8885,13.98109,13.8885,13.98109,242800
EVF,2023-11-20 03:00:00,13.8885,13.9348,13.8885,13.9348,428200
EVF,2023-11-20 03:01:00,13.9348,13.9348,13.9348,13.9348,200
EVF,2023-11-20 03:02:00,13.9348,13.9348,13.9348,13.9348,5400
EVF,2023-11-20 03:03:00,13.98109,13.98109,13.98109,13.98109,315300
EVF,2023-11-20 03:04:00,13.98109,14.02739,13.98109,14.02739,7900
EVF,2023-11-20 03:05:00,14.02739,14.02739,14.02739,14.02739,500
EVF,2023-11-20 03:06:00,14.02739,14.02739,14.02739,14.02739,1400
EVF,2023-11-20 03:07:00,13.98109,13.98109,13.98109,13.98109,1800
EVF,2023-11-20 03:08:00,13.98109,13.98109,13.98109,13.98109,2400
EVF,2023-11-20 03:09:00,13.98109,13.98109,13.8885,13.9348,303900
EVF,2023-11-20 03:10:00,13.98109,14.07368,13.98109,14.07368,349900
EVF,2023-11-20 03:11:00,14.07368,14.11998,14.07368,14.07368,30900
EVF,2023-11-20 03:12:00,14.07368,14.07368,14.07368,14.07368,66800
EVF,2023-11-20 03:14:00,14.07368,14.07368,13.98109,13.98109,11700
EVF,2023-11-20 03:15:00,13.98109,14.07368,13.98109,14.07368,43500
EVF,2023-11-20 03:16:00,14.07368,14.07368,14.07368,14.07368,2000
EVF,2023-11-20 03:18:00,14.07368,14.07368,14.07368,14.07368,900
EVF,2023-11-20 03:19:00,14.07368,14.11998,14.07368,14.11998,17800
EVF,2023-11-20 03:20:00,14.07368,14.07368,14.07368,14.07368,2200
EVF,2023-11-20 03:21:00,14.07368,14.11998,14.07368,14.11998,181300
EVF,2023-11-20 03:22:00,14.11998,14.16627,14.11998,14.16627,115400
EVF,2023-11-20 03:23:00,14.16627,14.16627,14.16627,14.16627,1100
EVF,2023-11-20 03:24:00,14.16627,14.25886,14.16627,14.25886,393000
EVF,2023-11-20 03:25:00,14.25886,14.30516,14.25886,14.25886,114800
EVF,2023-11-20 03:26:00,14.30516,14.30516,14.21257,14.21257,101000
EVF,2023-11-20 03:27:00,14.25886,14.25886,14.21257,14.21257,61200
EVF,2023-11-20 03:28:00,14.21257,14.21257,14.21257,14.21257,2100
EVF,2023-11-20 03:29:00,14.21257,14.21257,14.16627,14.16627,9600
EVF,2023-11-20 03:31:00,14.11998,14.11998,14.11998,14.11998,23100
EVF,2023-11-20 03:32:00,14.11998,14.11998,14.07368,14.07368,400
EVF,2023-11-20 03:33:00,14.07368,14.11998,14.07368,14.11998,25600
EVF,2023-11-20 03:34:00,14.11998,14.11998,14.11998,14.11998,2100
EVF,2023-11-20 03:35:00,14.16627,14.16627,14.16627,14.16627,1700
EVF,2023-11-20 03:36:00,14.11998,14.11998,14.11998,14.11998,5000
EVF,2023-11-20 03:37:00,14.16627,14.16627,14.16627,14.16627,200100
EVF,2023-11-20 03:38:00,14.16627,14.16627,14.16627,14.16627,2000
EVF,2023-11-20 03:39:00,14.16627,14.16627,14.16627,14.16627,22600
EVF,2023-11-20 03:41:00,14.07368,14.07368,14.07368,14.07368,15300
EVF,2023-11-20 03:42:00,14.07368,14.07368,14.07368,14.07368,10000
EVF,2023-11-20 03:45:00,14.11998,14.11998,14.11998,14.11998,1300
EVF,2023-11-20 03:46:00,14.07368,14.07368,14.07368,14.07368,100
EVF,2023-11-20 03:47:00,14.07368,14.07368,14.07368,14.07368,2000
EVF,2023-11-20 03:48:00,14.07368,14.11998,14.07368,14.11998,36500
EVF,2023-11-20 03:49:00,14.11998,14.11998,14.07368,14.07368,10500
EVF,2023-11-20 03:54:00,14.07368,14.07368,14.07368,14.07368,2700
EVF,2023-11-20 03:55:00,14.07368,14.11998,14.07368,14.11998,400
EVF,2023-11-20 03:56:00,14.07368,14.07368,14.07368,14.07368,50700
EVF,2023-11-20 03:57:00,13.98109,13.98109,13.98109,13.98109,2800
EVF,2023-11-20 03:58:00,13.98109,13.98109,13.98109,13.98109,23000
EVF,2023-11-20 03:59:00,14.02739,14.02739,14.02739,14.02739,111100
EVF,2023-11-20 04:00:00,14.02739,14.02739,14.02739,14.02739,1100
EVF,2023-11-20 04:01:00,14.02739,14.02739,14.02739,14.02739,7600
EVF,2023-11-20 04:02:00,14.11998,14.16627,14.11998,14.16627,388000
EVF,2023-11-20 04:03:00,14.07368,14.07368,14.07368,14.07368,2300
EVF,2023-11-20 04:04:00,14.07368,14.07368,14.07368,14.07368,1500
EVF,2023-11-20 04:05:00,14.07368,14.07368,14.07368,14.07368,500
EVF,2023-11-20 04:07:00,14.07368,14.16627,14.07368,14.16627,232500
EVF,2023-11-20 04:08:00,14.16627,14.21257,14.16627,14.21257,4100
EVF,2023-11-20 04:09:00,14.16627,14.21257,14.16627,14.21257,203400
EVF,2023-11-20 04:10:00,14.21257,14.21257,14.21257,14.21257,6100
EVF,2023-11-20 04:13:00,14.30516,14.30516,14.30516,14.30516,301000
EVF,2023-11-20 04:14:00,14.30516,14.30516,14.30516,14.30516,1000
EVF,2023-11-20 04:16:00,14.30516,14.30516,14.30516,14.30516,2600
EVF,2023-11-20 04:17:00,14.30516,14.30516,14.30516,14.30516,68300
EVF,2023-11-20 04:18:00,14.30516,14.30516,14.30516,14.30516,3000
EVF,2023-11-20 04:19:00,14.35145,14.39775,14.35145,14.39775,512500
EVF,2023-11-20 04:20:00,14.39775,14.39775,14.39775,14.39775,1900
EVF,2023-11-20 04:21:00,14.39775,14.39775,14.39775,14.39775,56200
EVF,2023-11-20 04:22:00,14.39775,14.44404,14.39775,14.44404,2200
EVF,2023-11-20 04:23:00,14.44404,14.44404,14.39775,14.39775,150400
EVF,2023-11-20 04:24:00,14.44404,14.44404,14.44404,14.44404,140300
EVF,2023-11-20 04:25:00,14.44404,14.49034,14.44404,14.49034,18200
EVF,2023-11-20 04:26:00,14.49034,14.49034,14.49034,14.49034,50800
EVF,2023-11-20 04:27:00,14.49034,14.53663,14.49034,14.53663,33900
EVF,2023-11-20 04:28:00,14.53663,14.53663,14.53663,14.53663,500
EVF,2023-11-20 04:29:00,14.53663,14.53663,14.53663,14.53663,7400
EVF,2023-11-20 04:30:00,14.53663,14.53663,14.53663,14.53663,6800
EVF,2023-11-20 06:00:00,14.53663,14.53663,14.53663,14.53663,85900
EVF,2023-11-20 06:01:00,14.44404,14.44404,14.35145,14.35145,76200
EVF,2023-11-20 06:02:00,14.35145,14.35145,14.25886,14.25886,89300
EVF,2023-11-20 06:03:00,14.16627,14.30516,14.16627,14.30516,114600
EVF,2023-11-20 06:04:00,14.30516,14.30516,14.25886,14.25886,31300
EVF,2023-11-20 06:05:00,14.25886,14.25886,14.25886,14.25886,2000
EVF,2023-11-20 06:06:00,14.25886,14.30516,14.25886,14.30516,113000
EVF,2023-11-20 06:07:00,14.30516,14.30516,14.30516,14.30516,17200
EVF,2023-11-20 06:08:00,14.30516,14.39775,14.30516,14.39775,76600
EVF,2023-11-20 06:09:00,14.35145,14.35145,14.35145,14.35145,1200
EVF,2023-11-20 06:10:00,14.35145,14.35145,14.35145,14.35145,20200
EVF,2023-11-20 06:11:00,14.35145,14.35145,14.35145,14.35145,5800
EVF,2023-11-20 06:12:00,14.30516,14.30516,14.30516,14.30516,1200
EVF,2023-11-20 06:13:00,14.30516,14.35145,14.30516,14.35145,58100
EVF,2023-11-20 06:14:00,14.35145,14.39775,14.35145,14.39775,73100
EVF,2023-11-20 06:15:00,14.39775,14.39775,14.39775,14.39775,22500
EVF,2023-11-20 06:16:00,14.39775,14.44404,14.39775,14.44404,59500
EVF,2023-11-20 06:17:00,14.44404,14.49034,14.44404,14.49034,49500
EVF,2023-11-20 06:18:00,14.44404,14.58293,14.44404,14.58293,118700
EVF,2023-11-20 06:19:00,14.58293,14.58293,14.58293,14.58293,1200
EVF,2023-11-20 06:20:00,14.58293,14.58293,14.49034,14.49034,4600
EVF,2023-11-20 06:21:00,14.44404,14.49034,14.44404,14.49034,32200
EVF,2023-11-20 06:22:00,14.49034,14.49034,14.39775,14.39775,16100
EVF,2023-11-20 06:23:00,14.39775,14.44404,14.39775,14.44404,500
EVF,2023-11-20 06:24:00,14.44404,14.44404,14.44404,14.44404,3100
EVF,2023-11-20 06:25:00,14.49034,14.49034,14.49034,14.49034,35600
EVF,2023-11-20 06:26:00,14.49034,14.49034,14.44404,14.44404,2200
EVF,2023-11-20 06:27:00,14.44404,14.53663,14.44404,14.53663,212800
EVF,2023-11-20 06:28:00,14.58293,14.58293,14.58293,14.58293,120000
EVF,2023-11-20 06:29:00,14.58293,14.58293,14.44404,14.53663,10300
EVF,2023-11-20 06:30:00,14.53663,14.58293,14.53663,14.58293,142300
EVF,2023-11-20 06:31:00,14.58293,14.62922,14.58293,14.58293,221500
EVF,2023-11-20 06:35:00,14.58293,14.58293,14.58293,14.58293,1300
EVF,2023-11-20 06:36:00,14.58293,14.62922,14.58293,14.62922,250500
EVF,2023-11-20 06:37:00,14.62922,14.67552,14.62922,14.67552,55900
EVF,2023-11-20 06:38:00,14.67552,14.67552,14.62922,14.67552,47500
EVF,2023-11-20 06:39:00,14.67552,14.67552,14.67552,14.67552,2600
EVF,2023-11-20 06:40:00,14.67552,14.72181,14.67552,14.72181,76100
EVF,2023-11-20 06:41:00,14.72181,14.72181,14.67552,14.72181,32800
EVF,2023-11-20 06:42:00,14.67552,14.72181,14.62922,14.62922,65700
EVF,2023-11-20 06:43:00,14.67552,14.67552,14.62922,14.62922,41400
EVF,2023-11-20 06:44:00,14.58293,14.58293,14.58293,14.58293,1000
EVF,2023-11-20 06:45:00,14.62922,14.62922,14.62922,14.62922,61000
EVF,2023-11-20 06:46:00,14.62922,14.62922,14.62922,14.62922,19200
EVF,2023-11-20 06:47:00,14.62922,14.62922,14.62922,14.62922,19500
EVF,2023-11-20 06:48:00,14.62922,14.62922,14.62922,14.62922,13000
EVF,2023-11-20 06:49:00,14.62922,14.67552,14.62922,14.67552,57800
EVF,2023-11-20 06:50:00,14.67552,14.67552,14.67552,14.67552,200
EVF,2023-11-20 06:51:00,14.67552,14.67552,14.62922,14.62922,197000
EVF,2023-11-20 06:53:00,14.62922,14.62922,14.62922,14.62922,20100
EVF,2023-11-20 06:54:00,14.62922,14.62922,14.58293,14.62922,25500
EVF,2023-11-20 06:55:00,14.67552,14.67552,14.67552,14.67552,60000
EVF,2023-11-20 06:56:00,14.67552,14.67552,14.58293,14.58293,75000
EVF,2023-11-20 06:57:00,14.58293,14.58293,14.44404,14.49034,24300
EVF,2023-11-20 06:58:00,14.49034,14.58293,14.49034,14.58293,71900
EVF,2023-11-20 06:59:00,14.53663,14.53663,14.53663,14.53663,4000
EVF,2023-11-20 07:00:00,14.53663,14.62922,14.53663,14.62922,48600
EVF,2023-11-20 07:01:00,14.62922,14.67552,14.62922,14.67552,75100
EVF,2023-11-20 07:02:00,14.67552,14.72181,14.67552,14.72181,42600
EVF,2023-11-20 07:03:00,14.67552,14.72181,14.67552,14.72181,58100
EVF,2023-11-20 07:04:00,14.72181,14.72181,14.72181,14.72181,5100
EVF,2023-11-20 07:05:00,14.72181,14.76811,14.72181,14.76811,46800
EVF,2023-11-20 07:06:00,14.76811,14.76811,14.76811,14.76811,45100
EVF,2023-11-20 07:07:00,14.76811,14.76811,14.76811,14.76811,14400
EVF,2023-11-20 07:08:00,14.76811,14.76811,14.76811,14.76811,13000
EVF,2023-11-20 07:09:00,14.72181,14.72181,14.72181,14.72181,7000
EVF,2023-11-20 07:10:00,14.72181,14.76811,14.72181,14.76811,92200
EVF,2023-11-20 07:11:00,14.8144,14.8144,14.8144,14.8144,153300
EVF,2023-11-20 07:12:00,14.8144,14.8144,14.8144,14.8144,37000
EVF,2023-11-20 07:13:00,14.8144,14.8144,14.8144,14.8144,72600
EVF,2023-11-20 07:14:00,14.8144,14.8144,14.72181,14.72181,38100
EVF,2023-11-20 07:15:00,14.72181,14.76811,14.72181,14.76811,12200
EVF,2023-11-20 07:16:00,14.76811,14.76811,14.76811,14.76811,2600
EVF,2023-11-20 07:17:00,14.76811,14.8144,14.76811,14.76811,23100
EVF,2023-11-20 07:18:00,14.76811,14.8144,14.76811,14.76811,32900
EVF,2023-11-20 07:19:00,14.72181,14.72181,14.72181,14.72181,76200
EVF,2023-11-20 07:20:00,14.72181,14.72181,14.62922,14.62922,38200
EVF,2023-11-20 07:21:00,14.62922,14.62922,14.58293,14.62922,2800
EVF,2023-11-20 07:22:00,14.58293,14.58293,14.53663,14.53663,50900
EVF,2023-11-20 07:23:00,14.58293,14.58293,14.53663,14.58293,9500
EVF,2023-11-20 07:24:00,14.62922,14.62922,14.53663,14.62922,35600
EVF,2023-11-20 07:25:00,14.62922,14.72181,14.62922,14.72181,19100
EVF,2023-11-20 07:26:00,14.72181,14.72181,14.72181,14.72181,300
EVF,2023-11-20 07:27:00,14.72181,14.8144,14.72181,14.8144,105000
EVF,2023-11-20 07:28:00,14.8144,14.8144,14.72181,14.72181,20000
EVF,2023-11-20 07:29:00,14.72181,14.90699,14.72181,14.8144,336600
EVF,2023-11-20 07:45:00,14.99958,14.99958,14.99958,14.99958,1331700
EVF,2023-11-21 02:15:00,15.36994,15.36994,15.32365,15.32365,153400
EVF,2023-11-21 02:16:00,15.36994,15.46253,15.36994,15.46253,65200
EVF,2023-11-21 02:17:00,15.46253,15.50883,15.46253,15.46253,77600
EVF,2023-11-21 02:18:00,15.50883,15.50883,15.46253,15.50883,24400
EVF,2023-11-21 02:19:00,15.50883,15.55512,15.46253,15.50883,145800
EVF,2023-11-21 02:20:00,15.46253,15.50883,15.46253,15.50883,24600
EVF,2023-11-21 02:21:00,15.50883,15.50883,15.50883,15.50883,4300
EVF,2023-11-21 02:22:00,15.46253,15.46253,15.46253,15.46253,52500
EVF,2023-11-21 02:23:00,15.46253,15.46253,15.36994,15.36994,61200
EVF,2023-11-21 02:24:00,15.46253,15.46253,15.36994,15.36994,81500
EVF,2023-11-21 02:25:00,15.36994,15.41624,15.36994,15.41624,4900
EVF,2023-11-21 02:26:00,15.41624,15.41624,15.36994,15.36994,52200
EVF,2023-11-21 02:27:00,15.36994,15.36994,15.36994,15.36994,57000
EVF,2023-11-21 02:28:00,15.36994,15.41624,15.36994,15.41624,22000
EVF,2023-11-21 02:29:00,15.41624,15.46253,15.41624,15.41624,103000
EVF,2023-11-21 02:30:00,15.41624,15.41624,15.36994,15.36994,1300
EVF,2023-11-21 02:31:00,15.36994,15.36994,15.32365,15.32365,86400
EVF,2023-11-21 02:32:00,15.27735,15.27735,15.18476,15.23106,67500
EVF,2023-11-21 02:33:00,15.23106,15.27735,15.23106,15.27735,11300
EVF,2023-11-21 02:34:00,15.27735,15.27735,15.27735,15.27735,2400
EVF,2023-11-21 02:35:00,15.27735,15.27735,15.23106,15.27735,17400
EVF,2023-11-21 02:36:00,15.32365,15.32365,15.32365,15.32365,18000
EVF,2023-11-21 02:37:00,15.27735,15.27735,15.23106,15.23106,50000
EVF,2023-11-21 02:38:00,15.23106,15.23106,15.23106,15.23106,47400
EVF,2023-11-21 02:39:00,15.23106,15.23106,15.18476,15.18476,93500
EVF,2023-11-21 02:40:00,15.18476,15.18476,15.18476,15.18476,200
EVF,2023-11-21 02:41:00,15.13847,15.13847,15.13847,15.13847,30300
EVF,2023-11-21 02:42:00,15.13847,15.13847,15.13847,15.13847,900
EVF,2023-11-21 02:43:00,15.18476,15.18476,15.18476,15.18476,2200
EVF,2023-11-21 02:44:00,15.18476,15.41624,15.18476,15.41624,393000
EVF,2023-11-21 02:45:00,15.36994,15.36994,15.23106,15.23106,6400
EVF,2023-11-21 02:46:00,15.23106,15.23106,15.23106,15.23106,6000
EVF,2023-11-21 02:47:00,15.23106,15.23106,15.23106,15.23106,600
EVF,2023-11-21 02:48:00,15.23106,15.23106,15.18476,15.18476,53300
EVF,2023-11-21 02:49:00,15.18476,15.23106,15.18476,15.23106,5500
EVF,2023-11-21 02:50:00,15.18476,15.18476,15.18476,15.18476,6000
EVF,2023-11-21 02:51:00,15.18476,15.23106,15.18476,15.23106,45200
EVF,2023-11-21 02:52:00,15.23106,15.23106,15.23106,15.23106,25000
EVF,2023-11-21 02:53:00,15.23106,15.23106,15.23106,15.23106,36100
EVF,2023-11-21 02:54:00,15.23106,15.23106,15.18476,15.18476,3400
EVF,2023-11-21 02:55:00,15.18476,15.18476,15.18476,15.18476,8400
EVF,2023-11-21 02:56:00,15.18476,15.23106,15.18476,15.18476,9400
EVF,2023-11-21 02:57:00,15.18476,15.18476,15.13847,15.13847,50600
EVF,2023-11-21 02:58:00,15.18476,15.18476,15.18476,15.18476,50300
EVF,2023-11-21 02:59:00,15.23106,15.23106,15.23106,15.23106,500
EVF,2023-11-21 03:00:00,15.18476,15.18476,15.18476,15.18476,112100
EVF,2023-11-21 03:01:00,15.18476,15.18476,15.09217,15.09217,111300
EVF,2023-11-21 03:02:00,15.09217,15.09217,15.09217,15.09217,40800
EVF,2023-11-21 03:03:00,15.09217,15.09217,15.09217,15.09217,2200
EVF,2023-11-21 03:04:00,15.13847,15.13847,15.09217,15.09217,27600
EVF,2023-11-21 03:05:00,15.09217,15.18476,15.09217,15.09217,144400
EVF,2023-11-21 03:07:00,15.09217,15.18476,15.09217,15.09217,36500
EVF,2023-11-21 03:08:00,15.09217,15.09217,15.09217,15.09217,8700
EVF,2023-11-21 03:09:00,15.09217,15.09217,15.09217,15.09217,21600
EVF,2023-11-21 03:10:00,15.09217,15.09217,15.09217,15.09217,8800
EVF,2023-11-21 03:11:00,15.04588,15.04588,15.04588,15.04588,91300
EVF,2023-11-21 03:12:00,15.04588,15.04588,15.04588,15.04588,16400
EVF,2023-11-21 03:13:00,15.09217,15.09217,15.09217,15.09217,400
EVF,2023-11-21 03:14:00,15.09217,15.09217,15.09217,15.09217,100
EVF,2023-11-21 03:16:00,15.09217,15.09217,15.09217,15.09217,900
EVF,2023-11-21 03:18:00,15.09217,15.09217,15.09217,15.09217,4100
EVF,2023-11-21 03:21:00,15.04588,15.04588,14.99958,14.99958,128400
EVF,2023-11-21 03:22:00,14.99958,14.99958,14.99958,14.99958,4400
EVF,2023-11-21 03:23:00,14.99958,14.99958,14.99958,14.99958,35000
EVF,2023-11-21 03:24:00,14.99958,14.99958,14.99958,14.99958,73200
EVF,2023-11-21 03:25:00,14.99958,14.99958,14.99958,14.99958,100
EVF,2023-11-21 03:27:00,14.99958,15.04588,14.99958,15.04588,29800
EVF,2023-11-21 03:28:00,15.04588,15.04588,14.99958,15.04588,11900
EVF,2023-11-21 03:29:00,14.99958,14.99958,14.99958,14.99958,20900
EVF,2023-11-21 03:30:00,14.99958,14.99958,14.99958,14.99958,100
EVF,2023-11-21 03:31:00,14.95329,14.95329,14.95329,14.95329,40000
EVF,2023-11-21 03:32:00,14.95329,14.95329,14.95329,14.95329,1400
EVF,2023-11-21 03:33:00,14.95329,14.95329,14.95329,14.95329,41500
EVF,2023-11-21 03:34:00,14.95329,14.95329,14.95329,14.95329,9100
EVF,2023-11-21 03:35:00,14.95329,14.95329,14.95329,14.95329,33000
EVF,2023-11-21 03:36:00,14.95329,14.95329,14.95329,14.95329,83000
EVF,2023-11-21 03:37:00,14.95329,14.95329,14.95329,14.95329,20800
EVF,2023-11-21 03:38:00,14.95329,14.95329,14.95329,14.95329,6100
EVF,2023-11-21 03:39:00,14.95329,14.95329,14.95329,14.95329,4000
EVF,2023-11-21 03:40:00,14.95329,14.95329,14.95329,14.95329,1600
EVF,2023-11-21 03:41:00,14.95329,14.95329,14.95329,14.95329,62400
EVF,2023-11-21 03:42:00,14.95329,14.95329,14.95329,14.95329,2500
EVF,2023-11-21 03:43:00,14.95329,14.95329,14.95329,14.95329,11600
EVF,2023-11-21 03:44:00,14.95329,14.95329,14.95329,14.95329,9800
EVF,2023-11-21 03:45:00,14.99958,14.99958,14.99958,14.99958,101700
EVF,2023-11-21 03:46:00,14.99958,14.99958,14.99958,14.99958,79300
EVF,2023-11-21 03:47:00,14.99958,14.99958,14.99958,14.99958,28700
EVF,2023-11-21 03:48:00,15.04588,15.04588,15.04588,15.04588,25000
EVF,2023-11-21 03:49:00,15.04588,15.09217,15.04588,15.09217,76400
EVF,2023-11-21 03:50:00,15.09217,15.09217,15.09217,15.09217,45400
EVF,2023-11-21 03:51:00,15.09217,15.09217,15.04588,15.09217,1100
EVF,2023-11-21 03:52:00,15.04588,15.04588,15.04588,15.04588,64100
EVF,2023-11-21 03:53:00,15.04588,15.04588,15.04588,15.04588,45800
EVF,2023-11-21 03:54:00,14.99958,14.99958,14.99958,14.99958,1200
EVF,2023-11-21 03:55:00,14.95329,14.95329,14.95329,14.95329,77000
EVF,2023-11-21 03:56:00,14.90699,14.90699,14.76811,14.90699,303400
EVF,2023-11-21 03:57:00,14.8144,14.8144,14.8144,14.8144,2300
EVF,2023-11-21 03:58:00,14.8144,14.8144,14.76811,14.76811,37000
EVF,2023-11-21 03:59:00,14.8144,14.8144,14.76811,14.76811,51600
EVF,2023-11-21 04:00:00,14.8607,14.8607,14.72181,14.8144,56600
EVF,2023-11-21 04:01:00,14.8144,14.8144,14.76811,14.76811,25100
EVF,2023-11-21 04:02:00,14.76811,14.76811,14.76811,14.76811,29100
EVF,2023-11-21 04:03:00,14.8144,14.8144,14.8144,14.8144,21300
EVF,2023-11-21 04:04:00,14.8144,14.8144,14.76811,14.76811,10600
EVF,2023-11-21 04:05:00,14.8144,14.8144,14.8144,14.8144,19400
EVF,2023-11-21 04:07:00,14.8144,14.8144,14.8144,14.8144,2300
EVF,2023-11-21 04:09:00,14.8144,14.8607,14.76811,14.8607,43700
EVF,2023-11-21 04:10:00,14.8607,14.90699,14.8607,14.90699,60000
EVF,2023-11-21 04:11:00,14.90699,14.90699,14.90699,14.90699,18900
EVF,2023-11-21 04:12:00,14.8607,14.8607,14.8144,14.8144,50000
EVF,2023-11-21 04:13:00,14.8607,14.8607,14.8144,14.8607,51700
EVF,2023-11-21 04:14:00,14.8144,14.8144,14.76811,14.76811,128500
EVF,2023-11-21 04:15:00,14.76811,14.76811,14.76811,14.76811,44200
EVF,2023-11-21 04:16:00,14.76811,14.76811,14.76811,14.76811,91200
EVF,2023-11-21 04:17:00,14.76811,14.76811,14.76811,14.76811,2800
EVF,2023-11-21 04:18:00,14.76811,14.76811,14.76811,14.76811,9500
EVF,2023-11-21 04:19:00,14.76811,14.76811,14.76811,14.76811,200
EVF,2023-11-21 04:20:00,14.76811,14.76811,14.76811,14.76811,800
EVF,2023-11-21 04:21:00,14.76811,14.76811,14.76811,14.76811,54300
EVF,2023-11-21 04:22:00,14.76811,14.76811,14.76811,14.76811,10000
EVF,2023-11-21 04:23:00,14.76811,14.76811,14.76811,14.76811,700
EVF,2023-11-21 04:27:00,14.76811,14.76811,14.76811,14.76811,20000
EVF,2023-11-21 04:28:00,14.76811,14.76811,14.76811,14.76811,20000
EVF,2023-11-21 04:29:00,14.76811,14.76811,14.76811,14.76811,6800
EVF,2023-11-21 06:00:00,14.76811,14.76811,14.72181,14.72181,310300
EVF,2023-11-21 06:01:00,14.67552,14.67552,14.67552,14.67552,1600
EVF,2023-11-21 06:02:00,14.67552,14.67552,14.67552,14.67552,4100
EVF,2023-11-21 06:03:00,14.67552,14.72181,14.67552,14.67552,7800
EVF,2023-11-21 06:04:00,14.67552,14.72181,14.67552,14.72181,4200
EVF,2023-11-21 06:05:00,14.72181,14.72181,14.72181,14.72181,42400
EVF,2023-11-21 06:06:00,14.72181,14.72181,14.72181,14.72181,20500
EVF,2023-11-21 06:07:00,14.72181,14.72181,14.72181,14.72181,2300
EVF,2023-11-21 06:08:00,14.72181,14.72181,14.67552,14.72181,23800
EVF,2023-11-21 06:09:00,14.72181,14.72181,14.72181,14.72181,100
EVF,2023-11-21 06:10:00,14.72181,14.72181,14.72181,14.72181,110000
EVF,2023-11-21 06:12:00,14.72181,14.72181,14.72181,14.72181,10000
EVF,2023-11-21 06:13:00,14.72181,14.76811,14.72181,14.76811,20200
EVF,2023-11-21 06:14:00,14.72181,14.72181,14.72181,14.72181,30000
EVF,2023-11-21 06:15:00,14.72181,14.72181,14.72181,14.72181,200
EVF,2023-11-21 06:16:00,14.72181,14.76811,14.72181,14.72181,63100
EVF,2023-11-21 06:17:00,14.72181,14.72181,14.72181,14.72181,5500
EVF,2023-11-21 06:18:00,14.72181,14.76811,14.72181,14.76811,18300
EVF,2023-11-21 06:19:00,14.72181,14.72181,14.72181,14.72181,500
EVF,2023-11-21 06:20:00,14.72181,14.72181,14.72181,14.72181,15500
EVF,2023-11-21 06:21:00,14.72181,14.72181,14.72181,14.72181,3800
EVF,2023-11-21 06:22:00,14.72181,14.72181,14.72181,14.72181,15100
EVF,2023-11-21 06:23:00,14.67552,14.67552,14.67552,14.67552,10000
EVF,2023-11-21 06:24:00,14.67552,14.67552,14.67552,14.67552,140100
EVF,2023-11-21 06:26:00,14.67552,14.67552,14.67552,14.67552,25500
EVF,2023-11-21 06:27:00,14.72181,14.72181,14.72181,14.72181,19000
EVF,2023-11-21 06:28:00,14.76811,14.76811,14.76811,14.76811,1000
EVF,2023-11-21 06:29:00,14.76811,14.76811,14.72181,14.76811,56000
EVF,2023-11-21 06:30:00,14.76811,14.76811,14.76811,14.76811,8000
EVF,2023-11-21 06:31:00,14.72181,14.72181,14.72181,14.72181,15000
EVF,2023-11-21 06:32:00,14.72181,14.72181,14.72181,14.72181,2000
EVF,2023-11-21 06:33:00,14.76811,14.76811,14.76811,14.76811,1900
EVF,2023-11-21 06:34:00,14.76811,14.76811,14.76811,14.76811,1900
EVF,2023-11-21 06:35:00,14.76811,14.76811,14.76811,14.76811,1500
EVF,2023-11-21 06:36:00,14.76811,14.76811,14.76811,14.76811,6400
EVF,2023-11-21 06:37:00,14.76811,14.76811,14.72181,14.76811,4100
EVF,2023-11-21 06:38:00,14.76811,14.76811,14.72181,14.76811,44000
EVF,2023-11-21 06:39:00,14.76811,14.76811,14.76811,14.76811,34300
EVF,2023-11-21 06:40:00,14.76811,14.76811,14.76811,14.76811,100
EVF,2023-11-21 06:41:00,14.76811,14.76811,14.76811,14.76811,5100
EVF,2023-11-21 06:43:00,14.72181,14.72181,14.72181,14.72181,46800
EVF,2023-11-21 06:44:00,14.72181,14.72181,14.72181,14.72181,12100
EVF,2023-11-21 06:45:00,14.72181,14.72181,14.72181,14.72181,19000
EVF,2023-11-21 06:46:00,14.72181,14.8144,14.72181,14.8144,140800
EVF,2023-11-21 06:47:00,14.8607,14.90699,14.8607,14.90699,79400
EVF,2023-11-21 06:48:00,14.90699,14.90699,14.90699,14.90699,10500
EVF,2023-11-21 06:49:00,14.90699,14.90699,14.72181,14.8144,277300
EVF,2023-11-21 06:50:00,14.8144,14.8144,14.72181,14.72181,33700
EVF,2023-11-21 06:51:00,14.72181,14.72181,14.67552,14.67552,17700
EVF,2023-11-21 06:52:00,14.72181,14.72181,14.72181,14.72181,5300
EVF,2023-11-21 06:53:00,14.72181,14.72181,14.72181,14.72181,14800
EVF,2023-11-21 06:55:00,14.72181,14.72181,14.72181,14.72181,1800
EVF,2023-11-21 06:56:00,14.72181,14.8144,14.72181,14.8144,87700
EVF,2023-11-21 06:57:00,14.8144,14.8607,14.8144,14.8607,500
EVF,2023-11-21 06:58:00,14.8607,14.8607,14.8144,14.8144,22500
EVF,2023-11-21 06:59:00,14.95329,15.09217,14.95329,15.09217,282000
EVF,2023-11-21 07:00:00,15.09217,15.09217,15.09217,15.09217,600
EVF,2023-11-21 07:01:00,15.09217,15.09217,14.99958,14.99958,28400
EVF,2023-11-21 07:02:00,14.99958,14.99958,14.8144,14.8144,56200
EVF,2023-11-21 07:03:00,14.8144,14.8144,14.8144,14.8144,8700
EVF,2023-11-21 07:04:00,14.8144,14.8144,14.8144,14.8144,16800
EVF,2023-11-21 07:05:00,14.8144,14.8144,14.8144,14.8144,4000
EVF,2023-11-21 07:06:00,14.8144,14.8144,14.8144,14.8144,5600
EVF,2023-11-21 07:07:00,14.76811,14.8144,14.76811,14.8144,50200
EVF,2023-11-21 07:08:00,14.76811,14.76811,14.76811,14.76811,2300
EVF,2023-11-21 07:09:00,14.76811,14.76811,14.76811,14.76811,9600
EVF,2023-11-21 07:10:00,14.76811,14.76811,14.76811,14.76811,2000
EVF,2023-11-21 07:11:00,14.72181,14.72181,14.72181,14.72181,111600
EVF,2023-11-21 07:12:00,14.72181,14.72181,14.72181,14.72181,100
EVF,2023-11-21 07:13:00,14.72181,14.72181,14.72181,14.72181,23100
EVF,2023-11-21 07:14:00,14.72181,14.72181,14.72181,14.72181,4500
EVF,2023-11-21 07:16:00,14.72181,14.76811,14.72181,14.76811,3100
EVF,2023-11-21 07:17:00,14.76811,14.76811,14.76811,14.76811,2100
EVF,2023-11-21 07:18:00,14.76811,14.76811,14.76811,14.76811,39400
EVF,2023-11-21 07:19:00,14.72181,14.76811,14.72181,14.72181,4700
EVF,2023-11-21 07:20:00,14.72181,14.76811,14.72181,14.76811,3400
EVF,2023-11-21 07:21:00,14.72181,14.76811,14.72181,14.76811,307000
EVF,2023-11-21 07:22:00,14.72181,14.76811,14.72181,14.76811,134000
EVF,2023-11-21 07:23:00,14.76811,14.76811,14.72181,14.76811,12700
EVF,2023-11-21 07:24:00,14.72181,14.72181,14.72181,14.72181,14400
EVF,2023-11-21 07:25:00,14.72181,14.76811,14.72181,14.72181,77900
EVF,2023-11-21 07:27:00,14.72181,14.76811,14.72181,14.76811,4500
EVF,2023-11-21 07:28:00,14.76811,14.76811,14.76811,14.76811,47200
EVF,2023-11-21 07:29:00,14.76811,14.8144,14.76811,14.8144,42000
EVF,2023-11-21 07:45:00,14.76811,14.76811,14.76811,14.76811,187600
EVF,2023-11-22 02:15:00,14.8607,14.8607,14.8607,14.8607,197400
EVF,2023-11-22 02:16:00,14.8607,14.8607,14.76811,14.76811,12800
EVF,2023-11-22 02:17:00,14.76811,14.76811,14.72181,14.72181,13800
EVF,2023-11-22 02:18:00,14.72181,14.72181,14.72181,14.72181,200
EVF,2023-11-22 02:19:00,14.72181,14.72181,14.72181,14.72181,3800
EVF,2023-11-22 02:20:00,14.72181,14.72181,14.72181,14.72181,1500
EVF,2023-11-22 02:21:00,14.72181,14.72181,14.72181,14.72181,5000
EVF,2023-11-22 02:22:00,14.72181,14.72181,14.72181,14.72181,3000
EVF,2023-11-22 02:23:00,14.72181,14.8144,14.72181,14.8144,84200
EVF,2023-11-22 02:24:00,14.72181,14.8144,14.72181,14.8144,41500
EVF,2023-11-22 02:26:00,14.8144,14.8144,14.76811,14.8144,71000
EVF,2023-11-22 02:27:00,14.8144,14.8607,14.8144,14.8607,25000
EVF,2023-11-22 02:28:00,14.8607,14.8607,14.8144,14.8144,43300
EVF,2023-11-22 02:29:00,14.8144,14.8144,14.8144,14.8144,10000
EVF,2023-11-22 02:30:00,14.8607,14.90699,14.8607,14.8607,99500
EVF,2023-11-22 02:31:00,14.90699,14.99958,14.90699,14.99958,128400
EVF,2023-11-22 02:32:00,14.95329,14.99958,14.95329,14.99958,30300
EVF,2023-11-22 02:33:00,14.99958,14.99958,14.95329,14.95329,29700
EVF,2023-11-22 02:34:00,14.99958,15.04588,14.99958,14.99958,59400
EVF,2023-11-22 02:35:00,14.99958,15.04588,14.99958,15.04588,134900
EVF,2023-11-22 02:36:00,15.09217,15.13847,15.09217,15.09217,63100
EVF,2023-11-22 02:37:00,15.09217,15.13847,15.09217,15.13847,3100
EVF,2023-11-22 02:38:00,15.13847,15.13847,15.13847,15.13847,11300
EVF,2023-11-22 02:39:00,15.13847,15.13847,15.09217,15.13847,32600
EVF,2023-11-22 02:40:00,15.13847,15.13847,15.13847,15.13847,78000
EVF,2023-11-22 02:41:00,15.13847,15.13847,15.04588,15.09217,69000
EVF,2023-11-22 02:42:00,15.04588,15.09217,15.04588,15.09217,80400
EVF,2023-11-22 02:43:00,15.04588,15.04588,14.99958,14.99958,75200
EVF,2023-11-22 02:44:00,14.99958,14.99958,14.99958,14.99958,500
EVF,2023-11-22 02:45:00,14.99958,14.99958,14.99958,14.99958,10100
EVF,2023-11-22 02:46:00,14.95329,14.95329,14.95329,14.95329,15100
EVF,2023-11-22 02:47:00,14.95329,14.95329,14.95329,14.95329,1600
EVF,2023-11-22 02:48:00,14.95329,14.95329,14.8607,14.8607,52700
EVF,2023-11-22 02:49:00,14.8607,14.8607,14.8607,14.8607,1000
EVF,2023-11-22 02:50:00,14.8607,14.8607,14.8607,14.8607,100
EVF,2023-11-22 02:51:00,14.8607,14.8607,14.8607,14.8607,11000
EVF,2023-11-22 02:52:00,14.90699,14.90699,14.90699,14.90699,1800
EVF,2023-11-22 02:53:00,14.8607,14.8607,14.8607,14.8607,42000
EVF,2023-11-22 02:54:00,14.8607,14.8607,14.8144,14.8607,21000
EVF,2023-11-22 02:55:00,14.8607,14.8607,14.8607,14.8607,9500
EVF,2023-11-22 02:56:00,14.8607,14.8607,14.8144,14.8144,26700
EVF,2023-11-22 02:57:00,14.8144,14.8144,14.8144,14.8144,500
EVF,2023-11-22 02:58:00,14.8144,14.8607,14.8144,14.8607,12000
EVF,2023-11-22 02:59:00,14.8607,14.8607,14.8607,14.8607,2000
EVF,2023-11-22 03:00:00,14.8607,14.90699,14.8607,14.90699,15800
EVF,2023-11-22 03:02:00,14.8607,14.8607,14.8607,14.8607,100
EVF,2023-11-22 03:03:00,14.90699,14.90699,14.90699,14.90699,3700
EVF,2023-11-22 03:05:00,14.8607,14.8607,14.8607,14.8607,2900
EVF,2023-11-22 03:06:00,14.8607,14.8607,14.8607,14.8607,35000
EVF,2023-11-22 03:07:00,14.8607,14.8607,14.8607,14.8607,1000
EVF,2023-11-22 03:09:00,14.8607,14.8607,14.8607,14.8607,12800
EVF,2023-11-22 03:10:00,14.8144,14.8144,14.8144,14.8144,600
EVF,2023-11-22 03:11:00,14.8144,14.8144,14.8144,14.8144,100
EVF,2023-11-22 03:12:00,14.8144,14.90699,14.8144,14.90699,39200
EVF,2023-11-22 03:13:00,14.8607,14.8607,14.8607,14.8607,1800
EVF,2023-11-22 03:15:00,14.8607,14.8607,14.8607,14.8607,1200
EVF,2023-11-22 03:17:00,14.8607,14.99958,14.8607,14.99958,189200
EVF,2023-11-22 03:18:00,14.99958,14.99958,14.99958,14.99958,1900
EVF,2023-11-22 03:19:00,14.99958,15.04588,14.99958,14.99958,4400
EVF,2023-11-22 03:20:00,15.04588,15.09217,15.04588,15.09217,192400
EVF,2023-11-22 03:21:00,15.09217,15.27735,15.09217,15.13847,614900
EVF,2023-11-22 03:22:00,15.27735,15.27735,15.27735,15.27735,28700
EVF,2023-11-22 03:23:00,15.27735,15.27735,15.27735,15.27735,68700
EVF,2023-11-22 03:24:00,15.32365,15.32365,15.27735,15.32365,114000
EVF,2023-11-22 03:25:00,15.27735,15.27735,15.27735,15.27735,107800
EVF,2023-11-22 03:26:00,15.27735,15.27735,15.27735,15.27735,7000
EVF,2023-11-22 03:27:00,15.18476,15.18476,15.18476,15.18476,1800
EVF,2023-11-22 03:28:00,15.13847,15.13847,15.13847,15.13847,12100
EVF,2023-11-22 03:29:00,15.13847,15.13847,15.13847,15.13847,11000
EVF,2023-11-22 03:30:00,15.09217,15.09217,15.09217,15.09217,100
EVF,2023-11-22 03:31:00,15.09217,15.09217,15.09217,15.09217,20000
EVF,2023-11-22 03:32:00,15.09217,15.09217,15.09217,15.09217,2800
EVF,2023-11-22 03:33:00,15.13847,15.13847,15.13847,15.13847,11100
EVF,2023-11-22 03:34:00,15.13847,15.13847,15.13847,15.13847,100
EVF,2023-11-22 03:36:00,15.13847,15.13847,15.13847,15.13847,56000
EVF,2023-11-22 03:38:00,15.13847,15.13847,15.13847,15.13847,500
EVF,2023-11-22 03:39:00,15.13847,15.13847,15.13847,15.13847,5300
EVF,2023-11-22 03:41:00,15.09217,15.09217,15.09217,15.09217,10000
EVF,2023-11-22 03:42:00,15.09217,15.09217,15.09217,15.09217,38700
EVF,2023-11-22 03:43:00,15.09217,15.09217,15.09217,15.09217,1700
EVF,2023-11-22 03:44:00,15.09217,15.09217,15.09217,15.09217,52700
EVF,2023-11-22 03:45:00,15.04588,15.04588,15.04588,15.04588,100
EVF,2023-11-22 03:46:00,15.04588,15.04588,15.04588,15.04588,200
EVF,2023-11-22 03:47:00,15.04588,15.09217,15.04588,15.09217,200
EVF,2023-11-22 03:50:00,15.09217,15.09217,15.09217,15.09217,2500
EVF,2023-11-22 03:51:00,15.09217,15.09217,15.04588,15.04588,70300
EVF,2023-11-22 03:52:00,15.04588,15.04588,15.04588,15.04588,20000
EVF,2023-11-22 03:53:00,15.04588,15.04588,15.04588,15.04588,400
EVF,2023-11-22 03:56:00,15.04588,15.04588,15.04588,15.04588,18300
EVF,2023-11-22 03:57:00,15.04588,15.04588,15.04588,15.04588,2300
EVF,2023-11-22 03:59:00,15.04588,15.04588,15.04588,15.04588,8000
EVF,2023-11-22 04:00:00,15.04588,15.04588,15.04588,15.04588,13200
EVF,2023-11-22 04:01:00,14.99958,14.99958,14.99958,14.99958,2100
EVF,2023-11-22 04:02:00,14.99958,14.99958,14.99958,14.99958,4400
EVF,2023-11-22 04:05:00,14.99958,14.99958,14.99958,14.99958,1000
EVF,2023-11-22 04:06:00,14.99958,14.99958,14.99958,14.99958,23900
EVF,2023-11-22 04:08:00,14.99958,14.99958,14.99958,14.99958,1300
EVF,2023-11-22 04:09:00,14.99958,14.99958,14.99958,14.99958,2100
EVF,2023-11-22 04:10:00,14.99958,14.99958,14.99958,14.99958,1100
EVF,2023-11-22 04:12:00,14.99958,14.99958,14.99958,14.99958,100200
EVF,2023-11-22 04:14:00,14.99958,14.99958,14.99958,14.99958,300
EVF,2023-11-22 04:15:00,14.99958,14.99958,14.99958,14.99958,56200
EVF,2023-11-22 04:16:00,15.04588,15.04588,15.04588,15.04588,30000
EVF,2023-11-22 04:17:00,14.99958,14.99958,14.99958,14.99958,1300
EVF,2023-11-22 04:18:00,14.99958,14.99958,14.99958,14.99958,13600
EVF,2023-11-22 04:19:00,14.99958,14.99958,14.99958,14.99958,100
EVF,2023-11-22 04:20:00,14.99958,15.09217,14.99958,15.09217,156500
EVF,2023-11-22 04:21:00,15.09217,15.09217,15.09217,15.09217,10100
EVF,2023-11-22 04:22:00,15.09217,15.13847,15.09217,15.09217,13400
EVF,2023-11-22 04:23:00,15.09217,15.09217,15.09217,15.09217,300
EVF,2023-11-22 04:24:00,15.09217,15.09217,15.04588,15.04588,34700
EVF,2023-11-22 04:27:00,15.04588,15.04588,15.04588,15.04588,3300
EVF,2023-11-22 04:29:00,15.04588,15.04588,14.99958,14.99958,16100
EVF,2023-11-22 04:30:00,14.99958,14.99958,14.99958,14.99958,10000
EVF,2023-11-22 06:00:00,14.99958,14.99958,14.95329,14.95329,28100
EVF,2023-11-22 06:01:00,14.95329,14.95329,14.95329,14.95329,14900
EVF,2023-11-22 06:02:00,14.95329,14.95329,14.95329,14.95329,25300
EVF,2023-11-22 06:03:00,14.95329,14.95329,14.95329,14.95329,36500
EVF,2023-11-22 06:04:00,14.95329,14.95329,14.90699,14.95329,39100
EVF,2023-11-22 06:05:00,14.99958,14.99958,14.90699,14.90699,34700
EVF,2023-11-22 06:06:00,14.95329,14.99958,14.95329,14.95329,34800
EVF,2023-11-22 06:07:00,14.95329,14.99958,14.95329,14.99958,119800
EVF,2023-11-22 06:08:00,14.99958,15.04588,14.99958,14.99958,19800
EVF,2023-11-22 06:09:00,14.99958,14.99958,14.99958,14.99958,6600
EVF,2023-11-22 06:10:00,14.95329,14.99958,14.95329,14.99958,25000
EVF,2023-11-22 06:11:00,14.99958,15.04588,14.99958,15.04588,108400
EVF,2023-11-22 06:12:00,15.04588,15.04588,14.99958,14.99958,4000
EVF,2023-11-22 06:13:00,14.99958,14.99958,14.99958,14.99958,100
EVF,2023-11-22 06:14:00,14.99958,14.99958,14.99958,14.99958,5000
EVF,2023-11-22 06:15:00,15.04588,15.04588,14.99958,14.99958,3600
EVF,2023-11-22 06:16:00,14.99958,14.99958,14.95329,14.99958,41200
EVF,2023-11-22 06:17:00,14.99958,14.99958,14.99958,14.99958,19100
EVF,2023-11-22 06:18:00,14.99958,14.99958,14.95329,14.95329,27300
EVF,2023-11-22 06:19:00,14.95329,14.95329,14.95329,14.95329,800
EVF,2023-11-22 06:20:00,14.95329,14.99958,14.95329,14.99958,3800
EVF,2023-11-22 06:21:00,14.99958,14.99958,14.95329,14.95329,33300
EVF,2023-11-22 06:22:00,14.95329,14.95329,14.95329,14.95329,4500
EVF,2023-11-22 06:23:00,14.95329,14.95329,14.95329,14.95329,5900
EVF,2023-11-22 06:25:00,14.95329,14.95329,14.95329,14.95329,1200
EVF,2023-11-22 06:26:00,14.99958,15.04588,14.99958,15.04588,74300
EVF,2023-11-22 06:27:00,15.04588,15.04588,15.04588,15.04588,500
EVF,2023-11-22 06:28:00,15.04588,15.09217,15.04588,15.09217,111300
EVF,2023-11-22 06:29:00,15.13847,15.13847,15.09217,15.09217,55300
EVF,2023-11-22 06:30:00,15.09217,15.09217,15.09217,15.09217,13000
EVF,2023-11-22 06:31:00,15.09217,15.09217,14.99958,14.99958,24200
EVF,2023-11-22 06:32:00,14.99958,15.04588,14.99958,15.04588,30800
EVF,2023-11-22 06:33:00,15.04588,15.04588,15.04588,15.04588,10200
EVF,2023-11-22 06:34:00,15.04588,15.04588,15.04588,15.04588,53800
EVF,2023-11-22 06:35:00,14.99958,15.04588,14.99958,14.99958,36700
EVF,2023-11-22 06:36:00,14.99958,14.99958,14.99958,14.99958,14200
EVF,2023-11-22 06:37:00,14.99958,14.99958,14.99958,14.99958,1300
EVF,2023-11-22 06:38:00,14.99958,14.99958,14.99958,14.99958,3000
EVF,2023-11-22 06:39:00,14.99958,14.99958,14.99958,14.99958,500
EVF,2023-11-22 06:40:00,14.99958,14.99958,14.99958,14.99958,18600
EVF,2023-11-22 06:41:00,15.04588,15.04588,15.04588,15.04588,4000
EVF,2023-11-22 06:42:00,15.04588,15.04588,15.04588,15.04588,23600
EVF,2023-11-22 06:43:00,14.99958,14.99958,14.99958,14.99958,500
EVF,2023-11-22 06:44:00,14.99958,14.99958,14.99958,14.99958,1800
EVF,2023-11-22 06:45:00,14.95329,14.95329,14.95329,14.95329,500
EVF,2023-11-22 06:46:00,14.95329,14.95329,14.95329,14.95329,10000
EVF,2023-11-22 06:47:00,14.95329,14.95329,14.95329,14.95329,11000
EVF,2023-11-22 06:48:00,14.95329,14.95329,14.95329,14.95329,41600
EVF,2023-11-22 06:50:00,14.95329,14.95329,14.90699,14.90699,7200
EVF,2023-11-22 06:51:00,14.90699,14.90699,14.90699,14.90699,1900
EVF,2023-11-22 06:52:00,14.90699,14.90699,14.90699,14.90699,15200
EVF,2023-11-22 06:53:00,14.95329,14.95329,14.90699,14.90699,118700
EVF,2023-11-22 06:54:00,14.99958,15.04588,14.95329,15.04588,145900
EVF,2023-11-22 06:55:00,15.04588,15.04588,14.95329,14.95329,800
EVF,2023-11-22 06:56:00,14.95329,14.95329,14.95329,14.95329,7900
EVF,2023-11-22 06:57:00,14.95329,14.95329,14.90699,14.95329,90400
EVF,2023-11-22 06:58:00,14.95329,14.95329,14.95329,14.95329,19800
EVF,2023-11-22 06:59:00,14.95329,14.95329,14.95329,14.95329,9800
EVF,2023-11-22 07:00:00,14.95329,14.95329,14.95329,14.95329,20600
EVF,2023-11-22 07:01:00,14.99958,14.99958,14.99958,14.99958,20000
EVF,2023-11-22 07:02:00,14.99958,14.99958,14.99958,14.99958,2700
EVF,2023-11-22 07:03:00,14.99958,14.99958,14.99958,14.99958,1000
EVF,2023-11-22 07:04:00,14.95329,14.95329,14.95329,14.95329,150000
EVF,2023-11-22 07:05:00,14.95329,14.95329,14.95329,14.95329,16600
EVF,2023-11-22 07:06:00,14.95329,15.04588,14.95329,15.04588,187700
EVF,2023-11-22 07:07:00,15.04588,15.04588,15.04588,15.04588,200
EVF,2023-11-22 07:08:00,14.99958,14.99958,14.95329,14.95329,59300
EVF,2023-11-22 07:09:00,14.99958,14.99958,14.95329,14.99958,10200
EVF,2023-11-22 07:10:00,14.95329,14.95329,14.95329,14.95329,50000
EVF,2023-11-22 07:11:00,14.95329,14.95329,14.95329,14.95329,16500
EVF,2023-11-22 07:12:00,14.95329,15.04588,14.95329,15.04588,225100
EVF,2023-11-22 07:13:00,14.99958,15.09217,14.99958,15.09217,203000
EVF,2023-11-22 07:14:00,15.18476,15.27735,15.18476,15.27735,259800
EVF,2023-11-22 07:15:00,15.27735,15.27735,15.23106,15.27735,106800
EVF,2023-11-22 07:16:00,15.27735,15.27735,15.18476,15.27735,58900
EVF,2023-11-22 07:17:00,15.27735,15.27735,15.18476,15.18476,15800
EVF,2023-11-22 07:18:00,15.27735,15.27735,15.18476,15.27735,25100
EVF,2023-11-22 07:19:00,15.27735,15.32365,15.27735,15.32365,124100
EVF,2023-11-22 07:20:00,15.32365,15.36994,15.32365,15.36994,23600
EVF,2023-11-22 07:21:00,15.36994,15.36994,15.32365,15.32365,60900
EVF,2023-11-22 07:22:00,15.32365,15.36994,15.32365,15.32365,104800
EVF,2023-11-22 07:23:00,15.32365,15.46253,15.32365,15.41624,178000
EVF,2023-11-22 07:24:00,15.46253,15.46253,15.41624,15.41624,55500
EVF,2023-11-22 07:25:00,15.46253,15.46253,15.32365,15.32365,28300
EVF,2023-11-22 07:26:00,15.32365,15.32365,15.27735,15.32365,5100
EVF,2023-11-22 07:27:00,15.32365,15.32365,15.32365,15.32365,13300
EVF,2023-11-22 07:28:00,15.32365,15.36994,15.32365,15.32365,37300
EVF,2023-11-22 07:29:00,15.27735,15.36994,15.27735,15.36994,8400
EVF,2023-11-22 07:45:00,15.46253,15.46253,15.46253,15.46253,256300
EVF,2023-11-23 02:15:00,15.50883,15.50883,15.50883,15.50883,93000
EVF,2023-11-23 02:16:00,15.46253,15.46253,15.46253,15.46253,12900
EVF,2023-11-23 02:17:00,15.46253,15.46253,15.27735,15.27735,5800
EVF,2023-11-23 02:18:00,15.27735,15.36994,15.27735,15.36994,67100
EVF,2023-11-23 02:19:00,15.36994,15.36994,15.27735,15.27735,104700
EVF,2023-11-23 02:20:00,15.27735,15.36994,15.23106,15.27735,5200
EVF,2023-11-23 02:21:00,15.27735,15.27735,15.23106,15.23106,9200
EVF,2023-11-23 02:22:00,15.23106,15.23106,15.23106,15.23106,20000
EVF,2023-11-23 02:23:00,15.23106,15.27735,15.23106,15.27735,6400
EVF,2023-11-23 02:24:00,15.27735,15.27735,15.23106,15.27735,48800
EVF,2023-11-23 02:25:00,15.23106,15.27735,15.23106,15.27735,5300
EVF,2023-11-23 02:26:00,15.27735,15.27735,15.27735,15.27735,15000
EVF,2023-11-23 02:28:00,15.27735,15.27735,15.27735,15.27735,1000
EVF,2023-11-23 02:29:00,15.27735,15.32365,15.27735,15.32365,7200
EVF,2023-11-23 02:30:00,15.32365,15.32365,15.27735,15.27735,105700
EVF,2023-11-23 02:31:00,15.27735,15.27735,15.27735,15.27735,84900
EVF,2023-11-23 02:32:00,15.27735,15.27735,15.27735,15.27735,18200
EVF,2023-11-23 02:33:00,15.27735,15.27735,15.23106,15.23106,23300
EVF,2023-11-23 02:34:00,15.23106,15.27735,15.23106,15.27735,24200
EVF,2023-11-23 02:35:00,15.27735,15.27735,15.23106,15.23106,43600
EVF,2023-11-23 02:36:00,15.27735,15.27735,15.27735,15.27735,73000
EVF,2023-11-23 02:37:00,15.27735,15.27735,15.27735,15.27735,4900
EVF,2023-11-23 02:38:00,15.27735,15.27735,15.27735,15.27735,18000
EVF,2023-11-23 02:39:00,15.27735,15.27735,15.27735,15.27735,6000
EVF,2023-11-23 02:40:00,15.27735,15.27735,15.27735,15.27735,201900
EVF,2023-11-23 02:41:00,15.27735,15.27735,15.23106,15.23106,30400
EVF,2023-11-23 02:42:00,15.27735,15.27735,15.27735,15.27735,50300
EVF,2023-11-23 02:43:00,15.27735,15.27735,15.27735,15.27735,4100
EVF,2023-11-23 02:44:00,15.27735,15.27735,15.27735,15.27735,2700
EVF,2023-11-23 02:45:00,15.27735,15.27735,15.27735,15.27735,2400
EVF,2023-11-23 02:46:00,15.27735,15.27735,15.27735,15.27735,3900
EVF,2023-11-23 02:47:00,15.23106,15.23106,15.23106,15.23106,2000
EVF,2023-11-23 02:48:00,15.23106,15.23106,15.23106,15.23106,200
EVF,2023-11-23 02:49:00,15.23106,15.27735,15.23106,15.27735,64600
EVF,2023-11-23 02:50:00,15.27735,15.27735,15.27735,15.27735,900
EVF,2023-11-23 02:51:00,15.27735,15.27735,15.27735,15.27735,6800
EVF,2023-11-23 02:52:00,15.23106,15.23106,15.18476,15.23106,217900
EVF,2023-11-23 02:53:00,15.23106,15.23106,15.23106,15.23106,200
EVF,2023-11-23 02:54:00,15.23106,15.23106,15.23106,15.23106,1500
EVF,2023-11-23 02:55:00,15.23106,15.23106,15.18476,15.18476,31200
EVF,2023-11-23 02:56:00,15.18476,15.18476,15.18476,15.18476,10600
EVF,2023-11-23 02:57:00,15.18476,15.18476,15.13847,15.13847,116400
EVF,2023-11-23 02:58:00,15.13847,15.13847,15.13847,15.13847,10300
EVF,2023-11-23 02:59:00,15.13847,15.13847,15.13847,15.13847,5200
EVF,2023-11-23 03:00:00,15.13847,15.13847,15.09217,15.09217,7900
EVF,2023-11-23 03:01:00,15.13847,15.13847,15.09217,15.09217,92800
EVF,2023-11-23 03:02:00,15.09217,15.13847,15.09217,15.13847,211200
EVF,2023-11-23 03:03:00,15.13847,15.13847,15.13847,15.13847,51000
EVF,2023-11-23 03:04:00,15.13847,15.13847,15.13847,15.13847,20900
EVF,2023-11-23 03:05:00,15.18476,15.18476,15.18476,15.18476,6300
EVF,2023-11-23 03:06:00,15.18476,15.18476,15.13847,15.13847,76200
EVF,2023-11-23 03:07:00,15.09217,15.13847,15.09217,15.09217,18300
EVF,2023-11-23 03:08:00,15.09217,15.09217,15.09217,15.09217,1600
EVF,2023-11-23 03:09:00,15.04588,15.04588,15.04588,15.04588,200
EVF,2023-11-23 03:10:00,15.04588,15.09217,15.04588,15.09217,7700
EVF,2023-11-23 03:11:00,15.09217,15.09217,15.09217,15.09217,11600
EVF,2023-11-23 03:12:00,15.09217,15.09217,15.09217,15.09217,22100
EVF,2023-11-23 03:13:00,15.13847,15.13847,15.09217,15.13847,165000
EVF,2023-11-23 03:14:00,15.13847,15.18476,15.13847,15.18476,12300
EVF,2023-11-23 03:16:00,15.13847,15.13847,15.13847,15.13847,1000
EVF,2023-11-23 03:17:00,15.13847,15.18476,15.13847,15.18476,15300
EVF,2023-11-23 03:18:00,15.13847,15.13847,15.09217,15.09217,30800
EVF,2023-11-23 03:19:00,15.09217,15.13847,15.09217,15.13847,7300
EVF,2023-11-23 03:21:00,15.13847,15.13847,15.09217,15.09217,96100
EVF,2023-11-23 03:22:00,15.09217,15.09217,15.09217,15.09217,9800
EVF,2023-11-23 03:23:00,15.09217,15.09217,15.09217,15.09217,32200
EVF,2023-11-23 03:24:00,15.09217,15.09217,15.09217,15.09217,1700
EVF,2023-11-23 03:25:00,15.09217,15.09217,15.09217,15.09217,12700
EVF,2023-11-23 03:26:00,15.09217,15.09217,15.09217,15.09217,1200
EVF,2023-11-23 03:27:00,15.13847,15.13847,15.13847,15.13847,31000
EVF,2023-11-23 03:29:00,15.09217,15.09217,15.09217,15.09217,1000
EVF,2023-11-23 03:30:00,15.13847,15.13847,15.13847,15.13847,1700
EVF,2023-11-23 03:34:00,15.13847,15.18476,15.13847,15.18476,43400
EVF,2023-11-23 03:35:00,15.18476,15.18476,15.18476,15.18476,400
EVF,2023-11-23 03:36:00,15.18476,15.18476,15.09217,15.09217,70000
EVF,2023-11-23 03:37:00,15.09217,15.13847,15.09217,15.13847,10500
EVF,2023-11-23 03:38:00,15.09217,15.09217,15.09217,15.09217,50600
EVF,2023-11-23 03:39:00,15.09217,15.13847,15.09217,15.09217,13200
EVF,2023-11-23 03:40:00,15.09217,15.09217,15.04588,15.09217,39100
EVF,2023-11-23 03:41:00,15.09217,15.18476,15.09217,15.18476,78300
EVF,2023-11-23 03:42:00,15.18476,15.18476,15.18476,15.18476,5500
EVF,2023-11-23 03:43:00,15.18476,15.18476,15.18476,15.18476,2800
EVF,2023-11-23 03:44:00,15.18476,15.18476,15.18476,15.18476,600
EVF,2023-11-23 03:45:00,15.23106,15.23106,15.23106,15.23106,60000
EVF,2023-11-23 03:46:00,15.23106,15.23106,15.18476,15.23106,54500
EVF,2023-11-23 03:47:00,15.23106,15.27735,15.23106,15.27735,23500
EVF,2023-11-23 03:48:00,15.27735,15.27735,15.23106,15.27735,81900
EVF,2023-11-23 03:49:00,15.27735,15.27735,15.27735,15.27735,1100
EVF,2023-11-23 03:50:00,15.27735,15.32365,15.27735,15.32365,32600
EVF,2023-11-23 03:51:00,15.32365,15.32365,15.27735,15.27735,54400
EVF,2023-11-23 03:52:00,15.32365,15.32365,15.27735,15.27735,45600
EVF,2023-11-23 03:53:00,15.32365,15.36994,15.32365,15.36994,40800
EVF,2023-11-23 03:54:00,15.36994,15.36994,15.36994,15.36994,69500
EVF,2023-11-23 03:55:00,15.36994,15.41624,15.36994,15.41624,41600
EVF,2023-11-23 03:56:00,15.41624,15.46253,15.41624,15.46253,32000
EVF,2023-11-23 03:57:00,15.46253,15.46253,15.46253,15.46253,3900
EVF,2023-11-23 03:58:00,15.46253,15.46253,15.46253,15.46253,8600
EVF,2023-11-23 03:59:00,15.46253,15.46253,15.46253,15.46253,9200
EVF,2023-11-23 04:00:00,15.46253,15.46253,15.46253,15.46253,10500
EVF,2023-11-23 04:01:00,15.41624,15.41624,15.36994,15.36994,30800
EVF,2023-11-23 04:02:00,15.41624,15.41624,15.41624,15.41624,11700
EVF,2023-11-23 04:03:00,15.41624,15.41624,15.36994,15.36994,67600
EVF,2023-11-23 04:04:00,15.36994,15.41624,15.36994,15.41624,31000
EVF,2023-11-23 04:05:00,15.41624,15.41624,15.41624,15.41624,16800
EVF,2023-11-23 04:06:00,15.41624,15.41624,15.32365,15.32365,18200
EVF,2023-11-23 04:07:00,15.32365,15.36994,15.32365,15.36994,4900
EVF,2023-11-23 04:08:00,15.36994,15.36994,15.36994,15.36994,7200
EVF,2023-11-23 04:10:00,15.36994,15.36994,15.36994,15.36994,2900
EVF,2023-11-23 04:11:00,15.36994,15.41624,15.36994,15.41624,2300
EVF,2023-11-23 04:13:00,15.36994,15.36994,15.36994,15.36994,1000
EVF,2023-11-23 04:14:00,15.36994,15.36994,15.36994,15.36994,200
EVF,2023-11-23 04:15:00,15.41624,15.41624,15.41624,15.41624,14200
EVF,2023-11-23 04:16:00,15.41624,15.41624,15.41624,15.41624,6100
EVF,2023-11-23 04:17:00,15.41624,15.41624,15.41624,15.41624,100
EVF,2023-11-23 04:18:00,15.41624,15.41624,15.41624,15.41624,7100
EVF,2023-11-23 04:19:00,15.41624,15.46253,15.41624,15.46253,16100
EVF,2023-11-23 04:20:00,15.46253,15.46253,15.41624,15.41624,6000
EVF,2023-11-23 04:21:00,15.41624,15.41624,15.36994,15.41624,9300
EVF,2023-11-23 04:22:00,15.41624,15.41624,15.41624,15.41624,60000
EVF,2023-11-23 04:23:00,15.46253,15.46253,15.46253,15.46253,3200
EVF,2023-11-23 04:24:00,15.46253,15.46253,15.46253,15.46253,5000
EVF,2023-11-23 04:25:00,15.46253,15.46253,15.46253,15.46253,4000
EVF,2023-11-23 04:26:00,15.41624,15.41624,15.41624,15.41624,1100
EVF,2023-11-23 04:27:00,15.41624,15.46253,15.41624,15.46253,48300
EVF,2023-11-23 04:28:00,15.46253,15.46253,15.46253,15.46253,6000
EVF,2023-11-23 04:29:00,15.36994,15.36994,15.36994,15.36994,101000
EVF,2023-11-23 04:30:00,15.36994,15.36994,15.36994,15.36994,8000
EVF,2023-11-23 06:00:00,15.36994,15.36994,15.32365,15.32365,127800
EVF,2023-11-23 06:01:00,15.32365,15.32365,15.27735,15.27735,12200
EVF,2023-11-23 06:02:00,15.27735,15.27735,15.27735,15.27735,28000
EVF,2023-11-23 06:03:00,15.27735,15.32365,15.27735,15.32365,1300
EVF,2023-11-23 06:04:00,15.32365,15.32365,15.32365,15.32365,19500
EVF,2023-11-23 06:05:00,15.32365,15.32365,15.27735,15.27735,28200
EVF,2023-11-23 06:06:00,15.27735,15.32365,15.27735,15.27735,137600
EVF,2023-11-23 06:07:00,15.27735,15.27735,15.27735,15.27735,31100
EVF,2023-11-23 06:08:00,15.27735,15.27735,15.27735,15.27735,2800
EVF,2023-11-23 06:09:00,15.32365,15.32365,15.27735,15.27735,120400
EVF,2023-11-23 06:10:00,15.27735,15.27735,15.23106,15.23106,2300
EVF,2023-11-23 06:11:00,15.27735,15.27735,15.27735,15.27735,11700
EVF,2023-11-23 06:12:00,15.27735,15.27735,15.27735,15.27735,200
EVF,2023-11-23 06:13:00,15.32365,15.32365,15.27735,15.32365,12800
EVF,2023-11-23 06:14:00,15.32365,15.32365,15.32365,15.32365,3600
EVF,2023-11-23 06:15:00,15.32365,15.32365,15.27735,15.27735,67900
EVF,2023-11-23 06:16:00,15.27735,15.27735,15.23106,15.27735,27400
EVF,2023-11-23 06:17:00,15.27735,15.27735,15.27735,15.27735,23600
EVF,2023-11-23 06:18:00,15.27735,15.27735,15.27735,15.27735,31700
EVF,2023-11-23 06:19:00,15.27735,15.27735,15.27735,15.27735,600
EVF,2023-11-23 06:20:00,15.27735,15.27735,15.27735,15.27735,1400
EVF,2023-11-23 06:21:00,15.27735,15.27735,15.27735,15.27735,100
EVF,2023-11-23 06:23:00,15.32365,15.32365,15.32365,15.32365,81800
EVF,2023-11-23 06:24:00,15.32365,15.32365,15.27735,15.27735,251900
EVF,2023-11-23 06:25:00,15.27735,15.36994,15.27735,15.36994,125400
EVF,2023-11-23 06:26:00,15.36994,15.36994,15.32365,15.36994,65000
EVF,2023-11-23 06:27:00,15.36994,15.46253,15.36994,15.46253,242000
EVF,2023-11-23 06:28:00,15.46253,15.46253,15.46253,15.46253,11000
EVF,2023-11-23 06:29:00,15.46253,15.50883,15.46253,15.46253,18200
EVF,2023-11-23 06:30:00,15.46253,15.55512,15.46253,15.50883,211400
EVF,2023-11-23 06:31:00,15.50883,15.50883,15.46253,15.46253,70900
EVF,2023-11-23 06:32:00,15.46253,15.46253,15.46253,15.46253,4900
EVF,2023-11-23 06:33:00,15.46253,15.46253,15.46253,15.46253,200
EVF,2023-11-23 06:34:00,15.46253,15.46253,15.46253,15.46253,2100
EVF,2023-11-23 06:35:00,15.46253,15.46253,15.46253,15.46253,400
EVF,2023-11-23 06:36:00,15.41624,15.41624,15.41624,15.41624,27600
EVF,2023-11-23 06:37:00,15.36994,15.41624,15.36994,15.41624,5700
EVF,2023-11-23 06:38:00,15.41624,15.41624,15.32365,15.32365,135900
EVF,2023-11-23 06:39:00,15.27735,15.27735,15.27735,15.27735,39800
EVF,2023-11-23 06:40:00,15.27735,15.27735,15.27735,15.27735,13300
EVF,2023-11-23 06:41:00,15.27735,15.32365,15.27735,15.32365,45200
EVF,2023-11-23 06:42:00,15.32365,15.36994,15.32365,15.36994,110000
EVF,2023-11-23 06:43:00,15.36994,15.36994,15.36994,15.36994,4100
EVF,2023-11-23 06:44:00,15.36994,15.36994,15.36994,15.36994,2000
EVF,2023-11-23 06:45:00,15.36994,15.46253,15.36994,15.46253,145200
EVF,2023-11-23 06:46:00,15.46253,15.50883,15.46253,15.50883,55200
EVF,2023-11-23 06:47:00,15.50883,15.50883,15.50883,15.50883,21000
EVF,2023-11-23 06:48:00,15.50883,15.50883,15.46253,15.46253,100400
EVF,2023-11-23 06:49:00,15.46253,15.50883,15.46253,15.46253,51900
EVF,2023-11-23 06:50:00,15.46253,15.50883,15.46253,15.50883,11300
EVF,2023-11-23 06:51:00,15.46253,15.46253,15.46253,15.46253,1900
EVF,2023-11-23 06:52:00,15.46253,15.46253,15.46253,15.46253,3100
EVF,2023-11-23 06:54:00,15.50883,15.55512,15.46253,15.50883,78300
EVF,2023-11-23 06:55:00,15.50883,15.50883,15.50883,15.50883,3100
EVF,2023-11-23 06:56:00,15.46253,15.46253,15.46253,15.46253,49800
EVF,2023-11-23 06:57:00,15.36994,15.36994,15.36994,15.36994,145500
EVF,2023-11-23 06:58:00,15.36994,15.36994,15.32365,15.32365,41600
EVF,2023-11-23 06:59:00,15.32365,15.32365,15.32365,15.32365,8500
EVF,2023-11-23 07:00:00,15.32365,15.32365,15.32365,15.32365,4900
EVF,2023-11-23 07:01:00,15.27735,15.32365,15.27735,15.27735,100600
EVF,2023-11-23 07:02:00,15.27735,15.27735,15.27735,15.27735,50000
EVF,2023-11-23 07:03:00,15.27735,15.27735,15.27735,15.27735,27200
EVF,2023-11-23 07:04:00,15.27735,15.27735,15.27735,15.27735,58300
EVF,2023-11-23 07:05:00,15.32365,15.32365,15.32365,15.32365,1100
EVF,2023-11-23 07:06:00,15.32365,15.32365,15.27735,15.27735,19700
EVF,2023-11-23 07:07:00,15.27735,15.27735,15.27735,15.27735,2800
EVF,2023-11-23 07:08:00,15.27735,15.27735,15.23106,15.23106,104900
EVF,2023-11-23 07:09:00,15.23106,15.23106,15.23106,15.23106,203500
EVF,2023-11-23 07:10:00,15.23106,15.23106,15.23106,15.23106,3200
EVF,2023-11-23 07:11:00,15.23106,15.23106,15.23106,15.23106,32200
EVF,2023-11-23 07:12:00,15.18476,15.18476,15.13847,15.13847,110500
EVF,2023-11-23 07:13:00,15.09217,15.18476,15.04588,15.18476,177100
EVF,2023-11-23 07:14:00,15.09217,15.18476,15.09217,15.09217,5600
EVF,2023-11-23 07:15:00,15.09217,15.18476,15.09217,15.09217,29000
EVF,2023-11-23 07:16:00,15.09217,15.23106,15.09217,15.23106,13900
EVF,2023-11-23 07:17:00,15.18476,15.18476,15.09217,15.09217,44400
EVF,2023-11-23 07:18:00,15.18476,15.18476,15.09217,15.09217,49300
EVF,2023-11-23 07:19:00,15.09217,15.18476,15.09217,15.13847,29200
EVF,2023-11-23 07:20:00,15.13847,15.13847,15.13847,15.13847,4300
EVF,2023-11-23 07:21:00,15.23106,15.23106,15.23106,15.23106,19100
EVF,2023-11-23 07:22:00,15.23106,15.23106,15.18476,15.18476,13900
EVF,2023-11-23 07:23:00,15.18476,15.18476,15.18476,15.18476,28500
EVF,2023-11-23 07:24:00,15.13847,15.13847,15.13847,15.13847,15200
EVF,2023-11-23 07:25:00,15.13847,15.18476,15.13847,15.13847,37500
EVF,2023-11-23 07:26:00,15.13847,15.13847,14.99958,15.13847,394100
EVF,2023-11-23 07:27:00,14.99958,14.99958,14.99958,14.99958,135300
EVF,2023-11-23 07:28:00,14.99958,14.99958,14.95329,14.95329,95700
EVF,2023-11-23 07:29:00,14.90699,14.99958,14.90699,14.99958,68400
EVF,2023-11-23 07:45:00,14.8144,14.8144,14.8144,14.8144,380900
EVF,2023-11-24 02:15:00,14.90699,14.90699,14.90699,14.90699,65700
EVF,2023-11-24 02:16:00,14.8607,14.8607,14.8607,14.8607,6600
EVF,2023-11-24 02:17:00,14.8144,14.8607,14.8144,14.8607,6700
EVF,2023-11-24 02:18:00,14.8144,14.8144,14.8144,14.8144,50600
EVF,2023-11-24 02:19:00,14.8144,14.8144,14.8144,14.8144,39300
EVF,2023-11-24 02:20:00,14.8144,14.8144,14.8144,14.8144,100
EVF,2023-11-24 02:21:00,14.76811,14.76811,14.72181,14.72181,166100
EVF,2023-11-24 02:22:00,14.72181,14.72181,14.53663,14.53663,142100
EVF,2023-11-24 02:23:00,14.49034,14.49034,14.44404,14.44404,145800
EVF,2023-11-24 02:24:00,14.44404,14.44404,14.39775,14.44404,8800
EVF,2023-11-24 02:25:00,14.39775,14.44404,14.39775,14.44404,64800
EVF,2023-11-24 02:26:00,14.44404,14.58293,14.44404,14.58293,74900
EVF,2023-11-24 02:27:00,14.58293,14.76811,14.58293,14.76811,72600
EVF,2023-11-24 02:28:00,14.76811,14.8144,14.76811,14.8144,2800
EVF,2023-11-24 02:29:00,14.8144,14.8144,14.76811,14.8144,1700
EVF,2023-11-24 02:30:00,14.8144,14.8144,14.76811,14.76811,16700
EVF,2023-11-24 02:31:00,14.76811,14.8144,14.76811,14.8144,3300
EVF,2023-11-24 02:32:00,14.8144,14.8144,14.76811,14.76811,23900
EVF,2023-11-24 02:33:00,14.76811,14.76811,14.76811,14.76811,2100
EVF,2023-11-24 02:34:00,14.76811,14.76811,14.76811,14.76811,31300
EVF,2023-11-24 02:35:00,14.76811,14.76811,14.72181,14.72181,31200
EVF,2023-11-24 02:36:00,14.72181,14.72181,14.67552,14.67552,17000
EVF,2023-11-24 02:37:00,14.72181,14.72181,14.67552,14.67552,140900
EVF,2023-11-24 02:38:00,14.67552,14.67552,14.67552,14.67552,3300
EVF,2023-11-24 02:39:00,14.67552,14.67552,14.67552,14.67552,19600
EVF,2023-11-24 02:41:00,14.67552,14.67552,14.62922,14.62922,28000
EVF,2023-11-24 02:42:00,14.44404,14.58293,14.44404,14.58293,50100
EVF,2023-11-24 02:43:00,14.58293,14.58293,14.49034,14.49034,5300
EVF,2023-11-24 02:44:00,14.49034,14.53663,14.49034,14.49034,34100
EVF,2023-11-24 02:45:00,14.49034,14.53663,14.49034,14.53663,3100
EVF,2023-11-24 02:46:00,14.49034,14.49034,14.49034,14.49034,22300
EVF,2023-11-24 02:47:00,14.49034,14.49034,14.49034,14.49034,600
EVF,2023-11-24 02:48:00,14.53663,14.53663,14.53663,14.53663,600
EVF,2023-11-24 02:49:00,14.53663,14.53663,14.49034,14.49034,31000
EVF,2023-11-24 02:50:00,14.49034,14.53663,14.49034,14.53663,18300
EVF,2023-11-24 02:51:00,14.53663,14.53663,14.53663,14.53663,11000
EVF,2023-11-24 02:52:00,14.53663,14.53663,14.53663,14.53663,1500
EVF,2023-11-24 02:53:00,14.53663,14.53663,14.53663,14.53663,16400
EVF,2023-11-24 02:54:00,14.53663,14.53663,14.49034,14.49034,3100
EVF,2023-11-24 02:55:00,14.49034,14.53663,14.49034,14.53663,3000
EVF,2023-11-24 02:56:00,14.53663,14.53663,14.53663,14.53663,3100
EVF,2023-11-24 02:57:00,14.53663,14.53663,14.53663,14.53663,400
EVF,2023-11-24 02:59:00,14.53663,14.53663,14.53663,14.53663,10100
EVF,2023-11-24 03:00:00,14.53663,14.53663,14.53663,14.53663,1500
EVF,2023-11-24 03:01:00,14.53663,14.53663,14.53663,14.53663,5700
EVF,2023-11-24 03:02:00,14.58293,14.58293,14.44404,14.44404,73000
EVF,2023-11-24 03:03:00,14.44404,14.49034,14.44404,14.49034,800
EVF,2023-11-24 03:04:00,14.49034,14.49034,14.49034,14.49034,3500
EVF,2023-11-24 03:05:00,14.49034,14.49034,14.49034,14.49034,800
EVF,2023-11-24 03:08:00,14.44404,14.49034,14.44404,14.44404,31200
EVF,2023-11-24 03:09:00,14.44404,14.49034,14.44404,14.49034,2000
EVF,2023-11-24 03:10:00,14.49034,14.49034,14.49034,14.49034,600
EVF,2023-11-24 03:11:00,14.49034,14.49034,14.49034,14.49034,1000
EVF,2023-11-24 03:12:00,14.49034,14.49034,14.49034,14.49034,200
EVF,2023-11-24 03:14:00,14.49034,14.49034,14.49034,14.49034,2200
EVF,2023-11-24 03:15:00,14.44404,14.44404,14.35145,14.35145,128500
EVF,2023-11-24 03:16:00,14.35145,14.35145,14.35145,14.35145,56000
EVF,2023-11-24 03:17:00,14.30516,14.35145,14.30516,14.35145,700
EVF,2023-11-24 03:18:00,14.35145,14.44404,14.35145,14.35145,6300
EVF,2023-11-24 03:19:00,14.35145,14.35145,14.35145,14.35145,1600
EVF,2023-11-24 03:21:00,14.35145,14.35145,14.35145,14.35145,17700
EVF,2023-11-24 03:22:00,14.39775,14.39775,14.35145,14.39775,23000
EVF,2023-11-24 03:23:00,14.39775,14.44404,14.39775,14.44404,43300
EVF,2023-11-24 03:24:00,14.44404,14.49034,14.44404,14.49034,2300
EVF,2023-11-24 03:25:00,14.49034,14.49034,14.44404,14.44404,61000
EVF,2023-11-24 03:26:00,14.44404,14.44404,14.44404,14.44404,28200
EVF,2023-11-24 03:27:00,14.44404,14.44404,14.44404,14.44404,2500
EVF,2023-11-24 03:28:00,14.49034,14.53663,14.49034,14.53663,8600
EVF,2023-11-24 03:29:00,14.53663,14.53663,14.53663,14.53663,300
EVF,2023-11-24 03:31:00,14.49034,14.49034,14.49034,14.49034,2200
EVF,2023-11-24 03:32:00,14.49034,14.53663,14.49034,14.53663,19600
EVF,2023-11-24 03:33:00,14.58293,14.58293,14.58293,14.58293,5900
EVF,2023-11-24 03:34:00,14.58293,14.58293,14.53663,14.53663,12000
EVF,2023-11-24 03:36:00,14.53663,14.53663,14.53663,14.53663,600
EVF,2023-11-24 03:37:00,14.58293,14.58293,14.58293,14.58293,50700
EVF,2023-11-24 03:38:00,14.53663,14.53663,14.53663,14.53663,2200
EVF,2023-11-24 03:40:00,14.53663,14.53663,14.53663,14.53663,400
EVF,2023-11-24 03:42:00,14.53663,14.53663,14.53663,14.53663,100
EVF,2023-11-24 03:45:00,14.58293,14.58293,14.58293,14.58293,300
EVF,2023-11-24 03:46:00,14.58293,14.58293,14.58293,14.58293,600
EVF,2023-11-24 03:47:00,14.58293,14.58293,14.58293,14.58293,300
EVF,2023-11-24 03:49:00,14.58293,14.58293,14.58293,14.58293,14500
EVF,2023-11-24 03:50:00,14.58293,14.58293,14.58293,14.58293,300
EVF,2023-11-24 03:51:00,14.58293,14.58293,14.58293,14.58293,800
EVF,2023-11-24 03:53:00,14.58293,14.58293,14.58293,14.58293,7000
EVF,2023-11-24 03:55:00,14.53663,14.53663,14.53663,14.53663,200
EVF,2023-11-24 03:57:00,14.53663,14.53663,14.53663,14.53663,2300
EVF,2023-11-24 03:59:00,14.53663,14.53663,14.53663,14.53663,1000
EVF,2023-11-24 04:03:00,14.49034,14.49034,14.49034,14.49034,1000
EVF,2023-11-24 04:05:00,14.49034,14.53663,14.49034,14.53663,1600
EVF,2023-11-24 04:08:00,14.49034,14.49034,14.49034,14.49034,58400
EVF,2023-11-24 04:09:00,14.49034,14.49034,14.44404,14.44404,4000
EVF,2023-11-24 04:10:00,14.44404,14.44404,14.44404,14.44404,4000
EVF,2023-11-24 04:11:00,14.44404,14.44404,14.44404,14.44404,33000
EVF,2023-11-24 04:13:00,14.44404,14.44404,14.44404,14.44404,2000
EVF,2023-11-24 04:14:00,14.44404,14.44404,14.44404,14.44404,700
EVF,2023-11-24 04:15:00,14.44404,14.44404,14.44404,14.44404,1000
EVF,2023-11-24 04:16:00,14.49034,14.49034,14.49034,14.49034,11500
EVF,2023-11-24 04:17:00,14.44404,14.44404,14.44404,14.44404,20800
EVF,2023-11-24 04:18:00,14.44404,14.44404,14.44404,14.44404,600
EVF,2023-11-24 04:19:00,14.44404,14.44404,14.44404,14.44404,300
EVF,2023-11-24 04:20:00,14.39775,14.39775,14.39775,14.39775,56600
EVF,2023-11-24 04:21:00,14.39775,14.39775,14.39775,14.39775,1600
EVF,2023-11-24 04:22:00,14.39775,14.39775,14.35145,14.35145,38300
EVF,2023-11-24 04:23:00,14.35145,14.35145,14.30516,14.30516,52100
EVF,2023-11-24 04:24:00,14.30516,14.30516,14.30516,14.30516,34500
EVF,2023-11-24 04:25:00,14.30516,14.35145,14.30516,14.35145,6300
EVF,2023-11-24 04:26:00,14.35145,14.35145,14.35145,14.35145,2100
EVF,2023-11-24 04:27:00,14.35145,14.35145,14.30516,14.30516,52000
EVF,2023-11-24 04:28:00,14.35145,14.35145,14.35145,14.35145,9300
EVF,2023-11-24 04:29:00,14.35145,14.39775,14.35145,14.39775,32100
EVF,2023-11-24 06:00:00,14.35145,14.35145,14.25886,14.35145,114300
EVF,2023-11-24 06:01:00,14.35145,14.35145,14.35145,14.35145,100
EVF,2023-11-24 06:02:00,14.30516,14.35145,14.30516,14.35145,3100
EVF,2023-11-24 06:03:00,14.35145,14.35145,14.30516,14.30516,4900
EVF,2023-11-24 06:04:00,14.30516,14.30516,14.30516,14.30516,1000
EVF,2023-11-24 06:05:00,14.30516,14.30516,14.25886,14.25886,98100
EVF,2023-11-24 06:06:00,14.30516,14.30516,14.25886,14.30516,3200
EVF,2023-11-24 06:07:00,14.30516,14.30516,14.30516,14.30516,900
EVF,2023-11-24 06:08:00,14.30516,14.30516,14.30516,14.30516,15000
EVF,2023-11-24 06:09:00,14.35145,14.35145,14.35145,14.35145,9200
EVF,2023-11-24 06:10:00,14.35145,14.35145,14.35145,14.35145,1300
EVF,2023-11-24 06:12:00,14.35145,14.35145,14.35145,14.35145,25100
EVF,2023-11-24 06:13:00,14.30516,14.30516,14.30516,14.30516,100
EVF,2023-11-24 06:14:00,14.30516,14.30516,14.30516,14.30516,200
EVF,2023-11-24 06:16:00,14.35145,14.35145,14.35145,14.35145,14800
EVF,2023-11-24 06:17:00,14.39775,14.39775,14.39775,14.39775,500
EVF,2023-11-24 06:18:00,14.39775,14.39775,14.35145,14.35145,17800
EVF,2023-11-24 06:19:00,14.35145,14.35145,14.35145,14.35145,12300
EVF,2023-11-24 06:20:00,14.39775,14.39775,14.39775,14.39775,3900
EVF,2023-11-24 06:21:00,14.39775,14.39775,14.39775,14.39775,43000
EVF,2023-11-24 06:22:00,14.44404,14.44404,14.44404,14.44404,51000
EVF,2023-11-24 06:23:00,14.44404,14.44404,14.39775,14.39775,30400
EVF,2023-11-24 06:24:00,14.39775,14.53663,14.39775,14.53663,148900
EVF,2023-11-24 06:25:00,14.53663,14.62922,14.53663,14.62922,111700
EVF,2023-11-24 06:26:00,14.67552,14.67552,14.67552,14.67552,30600
EVF,2023-11-24 06:27:00,14.67552,14.67552,14.62922,14.67552,6700
EVF,2023-11-24 06:28:00,14.67552,14.67552,14.58293,14.58293,37100
EVF,2023-11-24 06:29:00,14.58293,14.62922,14.58293,14.58293,4200
EVF,2023-11-24 06:30:00,14.58293,14.58293,14.53663,14.53663,1700
EVF,2023-11-24 06:31:00,14.58293,14.58293,14.58293,14.58293,3600
EVF,2023-11-24 06:32:00,14.58293,14.58293,14.58293,14.58293,1100
EVF,2023-11-24 06:33:00,14.58293,14.58293,14.53663,14.53663,3900
EVF,2023-11-24 06:34:00,14.53663,14.53663,14.53663,14.53663,500
EVF,2023-11-24 06:35:00,14.53663,14.53663,14.53663,14.53663,4300
EVF,2023-11-24 06:37:00,14.58293,14.58293,14.53663,14.53663,11300
EVF,2023-11-24 06:38:00,14.53663,14.53663,14.53663,14.53663,14300
EVF,2023-11-24 06:39:00,14.53663,14.58293,14.53663,14.58293,2100
EVF,2023-11-24 06:40:00,14.58293,14.58293,14.58293,14.58293,500
EVF,2023-11-24 06:41:00,14.58293,14.62922,14.58293,14.62922,6000
EVF,2023-11-24 06:42:00,14.67552,14.72181,14.67552,14.72181,39500
EVF,2023-11-24 06:43:00,14.72181,14.72181,14.72181,14.72181,50800
EVF,2023-11-24 06:44:00,14.72181,14.72181,14.72181,14.72181,600
EVF,2023-11-24 06:45:00,14.76811,14.76811,14.76811,14.76811,17700
EVF,2023-11-24 06:46:00,14.72181,14.72181,14.67552,14.67552,22900
EVF,2023-11-24 06:48:00,14.67552,14.67552,14.62922,14.62922,15200
EVF,2023-11-24 06:49:00,14.62922,14.62922,14.62922,14.62922,28600
EVF,2023-11-24 06:50:00,14.58293,14.58293,14.58293,14.58293,52000
EVF,2023-11-24 06:51:00,14.53663,14.53663,14.53663,14.53663,3500
EVF,2023-11-24 06:52:00,14.53663,14.53663,14.44404,14.44404,55100
EVF,2023-11-24 06:54:00,14.44404,14.44404,14.35145,14.35145,352300
EVF,2023-11-24 06:55:00,14.30516,14.44404,14.30516,14.44404,41700
EVF,2023-11-24 06:56:00,14.44404,14.44404,14.44404,14.44404,60200
EVF,2023-11-24 06:57:00,14.44404,14.44404,14.44404,14.44404,9100
EVF,2023-11-24 06:58:00,14.44404,14.44404,14.44404,14.44404,2000
EVF,2023-11-24 07:00:00,14.44404,14.44404,14.44404,14.44404,5400
EVF,2023-11-24 07:03:00,14.49034,14.49034,14.49034,14.49034,1000
EVF,2023-11-24 07:05:00,14.53663,14.53663,14.53663,14.53663,15200
EVF,2023-11-24 07:06:00,14.53663,14.53663,14.53663,14.53663,600
EVF,2023-11-24 07:07:00,14.53663,14.53663,14.44404,14.44404,10500
EVF,2023-11-24 07:08:00,14.44404,14.44404,14.39775,14.39775,44400
EVF,2023-11-24 07:09:00,14.39775,14.39775,14.39775,14.39775,900
EVF,2023-11-24 07:10:00,14.39775,14.39775,14.39775,14.39775,1800
EVF,2023-11-24 07:11:00,14.39775,14.39775,14.35145,14.35145,2600
EVF,2023-11-24 07:12:00,14.35145,14.44404,14.35145,14.44404,62300
EVF,2023-11-24 07:13:00,14.35145,14.35145,14.35145,14.35145,10000
EVF,2023-11-24 07:14:00,14.35145,14.35145,14.30516,14.30516,57000
EVF,2023-11-24 07:15:00,14.30516,14.30516,14.30516,14.30516,140700
EVF,2023-11-24 07:16:00,14.30516,14.30516,14.16627,14.21257,129300
EVF,2023-11-24 07:17:00,14.21257,14.21257,14.16627,14.16627,134100
EVF,2023-11-24 07:18:00,14.16627,14.35145,14.16627,14.35145,98000
EVF,2023-11-24 07:19:00,14.30516,14.35145,14.30516,14.35145,58600
EVF,2023-11-24 07:20:00,14.35145,14.35145,14.30516,14.30516,21600
EVF,2023-11-24 07:21:00,14.30516,14.35145,14.30516,14.35145,38000
EVF,2023-11-24 07:22:00,14.35145,14.44404,14.35145,14.44404,32300
EVF,2023-11-24 07:23:00,14.44404,14.44404,14.44404,14.44404,31000
EVF,2023-11-24 07:24:00,14.44404,14.49034,14.44404,14.49034,27900
EVF,2023-11-24 07:25:00,14.49034,14.49034,14.44404,14.44404,6400
EVF,2023-11-24 07:26:00,14.44404,14.62922,14.44404,14.62922,87600
EVF,2023-11-24 07:27:00,14.62922,14.62922,14.62922,14.62922,33700
EVF,2023-11-24 07:28:00,14.53663,14.72181,14.53663,14.72181,89200
EVF,2023-11-24 07:29:00,14.67552,14.76811,14.67552,14.76811,12000
EVF,2023-11-24 07:45:00,14.72181,14.72181,14.72181,14.72181,214400
EVF,2023-11-27 02:15:00,14.8144,14.8144,14.8144,14.8144,83300
EVF,2023-11-27 02:16:00,14.8144,14.8144,14.72181,14.72181,2600
EVF,2023-11-27 02:17:00,14.72181,14.72181,14.72181,14.72181,7300
EVF,2023-11-27 02:18:00,14.8144,14.8144,14.8144,14.8144,5000
EVF,2023-11-27 02:19:00,14.8144,14.8144,14.8144,14.8144,500
EVF,2023-11-27 02:21:00,14.72181,14.72181,14.72181,14.72181,1200
EVF,2023-11-27 02:23:00,14.72181,14.8144,14.72181,14.8144,20200
EVF,2023-11-27 02:24:00,14.8144,15.04588,14.8144,15.04588,13700
EVF,2023-11-27 02:25:00,15.09217,15.18476,15.09217,15.18476,39400
EVF,2023-11-27 02:26:00,15.04588,15.04588,15.04588,15.04588,500
EVF,2023-11-27 02:27:00,15.04588,15.04588,15.04588,15.04588,500
EVF,2023-11-27 02:28:00,14.8144,14.8144,14.8144,14.8144,84400
EVF,2023-11-27 02:29:00,14.8144,14.8144,14.8144,14.8144,1100
EVF,2023-11-27 02:30:00,14.8144,14.8144,14.8144,14.8144,3000
EVF,2023-11-27 02:32:00,14.8144,14.8144,14.8144,14.8144,2000
EVF,2023-11-27 02:33:00,14.8144,15.09217,14.8144,15.09217,5000
EVF,2023-11-27 02:37:00,14.99958,14.99958,14.99958,14.99958,500
EVF,2023-11-27 02:38:00,14.99958,14.99958,14.99958,14.99958,800
EVF,2023-11-27 02:39:00,14.99958,14.99958,14.8607,14.8607,1800
EVF,2023-11-27 02:40:00,14.8607,14.8607,14.8607,14.8607,300
EVF,2023-11-27 02:44:00,14.8607,14.8607,14.8607,14.8607,1500
EVF,2023-11-27 02:46:00,14.90699,14.90699,14.90699,14.90699,30300
EVF,2023-11-27 02:47:00,14.90699,14.90699,14.90699,14.90699,1300
EVF,2023-11-27 02:48:00,14.90699,14.90699,14.90699,14.90699,300
EVF,2023-11-27 02:49:00,14.90699,14.90699,14.90699,14.90699,1000
EVF,2023-11-27 02:51:00,14.90699,14.90699,14.90699,14.90699,9300
EVF,2023-11-27 02:52:00,14.90699,14.90699,14.90699,14.90699,42900
EVF,2023-11-27 02:54:00,14.90699,14.90699,14.90699,14.90699,31500
EVF,2023-11-27 02:56:00,14.90699,14.90699,14.90699,14.90699,600
EVF,2023-11-27 02:57:00,14.8607,14.8607,14.8607,14.8607,55400
EVF,2023-11-27 03:00:00,14.8607,14.8607,14.8607,14.8607,2000
EVF,2023-11-27 03:01:00,14.8607,14.8607,14.8607,14.8607,2800
EVF,2023-11-27 03:02:00,14.8607,14.8607,14.8607,14.8607,20900
EVF,2023-11-27 03:04:00,14.8607,14.8607,14.8607,14.8607,1300
EVF,2023-11-27 03:05:00,14.8607,14.8607,14.8607,14.8607,1800
EVF,2023-11-27 03:06:00,14.8607,14.8607,14.8607,14.8607,5500
EVF,2023-11-27 03:07:00,14.8144,14.8144,14.8144,14.8144,100000
EVF,2023-11-27 03:08:00,14.8144,14.8144,14.8144,14.8144,3800
EVF,2023-11-27 03:09:00,14.8144,14.8144,14.72181,14.72181,178700
EVF,2023-11-27 03:10:00,14.72181,14.72181,14.72181,14.72181,93800
EVF,2023-11-27 03:11:00,14.72181,14.72181,14.72181,14.72181,100
EVF,2023-11-27 03:12:00,14.72181,14.72181,14.72181,14.72181,100
EVF,2023-11-27 03:13:00,14.72181,14.72181,14.72181,14.72181,10100
EVF,2023-11-27 03:14:00,14.72181,14.76811,14.72181,14.76811,20300
EVF,2023-11-27 03:16:00,14.76811,14.76811,14.72181,14.72181,42800
EVF,2023-11-27 03:17:00,14.72181,14.72181,14.72181,14.72181,10100
EVF,2023-11-27 03:18:00,14.72181,14.72181,14.72181,14.72181,3100
EVF,2023-11-27 03:19:00,14.72181,14.72181,14.72181,14.72181,1800
EVF,2023-11-27 03:20:00,14.76811,14.76811,14.72181,14.72181,3600
EVF,2023-11-27 03:21:00,14.72181,14.72181,14.67552,14.72181,6600
EVF,2023-11-27 03:23:00,14.72181,14.72181,14.72181,14.72181,7300
EVF,2023-11-27 03:24:00,14.72181,14.72181,14.72181,14.72181,3400
EVF,2023-11-27 03:25:00,14.72181,14.76811,14.72181,14.76811,41700
EVF,2023-11-27 03:26:00,14.8144,14.8144,14.8144,14.8144,23400
EVF,2023-11-27 03:27:00,14.8144,14.8144,14.8144,14.8144,9900
EVF,2023-11-27 03:28:00,14.8144,14.8144,14.8144,14.8144,10700
EVF,2023-11-27 03:29:00,14.8144,14.8144,14.8144,14.8144,3200
EVF,2023-11-27 03:30:00,14.8144,14.8144,14.8144,14.8144,21200
EVF,2023-11-27 03:31:00,14.8607,14.8607,14.8607,14.8607,49000
EVF,2023-11-27 03:32:00,14.8607,14.8607,14.8607,14.8607,50000
EVF,2023-11-27 03:33:00,14.8607,14.8607,14.8607,14.8607,3600
EVF,2023-11-27 03:35:00,14.8144,14.8144,14.8144,14.8144,9600
EVF,2023-11-27 03:37:00,14.8144,14.8144,14.8144,14.8144,600
EVF,2023-11-27 03:39:00,14.8144,14.8144,14.8144,14.8144,5000
EVF,2023-11-27 03:40:00,14.76811,14.8144,14.76811,14.8144,1400
EVF,2023-11-27 03:41:00,14.76811,14.76811,14.67552,14.67552,75300
EVF,2023-11-27 03:42:00,14.67552,14.67552,14.67552,14.67552,84100
EVF,2023-11-27 03:43:00,14.62922,14.62922,14.62922,14.62922,6300
EVF,2023-11-27 03:44:00,14.72181,14.72181,14.72181,14.72181,1500
EVF,2023-11-27 03:46:00,14.62922,14.62922,14.62922,14.62922,6400
EVF,2023-11-27 03:50:00,14.72181,14.72181,14.72181,14.72181,2000
EVF,2023-11-27 03:51:00,14.72181,14.72181,14.72181,14.72181,700
EVF,2023-11-27 03:53:00,14.72181,14.72181,14.72181,14.72181,5000
EVF,2023-11-27 03:55:00,14.72181,14.72181,14.72181,14.72181,1100
EVF,2023-11-27 04:00:00,14.67552,14.67552,14.67552,14.67552,3900
EVF,2023-11-27 04:02:00,14.62922,14.62922,14.58293,14.58293,67200
EVF,2023-11-27 04:03:00,14.53663,14.53663,14.53663,14.53663,17700
EVF,2023-11-27 04:04:00,14.53663,14.53663,14.44404,14.44404,68000
EVF,2023-11-27 04:07:00,14.53663,14.53663,14.53663,14.53663,300
EVF,2023-11-27 04:08:00,14.53663,14.53663,14.53663,14.53663,1000
EVF,2023-11-27 04:09:00,14.53663,14.53663,14.53663,14.53663,18800
EVF,2023-11-27 04:10:00,14.53663,14.62922,14.53663,14.62922,18300
EVF,2023-11-27 04:11:00,14.58293,14.58293,14.58293,14.58293,16800
EVF,2023-11-27 04:12:00,14.53663,14.53663,14.44404,14.44404,53900
EVF,2023-11-27 04:13:00,14.44404,14.44404,14.39775,14.39775,93700
EVF,2023-11-27 04:14:00,14.44404,14.44404,14.39775,14.39775,58000
EVF,2023-11-27 04:15:00,14.39775,14.39775,14.39775,14.39775,50000
EVF,2023-11-27 04:17:00,14.39775,14.44404,14.39775,14.44404,68500
EVF,2023-11-27 04:18:00,14.44404,14.44404,14.44404,14.44404,15700
EVF,2023-11-27 04:19:00,14.44404,14.44404,14.44404,14.44404,1900
EVF,2023-11-27 04:20:00,14.44404,14.53663,14.44404,14.53663,73000
EVF,2023-11-27 04:21:00,14.53663,14.53663,14.53663,14.53663,800
EVF,2023-11-27 04:22:00,14.58293,14.58293,14.58293,14.58293,300
EVF,2023-11-27 04:23:00,14.58293,14.58293,14.58293,14.58293,800
EVF,2023-11-27 04:24:00,14.58293,14.62922,14.58293,14.62922,55100
EVF,2023-11-27 04:25:00,14.62922,14.67552,14.62922,14.67552,75100
EVF,2023-11-27 04:27:00,14.76811,14.76811,14.76811,14.76811,23800
EVF,2023-11-27 04:28:00,14.76811,14.76811,14.76811,14.76811,5000
EVF,2023-11-27 04:29:00,14.76811,14.76811,14.72181,14.72181,7100
EVF,2023-11-27 06:00:00,14.67552,14.67552,14.67552,14.67552,5600
EVF,2023-11-27 06:01:00,14.67552,14.67552,14.67552,14.67552,100
EVF,2023-11-27 06:02:00,14.67552,14.67552,14.67552,14.67552,500
EVF,2023-11-27 06:03:00,14.67552,14.67552,14.67552,14.67552,6800
EVF,2023-11-27 06:04:00,14.62922,14.62922,14.62922,14.62922,1400
EVF,2023-11-27 06:05:00,14.62922,14.62922,14.62922,14.62922,43200
EVF,2023-11-27 06:06:00,14.58293,14.58293,14.53663,14.53663,83900
EVF,2023-11-27 06:07:00,14.53663,14.53663,14.53663,14.53663,3000
EVF,2023-11-27 06:08:00,14.53663,14.53663,14.49034,14.49034,42200
EVF,2023-11-27 06:09:00,14.49034,14.49034,14.44404,14.44404,34100
EVF,2023-11-27 06:10:00,14.44404,14.44404,14.39775,14.44404,18600
EVF,2023-11-27 06:11:00,14.44404,14.44404,14.44404,14.44404,4200
EVF,2023-11-27 06:12:00,14.44404,14.44404,14.39775,14.39775,71900
EVF,2023-11-27 06:13:00,14.39775,14.39775,14.39775,14.39775,1500
EVF,2023-11-27 06:14:00,14.44404,14.44404,14.39775,14.39775,33100
EVF,2023-11-27 06:15:00,14.39775,14.44404,14.39775,14.44404,52100
EVF,2023-11-27 06:16:00,14.44404,14.44404,14.44404,14.44404,3600
EVF,2023-11-27 06:17:00,14.39775,14.44404,14.39775,14.39775,31400
EVF,2023-11-27 06:18:00,14.39775,14.39775,14.39775,14.39775,10000
EVF,2023-11-27 06:19:00,14.39775,14.39775,14.35145,14.39775,9900
EVF,2023-11-27 06:20:00,14.39775,14.39775,14.35145,14.39775,101000
EVF,2023-11-27 06:21:00,14.35145,14.35145,14.35145,14.35145,12100
EVF,2023-11-27 06:22:00,14.35145,14.35145,14.35145,14.35145,28600
EVF,2023-11-27 06:23:00,14.35145,14.35145,14.35145,14.35145,19300
EVF,2023-11-27 06:24:00,14.35145,14.35145,14.35145,14.35145,91700
EVF,2023-11-27 06:25:00,14.30516,14.30516,14.30516,14.30516,26500
EVF,2023-11-27 06:26:00,14.30516,14.35145,14.30516,14.35145,600
EVF,2023-11-27 06:27:00,14.35145,14.35145,14.30516,14.35145,23300
EVF,2023-11-27 06:28:00,14.35145,14.44404,14.35145,14.44404,89000
EVF,2023-11-27 06:29:00,14.39775,14.39775,14.39775,14.39775,21000
EVF,2023-11-27 06:30:00,14.39775,14.39775,14.39775,14.39775,1700
EVF,2023-11-27 06:31:00,14.39775,14.44404,14.35145,14.44404,151800
EVF,2023-11-27 06:32:00,14.35145,14.35145,14.35145,14.35145,31200
EVF,2023-11-27 06:33:00,14.35145,14.35145,14.35145,14.35145,19800
EVF,2023-11-27 06:34:00,14.35145,14.35145,14.35145,14.35145,8800
EVF,2023-11-27 06:35:00,14.35145,14.35145,14.30516,14.30516,79600
EVF,2023-11-27 06:36:00,14.30516,14.35145,14.30516,14.35145,31600
EVF,2023-11-27 06:37:00,14.35145,14.35145,14.35145,14.35145,54700
EVF,2023-11-27 06:38:00,14.35145,14.35145,14.30516,14.35145,91700
EVF,2023-11-27 06:39:00,14.35145,14.39775,14.30516,14.39775,56900
EVF,2023-11-27 06:40:00,14.39775,14.39775,14.35145,14.35145,30000
EVF,2023-11-27 06:41:00,14.39775,14.39775,14.35145,14.35145,21200
EVF,2023-11-27 06:43:00,14.35145,14.39775,14.35145,14.35145,42100
EVF,2023-11-27 06:44:00,14.39775,14.39775,14.35145,14.35145,4000
EVF,2023-11-27 06:45:00,14.35145,14.35145,14.35145,14.35145,1100
EVF,2023-11-27 06:47:00,14.35145,14.39775,14.35145,14.39775,20700
EVF,2023-11-27 06:48:00,14.39775,14.39775,14.35145,14.35145,11300
EVF,2023-11-27 06:49:00,14.39775,14.39775,14.35145,14.35145,57000
EVF,2023-11-27 06:50:00,14.35145,14.39775,14.35145,14.35145,65500
EVF,2023-11-27 06:51:00,14.35145,14.39775,14.35145,14.39775,50500
EVF,2023-11-27 06:52:00,14.39775,14.39775,14.35145,14.35145,52500
EVF,2023-11-27 06:53:00,14.35145,14.35145,14.30516,14.30516,50700
EVF,2023-11-27 06:54:00,14.30516,14.35145,14.30516,14.35145,3300
EVF,2023-11-27 06:55:00,14.35145,14.35145,14.35145,14.35145,31100
EVF,2023-11-27 06:56:00,14.35145,14.35145,14.35145,14.35145,18200
EVF,2023-11-27 06:57:00,14.39775,14.44404,14.39775,14.44404,141600
EVF,2023-11-27 06:58:00,14.39775,14.39775,14.39775,14.39775,20100
EVF,2023-11-27 06:59:00,14.44404,14.44404,14.44404,14.44404,23000
EVF,2023-11-27 07:00:00,14.44404,14.49034,14.44404,14.49034,103300
EVF,2023-11-27 07:01:00,14.49034,14.53663,14.49034,14.53663,3600
EVF,2023-11-27 07:02:00,14.53663,14.58293,14.53663,14.58293,57900
EVF,2023-11-27 07:03:00,14.58293,14.58293,14.58293,14.58293,4700
EVF,2023-11-27 07:04:00,14.58293,14.58293,14.58293,14.58293,29500
EVF,2023-11-27 07:05:00,14.58293,14.67552,14.58293,14.67552,75900
EVF,2023-11-27 07:06:00,14.67552,14.67552,14.67552,14.67552,6200
EVF,2023-11-27 07:07:00,14.67552,14.67552,14.62922,14.62922,68000
EVF,2023-11-27 07:08:00,14.62922,14.62922,14.62922,14.62922,700
EVF,2023-11-27 07:09:00,14.62922,14.62922,14.58293,14.58293,60800
EVF,2023-11-27 07:11:00,14.58293,14.58293,14.53663,14.53663,8000
EVF,2023-11-27 07:12:00,14.53663,14.58293,14.53663,14.58293,27000
EVF,2023-11-27 07:13:00,14.58293,14.72181,14.58293,14.67552,102300
EVF,2023-11-27 07:14:00,14.72181,14.76811,14.72181,14.76811,112600
EVF,2023-11-27 07:15:00,14.76811,14.8144,14.76811,14.8144,122500
EVF,2023-11-27 07:16:00,14.8144,14.8607,14.8144,14.8607,159400
EVF,2023-11-27 07:17:00,14.8607,14.90699,14.8607,14.90699,58000
EVF,2023-11-27 07:18:00,14.90699,14.95329,14.8144,14.95329,97900
EVF,2023-11-27 07:19:00,14.95329,14.95329,14.90699,14.95329,90900
EVF,2023-11-27 07:20:00,14.8607,14.90699,14.8607,14.90699,112600
EVF,2023-11-27 07:21:00,14.95329,14.99958,14.95329,14.99958,265000
EVF,2023-11-27 07:22:00,14.99958,14.99958,14.8144,14.8144,130000
EVF,2023-11-27 07:23:00,14.8144,14.8144,14.8144,14.8144,47900
EVF,2023-11-27 07:24:00,14.8144,14.8144,14.8144,14.8144,5700
EVF,2023-11-27 07:25:00,14.8144,14.90699,14.76811,14.76811,50100
EVF,2023-11-27 07:26:00,14.76811,14.76811,14.72181,14.72181,95600
EVF,2023-11-27 07:27:00,14.72181,14.72181,14.72181,14.72181,54400
EVF,2023-11-27 07:28:00,14.67552,14.67552,14.67552,14.67552,7500
EVF,2023-11-27 07:29:00,14.67552,14.67552,14.67552,14.67552,25400
EVF,2023-11-27 07:45:00,14.76811,14.76811,14.76811,14.76811,504700
EVF,2023-11-28 02:15:00,15.27735,15.27735,15.18476,15.18476,391100
EVF,2023-11-28 02:16:00,15.18476,15.18476,15.18476,15.18476,24100
EVF,2023-11-28 02:17:00,15.18476,15.18476,15.09217,15.09217,97600
EVF,2023-11-28 02:18:00,15.18476,15.18476,15.04588,15.04588,13800
EVF,2023-11-28 02:19:00,15.04588,15.04588,14.99958,14.99958,55900
EVF,2023-11-28 02:20:00,14.95329,14.99958,14.95329,14.99958,12000
EVF,2023-11-28 02:21:00,14.99958,15.04588,14.99958,15.04588,11400
EVF,2023-11-28 02:22:00,15.04588,15.04588,15.04588,15.04588,2000
EVF,2023-11-28 02:23:00,15.04588,15.04588,15.04588,15.04588,4100
EVF,2023-11-28 02:24:00,14.99958,14.99958,14.99958,14.99958,1100
EVF,2023-11-28 02:25:00,14.99958,14.99958,14.95329,14.95329,3800
EVF,2023-11-28 02:26:00,14.95329,14.95329,14.95329,14.95329,6500
EVF,2023-11-28 02:27:00,14.95329,14.95329,14.95329,14.95329,26800
EVF,2023-11-28 02:28:00,14.99958,14.99958,14.99958,14.99958,20000
EVF,2023-11-28 02:29:00,15.04588,15.09217,15.04588,15.09217,83700
EVF,2023-11-28 02:30:00,15.04588,15.13847,15.04588,15.09217,17000
EVF,2023-11-28 02:31:00,15.09217,15.13847,15.09217,15.13847,76300
EVF,2023-11-28 02:32:00,15.13847,15.23106,15.13847,15.18476,97000
EVF,2023-11-28 02:33:00,15.23106,15.27735,15.18476,15.27735,69500
EVF,2023-11-28 02:34:00,15.23106,15.27735,15.23106,15.23106,187600
EVF,2023-11-28 02:35:00,15.23106,15.36994,15.23106,15.36994,184700
EVF,2023-11-28 02:36:00,15.27735,15.32365,15.27735,15.27735,44300
EVF,2023-11-28 02:37:00,15.27735,15.27735,15.09217,15.09217,67300
EVF,2023-11-28 02:38:00,15.09217,15.09217,14.95329,14.99958,120800
EVF,2023-11-28 02:39:00,14.99958,15.04588,14.95329,15.04588,9900
EVF,2023-11-28 02:40:00,14.95329,14.95329,14.90699,14.95329,31600
EVF,2023-11-28 02:41:00,14.95329,14.95329,14.95329,14.95329,14300
EVF,2023-11-28 02:42:00,14.95329,14.95329,14.95329,14.95329,27300
EVF,2023-11-28 02:43:00,14.95329,14.95329,14.95329,14.95329,5000
EVF,2023-11-28 02:44:00,14.95329,14.95329,14.95329,14.95329,3800
EVF,2023-11-28 02:45:00,14.95329,14.95329,14.95329,14.95329,27200
EVF,2023-11-28 02:46:00,14.99958,14.99958,14.99958,14.99958,13000
EVF,2023-11-28 02:47:00,14.95329,14.95329,14.95329,14.95329,7000
EVF,2023-11-28 02:48:00,14.95329,14.95329,14.95329,14.95329,4900
EVF,2023-11-28 02:49:00,14.95329,14.95329,14.90699,14.90699,108100
EVF,2023-11-28 02:52:00,14.90699,14.90699,14.90699,14.90699,4500
EVF,2023-11-28 02:53:00,14.8607,14.8607,14.8607,14.8607,600
EVF,2023-11-28 02:54:00,14.8607,14.8607,14.8607,14.8607,14500
EVF,2023-11-28 02:55:00,14.90699,14.95329,14.90699,14.95329,61700
EVF,2023-11-28 02:56:00,14.95329,14.95329,14.95329,14.95329,11000
EVF,2023-11-28 02:59:00,14.95329,14.95329,14.95329,14.95329,1700
EVF,2023-11-28 03:00:00,14.95329,14.95329,14.95329,14.95329,400
EVF,2023-11-28 03:03:00,14.90699,14.90699,14.90699,14.90699,1000
EVF,2023-11-28 03:04:00,14.90699,14.90699,14.90699,14.90699,57000
EVF,2023-11-28 03:06:00,14.8607,14.8607,14.8607,14.8607,1000
EVF,2023-11-28 03:07:00,14.8607,14.8607,14.8607,14.8607,500
EVF,2023-11-28 03:08:00,14.8607,14.8607,14.8607,14.8607,64600
EVF,2023-11-28 03:09:00,14.8144,14.8144,14.8144,14.8144,97400
EVF,2023-11-28 03:10:00,14.76811,14.76811,14.76811,14.76811,140200
EVF,2023-11-28 03:11:00,14.72181,14.72181,14.67552,14.67552,192000
EVF,2023-11-28 03:12:00,14.62922,14.67552,14.62922,14.67552,74300
EVF,2023-11-28 03:13:00,14.67552,14.67552,14.67552,14.67552,6700
EVF,2023-11-28 03:14:00,14.67552,14.72181,14.67552,14.72181,22700
EVF,2023-11-28 03:15:00,14.72181,14.72181,14.72181,14.72181,5000
EVF,2023-11-28 03:16:00,14.72181,14.8144,14.72181,14.8144,147500
EVF,2023-11-28 03:17:00,14.8144,14.8144,14.8144,14.8144,55000
EVF,2023-11-28 03:18:00,14.76811,14.76811,14.67552,14.67552,196700
EVF,2023-11-28 03:19:00,14.67552,14.67552,14.67552,14.67552,60000
EVF,2023-11-28 03:20:00,14.72181,14.76811,14.72181,14.76811,6000
EVF,2023-11-28 03:21:00,14.76811,14.76811,14.67552,14.67552,85000
EVF,2023-11-28 03:22:00,14.67552,14.67552,14.62922,14.62922,100100
EVF,2023-11-28 03:23:00,14.62922,14.62922,14.62922,14.62922,1600
EVF,2023-11-28 03:24:00,14.72181,14.72181,14.72181,14.72181,10000
EVF,2023-11-28 03:25:00,14.72181,14.72181,14.72181,14.72181,200
EVF,2023-11-28 03:27:00,14.72181,14.72181,14.72181,14.72181,2400
EVF,2023-11-28 03:28:00,14.72181,14.76811,14.72181,14.76811,63100
EVF,2023-11-28 03:29:00,14.76811,14.76811,14.76811,14.76811,3000
EVF,2023-11-28 03:32:00,14.8144,14.8144,14.76811,14.76811,24100
EVF,2023-11-28 03:33:00,14.76811,14.76811,14.72181,14.72181,21500
EVF,2023-11-28 03:34:00,14.72181,14.72181,14.67552,14.67552,3900
EVF,2023-11-28 03:37:00,14.67552,14.67552,14.62922,14.62922,100700
EVF,2023-11-28 03:38:00,14.62922,14.67552,14.62922,14.67552,35000
EVF,2023-11-28 03:39:00,14.67552,14.72181,14.62922,14.72181,74200
EVF,2023-11-28 03:42:00,14.67552,14.72181,14.67552,14.72181,35000
EVF,2023-11-28 03:43:00,14.72181,14.76811,14.72181,14.76811,65000
EVF,2023-11-28 03:44:00,14.76811,14.76811,14.76811,14.76811,2000
EVF,2023-11-28 03:45:00,14.72181,14.72181,14.72181,14.72181,200
EVF,2023-11-28 03:46:00,14.72181,14.72181,14.72181,14.72181,8300
EVF,2023-11-28 03:47:00,14.72181,14.76811,14.72181,14.76811,15000
EVF,2023-11-28 03:48:00,14.76811,14.76811,14.76811,14.76811,5000
EVF,2023-11-28 03:49:00,14.76811,14.76811,14.76811,14.76811,20000
EVF,2023-11-28 03:50:00,14.76811,14.76811,14.76811,14.76811,6800
EVF,2023-11-28 03:51:00,14.76811,14.76811,14.76811,14.76811,26200
EVF,2023-11-28 03:52:00,14.76811,14.8144,14.76811,14.8144,45000
EVF,2023-11-28 03:53:00,14.8144,14.8144,14.8144,14.8144,100
EVF,2023-11-28 03:55:00,14.76811,14.76811,14.76811,14.76811,1000
EVF,2023-11-28 03:56:00,14.76811,14.76811,14.76811,14.76811,500
EVF,2023-11-28 03:57:00,14.72181,14.72181,14.62922,14.62922,92000
EVF,2023-11-28 03:58:00,14.62922,14.62922,14.62922,14.62922,5500
EVF,2023-11-28 03:59:00,14.62922,14.62922,14.62922,14.62922,15000
EVF,2023-11-28 04:00:00,14.62922,14.62922,14.62922,14.62922,5100
EVF,2023-11-28 04:01:00,14.62922,14.62922,14.62922,14.62922,9900
EVF,2023-11-28 04:03:00,14.62922,14.62922,14.62922,14.62922,400
EVF,2023-11-28 04:04:00,14.62922,14.62922,14.62922,14.62922,300
EVF,2023-11-28 04:05:00,14.62922,14.62922,14.62922,14.62922,500
EVF,2023-11-28 04:06:00,14.62922,14.62922,14.62922,14.62922,8800
EVF,2023-11-28 04:07:00,14.62922,14.62922,14.62922,14.62922,13400
EVF,2023-11-28 04:08:00,14.62922,14.62922,14.58293,14.58293,88300
EVF,2023-11-28 04:09:00,14.58293,14.58293,14.53663,14.53663,3300
EVF,2023-11-28 04:10:00,14.53663,14.53663,14.53663,14.53663,600
EVF,2023-11-28 04:11:00,14.53663,14.53663,14.49034,14.49034,201800
EVF,2023-11-28 04:13:00,14.44404,14.44404,14.44404,14.44404,800
EVF,2023-11-28 04:15:00,14.49034,14.49034,14.49034,14.49034,1000
EVF,2023-11-28 04:16:00,14.49034,14.53663,14.49034,14.53663,9100
EVF,2023-11-28 04:18:00,14.53663,14.58293,14.44404,14.44404,45700
EVF,2023-11-28 04:19:00,14.44404,14.49034,14.44404,14.49034,9200
EVF,2023-11-28 04:22:00,14.49034,14.49034,14.49034,14.49034,3000
EVF,2023-11-28 04:23:00,14.53663,14.53663,14.53663,14.53663,3300
EVF,2023-11-28 04:25:00,14.53663,14.62922,14.53663,14.58293,67400
EVF,2023-11-28 04:26:00,14.67552,14.76811,14.67552,14.76811,52200
EVF,2023-11-28 04:27:00,14.72181,14.72181,14.72181,14.72181,5000
EVF,2023-11-28 04:28:00,14.76811,14.76811,14.72181,14.72181,20300
EVF,2023-11-28 04:29:00,14.72181,14.76811,14.72181,14.76811,18800
EVF,2023-11-28 06:00:00,14.76811,14.76811,14.44404,14.72181,84700
EVF,2023-11-28 06:01:00,14.49034,14.49034,14.49034,14.49034,1000
EVF,2023-11-28 06:02:00,14.49034,14.49034,14.49034,14.49034,800
EVF,2023-11-28 06:03:00,14.49034,14.49034,14.49034,14.49034,15400
EVF,2023-11-28 06:04:00,14.44404,14.49034,14.44404,14.44404,2300
EVF,2023-11-28 06:05:00,14.49034,14.49034,14.49034,14.49034,64800
EVF,2023-11-28 06:06:00,14.44404,14.49034,14.44404,14.49034,11000
EVF,2023-11-28 06:07:00,14.53663,14.53663,14.53663,14.53663,200
EVF,2023-11-28 06:08:00,14.53663,14.53663,14.49034,14.49034,10200
EVF,2023-11-28 06:09:00,14.49034,14.49034,14.44404,14.44404,33700
EVF,2023-11-28 06:10:00,14.44404,14.44404,14.44404,14.44404,1000
EVF,2023-11-28 06:11:00,14.49034,14.49034,14.44404,14.44404,13700
EVF,2023-11-28 06:12:00,14.44404,14.44404,14.44404,14.44404,2300
EVF,2023-11-28 06:13:00,14.44404,14.44404,14.44404,14.44404,10000
EVF,2023-11-28 06:14:00,14.44404,14.44404,14.44404,14.44404,13000
EVF,2023-11-28 06:15:00,14.44404,14.44404,14.44404,14.44404,20000
EVF,2023-11-28 06:16:00,14.44404,14.44404,14.44404,14.44404,14200
EVF,2023-11-28 06:17:00,14.44404,14.49034,14.44404,14.49034,16600
EVF,2023-11-28 06:18:00,14.49034,14.62922,14.49034,14.62922,46300
EVF,2023-11-28 06:19:00,14.62922,14.62922,14.58293,14.58293,29100
EVF,2023-11-28 06:20:00,14.62922,14.62922,14.62922,14.62922,30500
EVF,2023-11-28 06:21:00,14.62922,14.72181,14.62922,14.72181,58700
EVF,2023-11-28 06:22:00,14.72181,14.72181,14.72181,14.72181,3400
EVF,2023-11-28 06:23:00,14.72181,14.76811,14.72181,14.76811,29400
EVF,2023-11-28 06:24:00,14.76811,14.8144,14.76811,14.8144,92500
EVF,2023-11-28 06:25:00,14.8144,14.8607,14.8144,14.8607,137600
EVF,2023-11-28 06:26:00,14.90699,14.95329,14.90699,14.95329,91700
EVF,2023-11-28 06:27:00,14.95329,14.95329,14.95329,14.95329,59000
EVF,2023-11-28 06:28:00,14.95329,15.04588,14.95329,15.04588,131300
EVF,2023-11-28 06:29:00,14.90699,14.95329,14.90699,14.90699,9400
EVF,2023-11-28 06:30:00,14.90699,14.90699,14.67552,14.67552,158000
EVF,2023-11-28 06:31:00,14.72181,14.72181,14.72181,14.72181,600
EVF,2023-11-28 06:32:00,14.72181,14.72181,14.72181,14.72181,10000
EVF,2023-11-28 06:34:00,14.72181,14.72181,14.72181,14.72181,100
EVF,2023-11-28 06:35:00,14.72181,14.76811,14.72181,14.76811,84600
EVF,2023-11-28 06:36:00,14.8144,14.90699,14.8144,14.90699,50500
EVF,2023-11-28 06:37:00,14.90699,14.90699,14.90699,14.90699,30000
EVF,2023-11-28 06:38:00,14.90699,15.04588,14.90699,15.04588,81900
EVF,2023-11-28 06:39:00,15.04588,15.13847,15.04588,15.13847,155400
EVF,2023-11-28 06:40:00,15.13847,15.13847,15.09217,15.09217,19700
EVF,2023-11-28 06:41:00,15.09217,15.18476,15.04588,15.18476,115500
EVF,2023-11-28 06:42:00,15.18476,15.18476,14.99958,14.99958,19800
EVF,2023-11-28 06:43:00,14.99958,15.09217,14.99958,15.09217,27000
EVF,2023-11-28 06:44:00,15.09217,15.09217,14.76811,14.76811,16000
EVF,2023-11-28 06:46:00,14.76811,14.76811,14.76811,14.76811,68600
EVF,2023-11-28 06:47:00,14.72181,14.72181,14.67552,14.72181,14600
EVF,2023-11-28 06:48:00,14.72181,14.72181,14.72181,14.72181,20000
EVF,2023-11-28 06:49:00,14.72181,14.72181,14.72181,14.72181,22200
EVF,2023-11-28 06:50:00,14.72181,14.72181,14.72181,14.72181,16300
EVF,2023-11-28 06:51:00,14.72181,14.76811,14.72181,14.76811,33300
EVF,2023-11-28 06:52:00,14.8144,14.8144,14.8144,14.8144,4500
EVF,2023-11-28 06:53:00,14.8144,14.99958,14.8144,14.99958,151900
EVF,2023-11-28 06:54:00,15.04588,15.04588,15.04588,15.04588,1100
EVF,2023-11-28 06:56:00,15.04588,15.04588,14.99958,14.99958,35400
EVF,2023-11-28 06:57:00,14.99958,14.99958,14.99958,14.99958,34600
EVF,2023-11-28 06:58:00,14.99958,15.09217,14.99958,15.09217,116100
EVF,2023-11-28 06:59:00,15.13847,15.23106,15.13847,15.23106,258400
EVF,2023-11-28 07:00:00,15.23106,15.23106,15.23106,15.23106,58600
EVF,2023-11-28 07:01:00,15.13847,15.13847,15.09217,15.09217,28000
EVF,2023-11-28 07:02:00,15.09217,15.09217,15.09217,15.09217,8700
EVF,2023-11-28 07:03:00,15.04588,15.04588,15.04588,15.04588,21000
EVF,2023-11-28 07:04:00,15.04588,15.04588,15.04588,15.04588,5000
EVF,2023-11-28 07:05:00,15.04588,15.09217,15.04588,15.09217,4000
EVF,2023-11-28 07:06:00,15.09217,15.09217,15.09217,15.09217,7000
EVF,2023-11-28 07:07:00,15.09217,15.09217,15.09217,15.09217,700
EVF,2023-11-28 07:08:00,15.09217,15.09217,15.09217,15.09217,5000
EVF,2023-11-28 07:09:00,15.09217,15.09217,15.04588,15.09217,1600
EVF,2023-11-28 07:10:00,15.04588,15.04588,15.04588,15.04588,13000
EVF,2023-11-28 07:11:00,15.04588,15.04588,15.04588,15.04588,2200
EVF,2023-11-28 07:12:00,15.09217,15.09217,15.09217,15.09217,39500
EVF,2023-11-28 07:13:00,15.09217,15.09217,15.09217,15.09217,10500
EVF,2023-11-28 07:14:00,15.09217,15.09217,14.99958,14.99958,10100
EVF,2023-11-28 07:15:00,14.99958,14.99958,14.99958,14.99958,26100
EVF,2023-11-28 07:16:00,14.99958,14.99958,14.99958,14.99958,27600
EVF,2023-11-28 07:17:00,14.99958,14.99958,14.99958,14.99958,4300
EVF,2023-11-28 07:18:00,14.99958,14.99958,14.99958,14.99958,24300
EVF,2023-11-28 07:19:00,14.90699,14.90699,14.90699,14.90699,4700
EVF,2023-11-28 07:20:00,14.90699,14.95329,14.90699,14.95329,2600
EVF,2023-11-28 07:21:00,14.95329,14.95329,14.95329,14.95329,1100
EVF,2023-11-28 07:22:00,14.95329,14.95329,14.95329,14.95329,100
EVF,2023-11-28 07:23:00,14.95329,14.95329,14.95329,14.95329,5200
EVF,2023-11-28 07:24:00,14.95329,14.95329,14.95329,14.95329,100
EVF,2023-11-28 07:25:00,14.99958,14.99958,14.95329,14.95329,63800
EVF,2023-11-28 07:27:00,14.95329,14.99958,14.95329,14.99958,11100
EVF,2023-11-28 07:28:00,14.99958,15.09217,14.99958,15.09217,19600
EVF,2023-11-28 07:29:00,15.09217,15.09217,15.09217,15.09217,1000
EVF,2023-11-28 07:45:00,15.18476,15.18476,15.18476,15.18476,249500
EVF,2023-11-29 02:15:00,15.27735,15.27735,15.27735,15.27735,169300
EVF,2023-11-29 02:16:00,15.23106,15.23106,15.23106,15.23106,100
EVF,2023-11-29 02:17:00,15.23106,15.23106,15.18476,15.23106,38400
EVF,2023-11-29 02:18:00,15.18476,15.23106,15.18476,15.23106,9800
EVF,2023-11-29 02:19:00,15.23106,15.23106,15.18476,15.18476,6800
EVF,2023-11-29 02:20:00,15.18476,15.18476,15.18476,15.18476,1500
EVF,2023-11-29 02:21:00,15.18476,15.23106,15.18476,15.23106,2400
EVF,2023-11-29 02:22:00,15.18476,15.23106,15.18476,15.23106,10300
EVF,2023-11-29 02:23:00,15.23106,15.27735,15.23106,15.27735,95500
EVF,2023-11-29 02:24:00,15.27735,15.27735,15.23106,15.23106,11000
EVF,2023-11-29 02:25:00,15.27735,15.32365,15.27735,15.32365,83300
EVF,2023-11-29 02:26:00,15.32365,15.32365,15.27735,15.27735,42500
EVF,2023-11-29 02:27:00,15.32365,15.32365,15.27735,15.32365,20000
EVF,2023-11-29 02:28:00,15.32365,15.32365,15.23106,15.23106,134700
EVF,2023-11-29 02:29:00,15.23106,15.23106,15.18476,15.18476,20100
EVF,2023-11-29 02:30:00,15.18476,15.18476,15.13847,15.13847,129600
EVF,2023-11-29 02:31:00,15.09217,15.09217,15.04588,15.04588,70400
EVF,2023-11-29 02:32:00,15.04588,15.04588,15.04588,15.04588,300
EVF,2023-11-29 02:33:00,15.04588,15.04588,15.04588,15.04588,4900
EVF,2023-11-29 02:34:00,15.09217,15.09217,15.04588,15.04588,10200
EVF,2023-11-29 02:35:00,15.09217,15.09217,15.09217,15.09217,20000
EVF,2023-11-29 02:36:00,15.09217,15.09217,15.09217,15.09217,40000
EVF,2023-11-29 02:37:00,15.04588,15.09217,15.04588,15.09217,1700
EVF,2023-11-29 02:38:00,15.09217,15.09217,15.09217,15.09217,4500
EVF,2023-11-29 02:39:00,15.09217,15.09217,15.09217,15.09217,4500
EVF,2023-11-29 02:40:00,15.09217,15.09217,15.09217,15.09217,1600
EVF,2023-11-29 02:41:00,15.04588,15.04588,15.04588,15.04588,10000
EVF,2023-11-29 02:42:00,15.09217,15.09217,15.09217,15.09217,200
EVF,2023-11-29 02:43:00,15.09217,15.09217,15.09217,15.09217,300
EVF,2023-11-29 02:44:00,15.13847,15.13847,15.13847,15.13847,6300
EVF,2023-11-29 02:45:00,15.18476,15.23106,15.18476,15.23106,56900
EVF,2023-11-29 02:46:00,15.18476,15.18476,15.18476,15.18476,2000
EVF,2023-11-29 02:47:00,15.13847,15.13847,15.13847,15.13847,16200
EVF,2023-11-29 02:48:00,15.13847,15.13847,15.13847,15.13847,26000
EVF,2023-11-29 02:49:00,15.13847,15.13847,15.09217,15.09217,18300
EVF,2023-11-29 02:50:00,15.09217,15.09217,15.09217,15.09217,9300
EVF,2023-11-29 02:51:00,15.04588,15.04588,15.04588,15.04588,88500
EVF,2023-11-29 02:53:00,15.04588,15.04588,14.99958,14.99958,22100
EVF,2023-11-29 02:54:00,15.04588,15.04588,14.90699,14.95329,110900
EVF,2023-11-29 02:55:00,14.95329,14.95329,14.90699,14.90699,3000
EVF,2023-11-29 02:56:00,14.90699,14.90699,14.90699,14.90699,32300
EVF,2023-11-29 02:57:00,14.90699,14.90699,14.90699,14.90699,5300
EVF,2023-11-29 02:58:00,14.95329,14.95329,14.95329,14.95329,10000
EVF,2023-11-29 02:59:00,14.95329,14.95329,14.90699,14.95329,36400
EVF,2023-11-29 03:00:00,14.90699,14.90699,14.90699,14.90699,15000
EVF,2023-11-29 03:01:00,14.90699,14.90699,14.90699,14.90699,44100
EVF,2023-11-29 03:02:00,14.95329,14.95329,14.95329,14.95329,16600
EVF,2023-11-29 03:03:00,14.99958,14.99958,14.95329,14.95329,23600
EVF,2023-11-29 03:04:00,14.95329,14.95329,14.90699,14.90699,18000
EVF,2023-11-29 03:07:00,14.90699,14.90699,14.90699,14.90699,30000
EVF,2023-11-29 03:08:00,14.90699,14.95329,14.90699,14.95329,300
EVF,2023-11-29 03:09:00,14.95329,14.95329,14.8607,14.8607,18100
EVF,2023-11-29 03:10:00,14.8607,14.8607,14.8607,14.8607,5400
EVF,2023-11-29 03:12:00,14.8607,14.8607,14.8607,14.8607,600
EVF,2023-11-29 03:13:00,14.8607,14.8607,14.8607,14.8607,67100
EVF,2023-11-29 03:14:00,14.8607,14.8607,14.8607,14.8607,6100
EVF,2023-11-29 03:15:00,14.8607,14.8607,14.8607,14.8607,5900
EVF,2023-11-29 03:16:00,14.8607,14.8607,14.8607,14.8607,13500
EVF,2023-11-29 03:17:00,14.8607,14.8607,14.8144,14.8607,2100
EVF,2023-11-29 03:18:00,14.8607,14.8607,14.8144,14.8144,1200
EVF,2023-11-29 03:19:00,14.8144,14.8144,14.8144,14.8144,28100
EVF,2023-11-29 03:20:00,14.8144,14.8144,14.8144,14.8144,1600
EVF,2023-11-29 03:21:00,14.8144,14.8144,14.8144,14.8144,90500
EVF,2023-11-29 03:22:00,14.8144,14.8144,14.8144,14.8144,8000
EVF,2023-11-29 03:23:00,14.8144,14.8144,14.8144,14.8144,500
EVF,2023-11-29 03:24:00,14.8144,14.8607,14.8144,14.8144,13100
EVF,2023-11-29 03:25:00,14.8144,14.8144,14.8144,14.8144,5700
EVF,2023-11-29 03:26:00,14.8144,14.8144,14.8144,14.8144,100
EVF,2023-11-29 03:27:00,14.8144,14.8144,14.8144,14.8144,800
EVF,2023-11-29 03:28:00,14.76811,14.8144,14.76811,14.8144,10700
EVF,2023-11-29 03:29:00,14.8144,14.8144,14.8144,14.8144,400
EVF,2023-11-29 03:31:00,14.8144,14.8607,14.8144,14.8607,1200
EVF,2023-11-29 03:32:00,14.8607,14.8607,14.8607,14.8607,200
EVF,2023-11-29 03:34:00,14.8607,14.8607,14.8607,14.8607,100
EVF,2023-11-29 03:35:00,14.8607,14.8607,14.8607,14.8607,300
EVF,2023-11-29 03:36:00,14.8607,14.8607,14.8607,14.8607,1100
EVF,2023-11-29 03:37:00,14.8607,14.8607,14.8607,14.8607,300
EVF,2023-11-29 03:38:00,14.8607,14.8607,14.8144,14.8144,32500
EVF,2023-11-29 03:39:00,14.8144,14.8607,14.8144,14.8607,38900
EVF,2023-11-29 03:41:00,14.8607,14.99958,14.8607,14.99958,113700
EVF,2023-11-29 03:43:00,14.99958,15.09217,14.99958,15.09217,40000
EVF,2023-11-29 03:44:00,15.09217,15.13847,15.09217,15.09217,91700
EVF,2023-11-29 03:45:00,15.09217,15.18476,15.09217,15.13847,47600
EVF,2023-11-29 03:46:00,15.18476,15.18476,15.18476,15.18476,42100
EVF,2023-11-29 03:47:00,15.18476,15.18476,15.13847,15.13847,58700
EVF,2023-11-29 03:48:00,15.13847,15.18476,15.13847,15.13847,43100
EVF,2023-11-29 03:49:00,15.13847,15.13847,15.13847,15.13847,5100
EVF,2023-11-29 03:50:00,15.13847,15.13847,15.13847,15.13847,3000
EVF,2023-11-29 03:51:00,15.13847,15.23106,15.13847,15.18476,74800
EVF,2023-11-29 03:52:00,15.18476,15.18476,15.18476,15.18476,25400
EVF,2023-11-29 03:54:00,15.18476,15.18476,15.13847,15.13847,36100
EVF,2023-11-29 03:55:00,15.13847,15.13847,15.13847,15.13847,7500
EVF,2023-11-29 03:56:00,15.13847,15.13847,15.13847,15.13847,15100
EVF,2023-11-29 03:57:00,15.13847,15.13847,15.09217,15.09217,15700
EVF,2023-11-29 03:58:00,14.90699,14.90699,14.8144,14.8144,35500
EVF,2023-11-29 04:00:00,14.90699,14.90699,14.90699,14.90699,10500
EVF,2023-11-29 04:01:00,14.90699,14.90699,14.8607,14.8607,12500
EVF,2023-11-29 04:02:00,14.8607,14.8607,14.8607,14.8607,8600
EVF,2023-11-29 04:03:00,14.8607,14.8607,14.8607,14.8607,1300
EVF,2023-11-29 04:04:00,14.8607,14.8607,14.8607,14.8607,200
EVF,2023-11-29 04:05:00,14.8607,14.8607,14.8607,14.8607,4000
EVF,2023-11-29 04:06:00,14.8607,14.8607,14.8607,14.8607,14200
EVF,2023-11-29 04:07:00,14.8607,14.90699,14.8607,14.90699,400
EVF,2023-11-29 04:08:00,14.90699,14.90699,14.90699,14.90699,100
EVF,2023-11-29 04:09:00,14.90699,14.90699,14.8607,14.8607,29100
EVF,2023-11-29 04:10:00,14.8607,14.8607,14.8607,14.8607,100
EVF,2023-11-29 04:11:00,14.8607,14.8607,14.8607,14.8607,15000
EVF,2023-11-29 04:12:00,14.8607,14.8607,14.8607,14.8607,35000
EVF,2023-11-29 04:13:00,14.8607,14.8607,14.8607,14.8607,17700
EVF,2023-11-29 04:14:00,14.8607,14.8607,14.8607,14.8607,200
EVF,2023-11-29 04:16:00,14.8607,14.8607,14.8607,14.8607,12100
EVF,2023-11-29 04:17:00,14.8607,14.8607,14.8607,14.8607,39200
EVF,2023-11-29 04:18:00,14.8607,14.8607,14.8607,14.8607,800
EVF,2023-11-29 04:20:00,14.8607,14.8607,14.8607,14.8607,16800
EVF,2023-11-29 04:21:00,14.90699,14.90699,14.90699,14.90699,23600
EVF,2023-11-29 04:22:00,14.90699,14.95329,14.90699,14.95329,54300
EVF,2023-11-29 04:24:00,15.04588,15.04588,15.04588,15.04588,2000
EVF,2023-11-29 04:25:00,15.09217,15.13847,15.09217,15.13847,38600
EVF,2023-11-29 04:26:00,15.09217,15.09217,15.09217,15.09217,6900
EVF,2023-11-29 04:27:00,15.09217,15.09217,15.09217,15.09217,6200
EVF,2023-11-29 04:29:00,14.95329,14.99958,14.95329,14.99958,23800
EVF,2023-11-29 06:00:00,14.95329,14.95329,14.90699,14.90699,41300
EVF,2023-11-29 06:01:00,14.90699,14.90699,14.90699,14.90699,3000
EVF,2023-11-29 06:02:00,14.95329,14.95329,14.95329,14.95329,500
EVF,2023-11-29 06:04:00,14.90699,14.95329,14.90699,14.95329,57400
EVF,2023-11-29 06:05:00,14.95329,14.99958,14.95329,14.99958,38200
EVF,2023-11-29 06:06:00,14.99958,14.99958,14.99958,14.99958,28700
EVF,2023-11-29 06:07:00,15.04588,15.04588,14.99958,14.99958,2000
EVF,2023-11-29 06:09:00,14.99958,14.99958,14.95329,14.95329,27700
EVF,2023-11-29 06:10:00,14.95329,14.95329,14.95329,14.95329,8100
EVF,2023-11-29 06:12:00,14.95329,14.95329,14.95329,14.95329,500
EVF,2023-11-29 06:13:00,14.8607,14.90699,14.8607,14.90699,1800
EVF,2023-11-29 06:14:00,14.90699,14.90699,14.90699,14.90699,42200
EVF,2023-11-29 06:15:00,14.8607,14.8607,14.8607,14.8607,1900
EVF,2023-11-29 06:16:00,14.8607,14.8607,14.8607,14.8607,24500
EVF,2023-11-29 06:17:00,14.8607,14.8607,14.8607,14.8607,19900
EVF,2023-11-29 06:18:00,14.8144,14.8607,14.8144,14.8607,27100
EVF,2023-11-29 06:19:00,14.8607,14.8607,14.8607,14.8607,15700
EVF,2023-11-29 06:20:00,14.8607,14.90699,14.8607,14.90699,32200
EVF,2023-11-29 06:21:00,14.90699,14.90699,14.90699,14.90699,24100
EVF,2023-11-29 06:22:00,14.90699,14.90699,14.90699,14.90699,26500
EVF,2023-11-29 06:23:00,14.90699,14.90699,14.8607,14.90699,22300
EVF,2023-11-29 06:24:00,14.95329,14.95329,14.95329,14.95329,20000
EVF,2023-11-29 06:25:00,14.95329,14.95329,14.95329,14.95329,22500
EVF,2023-11-29 06:26:00,14.99958,14.99958,14.99958,14.99958,70800
EVF,2023-11-29 06:27:00,14.99958,14.99958,14.99958,14.99958,62500
EVF,2023-11-29 06:28:00,14.95329,14.95329,14.95329,14.95329,100
EVF,2023-11-29 06:30:00,14.90699,14.90699,14.90699,14.90699,51200
EVF,2023-11-29 06:31:00,14.90699,14.90699,14.90699,14.90699,300
EVF,2023-11-29 06:32:00,14.90699,14.90699,14.90699,14.90699,10100
EVF,2023-11-29 06:33:00,14.90699,14.90699,14.90699,14.90699,14400
EVF,2023-11-29 06:34:00,14.95329,14.95329,14.95329,14.95329,20000
EVF,2023-11-29 06:35:00,14.95329,14.95329,14.95329,14.95329,6900
EVF,2023-11-29 06:36:00,14.95329,14.99958,14.95329,14.99958,25100
EVF,2023-11-29 06:38:00,14.90699,14.90699,14.90699,14.90699,27600
EVF,2023-11-29 06:40:00,14.8607,14.8607,14.8607,14.8607,79500
EVF,2023-11-29 06:41:00,14.8607,14.8607,14.8607,14.8607,3900
EVF,2023-11-29 06:42:00,14.8607,14.90699,14.8607,14.90699,66600
EVF,2023-11-29 06:43:00,14.90699,14.95329,14.90699,14.90699,62200
EVF,2023-11-29 06:44:00,14.90699,15.04588,14.90699,15.04588,75700
EVF,2023-11-29 06:45:00,15.04588,15.13847,15.04588,15.13847,39100
EVF,2023-11-29 06:46:00,15.13847,15.13847,15.13847,15.13847,110400
EVF,2023-11-29 06:47:00,15.13847,15.13847,15.13847,15.13847,25100
EVF,2023-11-29 06:48:00,15.13847,15.18476,15.13847,15.18476,168100
EVF,2023-11-29 06:49:00,15.18476,15.18476,15.18476,15.18476,80900
EVF,2023-11-29 06:50:00,15.18476,15.23106,15.18476,15.23106,84000
EVF,2023-11-29 06:51:00,15.18476,15.23106,15.18476,15.18476,147000
EVF,2023-11-29 06:52:00,15.18476,15.23106,15.18476,15.18476,153500
EVF,2023-11-29 06:53:00,15.18476,15.27735,15.18476,15.18476,131100
EVF,2023-11-29 06:54:00,15.18476,15.27735,15.18476,15.18476,212200
EVF,2023-11-29 06:55:00,15.27735,15.32365,15.27735,15.32365,164500
EVF,2023-11-29 06:56:00,15.18476,15.18476,15.13847,15.13847,115400
EVF,2023-11-29 06:57:00,15.18476,15.18476,15.18476,15.18476,9700
EVF,2023-11-29 06:59:00,15.18476,15.18476,15.18476,15.18476,50900
EVF,2023-11-29 07:00:00,15.13847,15.18476,15.13847,15.18476,50500
EVF,2023-11-29 07:01:00,15.18476,15.18476,15.18476,15.18476,900
EVF,2023-11-29 07:02:00,15.18476,15.18476,15.18476,15.18476,61100
EVF,2023-11-29 07:03:00,15.18476,15.18476,15.18476,15.18476,50600
EVF,2023-11-29 07:04:00,15.18476,15.18476,15.13847,15.13847,2200
EVF,2023-11-29 07:05:00,15.13847,15.13847,15.13847,15.13847,37000
EVF,2023-11-29 07:06:00,15.13847,15.18476,15.13847,15.18476,51400
EVF,2023-11-29 07:07:00,15.18476,15.18476,15.18476,15.18476,30200
EVF,2023-11-29 07:08:00,15.18476,15.23106,15.18476,15.23106,63900
EVF,2023-11-29 07:09:00,15.23106,15.23106,15.18476,15.23106,15700
EVF,2023-11-29 07:10:00,15.23106,15.23106,15.23106,15.23106,900
EVF,2023-11-29 07:11:00,15.18476,15.23106,15.18476,15.23106,278600
EVF,2023-11-29 07:12:00,15.23106,15.23106,15.23106,15.23106,130800
EVF,2023-11-29 07:13:00,15.27735,15.36994,15.27735,15.32365,206900
EVF,2023-11-29 07:14:00,15.36994,15.36994,15.32365,15.32365,100000
EVF,2023-11-29 07:15:00,15.32365,15.36994,15.27735,15.27735,192600
EVF,2023-11-29 07:16:00,15.27735,15.32365,15.23106,15.32365,231400
EVF,2023-11-29 07:17:00,15.32365,15.32365,15.23106,15.23106,22800
EVF,2023-11-29 07:18:00,15.27735,15.27735,15.23106,15.23106,77200
EVF,2023-11-29 07:19:00,15.23106,15.23106,15.23106,15.23106,1200
EVF,2023-11-29 07:20:00,15.23106,15.23106,15.23106,15.23106,100
EVF,2023-11-29 07:21:00,15.23106,15.23106,15.23106,15.23106,54500
EVF,2023-11-29 07:22:00,15.23106,15.23106,15.23106,15.23106,21900
EVF,2023-11-29 07:23:00,15.27735,15.27735,15.23106,15.23106,5500
EVF,2023-11-29 07:24:00,15.27735,15.27735,15.18476,15.23106,146700
EVF,2023-11-29 07:25:00,15.18476,15.18476,15.18476,15.18476,3000
EVF,2023-11-29 07:26:00,15.18476,15.23106,15.18476,15.23106,40200
EVF,2023-11-29 07:27:00,15.18476,15.18476,15.18476,15.18476,9000
EVF,2023-11-29 07:28:00,15.23106,15.23106,15.23106,15.23106,20000
EVF,2023-11-29 07:29:00,15.18476,15.23106,15.18476,15.18476,18500
EVF,2023-11-29 07:45:00,15.27735,15.27735,15.27735,15.27735,225100
EVF,2023-11-30 02:15:00,15.36994,15.36994,15.36994,15.36994,185100
EVF,2023-11-30 02:16:00,15.27735,15.27735,15.27735,15.27735,4100
EVF,2023-11-30 02:17:00,15.18476,15.18476,15.18476,15.18476,3600
EVF,2023-11-30 02:20:00,15.23106,15.23106,15.23106,15.23106,5400
EVF,2023-11-30 02:21:00,15.23106,15.27735,15.23106,15.27735,34000
EVF,2023-11-30 02:22:00,15.27735,15.27735,15.27735,15.27735,42900
EVF,2023-11-30 02:23:00,15.27735,15.32365,15.27735,15.32365,16300
EVF,2023-11-30 02:24:00,15.32365,15.36994,15.32365,15.36994,86500
EVF,2023-11-30 02:25:00,15.36994,15.36994,15.36994,15.36994,20300
EVF,2023-11-30 02:26:00,15.36994,15.41624,15.36994,15.36994,30900
EVF,2023-11-30 02:27:00,15.36994,15.36994,15.36994,15.36994,11400
EVF,2023-11-30 02:28:00,15.36994,15.36994,15.32365,15.36994,54500
EVF,2023-11-30 02:29:00,15.32365,15.32365,15.32365,15.32365,45900
EVF,2023-11-30 02:31:00,15.27735,15.27735,15.27735,15.27735,71500
EVF,2023-11-30 02:32:00,15.27735,15.27735,15.23106,15.23106,6400
EVF,2023-11-30 02:33:00,15.23106,15.23106,15.23106,15.23106,90000
EVF,2023-11-30 02:34:00,15.23106,15.23106,15.18476,15.18476,4500
EVF,2023-11-30 02:35:00,15.18476,15.18476,15.18476,15.18476,65000
EVF,2023-11-30 02:36:00,15.18476,15.23106,15.18476,15.18476,6100
EVF,2023-11-30 02:37:00,15.18476,15.18476,15.18476,15.18476,20600
EVF,2023-11-30 02:38:00,15.18476,15.18476,15.18476,15.18476,16100
EVF,2023-11-30 02:39:00,15.18476,15.18476,15.18476,15.18476,40000
EVF,2023-11-30 02:40:00,15.18476,15.18476,15.18476,15.18476,2000
EVF,2023-11-30 02:41:00,15.18476,15.18476,15.18476,15.18476,5500
EVF,2023-11-30 02:42:00,15.18476,15.18476,15.18476,15.18476,18500
EVF,2023-11-30 02:43:00,15.18476,15.23106,15.18476,15.23106,6500
EVF,2023-11-30 02:44:00,15.23106,15.23106,15.23106,15.23106,1900
EVF,2023-11-30 02:45:00,15.23106,15.23106,15.23106,15.23106,155500
EVF,2023-11-30 02:46:00,15.27735,15.27735,15.27735,15.27735,2000
EVF,2023-11-30 02:47:00,15.27735,15.36994,15.27735,15.36994,200600
EVF,2023-11-30 02:48:00,15.36994,15.36994,15.36994,15.36994,65200
EVF,2023-11-30 02:49:00,15.36994,15.36994,15.36994,15.36994,16300
EVF,2023-11-30 02:50:00,15.36994,15.36994,15.36994,15.36994,22300
EVF,2023-11-30 02:51:00,15.36994,15.36994,15.32365,15.32365,31400
EVF,2023-11-30 02:52:00,15.27735,15.27735,15.27735,15.27735,700
EVF,2023-11-30 02:53:00,15.27735,15.36994,15.27735,15.36994,24000
EVF,2023-11-30 02:54:00,15.36994,15.36994,15.36994,15.36994,400
EVF,2023-11-30 02:55:00,15.27735,15.27735,15.27735,15.27735,15000
EVF,2023-11-30 02:56:00,15.36994,15.36994,15.36994,15.36994,5100
EVF,2023-11-30 02:57:00,15.27735,15.27735,15.27735,15.27735,5500
EVF,2023-11-30 02:58:00,15.27735,15.27735,15.27735,15.27735,3700
EVF,2023-11-30 02:59:00,15.32365,15.32365,15.32365,15.32365,23000
EVF,2023-11-30 03:00:00,15.32365,15.32365,15.32365,15.32365,1900
EVF,2023-11-30 03:01:00,15.32365,15.32365,15.32365,15.32365,100
EVF,2023-11-30 03:02:00,15.32365,15.36994,15.32365,15.36994,22300
EVF,2023-11-30 03:03:00,15.36994,15.36994,15.36994,15.36994,5600
EVF,2023-11-30 03:04:00,15.36994,15.36994,15.36994,15.36994,200
EVF,2023-11-30 03:05:00,15.36994,15.36994,15.36994,15.36994,61600
EVF,2023-11-30 03:07:00,15.36994,15.36994,15.36994,15.36994,24100
EVF,2023-11-30 03:08:00,15.36994,15.36994,15.36994,15.36994,148400
EVF,2023-11-30 03:09:00,15.36994,15.36994,15.36994,15.36994,31200
EVF,2023-11-30 03:10:00,15.32365,15.36994,15.32365,15.36994,15600
EVF,2023-11-30 03:11:00,15.36994,15.36994,15.36994,15.36994,39100
EVF,2023-11-30 03:12:00,15.36994,15.41624,15.36994,15.41624,281700
EVF,2023-11-30 03:13:00,15.36994,15.41624,15.36994,15.41624,20000
EVF,2023-11-30 03:14:00,15.41624,15.41624,15.41624,15.41624,900
EVF,2023-11-30 03:16:00,15.36994,15.36994,15.36994,15.36994,12000
EVF,2023-11-30 03:17:00,15.41624,15.41624,15.41624,15.41624,31100
EVF,2023-11-30 03:18:00,15.41624,15.46253,15.41624,15.46253,46000
EVF,2023-11-30 03:19:00,15.46253,15.46253,15.41624,15.41624,18100
EVF,2023-11-30 03:20:00,15.46253,15.46253,15.46253,15.46253,251700
EVF,2023-11-30 03:21:00,15.50883,15.50883,15.50883,15.50883,55600
EVF,2023-11-30 03:22:00,15.50883,15.55512,15.50883,15.50883,133900
EVF,2023-11-30 03:23:00,15.46253,15.50883,15.46253,15.46253,16200
EVF,2023-11-30 03:24:00,15.50883,15.50883,15.50883,15.50883,18800
EVF,2023-11-30 03:25:00,15.50883,15.50883,15.46253,15.50883,41900
EVF,2023-11-30 03:26:00,15.50883,15.55512,15.50883,15.55512,52900
EVF,2023-11-30 03:27:00,15.55512,15.55512,15.55512,15.55512,99900
EVF,2023-11-30 03:28:00,15.55512,15.55512,15.50883,15.55512,60800
EVF,2023-11-30 03:29:00,15.55512,15.55512,15.55512,15.55512,70100
EVF,2023-11-30 03:30:00,15.55512,15.55512,15.50883,15.50883,19700
EVF,2023-11-30 03:31:00,15.50883,15.50883,15.46253,15.46253,176400
EVF,2023-11-30 03:32:00,15.46253,15.46253,15.46253,15.46253,34600
EVF,2023-11-30 03:33:00,15.46253,15.46253,15.46253,15.46253,22900
EVF,2023-11-30 03:34:00,15.46253,15.46253,15.46253,15.46253,10600
EVF,2023-11-30 03:35:00,15.46253,15.46253,15.41624,15.41624,100000
EVF,2023-11-30 03:36:00,15.41624,15.41624,15.41624,15.41624,2800
EVF,2023-11-30 03:37:00,15.41624,15.41624,15.41624,15.41624,2700
EVF,2023-11-30 03:38:00,15.41624,15.41624,15.41624,15.41624,600
EVF,2023-11-30 03:39:00,15.41624,15.41624,15.41624,15.41624,500
EVF,2023-11-30 03:40:00,15.41624,15.41624,15.41624,15.41624,3500
EVF,2023-11-30 03:41:00,15.41624,15.41624,15.41624,15.41624,300
EVF,2023-11-30 03:42:00,15.36994,15.36994,15.36994,15.36994,31500
EVF,2023-11-30 03:43:00,15.36994,15.36994,15.36994,15.36994,134700
EVF,2023-11-30 03:44:00,15.36994,15.36994,15.32365,15.32365,7500
EVF,2023-11-30 03:45:00,15.36994,15.36994,15.36994,15.36994,15400
EVF,2023-11-30 03:46:00,15.32365,15.32365,15.32365,15.32365,35700
EVF,2023-11-30 03:47:00,15.32365,15.32365,15.32365,15.32365,17000
EVF,2023-11-30 03:48:00,15.36994,15.36994,15.32365,15.36994,32000
EVF,2023-11-30 03:49:00,15.36994,15.36994,15.32365,15.32365,70400
EVF,2023-11-30 03:50:00,15.36994,15.41624,15.36994,15.41624,700
EVF,2023-11-30 03:51:00,15.41624,15.41624,15.36994,15.36994,28000
EVF,2023-11-30 03:52:00,15.36994,15.36994,15.36994,15.36994,23000
EVF,2023-11-30 03:53:00,15.36994,15.36994,15.36994,15.36994,500
EVF,2023-11-30 03:54:00,15.36994,15.41624,15.36994,15.41624,83000
EVF,2023-11-30 03:56:00,15.32365,15.32365,15.32365,15.32365,7000
EVF,2023-11-30 03:57:00,15.32365,15.32365,15.32365,15.32365,35000
EVF,2023-11-30 03:58:00,15.36994,15.41624,15.36994,15.36994,19500
EVF,2023-11-30 03:59:00,15.32365,15.32365,15.32365,15.32365,36000
EVF,2023-11-30 04:00:00,15.32365,15.36994,15.32365,15.36994,700
EVF,2023-11-30 04:01:00,15.36994,15.36994,15.36994,15.36994,2000
EVF,2023-11-30 04:03:00,15.32365,15.32365,15.32365,15.32365,100
EVF,2023-11-30 04:04:00,15.32365,15.32365,15.32365,15.32365,4000
EVF,2023-11-30 04:05:00,15.32365,15.41624,15.32365,15.41624,42200
EVF,2023-11-30 04:06:00,15.41624,15.41624,15.41624,15.41624,15000
EVF,2023-11-30 04:07:00,15.36994,15.36994,15.36994,15.36994,8200
EVF,2023-11-30 04:08:00,15.36994,15.36994,15.36994,15.36994,100
EVF,2023-11-30 04:09:00,15.36994,15.36994,15.36994,15.36994,400
EVF,2023-11-30 04:10:00,15.41624,15.41624,15.41624,15.41624,4700
EVF,2023-11-30 04:11:00,15.36994,15.36994,15.36994,15.36994,9500
EVF,2023-11-30 04:12:00,15.36994,15.36994,15.36994,15.36994,2300
EVF,2023-11-30 04:13:00,15.36994,15.36994,15.36994,15.36994,30300
EVF,2023-11-30 04:14:00,15.36994,15.36994,15.36994,15.36994,3000
EVF,2023-11-30 04:15:00,15.36994,15.41624,15.36994,15.41624,87000
EVF,2023-11-30 04:16:00,15.36994,15.36994,15.36994,15.36994,200
EVF,2023-11-30 04:17:00,15.36994,15.36994,15.36994,15.36994,400
EVF,2023-11-30 04:18:00,15.41624,15.41624,15.41624,15.41624,30600
EVF,2023-11-30 04:19:00,15.36994,15.36994,15.36994,15.36994,5400
EVF,2023-11-30 04:20:00,15.41624,15.41624,15.41624,15.41624,40400
EVF,2023-11-30 04:21:00,15.41624,15.41624,15.41624,15.41624,8100
EVF,2023-11-30 04:22:00,15.41624,15.46253,15.41624,15.46253,31700
EVF,2023-11-30 04:23:00,15.41624,15.41624,15.41624,15.41624,16000
EVF,2023-11-30 04:25:00,15.41624,15.46253,15.36994,15.36994,149000
EVF,2023-11-30 04:26:00,15.36994,15.36994,15.36994,15.36994,100
EVF,2023-11-30 04:27:00,15.36994,15.36994,15.36994,15.36994,800
EVF,2023-11-30 04:28:00,15.36994,15.36994,15.36994,15.36994,1000
EVF,2023-11-30 04:29:00,15.32365,15.36994,15.32365,15.36994,19200
EVF,2023-11-30 06:00:00,15.32365,15.36994,15.32365,15.36994,20700
EVF,2023-11-30 06:01:00,15.36994,15.36994,15.36994,15.36994,8000
EVF,2023-11-30 06:02:00,15.36994,15.36994,15.36994,15.36994,10300
EVF,2023-11-30 06:03:00,15.36994,15.36994,15.36994,15.36994,600
EVF,2023-11-30 06:04:00,15.32365,15.36994,15.32365,15.36994,7600
EVF,2023-11-30 06:05:00,15.36994,15.36994,15.36994,15.36994,800
EVF,2023-11-30 06:06:00,15.36994,15.36994,15.36994,15.36994,26400
EVF,2023-11-30 06:07:00,15.36994,15.36994,15.36994,15.36994,3500
EVF,2023-11-30 06:08:00,15.36994,15.46253,15.36994,15.41624,69900
EVF,2023-11-30 06:09:00,15.46253,15.46253,15.46253,15.46253,5100
EVF,2023-11-30 06:10:00,15.46253,15.46253,15.36994,15.36994,62700
EVF,2023-11-30 06:11:00,15.36994,15.41624,15.36994,15.41624,5500
EVF,2023-11-30 06:12:00,15.41624,15.41624,15.41624,15.41624,3300
EVF,2023-11-30 06:13:00,15.41624,15.41624,15.36994,15.36994,50100
EVF,2023-11-30 06:14:00,15.36994,15.36994,15.36994,15.36994,35600
EVF,2023-11-30 06:16:00,15.36994,15.36994,15.36994,15.36994,100
EVF,2023-11-30 06:17:00,15.36994,15.36994,15.36994,15.36994,1400
EVF,2023-11-30 06:18:00,15.36994,15.36994,15.32365,15.32365,118500
EVF,2023-11-30 06:19:00,15.36994,15.36994,15.32365,15.32365,6600
EVF,2023-11-30 06:20:00,15.32365,15.32365,15.32365,15.32365,5300
EVF,2023-11-30 06:21:00,15.32365,15.32365,15.32365,15.32365,16800
EVF,2023-11-30 06:22:00,15.32365,15.32365,15.32365,15.32365,2300
EVF,2023-11-30 06:23:00,15.32365,15.32365,15.32365,15.32365,17700
EVF,2023-11-30 06:24:00,15.32365,15.32365,15.32365,15.32365,16700
EVF,2023-11-30 06:25:00,15.36994,15.36994,15.36994,15.36994,19500
EVF,2023-11-30 06:27:00,15.36994,15.36994,15.32365,15.32365,8600
EVF,2023-11-30 06:28:00,15.32365,15.36994,15.32365,15.36994,45100
EVF,2023-11-30 06:29:00,15.32365,15.36994,15.32365,15.36994,19200
EVF,2023-11-30 06:30:00,15.36994,15.36994,15.36994,15.36994,200
EVF,2023-11-30 06:31:00,15.36994,15.36994,15.36994,15.36994,700
EVF,2023-11-30 06:32:00,15.36994,15.36994,15.36994,15.36994,100
EVF,2023-11-30 06:33:00,15.36994,15.36994,15.36994,15.36994,7400
EVF,2023-11-30 06:34:00,15.36994,15.41624,15.36994,15.41624,50000
EVF,2023-11-30 06:35:00,15.41624,15.41624,15.36994,15.36994,9200
EVF,2023-11-30 06:36:00,15.41624,15.41624,15.41624,15.41624,27200
EVF,2023-11-30 06:37:00,15.41624,15.46253,15.41624,15.46253,37200
EVF,2023-11-30 06:38:00,15.46253,15.46253,15.46253,15.46253,6000
EVF,2023-11-30 06:39:00,15.41624,15.41624,15.36994,15.36994,172400
EVF,2023-11-30 06:41:00,15.36994,15.36994,15.36994,15.36994,5600
EVF,2023-11-30 06:42:00,15.36994,15.36994,15.36994,15.36994,3100
EVF,2023-11-30 06:43:00,15.36994,15.41624,15.36994,15.36994,72100
EVF,2023-11-30 06:44:00,15.36994,15.36994,15.36994,15.36994,106600
EVF,2023-11-30 06:45:00,15.36994,15.46253,15.36994,15.46253,282000
EVF,2023-11-30 06:46:00,15.36994,15.36994,15.36994,15.36994,25400
EVF,2023-11-30 06:47:00,15.36994,15.41624,15.36994,15.36994,53800
EVF,2023-11-30 06:49:00,15.36994,15.36994,15.36994,15.36994,30000
EVF,2023-11-30 06:50:00,15.41624,15.41624,15.36994,15.36994,31100
EVF,2023-11-30 06:52:00,15.41624,15.41624,15.36994,15.36994,3900
EVF,2023-11-30 06:53:00,15.36994,15.41624,15.36994,15.36994,75400
EVF,2023-11-30 06:54:00,15.36994,15.36994,15.36994,15.36994,5200
EVF,2023-11-30 06:55:00,15.36994,15.36994,15.32365,15.32365,4800
EVF,2023-11-30 06:56:00,15.36994,15.36994,15.36994,15.36994,18600
EVF,2023-11-30 06:57:00,15.36994,15.41624,15.36994,15.41624,60000
EVF,2023-11-30 06:58:00,15.41624,15.41624,15.36994,15.41624,102200
EVF,2023-11-30 06:59:00,15.41624,15.41624,15.41624,15.41624,29400
EVF,2023-11-30 07:00:00,15.41624,15.41624,15.41624,15.41624,5400
EVF,2023-11-30 07:01:00,15.41624,15.41624,15.41624,15.41624,4000
EVF,2023-11-30 07:02:00,15.41624,15.41624,15.41624,15.41624,12000
EVF,2023-11-30 07:03:00,15.41624,15.41624,15.36994,15.36994,16500
EVF,2023-11-30 07:05:00,15.41624,15.41624,15.36994,15.36994,6000
EVF,2023-11-30 07:06:00,15.36994,15.36994,15.32365,15.32365,2200
EVF,2023-11-30 07:07:00,15.32365,15.32365,15.32365,15.32365,21600
EVF,2023-11-30 07:08:00,15.36994,15.36994,15.36994,15.36994,9200
EVF,2023-11-30 07:09:00,15.41624,15.41624,15.41624,15.41624,30500
EVF,2023-11-30 07:10:00,15.36994,15.36994,15.36994,15.36994,83900
EVF,2023-11-30 07:11:00,15.36994,15.36994,15.32365,15.32365,6700
EVF,2023-11-30 07:12:00,15.32365,15.32365,15.32365,15.32365,35900
EVF,2023-11-30 07:13:00,15.32365,15.36994,15.32365,15.36994,6900
EVF,2023-11-30 07:14:00,15.32365,15.36994,15.32365,15.36994,11000
EVF,2023-11-30 07:15:00,15.36994,15.41624,15.36994,15.41624,14800
EVF,2023-11-30 07:16:00,15.41624,15.41624,15.36994,15.36994,10500
EVF,2023-11-30 07:17:00,15.36994,15.36994,15.36994,15.36994,48800
EVF,2023-11-30 07:18:00,15.36994,15.36994,15.36994,15.36994,600
EVF,2023-11-30 07:20:00,15.36994,15.36994,15.36994,15.36994,50000
EVF,2023-11-30 07:22:00,15.36994,15.36994,15.36994,15.36994,13800
EVF,2023-11-30 07:23:00,15.36994,15.36994,15.32365,15.32365,28000
EVF,2023-11-30 07:24:00,15.32365,15.32365,15.32365,15.32365,3200
EVF,2023-11-30 07:25:00,15.32365,15.32365,15.32365,15.32365,400
EVF,2023-11-30 07:26:00,15.32365,15.32365,15.32365,15.32365,203200
EVF,2023-11-30 07:27:00,15.36994,15.36994,15.27735,15.32365,45500
EVF,2023-11-30 07:28:00,15.32365,15.32365,15.27735,15.27735,16900
EVF,2023-11-30 07:29:00,15.27735,15.27735,15.27735,15.27735,68200
EVF,2023-11-30 07:45:00,15.7403,15.7403,15.7403,15.7403,2818400
