ticker,time,open,high,low,close,volume
BIC,2024-11-01 02:15:00,33.15,33.15,33.15,33.15,500
BIC,2024-11-01 02:41:00,33.15,33.15,33.15,33.15,800
BIC,2024-11-01 03:04:00,33.15,33.15,33.15,33.15,100
BIC,2024-11-01 03:06:00,33.15,33.15,33.15,33.15,100
BIC,2024-11-01 03:10:00,33.15,33.15,33.15,33.15,200
BIC,2024-11-01 03:23:00,33.15,33.15,33.15,33.15,800
BIC,2024-11-01 03:30:00,33.15,33.15,33.15,33.15,200
BIC,2024-11-01 03:33:00,33.15,33.15,33.15,33.15,800
BIC,2024-11-01 04:00:00,33.15,33.15,33.15,33.15,400
BIC,2024-11-01 04:05:00,33.15,33.15,33.15,33.15,300
BIC,2024-11-01 06:00:00,33.15,33.15,33.15,33.15,100
BIC,2024-11-01 06:07:00,33.15,33.25,33.15,33.25,200
BIC,2024-11-01 06:08:00,33.25,33.25,33.25,33.25,1400
BIC,2024-11-01 06:15:00,33.25,33.3,33.25,33.3,500
BIC,2024-11-01 06:20:00,33.3,33.3,33.3,33.3,200
BIC,2024-11-01 06:22:00,33.3,33.3,33.3,33.3,1100
BIC,2024-11-01 06:23:00,33.3,33.3,33.3,33.3,2000
BIC,2024-11-01 06:42:00,33.3,33.3,33.15,33.15,100
BIC,2024-11-01 06:58:00,33.15,33.15,33.15,33.15,300
BIC,2024-11-01 07:12:00,33.15,33.3,33.0,33.0,900
BIC,2024-11-01 07:19:00,33.0,33.0,33.0,33.0,8200
BIC,2024-11-01 07:22:00,33.0,33.5,33.0,33.5,700
BIC,2024-11-01 07:25:00,33.5,33.5,32.5,32.5,300
BIC,2024-11-01 07:45:00,32.5,32.5,32.5,32.5,8500
BIC,2024-11-04 02:49:00,32.45,32.45,32.45,32.45,100
BIC,2024-11-04 02:52:00,32.45,32.45,32.45,32.45,2100
BIC,2024-11-04 02:54:00,32.45,32.45,32.4,32.4,100
BIC,2024-11-04 02:55:00,32.4,32.4,32.4,32.4,1000
BIC,2024-11-04 02:56:00,32.4,32.45,32.4,32.4,5000
BIC,2024-11-04 03:04:00,32.4,32.4,32.4,32.4,900
BIC,2024-11-04 03:07:00,32.4,32.4,32.0,32.0,2000
BIC,2024-11-04 03:08:00,32.0,32.0,32.0,32.0,1600
BIC,2024-11-04 03:14:00,32.0,32.0,32.0,32.0,100
BIC,2024-11-04 03:24:00,32.0,32.3,32.0,32.3,1600
BIC,2024-11-04 03:29:00,32.3,32.3,32.1,32.1,1200
BIC,2024-11-04 03:38:00,32.1,32.1,32.0,32.0,2000
BIC,2024-11-04 03:41:00,32.0,32.0,32.0,32.0,300
BIC,2024-11-04 03:42:00,32.0,32.0,32.0,32.0,1300
BIC,2024-11-04 03:43:00,32.0,32.1,32.0,32.1,200
BIC,2024-11-04 03:44:00,32.1,32.1,32.0,32.0,3000
BIC,2024-11-04 03:46:00,32.0,32.0,32.0,32.0,700
BIC,2024-11-04 04:26:00,32.0,32.3,32.0,32.3,500
BIC,2024-11-04 06:03:00,32.3,32.3,32.0,32.0,1000
BIC,2024-11-04 06:06:00,32.0,32.0,32.0,32.0,200
BIC,2024-11-04 06:21:00,32.0,32.0,32.0,32.0,1000
BIC,2024-11-04 06:29:00,32.0,32.1,32.0,32.1,1400
BIC,2024-11-04 06:44:00,32.1,32.2,32.1,32.2,1000
BIC,2024-11-04 06:50:00,32.2,32.2,32.2,32.2,1000
BIC,2024-11-04 07:03:00,32.2,32.2,32.2,32.2,500
BIC,2024-11-04 07:08:00,32.2,32.2,32.1,32.1,500
BIC,2024-11-04 07:13:00,32.1,32.1,32.1,32.1,200
BIC,2024-11-04 07:18:00,32.1,32.3,32.1,32.3,200
BIC,2024-11-04 07:20:00,32.3,33.0,32.3,33.0,100
BIC,2024-11-04 07:25:00,33.0,33.0,33.0,33.0,400
BIC,2024-11-04 07:45:00,33.0,33.0,33.0,33.0,1300
BIC,2024-11-05 02:25:00,32.25,32.25,32.25,32.25,100
BIC,2024-11-05 02:27:00,32.25,32.25,32.25,32.25,100
BIC,2024-11-05 03:55:00,32.25,32.25,32.2,32.25,400
BIC,2024-11-05 03:56:00,32.25,32.25,32.25,32.25,500
BIC,2024-11-05 04:04:00,32.25,32.3,32.25,32.3,1000
BIC,2024-11-05 06:18:00,32.3,32.3,32.3,32.3,100
BIC,2024-11-05 06:44:00,32.3,32.4,32.3,32.4,1500
BIC,2024-11-05 06:55:00,32.4,32.4,32.4,32.4,2000
BIC,2024-11-05 07:03:00,32.4,32.5,32.4,32.5,800
BIC,2024-11-05 07:17:00,32.5,32.5,32.5,32.5,300
BIC,2024-11-05 07:45:00,32.4,32.4,32.4,32.4,1000
BIC,2024-11-06 03:08:00,32.4,32.9,32.4,32.9,500
BIC,2024-11-06 03:24:00,32.9,32.95,32.9,32.95,1800
BIC,2024-11-06 03:41:00,32.95,32.95,32.95,32.95,2000
BIC,2024-11-06 04:08:00,32.95,32.95,32.95,32.95,100
BIC,2024-11-06 06:46:00,32.95,32.95,32.45,32.45,500
BIC,2024-11-06 06:48:00,32.45,32.45,32.45,32.45,400
BIC,2024-11-06 07:25:00,32.45,32.45,32.45,32.45,500
BIC,2024-11-06 07:45:00,32.9,32.9,32.9,32.9,2000
BIC,2024-11-07 02:20:00,33.0,33.0,33.0,33.0,200
BIC,2024-11-07 02:21:00,33.0,33.0,32.9,32.9,600
BIC,2024-11-07 02:24:00,32.9,32.9,32.9,32.9,2000
BIC,2024-11-07 02:34:00,32.9,32.9,32.9,32.9,100
BIC,2024-11-07 03:21:00,32.9,32.9,32.5,32.5,1500
BIC,2024-11-07 06:37:00,32.5,32.5,32.5,32.5,1000
BIC,2024-11-07 06:45:00,32.5,32.5,32.5,32.5,400
BIC,2024-11-07 06:58:00,32.5,32.5,32.5,32.5,2800
BIC,2024-11-07 07:00:00,32.5,32.9,32.5,32.9,200
BIC,2024-11-07 07:01:00,32.9,32.9,32.9,32.9,100
BIC,2024-11-07 07:04:00,32.9,32.9,32.55,32.55,300
BIC,2024-11-07 07:45:00,33.1,33.1,33.1,33.1,100
BIC,2024-11-08 02:56:00,33.1,33.1,33.05,33.1,300
BIC,2024-11-08 03:50:00,33.1,33.1,33.1,33.1,6000
BIC,2024-11-08 04:28:00,33.1,33.1,33.05,33.05,300
BIC,2024-11-08 06:00:00,33.05,33.05,33.05,33.05,200
BIC,2024-11-08 06:08:00,33.05,33.05,33.05,33.05,300
BIC,2024-11-08 06:11:00,33.05,33.05,33.05,33.05,200
BIC,2024-11-08 06:45:00,33.05,33.05,33.05,33.05,100
BIC,2024-11-08 06:46:00,33.05,33.05,33.05,33.05,100
BIC,2024-11-08 06:49:00,33.05,33.05,33.05,33.05,900
BIC,2024-11-08 07:18:00,33.05,33.05,33.05,33.05,500
BIC,2024-11-08 07:45:00,32.8,32.8,32.8,32.8,1100
BIC,2024-11-11 02:15:00,32.0,32.0,32.0,32.0,700
BIC,2024-11-11 02:39:00,32.0,32.8,32.0,32.8,400
BIC,2024-11-11 03:44:00,32.8,32.8,32.75,32.75,100
BIC,2024-11-11 04:00:00,32.75,32.75,32.15,32.15,500
BIC,2024-11-11 06:00:00,32.15,32.15,32.15,32.15,1000
BIC,2024-11-11 06:10:00,32.15,32.15,32.15,32.15,1000
BIC,2024-11-11 06:11:00,32.15,32.15,32.15,32.15,600
BIC,2024-11-11 06:12:00,32.15,32.15,32.15,32.15,2000
BIC,2024-11-11 06:14:00,32.15,32.15,32.1,32.1,2000
BIC,2024-11-11 06:32:00,32.1,32.1,32.1,32.1,200
BIC,2024-11-11 06:55:00,32.1,32.1,32.1,32.1,100
BIC,2024-11-11 06:58:00,32.1,32.1,32.1,32.1,1100
BIC,2024-11-11 07:06:00,32.1,32.2,32.1,32.2,100
BIC,2024-11-11 07:27:00,32.2,32.3,32.2,32.3,100
BIC,2024-11-11 07:45:00,33.4,33.4,33.4,33.4,3100
BIC,2024-11-12 02:15:00,33.4,33.4,33.4,33.4,100
BIC,2024-11-12 02:50:00,33.4,33.4,32.5,32.5,2200
BIC,2024-11-12 03:29:00,32.5,33.35,32.5,33.35,100
BIC,2024-11-12 03:31:00,33.35,33.35,33.35,33.35,100
BIC,2024-11-12 03:33:00,33.35,33.35,33.35,33.35,200
BIC,2024-11-12 03:45:00,33.35,33.35,33.05,33.2,2900
BIC,2024-11-12 06:06:00,33.2,33.2,33.2,33.2,1200
BIC,2024-11-13 03:03:00,32.6,32.6,32.5,32.5,500
BIC,2024-11-13 03:33:00,32.5,32.5,32.5,32.5,1500
BIC,2024-11-13 06:02:00,32.5,32.5,32.5,32.5,6800
BIC,2024-11-13 06:03:00,32.5,32.5,32.5,32.5,2000
BIC,2024-11-13 06:08:00,32.5,32.5,32.5,32.5,300
BIC,2024-11-13 06:13:00,32.5,32.5,32.5,32.5,100
BIC,2024-11-13 06:17:00,32.5,32.5,32.2,32.3,400
BIC,2024-11-13 06:56:00,32.3,32.3,32.3,32.3,100
BIC,2024-11-13 07:28:00,32.3,33.0,32.3,33.0,100
BIC,2024-11-13 07:45:00,33.0,33.0,33.0,33.0,700
BIC,2024-11-14 02:29:00,33.0,33.0,33.0,33.0,200
BIC,2024-11-14 03:41:00,33.0,33.0,32.95,32.95,900
BIC,2024-11-14 04:21:00,32.95,32.95,32.5,32.5,2000
BIC,2024-11-14 04:22:00,32.5,32.5,32.5,32.5,1000
BIC,2024-11-14 06:00:00,32.5,32.55,32.5,32.55,100
BIC,2024-11-14 06:06:00,32.55,32.55,32.5,32.5,100
BIC,2024-11-14 06:44:00,32.5,32.5,32.5,32.5,1000
BIC,2024-11-14 07:03:00,32.5,32.5,32.5,32.5,2700
BIC,2024-11-14 07:09:00,32.5,32.5,32.5,32.5,5000
BIC,2024-11-14 07:45:00,32.55,32.55,32.55,32.55,100
BIC,2024-11-15 03:05:00,32.05,32.15,32.05,32.15,2000
BIC,2024-11-15 03:37:00,32.15,32.15,32.15,32.15,400
BIC,2024-11-15 03:38:00,32.15,32.15,32.1,32.1,6300
BIC,2024-11-15 03:39:00,32.1,32.1,32.1,32.1,1000
BIC,2024-11-15 04:10:00,32.1,32.1,32.1,32.1,300
BIC,2024-11-15 04:19:00,32.1,32.1,32.1,32.1,100
BIC,2024-11-15 06:03:00,32.1,32.1,32.1,32.1,1500
BIC,2024-11-15 06:14:00,32.1,32.45,32.1,32.45,200
BIC,2024-11-15 06:26:00,32.45,32.75,32.45,32.75,200
BIC,2024-11-15 06:28:00,32.75,32.75,32.75,32.75,100
BIC,2024-11-15 06:30:00,32.75,32.75,32.75,32.75,400
BIC,2024-11-15 06:37:00,32.75,32.9,32.75,32.9,500
BIC,2024-11-15 06:38:00,32.9,32.9,32.9,32.9,100
BIC,2024-11-15 06:40:00,32.9,32.9,32.9,32.9,100
BIC,2024-11-15 06:41:00,32.9,32.9,32.9,32.9,100
BIC,2024-11-15 06:43:00,32.9,32.9,32.9,32.9,100
BIC,2024-11-15 06:46:00,32.9,32.9,32.9,32.9,100
BIC,2024-11-15 06:47:00,32.9,32.9,32.9,32.9,100
BIC,2024-11-15 06:49:00,32.9,32.9,32.9,32.9,100
BIC,2024-11-15 06:51:00,32.9,32.9,32.9,32.9,100
BIC,2024-11-15 06:52:00,32.9,32.9,32.9,32.9,100
BIC,2024-11-15 06:55:00,32.9,32.9,32.9,32.9,100
BIC,2024-11-15 06:58:00,32.9,32.9,32.9,32.9,100
BIC,2024-11-15 07:00:00,32.9,32.9,32.9,32.9,100
BIC,2024-11-15 07:02:00,32.9,32.9,32.9,32.9,100
BIC,2024-11-15 07:05:00,32.9,32.9,32.9,32.9,1100
BIC,2024-11-15 07:06:00,32.9,33.0,32.9,33.0,3300
BIC,2024-11-15 07:10:00,33.0,33.0,33.0,33.0,200
BIC,2024-11-15 07:11:00,33.0,33.0,33.0,33.0,300
BIC,2024-11-15 07:14:00,33.0,33.0,33.0,33.0,600
BIC,2024-11-15 07:16:00,33.0,33.0,33.0,33.0,200
BIC,2024-11-15 07:18:00,33.0,33.0,33.0,33.0,300
BIC,2024-11-15 07:19:00,33.0,33.0,33.0,33.0,100
BIC,2024-11-15 07:20:00,33.0,33.0,33.0,33.0,200
BIC,2024-11-15 07:22:00,33.0,33.0,33.0,33.0,100
BIC,2024-11-15 07:23:00,33.0,33.0,32.95,33.0,600
BIC,2024-11-15 07:25:00,33.0,33.0,33.0,33.0,800
BIC,2024-11-15 07:26:00,33.0,33.0,33.0,33.0,200
BIC,2024-11-15 07:45:00,33.3,33.3,33.3,33.3,2000
BIC,2024-11-18 02:15:00,33.25,33.25,33.25,33.25,400
BIC,2024-11-18 02:26:00,33.25,33.25,33.2,33.2,100
BIC,2024-11-18 02:30:00,33.2,33.2,32.6,32.6,100
BIC,2024-11-18 03:37:00,32.6,32.6,32.6,32.6,8000
BIC,2024-11-18 04:00:00,32.6,32.6,32.5,32.5,4100
BIC,2024-11-18 04:26:00,32.5,32.5,32.5,32.5,700
BIC,2024-11-18 06:00:00,32.5,32.5,32.5,32.5,100
BIC,2024-11-18 06:16:00,32.5,32.5,32.25,32.25,400
BIC,2024-11-18 06:20:00,32.25,32.25,32.2,32.2,600
BIC,2024-11-18 06:21:00,32.2,32.2,32.2,32.2,400
BIC,2024-11-18 06:55:00,32.2,32.5,32.2,32.5,300
BIC,2024-11-18 06:56:00,32.5,32.5,32.5,32.5,1000
BIC,2024-11-18 06:57:00,32.5,32.5,32.5,32.5,5700
BIC,2024-11-18 06:58:00,32.5,32.5,32.5,32.5,400
BIC,2024-11-18 06:59:00,32.5,32.95,32.5,32.95,2000
BIC,2024-11-18 07:00:00,32.95,33.2,32.95,33.2,400
BIC,2024-11-18 07:01:00,33.2,33.25,33.2,33.2,500
BIC,2024-11-18 07:02:00,33.2,33.25,33.2,33.25,400
BIC,2024-11-18 07:03:00,33.25,33.25,33.25,33.25,400
BIC,2024-11-18 07:04:00,33.25,33.25,33.25,33.25,400
BIC,2024-11-18 07:05:00,33.25,33.25,33.25,33.25,400
BIC,2024-11-18 07:06:00,33.25,33.25,33.25,33.25,200
BIC,2024-11-18 07:07:00,33.25,33.25,33.25,33.25,400
BIC,2024-11-18 07:08:00,33.25,33.25,33.25,33.25,400
BIC,2024-11-18 07:09:00,33.25,33.3,33.25,33.3,300
BIC,2024-11-18 07:10:00,33.3,33.3,33.3,33.3,100
BIC,2024-11-18 07:11:00,33.3,33.3,33.3,33.3,300
BIC,2024-11-18 07:12:00,33.3,33.3,33.3,33.3,300
BIC,2024-11-18 07:13:00,33.3,33.3,33.3,33.3,300
BIC,2024-11-18 07:14:00,33.3,33.3,33.25,33.25,300
BIC,2024-11-18 07:15:00,33.25,33.25,33.25,33.25,300
BIC,2024-11-18 07:16:00,33.25,33.25,33.25,33.25,300
BIC,2024-11-18 07:17:00,33.25,33.25,33.25,33.25,200
BIC,2024-11-18 07:18:00,33.25,33.25,33.25,33.25,100
BIC,2024-11-18 07:19:00,33.25,33.25,33.25,33.25,300
BIC,2024-11-18 07:20:00,33.25,33.25,33.25,33.25,300
BIC,2024-11-18 07:21:00,33.25,33.25,33.25,33.25,300
BIC,2024-11-18 07:22:00,33.25,33.25,33.25,33.25,300
BIC,2024-11-18 07:23:00,33.25,33.25,33.25,33.25,300
BIC,2024-11-18 07:24:00,33.25,33.25,33.25,33.25,300
BIC,2024-11-18 07:25:00,33.25,33.25,33.25,33.25,300
BIC,2024-11-18 07:26:00,33.25,33.25,33.25,33.25,300
BIC,2024-11-18 07:28:00,33.25,33.25,33.25,33.25,300
BIC,2024-11-18 07:45:00,33.25,33.25,33.25,33.25,4500
BIC,2024-11-19 02:52:00,33.2,33.2,32.5,32.5,400
BIC,2024-11-19 02:55:00,32.5,32.5,32.5,32.5,100
BIC,2024-11-19 02:58:00,32.5,32.5,32.5,32.5,100
BIC,2024-11-19 03:06:00,32.5,32.5,32.5,32.5,100
BIC,2024-11-19 03:10:00,32.5,32.5,32.5,32.5,300
BIC,2024-11-19 03:12:00,32.5,32.5,32.5,32.5,200
BIC,2024-11-19 03:33:00,32.5,32.5,32.5,32.5,2000
BIC,2024-11-19 06:21:00,32.5,32.5,32.5,32.5,1000
BIC,2024-11-19 06:26:00,32.5,32.5,32.5,32.5,100
BIC,2024-11-19 06:27:00,32.5,32.5,32.5,32.5,200
BIC,2024-11-19 06:48:00,32.5,32.5,32.5,32.5,500
BIC,2024-11-19 07:02:00,32.5,32.5,32.5,32.5,1000
BIC,2024-11-19 07:03:00,32.5,32.5,32.3,32.3,1000
BIC,2024-11-19 07:04:00,32.3,32.3,32.3,32.3,200
BIC,2024-11-19 07:05:00,32.3,32.3,32.3,32.3,500
BIC,2024-11-19 07:12:00,32.3,32.5,32.3,32.5,100
BIC,2024-11-19 07:13:00,32.5,32.5,32.5,32.5,400
BIC,2024-11-19 07:16:00,32.5,32.5,32.5,32.5,4000
BIC,2024-11-19 07:45:00,32.35,32.35,32.35,32.35,3000
BIC,2024-11-20 02:37:00,32.1,32.1,32.1,32.1,400
BIC,2024-11-20 02:51:00,32.1,32.1,32.05,32.1,100
BIC,2024-11-20 02:54:00,32.1,32.1,32.1,32.1,1000
BIC,2024-11-20 02:55:00,32.1,32.1,32.0,32.0,200
BIC,2024-11-20 03:01:00,32.0,32.0,32.0,32.0,300
BIC,2024-11-20 03:02:00,32.0,32.0,32.0,32.0,2200
BIC,2024-11-20 03:10:00,32.0,32.0,31.95,31.95,200
BIC,2024-11-20 03:20:00,31.95,32.0,31.95,32.0,100
BIC,2024-11-20 03:29:00,32.0,32.1,32.0,32.1,500
BIC,2024-11-20 03:39:00,32.1,32.85,32.1,32.85,12500
BIC,2024-11-20 07:07:00,32.85,32.85,32.85,32.85,200
BIC,2024-11-20 07:08:00,32.85,32.9,32.85,32.9,200
BIC,2024-11-20 07:09:00,32.9,32.9,32.9,32.9,300
BIC,2024-11-20 07:10:00,32.9,32.9,32.9,32.9,200
BIC,2024-11-20 07:11:00,32.9,32.9,32.9,32.9,200
BIC,2024-11-20 07:12:00,32.9,32.9,32.9,32.9,300
BIC,2024-11-20 07:13:00,32.9,32.9,32.9,32.9,200
BIC,2024-11-20 07:14:00,32.9,33.0,32.9,33.0,200
BIC,2024-11-20 07:15:00,33.0,33.15,33.0,33.1,300
BIC,2024-11-20 07:16:00,33.1,33.15,33.1,33.15,200
BIC,2024-11-20 07:17:00,33.15,33.15,33.15,33.15,300
BIC,2024-11-20 07:18:00,33.15,33.15,33.15,33.15,200
BIC,2024-11-20 07:19:00,33.15,33.15,33.15,33.15,200
BIC,2024-11-20 07:20:00,33.15,33.15,33.15,33.15,300
BIC,2024-11-20 07:21:00,33.15,33.15,33.15,33.15,200
BIC,2024-11-20 07:22:00,33.15,33.15,33.15,33.15,300
BIC,2024-11-20 07:23:00,33.15,33.15,33.15,33.15,200
BIC,2024-11-20 07:24:00,33.15,33.15,33.15,33.15,200
BIC,2024-11-20 07:25:00,33.15,33.15,33.15,33.15,300
BIC,2024-11-20 07:26:00,33.15,33.15,33.15,33.15,200
BIC,2024-11-20 07:27:00,33.15,33.15,33.15,33.15,200
BIC,2024-11-20 07:28:00,33.15,33.15,33.15,33.15,100
BIC,2024-11-20 07:45:00,33.2,33.2,33.2,33.2,5500
BIC,2024-11-21 02:53:00,32.6,32.6,32.6,32.6,1400
BIC,2024-11-21 03:47:00,32.6,32.6,32.6,32.6,2300
BIC,2024-11-21 04:08:00,32.6,33.0,32.6,32.6,200
BIC,2024-11-21 06:20:00,32.6,32.6,32.6,32.6,100
BIC,2024-11-21 06:24:00,32.6,32.65,32.6,32.65,100
BIC,2024-11-21 06:36:00,32.65,32.65,32.5,32.5,300
BIC,2024-11-21 06:39:00,32.5,32.5,32.5,32.5,200
BIC,2024-11-21 06:50:00,32.5,32.5,32.5,32.5,1000
BIC,2024-11-21 06:53:00,32.5,32.5,32.5,32.5,1000
BIC,2024-11-21 06:55:00,32.5,32.9,32.5,32.9,300
BIC,2024-11-21 07:05:00,32.9,32.9,32.9,32.9,1000
BIC,2024-11-21 07:06:00,32.9,32.9,32.9,32.9,3000
BIC,2024-11-22 02:55:00,32.9,32.9,32.9,32.9,100
BIC,2024-11-22 03:08:00,32.9,32.9,32.85,32.85,300
BIC,2024-11-22 04:08:00,32.85,32.85,32.85,32.85,300
BIC,2024-11-22 06:17:00,32.85,32.85,32.45,32.5,100
BIC,2024-11-22 06:18:00,32.5,32.5,32.5,32.5,900
BIC,2024-11-22 06:19:00,32.5,32.5,32.5,32.5,1000
BIC,2024-11-22 06:20:00,32.5,32.5,32.5,32.5,100
BIC,2024-11-22 06:29:00,32.5,32.5,32.5,32.5,100
BIC,2024-11-22 06:33:00,32.5,32.5,32.5,32.5,2900
BIC,2024-11-22 06:34:00,32.5,32.5,32.5,32.5,2000
BIC,2024-11-22 06:36:00,32.5,32.5,32.5,32.5,100
BIC,2024-11-22 06:40:00,32.5,32.5,32.5,32.5,2000
BIC,2024-11-22 06:42:00,32.5,32.8,32.5,32.8,200
BIC,2024-11-22 07:45:00,32.8,32.8,32.8,32.8,600
BIC,2024-11-25 02:15:00,32.8,32.8,32.8,32.8,1400
BIC,2024-11-25 02:21:00,32.8,32.8,32.8,32.8,600
BIC,2024-11-25 02:57:00,32.8,32.8,32.55,32.8,200
BIC,2024-11-25 04:21:00,32.8,32.8,32.7,32.7,500
BIC,2024-11-25 06:48:00,32.7,32.8,32.7,32.8,200
BIC,2024-11-25 06:53:00,32.8,32.8,32.8,32.8,500
BIC,2024-11-25 06:57:00,32.8,32.8,32.8,32.8,300
BIC,2024-11-25 07:05:00,32.8,32.8,32.7,32.7,700
BIC,2024-11-25 07:06:00,32.7,32.8,32.55,32.8,700
BIC,2024-11-25 07:17:00,32.8,32.8,32.8,32.8,100
BIC,2024-11-25 07:20:00,32.8,33.0,32.8,33.0,400
BIC,2024-11-25 07:45:00,32.7,32.7,32.7,32.7,900
BIC,2024-11-26 02:15:00,33.4,33.4,33.4,33.4,500
BIC,2024-11-26 02:32:00,33.4,33.4,33.4,33.4,500
BIC,2024-11-26 02:51:00,33.4,33.4,33.25,33.25,500
BIC,2024-11-26 03:00:00,33.25,33.25,33.25,33.25,500
BIC,2024-11-26 03:08:00,33.25,33.25,33.25,33.25,600
BIC,2024-11-26 03:33:00,33.25,33.25,33.2,33.25,500
BIC,2024-11-26 03:49:00,33.25,33.25,33.25,33.25,500
BIC,2024-11-26 03:59:00,33.25,33.25,33.2,33.2,500
BIC,2024-11-26 04:05:00,33.2,33.2,33.0,33.0,100
BIC,2024-11-26 04:08:00,33.0,33.2,33.0,33.2,100
BIC,2024-11-26 04:19:00,33.2,33.2,33.2,33.2,500
BIC,2024-11-26 04:20:00,33.2,33.25,33.2,33.25,600
BIC,2024-11-26 04:28:00,33.25,33.25,33.25,33.25,400
BIC,2024-11-26 06:02:00,33.25,33.25,33.25,33.25,500
BIC,2024-11-26 06:13:00,33.25,33.25,33.25,33.25,500
BIC,2024-11-26 06:23:00,33.25,33.25,33.0,33.0,400
BIC,2024-11-26 06:26:00,33.0,33.0,33.0,33.0,100
BIC,2024-11-26 06:30:00,33.0,33.1,33.0,33.1,900
BIC,2024-11-26 06:41:00,33.1,33.2,33.1,33.2,1000
BIC,2024-11-26 06:46:00,33.2,33.2,33.2,33.2,200
BIC,2024-11-26 07:01:00,33.2,33.2,33.2,33.2,500
BIC,2024-11-26 07:10:00,33.2,33.2,33.2,33.2,500
BIC,2024-11-26 07:17:00,33.2,33.2,33.1,33.1,500
BIC,2024-11-26 07:19:00,33.1,33.1,33.1,33.1,1100
BIC,2024-11-26 07:22:00,33.1,33.2,33.1,33.2,500
BIC,2024-11-26 07:45:00,33.2,33.2,33.2,33.2,2400
BIC,2024-11-27 02:15:00,32.5,32.5,32.5,32.5,100
BIC,2024-11-27 06:18:00,32.5,33.0,32.5,33.0,300
BIC,2024-11-27 07:15:00,33.0,33.0,32.55,32.55,100
BIC,2024-11-27 07:45:00,32.55,32.55,32.55,32.55,2800
BIC,2024-11-28 02:24:00,32.5,32.5,32.5,32.5,200
BIC,2024-11-28 02:39:00,32.5,32.5,32.5,32.5,500
BIC,2024-11-28 03:11:00,32.5,32.5,32.5,32.5,500
BIC,2024-11-28 06:20:00,32.5,33.1,32.5,33.1,100
BIC,2024-11-28 06:22:00,33.1,33.1,33.1,33.1,600
BIC,2024-11-29 02:30:00,33.25,33.5,33.25,33.5,400
BIC,2024-11-29 02:31:00,33.5,33.9,33.5,33.9,3700
BIC,2024-11-29 02:32:00,33.9,34.0,33.9,34.0,3300
BIC,2024-11-29 02:33:00,34.0,34.7,34.0,34.7,700
BIC,2024-11-29 02:34:00,34.7,35.4,34.7,35.4,11400
BIC,2024-11-29 02:36:00,35.4,35.4,35.4,35.4,10000
BIC,2024-11-29 02:37:00,35.4,35.4,35.0,35.0,1500
BIC,2024-11-29 02:49:00,35.0,35.0,34.85,34.85,2500
BIC,2024-11-29 02:56:00,34.85,34.85,34.85,34.85,200
BIC,2024-11-29 02:57:00,34.85,34.85,34.85,34.85,400
BIC,2024-11-29 03:01:00,34.85,34.85,34.8,34.8,200
BIC,2024-11-29 03:08:00,34.8,34.8,34.8,34.8,100
BIC,2024-11-29 03:14:00,34.8,34.8,34.0,34.0,100
BIC,2024-11-29 03:31:00,34.0,34.0,34.0,34.0,1500
BIC,2024-11-29 03:32:00,34.0,34.0,34.0,34.0,200
BIC,2024-11-29 03:34:00,34.0,34.0,34.0,34.0,1000
BIC,2024-11-29 03:36:00,34.0,34.0,34.0,34.0,500
BIC,2024-11-29 03:38:00,34.0,34.0,34.0,34.0,800
BIC,2024-11-29 03:39:00,34.0,34.75,34.0,34.75,200
BIC,2024-11-29 03:51:00,34.75,34.75,34.75,34.75,3000
BIC,2024-11-29 03:53:00,34.75,34.85,34.75,34.8,1800
BIC,2024-11-29 04:10:00,34.8,34.8,34.8,34.8,100
BIC,2024-11-29 04:14:00,34.8,34.85,34.7,34.7,800
BIC,2024-11-29 04:16:00,34.7,34.7,34.7,34.7,300
BIC,2024-11-29 04:20:00,34.7,34.7,34.7,34.7,3900
BIC,2024-11-29 06:00:00,34.7,34.7,34.6,34.6,300
BIC,2024-11-29 06:01:00,34.6,34.6,34.6,34.6,100
BIC,2024-11-29 06:02:00,34.6,34.6,34.6,34.6,100
BIC,2024-11-29 06:06:00,34.6,34.6,34.6,34.6,300
BIC,2024-11-29 06:07:00,34.6,34.6,34.6,34.6,100
BIC,2024-11-29 06:08:00,34.6,34.7,34.6,34.7,200
BIC,2024-11-29 06:10:00,34.7,34.7,34.7,34.7,200
BIC,2024-11-29 06:11:00,34.7,34.7,34.7,34.7,300
BIC,2024-11-29 06:12:00,34.7,34.7,34.7,34.7,100
BIC,2024-11-29 06:13:00,34.7,34.7,34.7,34.7,200
BIC,2024-11-29 06:14:00,34.7,34.7,34.7,34.7,200
BIC,2024-11-29 06:15:00,34.7,34.7,34.6,34.7,300
BIC,2024-11-29 06:17:00,34.7,34.7,34.5,34.5,2400
BIC,2024-11-29 06:18:00,34.5,34.5,34.5,34.5,100
BIC,2024-11-29 06:19:00,34.5,34.7,34.5,34.7,200
BIC,2024-11-29 06:21:00,34.7,34.7,34.7,34.7,200
BIC,2024-11-29 06:22:00,34.7,34.7,34.7,34.7,300
BIC,2024-11-29 06:24:00,34.7,34.7,34.7,34.7,200
BIC,2024-11-29 06:25:00,34.7,34.8,34.7,34.8,100
BIC,2024-11-29 06:26:00,34.8,34.8,34.8,34.8,300
BIC,2024-11-29 06:28:00,34.8,34.85,34.8,34.85,200
BIC,2024-11-29 06:29:00,34.85,34.85,34.85,34.85,200
BIC,2024-11-29 06:31:00,34.85,34.85,34.85,34.85,200
BIC,2024-11-29 06:32:00,34.85,34.85,34.7,34.7,400
BIC,2024-11-29 06:33:00,34.7,34.85,34.7,34.85,200
BIC,2024-11-29 06:35:00,34.85,34.85,34.85,34.85,200
BIC,2024-11-29 06:36:00,34.85,34.85,34.85,34.85,200
BIC,2024-11-29 06:38:00,34.85,34.85,34.8,34.8,300
BIC,2024-11-29 06:39:00,34.8,34.8,34.8,34.8,200
BIC,2024-11-29 06:40:00,34.8,34.85,34.8,34.85,300
BIC,2024-11-29 06:42:00,34.85,34.85,34.85,34.85,200
BIC,2024-11-29 06:43:00,34.85,34.85,34.85,34.85,300
BIC,2024-11-29 06:44:00,34.85,34.85,34.8,34.8,200
BIC,2024-11-29 06:46:00,34.8,34.8,34.8,34.8,200
BIC,2024-11-29 06:47:00,34.8,34.8,34.8,34.8,200
BIC,2024-11-29 06:49:00,34.8,34.8,34.8,34.8,300
BIC,2024-11-29 06:50:00,34.8,34.8,34.8,34.8,200
BIC,2024-11-29 06:51:00,34.8,34.8,34.7,34.75,300
BIC,2024-11-29 06:53:00,34.75,34.8,34.75,34.8,400
BIC,2024-11-29 06:54:00,34.8,34.8,34.7,34.8,1600
BIC,2024-11-29 06:56:00,34.8,34.8,34.8,34.8,200
BIC,2024-11-29 06:57:00,34.8,34.8,34.8,34.8,200
BIC,2024-11-29 06:58:00,34.8,34.8,34.8,34.8,200
BIC,2024-11-29 07:00:00,34.8,34.8,34.8,34.8,500
BIC,2024-11-29 07:01:00,34.8,34.8,34.8,34.8,200
BIC,2024-11-29 07:03:00,34.8,34.8,34.8,34.8,5200
BIC,2024-11-29 07:04:00,34.8,34.8,34.8,34.8,200
BIC,2024-11-29 07:05:00,34.8,34.8,34.8,34.8,300
BIC,2024-11-29 07:07:00,34.8,34.8,34.8,34.8,200
BIC,2024-11-29 07:08:00,34.8,34.8,34.8,34.8,200
BIC,2024-11-29 07:09:00,34.8,34.8,34.8,34.8,300
BIC,2024-11-29 07:10:00,34.8,34.8,34.7,34.8,100
BIC,2024-11-29 07:11:00,34.8,34.8,34.8,34.8,200
BIC,2024-11-29 07:12:00,34.8,34.8,34.8,34.8,200
BIC,2024-11-29 07:14:00,34.8,34.8,34.8,34.8,7500
BIC,2024-11-29 07:15:00,34.8,34.85,34.8,34.85,300
BIC,2024-11-29 07:16:00,34.85,34.85,34.85,34.85,200
BIC,2024-11-29 07:18:00,34.85,34.85,34.85,34.85,200
BIC,2024-11-29 07:19:00,34.85,34.85,34.85,34.85,200
BIC,2024-11-29 07:21:00,34.85,34.85,34.8,34.8,2000
BIC,2024-11-29 07:22:00,34.8,34.8,34.8,34.8,300
BIC,2024-11-29 07:23:00,34.8,34.8,34.8,34.8,200
BIC,2024-11-29 07:25:00,34.8,34.8,34.8,34.8,200
BIC,2024-11-29 07:26:00,34.8,34.8,34.5,34.5,200
BIC,2024-11-29 07:27:00,34.5,34.5,34.5,34.5,200
BIC,2024-11-29 07:28:00,34.5,34.8,34.5,34.8,200
BIC,2024-11-29 07:45:00,34.85,34.85,34.85,34.85,3700
