ticker,time,open,high,low,close,volume
OIL,2024-07-01 02:00:00,12.13395,12.13395,11.93665,11.93665,23300
OIL,2024-07-01 02:01:00,11.93665,11.93665,11.93665,11.93665,20000
OIL,2024-07-01 02:03:00,12.0353,12.0353,11.93665,11.93665,2000
OIL,2024-07-01 02:04:00,11.93665,11.93665,11.838,11.838,11000
OIL,2024-07-01 02:06:00,11.93665,11.93665,11.838,11.93665,18700
OIL,2024-07-01 02:08:00,11.93665,11.93665,11.93665,11.93665,500
OIL,2024-07-01 02:10:00,11.93665,11.93665,11.93665,11.93665,3800
OIL,2024-07-01 02:11:00,11.93665,11.93665,11.93665,11.93665,2900
OIL,2024-07-01 02:12:00,11.93665,11.93665,11.838,11.838,30600
OIL,2024-07-01 02:13:00,11.838,11.838,11.838,11.838,500
OIL,2024-07-01 02:14:00,11.838,11.838,11.838,11.838,5000
OIL,2024-07-01 02:16:00,11.93665,11.93665,11.93665,11.93665,6500
OIL,2024-07-01 02:17:00,11.93665,12.0353,11.93665,12.0353,900
OIL,2024-07-01 02:18:00,12.0353,12.0353,12.0353,12.0353,12200
OIL,2024-07-01 02:19:00,12.0353,12.0353,12.0353,12.0353,5100
OIL,2024-07-01 02:20:00,11.93665,11.93665,11.93665,11.93665,2100
OIL,2024-07-01 02:21:00,11.93665,12.0353,11.93665,11.93665,8100
OIL,2024-07-01 02:23:00,11.93665,11.93665,11.93665,11.93665,54000
OIL,2024-07-01 02:24:00,11.93665,11.93665,11.73935,11.838,32600
OIL,2024-07-01 02:25:00,11.838,11.838,11.838,11.838,11900
OIL,2024-07-01 02:26:00,11.838,11.838,11.838,11.838,9500
OIL,2024-07-01 02:27:00,11.93665,11.93665,11.93665,11.93665,21100
OIL,2024-07-01 02:28:00,11.93665,11.93665,11.93665,11.93665,4900
OIL,2024-07-01 02:30:00,11.93665,11.93665,11.93665,11.93665,100
OIL,2024-07-01 02:31:00,11.93665,11.93665,11.93665,11.93665,300
OIL,2024-07-01 02:33:00,11.93665,11.93665,11.93665,11.93665,2000
OIL,2024-07-01 02:34:00,11.838,11.838,11.838,11.838,200
OIL,2024-07-01 02:35:00,11.838,11.93665,11.838,11.93665,11400
OIL,2024-07-01 02:36:00,11.93665,11.93665,11.93665,11.93665,10000
OIL,2024-07-01 02:37:00,11.93665,11.93665,11.93665,11.93665,6400
OIL,2024-07-01 02:38:00,11.93665,11.93665,11.838,11.838,1800
OIL,2024-07-01 02:39:00,11.93665,11.93665,11.93665,11.93665,1000
OIL,2024-07-01 02:40:00,11.93665,11.93665,11.93665,11.93665,10000
OIL,2024-07-01 02:41:00,11.93665,11.93665,11.93665,11.93665,2400
OIL,2024-07-01 02:42:00,11.93665,11.93665,11.93665,11.93665,1200
OIL,2024-07-01 02:43:00,11.93665,12.0353,11.93665,12.0353,5500
OIL,2024-07-01 02:44:00,12.0353,12.0353,12.0353,12.0353,500
OIL,2024-07-01 02:45:00,12.0353,12.0353,12.0353,12.0353,30000
OIL,2024-07-01 02:46:00,12.0353,12.0353,12.0353,12.0353,200
OIL,2024-07-01 02:47:00,11.93665,11.93665,11.93665,11.93665,13600
OIL,2024-07-01 02:48:00,11.93665,11.93665,11.93665,11.93665,800
OIL,2024-07-01 02:49:00,11.93665,11.93665,11.93665,11.93665,5000
OIL,2024-07-01 02:52:00,11.93665,11.93665,11.93665,11.93665,6700
OIL,2024-07-01 02:53:00,11.838,11.838,11.838,11.838,23000
OIL,2024-07-01 02:54:00,11.838,11.838,11.838,11.838,6100
OIL,2024-07-01 02:55:00,11.838,11.838,11.838,11.838,5000
OIL,2024-07-01 02:56:00,11.838,11.838,11.838,11.838,2800
OIL,2024-07-01 02:57:00,11.838,11.838,11.838,11.838,2400
OIL,2024-07-01 02:58:00,11.838,11.838,11.838,11.838,1000
OIL,2024-07-01 02:59:00,11.838,11.838,11.838,11.838,100
OIL,2024-07-01 03:01:00,11.838,11.838,11.838,11.838,1900
OIL,2024-07-01 03:02:00,11.838,11.838,11.838,11.838,100
OIL,2024-07-01 03:03:00,11.838,11.838,11.838,11.838,500
OIL,2024-07-01 03:04:00,11.73935,11.73935,11.73935,11.73935,60600
OIL,2024-07-01 03:05:00,11.73935,11.73935,11.73935,11.73935,13300
OIL,2024-07-01 03:06:00,11.73935,11.73935,11.6407,11.6407,23100
OIL,2024-07-01 03:07:00,11.6407,11.73935,11.6407,11.6407,4900
OIL,2024-07-01 03:08:00,11.73935,11.73935,11.73935,11.73935,12700
OIL,2024-07-01 03:09:00,11.73935,11.73935,11.73935,11.73935,10600
OIL,2024-07-01 03:10:00,11.73935,11.73935,11.73935,11.73935,2900
OIL,2024-07-01 03:11:00,11.73935,11.73935,11.73935,11.73935,20500
OIL,2024-07-01 03:12:00,11.73935,11.73935,11.73935,11.73935,1300
OIL,2024-07-01 03:13:00,11.73935,11.73935,11.73935,11.73935,1000
OIL,2024-07-01 03:14:00,11.73935,11.73935,11.73935,11.73935,2800
OIL,2024-07-01 03:15:00,11.73935,11.73935,11.73935,11.73935,12100
OIL,2024-07-01 03:16:00,11.73935,11.73935,11.73935,11.73935,2600
OIL,2024-07-01 03:18:00,11.838,11.838,11.838,11.838,100
OIL,2024-07-01 03:19:00,11.838,11.838,11.73935,11.73935,25100
OIL,2024-07-01 03:22:00,11.838,11.838,11.838,11.838,600
OIL,2024-07-01 03:23:00,11.73935,11.838,11.73935,11.838,2100
OIL,2024-07-01 03:26:00,11.838,11.838,11.73935,11.73935,1200
OIL,2024-07-01 03:28:00,11.73935,11.73935,11.73935,11.73935,2000
OIL,2024-07-01 03:29:00,11.73935,11.73935,11.73935,11.73935,500
OIL,2024-07-01 03:33:00,11.73935,11.73935,11.73935,11.73935,17600
OIL,2024-07-01 03:34:00,11.73935,11.73935,11.73935,11.73935,700
OIL,2024-07-01 03:35:00,11.73935,11.73935,11.73935,11.73935,12700
OIL,2024-07-01 03:37:00,11.73935,11.73935,11.73935,11.73935,2500
OIL,2024-07-01 03:38:00,11.838,11.838,11.73935,11.73935,1800
OIL,2024-07-01 03:39:00,11.73935,11.73935,11.73935,11.73935,10700
OIL,2024-07-01 03:41:00,11.73935,11.73935,11.73935,11.73935,3100
OIL,2024-07-01 03:42:00,11.73935,11.73935,11.73935,11.73935,11700
OIL,2024-07-01 03:43:00,11.73935,11.73935,11.73935,11.73935,300
OIL,2024-07-01 03:45:00,11.73935,11.73935,11.73935,11.73935,1000
OIL,2024-07-01 03:48:00,11.838,11.838,11.838,11.838,100
OIL,2024-07-01 03:49:00,11.838,11.838,11.838,11.838,5000
OIL,2024-07-01 03:50:00,11.838,11.838,11.838,11.838,30000
OIL,2024-07-01 03:53:00,11.73935,11.73935,11.73935,11.73935,24400
OIL,2024-07-01 03:55:00,11.73935,11.73935,11.73935,11.73935,12400
OIL,2024-07-01 03:56:00,11.73935,11.73935,11.73935,11.73935,4200
OIL,2024-07-01 03:57:00,11.73935,11.73935,11.73935,11.73935,5500
OIL,2024-07-01 03:58:00,11.73935,11.73935,11.73935,11.73935,11600
OIL,2024-07-01 04:00:00,11.73935,11.73935,11.73935,11.73935,4400
OIL,2024-07-01 04:01:00,11.73935,11.73935,11.73935,11.73935,1200
OIL,2024-07-01 04:02:00,11.73935,11.73935,11.73935,11.73935,1200
OIL,2024-07-01 04:04:00,11.73935,11.73935,11.73935,11.73935,2000
OIL,2024-07-01 04:05:00,11.73935,11.73935,11.73935,11.73935,8000
OIL,2024-07-01 04:06:00,11.73935,11.73935,11.73935,11.73935,2300
OIL,2024-07-01 04:07:00,11.73935,11.73935,11.73935,11.73935,3500
OIL,2024-07-01 04:11:00,11.73935,11.73935,11.73935,11.73935,3800
OIL,2024-07-01 04:12:00,11.6407,11.6407,11.6407,11.6407,500
OIL,2024-07-01 04:15:00,11.6407,11.6407,11.6407,11.6407,20000
OIL,2024-07-01 04:16:00,11.6407,11.6407,11.6407,11.6407,200
OIL,2024-07-01 04:17:00,11.6407,11.6407,11.6407,11.6407,10000
OIL,2024-07-01 04:18:00,11.6407,11.6407,11.6407,11.6407,3000
OIL,2024-07-01 04:19:00,11.6407,11.6407,11.6407,11.6407,109300
OIL,2024-07-01 04:20:00,11.6407,11.6407,11.6407,11.6407,1000
OIL,2024-07-01 04:21:00,11.6407,11.6407,11.6407,11.6407,4000
OIL,2024-07-01 04:22:00,11.6407,11.6407,11.6407,11.6407,10000
OIL,2024-07-01 04:24:00,11.6407,11.6407,11.6407,11.6407,3600
OIL,2024-07-01 04:25:00,11.6407,11.6407,11.6407,11.6407,1000
OIL,2024-07-01 04:27:00,11.6407,11.6407,11.6407,11.6407,1000
OIL,2024-07-01 04:28:00,11.6407,11.6407,11.6407,11.6407,18500
OIL,2024-07-01 04:29:00,11.6407,11.6407,11.54205,11.54205,6500
OIL,2024-07-01 06:00:00,11.54205,11.54205,11.54205,11.54205,15500
OIL,2024-07-01 06:01:00,11.6407,11.6407,11.54205,11.54205,11600
OIL,2024-07-01 06:02:00,11.54205,11.54205,11.54205,11.54205,3000
OIL,2024-07-01 06:04:00,11.54205,11.54205,11.54205,11.54205,500
OIL,2024-07-01 06:05:00,11.6407,11.6407,11.6407,11.6407,300
OIL,2024-07-01 06:08:00,11.6407,11.6407,11.6407,11.6407,1200
OIL,2024-07-01 06:09:00,11.6407,11.6407,11.6407,11.6407,2200
OIL,2024-07-01 06:11:00,11.6407,11.6407,11.6407,11.6407,5000
OIL,2024-07-01 06:12:00,11.6407,11.6407,11.54205,11.54205,6100
OIL,2024-07-01 06:14:00,11.6407,11.6407,11.6407,11.6407,3200
OIL,2024-07-01 06:16:00,11.6407,11.6407,11.6407,11.6407,100
OIL,2024-07-01 06:17:00,11.73935,11.73935,11.73935,11.73935,1000
OIL,2024-07-01 06:18:00,11.73935,11.73935,11.73935,11.73935,300
OIL,2024-07-01 06:20:00,11.6407,11.6407,11.6407,11.6407,1000
OIL,2024-07-01 06:21:00,11.6407,11.6407,11.6407,11.6407,10300
OIL,2024-07-01 06:22:00,11.6407,11.6407,11.6407,11.6407,30300
OIL,2024-07-01 06:23:00,11.6407,11.6407,11.6407,11.6407,8000
OIL,2024-07-01 06:24:00,11.73935,11.73935,11.6407,11.6407,100800
OIL,2024-07-01 06:25:00,11.73935,11.73935,11.73935,11.73935,34500
OIL,2024-07-01 06:26:00,11.73935,11.838,11.73935,11.73935,15100
OIL,2024-07-01 06:27:00,11.73935,11.73935,11.73935,11.73935,2200
OIL,2024-07-01 06:28:00,11.73935,11.73935,11.73935,11.73935,23300
OIL,2024-07-01 06:30:00,11.73935,11.73935,11.73935,11.73935,6800
OIL,2024-07-01 06:31:00,11.838,11.838,11.73935,11.73935,21600
OIL,2024-07-01 06:32:00,11.73935,11.73935,11.73935,11.73935,3000
OIL,2024-07-01 06:33:00,11.838,11.838,11.838,11.838,1000
OIL,2024-07-01 06:34:00,11.73935,11.73935,11.73935,11.73935,1200
OIL,2024-07-01 06:36:00,11.838,11.838,11.838,11.838,10000
OIL,2024-07-01 06:37:00,11.838,11.838,11.838,11.838,36700
OIL,2024-07-01 06:38:00,11.93665,11.93665,11.838,11.838,52000
OIL,2024-07-01 06:39:00,11.838,11.838,11.838,11.838,500
OIL,2024-07-01 06:40:00,11.73935,11.73935,11.73935,11.73935,400
OIL,2024-07-01 06:41:00,11.73935,11.73935,11.73935,11.73935,7800
OIL,2024-07-01 06:42:00,11.73935,11.73935,11.73935,11.73935,100
OIL,2024-07-01 06:43:00,11.73935,11.73935,11.73935,11.73935,2500
OIL,2024-07-01 06:45:00,11.6407,11.6407,11.6407,11.6407,2000
OIL,2024-07-01 06:47:00,11.73935,11.73935,11.73935,11.73935,100
OIL,2024-07-01 06:48:00,11.73935,11.73935,11.73935,11.73935,3200
OIL,2024-07-01 06:49:00,11.73935,11.73935,11.6407,11.6407,2000
OIL,2024-07-01 06:50:00,11.6407,11.73935,11.6407,11.73935,20200
OIL,2024-07-01 06:51:00,11.73935,11.73935,11.73935,11.73935,2100
OIL,2024-07-01 06:52:00,11.73935,11.73935,11.73935,11.73935,1100
OIL,2024-07-01 06:53:00,11.73935,11.73935,11.73935,11.73935,27100
OIL,2024-07-01 06:54:00,11.73935,11.73935,11.73935,11.73935,600
OIL,2024-07-01 06:55:00,11.73935,11.73935,11.73935,11.73935,1100
OIL,2024-07-01 06:56:00,11.73935,11.73935,11.73935,11.73935,32300
OIL,2024-07-01 06:57:00,11.6407,11.73935,11.6407,11.73935,3100
OIL,2024-07-01 06:59:00,11.73935,11.73935,11.73935,11.73935,3800
OIL,2024-07-01 07:00:00,11.73935,11.73935,11.73935,11.73935,1200
OIL,2024-07-01 07:02:00,11.838,11.838,11.838,11.838,10200
OIL,2024-07-01 07:03:00,11.838,11.838,11.838,11.838,2900
OIL,2024-07-01 07:04:00,11.838,11.838,11.838,11.838,10600
OIL,2024-07-01 07:05:00,11.838,11.838,11.838,11.838,10000
OIL,2024-07-01 07:06:00,11.838,11.838,11.73935,11.838,11100
OIL,2024-07-01 07:07:00,11.838,11.93665,11.73935,11.73935,1400
OIL,2024-07-01 07:08:00,11.73935,11.73935,11.73935,11.73935,1000
OIL,2024-07-01 07:10:00,11.73935,11.73935,11.73935,11.73935,100
OIL,2024-07-01 07:13:00,11.73935,11.73935,11.73935,11.73935,2000
OIL,2024-07-01 07:14:00,11.73935,11.73935,11.73935,11.73935,3000
OIL,2024-07-01 07:15:00,11.73935,11.73935,11.73935,11.73935,3800
OIL,2024-07-01 07:16:00,11.73935,11.73935,11.73935,11.73935,3000
OIL,2024-07-01 07:17:00,11.73935,11.73935,11.73935,11.73935,10100
OIL,2024-07-01 07:18:00,11.73935,11.73935,11.73935,11.73935,9000
OIL,2024-07-01 07:19:00,11.73935,11.73935,11.73935,11.73935,2900
OIL,2024-07-01 07:20:00,11.73935,11.73935,11.73935,11.73935,1500
OIL,2024-07-01 07:21:00,11.73935,11.73935,11.73935,11.73935,1700
OIL,2024-07-01 07:23:00,11.73935,11.73935,11.73935,11.73935,7300
OIL,2024-07-01 07:24:00,11.73935,11.838,11.73935,11.838,1200
OIL,2024-07-01 07:25:00,11.838,11.838,11.838,11.838,11000
OIL,2024-07-01 07:26:00,11.838,11.838,11.838,11.838,18900
OIL,2024-07-01 07:27:00,11.838,11.838,11.73935,11.838,7200
OIL,2024-07-01 07:28:00,11.838,11.838,11.838,11.838,600
OIL,2024-07-01 07:29:00,11.838,11.838,11.838,11.838,6400
OIL,2024-07-01 07:30:00,11.838,11.838,11.838,11.838,200
OIL,2024-07-01 07:31:00,11.838,11.838,11.838,11.838,4700
OIL,2024-07-01 07:32:00,11.838,11.838,11.838,11.838,1500
OIL,2024-07-01 07:33:00,11.838,11.838,11.838,11.838,800
OIL,2024-07-01 07:34:00,11.838,11.838,11.838,11.838,11400
OIL,2024-07-01 07:38:00,11.838,11.93665,11.838,11.93665,200
OIL,2024-07-01 07:39:00,11.838,11.838,11.838,11.838,1000
OIL,2024-07-01 07:40:00,11.838,11.838,11.838,11.838,2000
OIL,2024-07-01 07:41:00,11.838,11.838,11.838,11.838,2000
OIL,2024-07-01 07:42:00,11.93665,11.93665,11.93665,11.93665,300
OIL,2024-07-01 07:44:00,11.93665,11.93665,11.93665,11.93665,2000
OIL,2024-07-01 07:45:00,11.93665,11.93665,11.93665,11.93665,1800
OIL,2024-07-01 07:46:00,11.93665,11.93665,11.93665,11.93665,1500
OIL,2024-07-01 07:47:00,11.838,11.838,11.838,11.838,500
OIL,2024-07-01 07:49:00,11.93665,11.93665,11.93665,11.93665,70200
OIL,2024-07-01 07:50:00,11.93665,11.93665,11.93665,11.93665,40000
OIL,2024-07-01 07:51:00,11.93665,11.93665,11.93665,11.93665,2100
OIL,2024-07-01 07:52:00,11.93665,11.93665,11.93665,11.93665,60000
OIL,2024-07-01 07:54:00,11.93665,11.93665,11.93665,11.93665,34700
OIL,2024-07-01 07:55:00,12.0353,12.0353,11.93665,11.93665,2800
OIL,2024-07-01 07:58:00,11.93665,11.93665,11.93665,11.93665,1000
OIL,2024-07-01 07:59:00,11.93665,11.93665,11.93665,11.93665,4000
OIL,2024-07-02 02:00:00,11.93665,12.0353,11.93665,12.0353,4100
OIL,2024-07-02 02:01:00,12.13395,12.13395,12.13395,12.13395,100
OIL,2024-07-02 02:02:00,12.0353,12.13395,12.0353,12.0353,5000
OIL,2024-07-02 02:03:00,12.0353,12.0353,12.0353,12.0353,2700
OIL,2024-07-02 02:04:00,12.2326,12.2326,12.2326,12.2326,10000
OIL,2024-07-02 02:06:00,12.2326,12.2326,12.2326,12.2326,1800
OIL,2024-07-02 02:07:00,12.2326,12.2326,12.2326,12.2326,1500
OIL,2024-07-02 02:08:00,12.2326,12.2326,12.2326,12.2326,1700
OIL,2024-07-02 02:09:00,12.2326,12.2326,12.2326,12.2326,8000
OIL,2024-07-02 02:10:00,12.2326,12.2326,12.2326,12.2326,4600
OIL,2024-07-02 02:11:00,12.2326,12.2326,12.2326,12.2326,48200
OIL,2024-07-02 02:12:00,12.33125,12.33125,12.33125,12.33125,1500
OIL,2024-07-02 02:13:00,12.33125,12.33125,12.33125,12.33125,7000
OIL,2024-07-02 02:14:00,12.33125,12.33125,12.2326,12.2326,45300
OIL,2024-07-02 02:15:00,12.2326,12.2326,12.2326,12.2326,51800
OIL,2024-07-02 02:16:00,12.2326,12.33125,12.2326,12.33125,3700
OIL,2024-07-02 02:17:00,12.2326,12.33125,12.2326,12.33125,50100
OIL,2024-07-02 02:18:00,12.33125,12.4299,12.33125,12.33125,10300
OIL,2024-07-02 02:19:00,12.33125,12.4299,12.33125,12.4299,4000
OIL,2024-07-02 02:20:00,12.4299,12.4299,12.4299,12.4299,11000
OIL,2024-07-02 02:21:00,12.33125,12.33125,12.33125,12.33125,65800
OIL,2024-07-02 02:23:00,12.33125,12.33125,12.33125,12.33125,100
OIL,2024-07-02 02:24:00,12.33125,12.33125,12.33125,12.33125,4100
OIL,2024-07-02 02:25:00,12.2326,12.33125,12.2326,12.33125,21900
OIL,2024-07-02 02:26:00,12.33125,12.33125,12.33125,12.33125,22200
OIL,2024-07-02 02:27:00,12.33125,12.33125,12.2326,12.33125,66300
OIL,2024-07-02 02:28:00,12.33125,12.33125,12.33125,12.33125,200
OIL,2024-07-02 02:29:00,12.33125,12.33125,12.33125,12.33125,10000
OIL,2024-07-02 02:30:00,12.33125,12.33125,12.33125,12.33125,6300
OIL,2024-07-02 02:31:00,12.33125,12.33125,12.33125,12.33125,12600
OIL,2024-07-02 02:32:00,12.33125,12.33125,12.33125,12.33125,1000
OIL,2024-07-02 02:33:00,12.33125,12.33125,12.33125,12.33125,21600
OIL,2024-07-02 02:34:00,12.33125,12.33125,12.33125,12.33125,5400
OIL,2024-07-02 02:35:00,12.33125,12.33125,12.33125,12.33125,800
OIL,2024-07-02 02:36:00,12.33125,12.33125,12.33125,12.33125,8100
OIL,2024-07-02 02:37:00,12.33125,12.33125,12.33125,12.33125,1800
OIL,2024-07-02 02:38:00,12.33125,12.33125,12.33125,12.33125,1600
OIL,2024-07-02 02:39:00,12.33125,12.33125,12.33125,12.33125,26100
OIL,2024-07-02 02:40:00,12.33125,12.33125,12.33125,12.33125,14100
OIL,2024-07-02 02:41:00,12.33125,12.33125,12.33125,12.33125,4000
OIL,2024-07-02 02:42:00,12.33125,12.33125,12.33125,12.33125,10000
OIL,2024-07-02 02:43:00,12.33125,12.33125,12.33125,12.33125,2300
OIL,2024-07-02 02:44:00,12.33125,12.4299,12.33125,12.33125,44000
OIL,2024-07-02 02:45:00,12.33125,12.33125,12.33125,12.33125,3800
OIL,2024-07-02 02:46:00,12.33125,12.33125,12.33125,12.33125,3000
OIL,2024-07-02 02:47:00,12.33125,12.33125,12.33125,12.33125,3600
OIL,2024-07-02 02:48:00,12.33125,12.33125,12.33125,12.33125,3500
OIL,2024-07-02 02:49:00,12.33125,12.33125,12.33125,12.33125,2900
OIL,2024-07-02 02:50:00,12.33125,12.33125,12.33125,12.33125,4000
OIL,2024-07-02 02:51:00,12.33125,12.33125,12.33125,12.33125,2500
OIL,2024-07-02 02:52:00,12.33125,12.33125,12.33125,12.33125,3600
OIL,2024-07-02 02:53:00,12.33125,12.33125,12.33125,12.33125,61100
OIL,2024-07-02 02:54:00,12.33125,12.33125,12.33125,12.33125,5000
OIL,2024-07-02 02:55:00,12.33125,12.4299,12.33125,12.33125,13900
OIL,2024-07-02 02:56:00,12.33125,12.33125,12.33125,12.33125,1500
OIL,2024-07-02 02:57:00,12.33125,12.33125,12.33125,12.33125,500
OIL,2024-07-02 02:59:00,12.33125,12.33125,12.33125,12.33125,1000
OIL,2024-07-02 03:00:00,12.33125,12.33125,12.33125,12.33125,2600
OIL,2024-07-02 03:02:00,12.4299,12.4299,12.4299,12.4299,100
OIL,2024-07-02 03:03:00,12.4299,12.4299,12.4299,12.4299,500
OIL,2024-07-02 03:04:00,12.4299,12.4299,12.4299,12.4299,900
OIL,2024-07-02 03:05:00,12.4299,12.4299,12.4299,12.4299,200
OIL,2024-07-02 03:07:00,12.4299,12.4299,12.4299,12.4299,600
OIL,2024-07-02 03:09:00,12.33125,12.33125,12.33125,12.33125,16100
OIL,2024-07-02 03:10:00,12.4299,12.4299,12.33125,12.4299,4500
OIL,2024-07-02 03:11:00,12.4299,12.4299,12.4299,12.4299,4200
OIL,2024-07-02 03:12:00,12.4299,12.4299,12.4299,12.4299,4100
OIL,2024-07-02 03:13:00,12.4299,12.4299,12.4299,12.4299,4200
OIL,2024-07-02 03:14:00,12.4299,12.4299,12.4299,12.4299,6500
OIL,2024-07-02 03:15:00,12.4299,12.4299,12.4299,12.4299,4100
OIL,2024-07-02 03:16:00,12.4299,12.4299,12.4299,12.4299,58200
OIL,2024-07-02 03:17:00,12.52855,12.52855,12.52855,12.52855,100
OIL,2024-07-02 03:18:00,12.52855,12.52855,12.52855,12.52855,1200
OIL,2024-07-02 03:19:00,12.4299,12.52855,12.4299,12.52855,2100
OIL,2024-07-02 03:20:00,12.52855,12.52855,12.52855,12.52855,200
OIL,2024-07-02 03:24:00,12.4299,12.52855,12.4299,12.52855,300
OIL,2024-07-02 03:25:00,12.52855,12.52855,12.4299,12.4299,48000
OIL,2024-07-02 03:26:00,12.52855,12.52855,12.52855,12.52855,5500
OIL,2024-07-02 03:27:00,12.52855,12.52855,12.52855,12.52855,400
OIL,2024-07-02 03:28:00,12.4299,12.4299,12.4299,12.4299,100
OIL,2024-07-02 03:29:00,12.52855,12.52855,12.52855,12.52855,100
OIL,2024-07-02 03:32:00,12.4299,12.4299,12.4299,12.4299,500
OIL,2024-07-02 03:33:00,12.4299,12.4299,12.4299,12.4299,500
OIL,2024-07-02 03:35:00,12.4299,12.4299,12.4299,12.4299,4500
OIL,2024-07-02 03:36:00,12.4299,12.4299,12.4299,12.4299,1000
OIL,2024-07-02 03:37:00,12.4299,12.4299,12.4299,12.4299,2000
OIL,2024-07-02 03:38:00,12.4299,12.4299,12.4299,12.4299,3000
OIL,2024-07-02 03:39:00,12.4299,12.4299,12.4299,12.4299,31500
OIL,2024-07-02 03:40:00,12.4299,12.4299,12.4299,12.4299,84500
OIL,2024-07-02 03:41:00,12.4299,12.4299,12.4299,12.4299,6200
OIL,2024-07-02 03:42:00,12.4299,12.4299,12.4299,12.4299,24300
OIL,2024-07-02 03:43:00,12.4299,12.4299,12.4299,12.4299,6800
OIL,2024-07-02 03:44:00,12.4299,12.4299,12.4299,12.4299,10400
OIL,2024-07-02 03:45:00,12.4299,12.4299,12.4299,12.4299,18400
OIL,2024-07-02 03:46:00,12.4299,12.4299,12.4299,12.4299,16000
OIL,2024-07-02 03:47:00,12.4299,12.4299,12.4299,12.4299,18500
OIL,2024-07-02 03:48:00,12.4299,12.4299,12.4299,12.4299,4000
OIL,2024-07-02 03:49:00,12.4299,12.4299,12.4299,12.4299,11100
OIL,2024-07-02 03:50:00,12.33125,12.4299,12.33125,12.4299,8100
OIL,2024-07-02 03:51:00,12.4299,12.4299,12.4299,12.4299,5100
OIL,2024-07-02 03:52:00,12.4299,12.4299,12.4299,12.4299,6100
OIL,2024-07-02 03:53:00,12.4299,12.4299,12.33125,12.4299,8400
OIL,2024-07-02 03:54:00,12.4299,12.4299,12.4299,12.4299,8200
OIL,2024-07-02 03:55:00,12.4299,12.4299,12.4299,12.4299,4200
OIL,2024-07-02 03:56:00,12.4299,12.4299,12.4299,12.4299,6100
OIL,2024-07-02 03:57:00,12.4299,12.4299,12.4299,12.4299,4300
OIL,2024-07-02 03:58:00,12.4299,12.4299,12.4299,12.4299,6900
OIL,2024-07-02 03:59:00,12.4299,12.4299,12.4299,12.4299,8000
OIL,2024-07-02 04:00:00,12.4299,12.4299,12.4299,12.4299,6800
OIL,2024-07-02 04:02:00,12.4299,12.4299,12.4299,12.4299,11000
OIL,2024-07-02 04:03:00,12.4299,12.4299,12.4299,12.4299,8500
OIL,2024-07-02 04:05:00,12.4299,12.4299,12.4299,12.4299,3500
OIL,2024-07-02 04:06:00,12.4299,12.4299,12.4299,12.4299,7500
OIL,2024-07-02 04:07:00,12.4299,12.4299,12.4299,12.4299,41800
OIL,2024-07-02 04:09:00,12.4299,12.4299,12.4299,12.4299,300
OIL,2024-07-02 04:10:00,12.4299,12.4299,12.4299,12.4299,2000
OIL,2024-07-02 04:11:00,12.52855,12.52855,12.52855,12.52855,10000
OIL,2024-07-02 04:14:00,12.52855,12.52855,12.52855,12.52855,300
OIL,2024-07-02 04:15:00,12.52855,12.52855,12.52855,12.52855,9200
OIL,2024-07-02 04:16:00,12.52855,12.52855,12.52855,12.52855,200
OIL,2024-07-02 04:17:00,12.52855,12.52855,12.4299,12.4299,2000
OIL,2024-07-02 04:22:00,12.4299,12.4299,12.4299,12.4299,2100
OIL,2024-07-02 04:23:00,12.4299,12.4299,12.4299,12.4299,2000
OIL,2024-07-02 04:24:00,12.52855,12.52855,12.52855,12.52855,200
OIL,2024-07-02 04:26:00,12.4299,12.4299,12.4299,12.4299,26400
OIL,2024-07-02 04:27:00,12.4299,12.4299,12.4299,12.4299,1000
OIL,2024-07-02 04:28:00,12.4299,12.4299,12.4299,12.4299,42500
OIL,2024-07-02 06:00:00,12.4299,12.4299,12.33125,12.4299,89700
OIL,2024-07-02 06:01:00,12.4299,12.4299,12.4299,12.4299,14300
OIL,2024-07-02 06:02:00,12.4299,12.4299,12.4299,12.4299,31000
OIL,2024-07-02 06:03:00,12.4299,12.4299,12.33125,12.4299,3000
OIL,2024-07-02 06:04:00,12.4299,12.4299,12.33125,12.33125,2300
OIL,2024-07-02 06:05:00,12.4299,12.4299,12.4299,12.4299,2200
OIL,2024-07-02 06:06:00,12.4299,12.4299,12.4299,12.4299,2500
OIL,2024-07-02 06:07:00,12.4299,12.4299,12.4299,12.4299,2200
OIL,2024-07-02 06:08:00,12.4299,12.4299,12.4299,12.4299,900
OIL,2024-07-02 06:09:00,12.4299,12.4299,12.33125,12.4299,3500
OIL,2024-07-02 06:10:00,12.4299,12.4299,12.4299,12.4299,2200
OIL,2024-07-02 06:11:00,12.33125,12.4299,12.33125,12.4299,4100
OIL,2024-07-02 06:12:00,12.4299,12.4299,12.33125,12.4299,7400
OIL,2024-07-02 06:13:00,12.4299,12.4299,12.4299,12.4299,1800
OIL,2024-07-02 06:14:00,12.4299,12.4299,12.4299,12.4299,2200
OIL,2024-07-02 06:15:00,12.33125,12.4299,12.33125,12.4299,2300
OIL,2024-07-02 06:16:00,12.4299,12.4299,12.33125,12.4299,22300
OIL,2024-07-02 06:17:00,12.4299,12.4299,12.4299,12.4299,1200
OIL,2024-07-02 06:18:00,12.4299,12.4299,12.4299,12.4299,2800
OIL,2024-07-02 06:19:00,12.33125,12.4299,12.33125,12.4299,122100
OIL,2024-07-02 06:20:00,12.4299,12.4299,12.4299,12.4299,5700
OIL,2024-07-02 06:21:00,12.4299,12.4299,12.4299,12.4299,17100
OIL,2024-07-02 06:22:00,12.4299,12.4299,12.4299,12.4299,15600
OIL,2024-07-02 06:24:00,12.4299,12.4299,12.4299,12.4299,100
OIL,2024-07-02 06:25:00,12.4299,12.4299,12.4299,12.4299,1000
OIL,2024-07-02 06:26:00,12.4299,12.4299,12.4299,12.4299,700
OIL,2024-07-02 06:27:00,12.4299,12.4299,12.4299,12.4299,10400
OIL,2024-07-02 06:28:00,12.4299,12.4299,12.4299,12.4299,58200
OIL,2024-07-02 06:29:00,12.4299,12.4299,12.4299,12.4299,48900
OIL,2024-07-02 06:30:00,12.4299,12.4299,12.4299,12.4299,5800
OIL,2024-07-02 06:31:00,12.4299,12.4299,12.4299,12.4299,35600
OIL,2024-07-02 06:32:00,12.4299,12.4299,12.4299,12.4299,21900
OIL,2024-07-02 06:33:00,12.4299,12.4299,12.4299,12.4299,1000
OIL,2024-07-02 06:34:00,12.52855,12.52855,12.4299,12.4299,35200
OIL,2024-07-02 06:35:00,12.4299,12.52855,12.4299,12.52855,7700
OIL,2024-07-02 06:36:00,12.4299,12.4299,12.4299,12.4299,10000
OIL,2024-07-02 06:37:00,12.4299,12.4299,12.4299,12.4299,13000
OIL,2024-07-02 06:40:00,12.4299,12.4299,12.4299,12.4299,1000
OIL,2024-07-02 06:41:00,12.4299,12.4299,12.4299,12.4299,5000
OIL,2024-07-02 06:42:00,12.4299,12.4299,12.4299,12.4299,100
OIL,2024-07-02 06:43:00,12.4299,12.4299,12.4299,12.4299,71500
OIL,2024-07-02 06:44:00,12.4299,12.4299,12.4299,12.4299,33400
OIL,2024-07-02 06:45:00,12.4299,12.4299,12.4299,12.4299,6200
OIL,2024-07-02 06:46:00,12.4299,12.4299,12.4299,12.4299,4800
OIL,2024-07-02 06:47:00,12.4299,12.4299,12.4299,12.4299,4900
OIL,2024-07-02 06:48:00,12.4299,12.4299,12.4299,12.4299,4900
OIL,2024-07-02 06:49:00,12.52855,12.52855,12.4299,12.4299,18000
OIL,2024-07-02 06:51:00,12.4299,12.4299,12.4299,12.4299,100
OIL,2024-07-02 06:54:00,12.52855,12.52855,12.52855,12.52855,200
OIL,2024-07-02 06:55:00,12.52855,12.52855,12.4299,12.4299,700
OIL,2024-07-02 06:56:00,12.52855,12.52855,12.52855,12.52855,100
OIL,2024-07-02 06:57:00,12.52855,12.52855,12.52855,12.52855,3000
OIL,2024-07-02 06:58:00,12.52855,12.52855,12.52855,12.52855,7000
OIL,2024-07-02 07:02:00,12.52855,12.52855,12.4299,12.4299,6100
OIL,2024-07-02 07:03:00,12.4299,12.4299,12.4299,12.4299,9600
OIL,2024-07-02 07:05:00,12.4299,12.52855,12.4299,12.52855,400
OIL,2024-07-02 07:06:00,12.4299,12.4299,12.4299,12.4299,2000
OIL,2024-07-02 07:07:00,12.4299,12.4299,12.4299,12.4299,3000
OIL,2024-07-02 07:08:00,12.4299,12.4299,12.4299,12.4299,3000
OIL,2024-07-02 07:09:00,12.6272,12.6272,12.6272,12.6272,100000
OIL,2024-07-02 07:10:00,12.4299,12.4299,12.4299,12.4299,100
OIL,2024-07-02 07:11:00,12.52855,12.52855,12.52855,12.52855,200
OIL,2024-07-02 07:12:00,12.52855,12.6272,12.52855,12.6272,400
OIL,2024-07-02 07:13:00,12.52855,12.52855,12.52855,12.52855,5000
OIL,2024-07-02 07:14:00,12.52855,12.52855,12.52855,12.52855,7700
OIL,2024-07-02 07:15:00,12.52855,12.52855,12.52855,12.52855,6000
OIL,2024-07-02 07:16:00,12.4299,12.4299,12.4299,12.4299,1500
OIL,2024-07-02 07:19:00,12.52855,12.52855,12.52855,12.52855,5600
OIL,2024-07-02 07:20:00,12.52855,12.52855,12.52855,12.52855,7500
OIL,2024-07-02 07:21:00,12.52855,12.52855,12.52855,12.52855,200
OIL,2024-07-02 07:23:00,12.4299,12.4299,12.4299,12.4299,2300
OIL,2024-07-02 07:24:00,12.4299,12.4299,12.4299,12.4299,300
OIL,2024-07-02 07:25:00,12.4299,12.52855,12.4299,12.52855,3100
OIL,2024-07-02 07:26:00,12.4299,12.4299,12.4299,12.4299,600
OIL,2024-07-02 07:28:00,12.52855,12.52855,12.4299,12.4299,10200
OIL,2024-07-02 07:29:00,12.52855,12.52855,12.52855,12.52855,100
OIL,2024-07-02 07:30:00,12.52855,12.52855,12.52855,12.52855,100
OIL,2024-07-02 07:33:00,12.52855,12.52855,12.52855,12.52855,200
OIL,2024-07-02 07:34:00,12.4299,12.4299,12.4299,12.4299,7500
OIL,2024-07-02 07:35:00,12.4299,12.4299,12.4299,12.4299,500
OIL,2024-07-02 07:39:00,12.52855,12.52855,12.52855,12.52855,18600
OIL,2024-07-02 07:40:00,12.52855,12.52855,12.52855,12.52855,100
OIL,2024-07-02 07:43:00,12.4299,12.4299,12.4299,12.4299,27900
OIL,2024-07-02 07:44:00,12.4299,12.4299,12.4299,12.4299,100
OIL,2024-07-02 07:51:00,12.52855,12.52855,12.52855,12.52855,100
OIL,2024-07-02 07:52:00,12.52855,12.52855,12.52855,12.52855,4900
OIL,2024-07-02 07:56:00,12.52855,12.52855,12.52855,12.52855,15500
OIL,2024-07-02 07:59:00,12.52855,12.52855,12.52855,12.52855,14100
OIL,2024-07-03 02:00:00,12.52855,12.52855,12.52855,12.52855,100
OIL,2024-07-03 02:01:00,12.6272,12.6272,12.6272,12.6272,1700
OIL,2024-07-03 02:02:00,12.6272,12.72585,12.6272,12.6272,12200
OIL,2024-07-03 02:03:00,12.6272,12.6272,12.6272,12.6272,11000
OIL,2024-07-03 02:04:00,12.72585,12.72585,12.6272,12.6272,3400
OIL,2024-07-03 02:05:00,12.6272,12.6272,12.6272,12.6272,200
OIL,2024-07-03 02:06:00,12.6272,12.6272,12.6272,12.6272,18200
OIL,2024-07-03 02:07:00,12.6272,12.6272,12.6272,12.6272,5000
OIL,2024-07-03 02:10:00,12.6272,12.6272,12.6272,12.6272,2000
OIL,2024-07-03 02:11:00,12.6272,12.6272,12.6272,12.6272,500
OIL,2024-07-03 02:12:00,12.6272,12.6272,12.6272,12.6272,2200
OIL,2024-07-03 02:13:00,12.6272,12.6272,12.6272,12.6272,2000
OIL,2024-07-03 02:14:00,12.6272,12.6272,12.6272,12.6272,6500
OIL,2024-07-03 02:15:00,12.6272,12.6272,12.6272,12.6272,1000
OIL,2024-07-03 02:16:00,12.6272,12.6272,12.6272,12.6272,32200
OIL,2024-07-03 02:17:00,12.6272,12.6272,12.6272,12.6272,1500
OIL,2024-07-03 02:18:00,12.6272,12.6272,12.6272,12.6272,2000
OIL,2024-07-03 02:19:00,12.6272,12.6272,12.6272,12.6272,6000
OIL,2024-07-03 02:20:00,12.6272,12.6272,12.6272,12.6272,25000
OIL,2024-07-03 02:21:00,12.6272,12.6272,12.6272,12.6272,1500
OIL,2024-07-03 02:22:00,12.6272,12.6272,12.6272,12.6272,2000
OIL,2024-07-03 02:23:00,12.6272,12.6272,12.6272,12.6272,1700
OIL,2024-07-03 02:24:00,12.6272,12.6272,12.6272,12.6272,9000
OIL,2024-07-03 02:25:00,12.6272,12.6272,12.6272,12.6272,1200
OIL,2024-07-03 02:26:00,12.6272,12.6272,12.6272,12.6272,2100
OIL,2024-07-03 02:27:00,12.6272,12.6272,12.6272,12.6272,22000
OIL,2024-07-03 02:28:00,12.6272,12.6272,12.6272,12.6272,2000
OIL,2024-07-03 02:29:00,12.52855,12.6272,12.52855,12.6272,1100
OIL,2024-07-03 02:30:00,12.6272,12.6272,12.6272,12.6272,2000
OIL,2024-07-03 02:31:00,12.6272,12.6272,12.6272,12.6272,11900
OIL,2024-07-03 02:32:00,12.6272,12.6272,12.6272,12.6272,10900
OIL,2024-07-03 02:33:00,12.6272,12.6272,12.6272,12.6272,5200
OIL,2024-07-03 02:34:00,12.6272,12.6272,12.6272,12.6272,6500
OIL,2024-07-03 02:35:00,12.6272,12.6272,12.6272,12.6272,1400
OIL,2024-07-03 02:36:00,12.6272,12.6272,12.52855,12.6272,22000
OIL,2024-07-03 02:37:00,12.6272,12.6272,12.6272,12.6272,900
OIL,2024-07-03 02:38:00,12.52855,12.6272,12.52855,12.6272,23600
OIL,2024-07-03 02:39:00,12.52855,12.6272,12.52855,12.6272,12900
OIL,2024-07-03 02:40:00,12.6272,12.6272,12.6272,12.6272,2000
OIL,2024-07-03 02:41:00,12.6272,12.6272,12.6272,12.6272,900
OIL,2024-07-03 02:42:00,12.6272,12.6272,12.52855,12.6272,5800
OIL,2024-07-03 02:43:00,12.52855,12.6272,12.52855,12.52855,22000
OIL,2024-07-03 02:44:00,12.6272,12.6272,12.6272,12.6272,4000
OIL,2024-07-03 02:45:00,12.6272,12.6272,12.52855,12.6272,6900
OIL,2024-07-03 02:46:00,12.6272,12.6272,12.6272,12.6272,4100
OIL,2024-07-03 02:47:00,12.6272,12.6272,12.6272,12.6272,1200
OIL,2024-07-03 02:48:00,12.6272,12.6272,12.6272,12.6272,2000
OIL,2024-07-03 02:49:00,12.6272,12.6272,12.6272,12.6272,1000
OIL,2024-07-03 02:50:00,12.6272,12.6272,12.6272,12.6272,1100
OIL,2024-07-03 02:51:00,12.6272,12.6272,12.6272,12.6272,1900
OIL,2024-07-03 02:52:00,12.6272,12.6272,12.6272,12.6272,1100
OIL,2024-07-03 02:53:00,12.6272,12.6272,12.6272,12.6272,2000
OIL,2024-07-03 02:54:00,12.6272,12.6272,12.6272,12.6272,1000
OIL,2024-07-03 02:55:00,12.6272,12.6272,12.6272,12.6272,2000
OIL,2024-07-03 02:56:00,12.6272,12.6272,12.6272,12.6272,1100
OIL,2024-07-03 02:57:00,12.6272,12.6272,12.6272,12.6272,2900
OIL,2024-07-03 02:58:00,12.6272,12.6272,12.6272,12.6272,2200
OIL,2024-07-03 02:59:00,12.6272,12.6272,12.6272,12.6272,100
OIL,2024-07-03 03:00:00,12.52855,12.52855,12.52855,12.52855,15100
OIL,2024-07-03 03:01:00,12.52855,12.52855,12.52855,12.52855,37400
OIL,2024-07-03 03:02:00,12.52855,12.52855,12.52855,12.52855,1100
OIL,2024-07-03 03:03:00,12.52855,12.52855,12.52855,12.52855,3400
OIL,2024-07-03 03:04:00,12.52855,12.52855,12.52855,12.52855,1300
OIL,2024-07-03 03:05:00,12.52855,12.52855,12.52855,12.52855,2100
OIL,2024-07-03 03:06:00,12.52855,12.52855,12.4299,12.4299,4000
OIL,2024-07-03 03:07:00,12.52855,12.52855,12.4299,12.4299,59200
OIL,2024-07-03 03:08:00,12.4299,12.4299,12.4299,12.4299,1400
OIL,2024-07-03 03:09:00,12.4299,12.4299,12.4299,12.4299,1900
OIL,2024-07-03 03:10:00,12.4299,12.4299,12.4299,12.4299,1200
OIL,2024-07-03 03:11:00,12.4299,12.4299,12.4299,12.4299,2000
OIL,2024-07-03 03:12:00,12.4299,12.4299,12.33125,12.4299,6200
OIL,2024-07-03 03:13:00,12.4299,12.4299,12.4299,12.4299,2000
OIL,2024-07-03 03:14:00,12.4299,12.4299,12.4299,12.4299,3300
OIL,2024-07-03 03:15:00,12.4299,12.4299,12.4299,12.4299,1900
OIL,2024-07-03 03:16:00,12.4299,12.4299,12.4299,12.4299,1000
OIL,2024-07-03 03:17:00,12.4299,12.52855,12.4299,12.52855,53400
OIL,2024-07-03 03:18:00,12.52855,12.52855,12.52855,12.52855,1000
OIL,2024-07-03 03:19:00,12.52855,12.52855,12.52855,12.52855,2000
OIL,2024-07-03 03:20:00,12.4299,12.4299,12.4299,12.4299,2000
OIL,2024-07-03 03:21:00,12.4299,12.52855,12.4299,12.52855,2500
OIL,2024-07-03 03:22:00,12.52855,12.52855,12.52855,12.52855,1000
OIL,2024-07-03 03:23:00,12.52855,12.52855,12.52855,12.52855,2000
OIL,2024-07-03 03:24:00,12.4299,12.4299,12.4299,12.4299,5900
OIL,2024-07-03 03:25:00,12.4299,12.4299,12.4299,12.4299,1900
OIL,2024-07-03 03:26:00,12.4299,12.4299,12.4299,12.4299,1900
OIL,2024-07-03 03:27:00,12.4299,12.52855,12.4299,12.52855,2600
OIL,2024-07-03 03:28:00,12.4299,12.52855,12.4299,12.52855,1000
OIL,2024-07-03 03:29:00,12.52855,12.52855,12.52855,12.52855,1900
OIL,2024-07-03 03:30:00,12.52855,12.52855,12.52855,12.52855,800
OIL,2024-07-03 03:31:00,12.52855,12.52855,12.52855,12.52855,1900
OIL,2024-07-03 03:32:00,12.52855,12.52855,12.52855,12.52855,900
OIL,2024-07-03 03:33:00,12.52855,12.52855,12.52855,12.52855,1700
OIL,2024-07-03 03:34:00,12.52855,12.52855,12.52855,12.52855,900
OIL,2024-07-03 03:35:00,12.52855,12.52855,12.4299,12.52855,9600
OIL,2024-07-03 03:36:00,12.52855,12.52855,12.52855,12.52855,800
OIL,2024-07-03 03:37:00,12.52855,12.52855,12.4299,12.4299,1100
OIL,2024-07-03 03:38:00,12.52855,12.52855,12.52855,12.52855,1600
OIL,2024-07-03 03:39:00,12.52855,12.52855,12.52855,12.52855,900
OIL,2024-07-03 03:40:00,12.52855,12.52855,12.52855,12.52855,1600
OIL,2024-07-03 03:41:00,12.52855,12.52855,12.52855,12.52855,900
OIL,2024-07-03 03:42:00,12.52855,12.52855,12.52855,12.52855,6600
OIL,2024-07-03 03:43:00,12.52855,12.52855,12.52855,12.52855,900
OIL,2024-07-03 03:44:00,12.52855,12.52855,12.52855,12.52855,1900
OIL,2024-07-03 03:45:00,12.52855,12.52855,12.52855,12.52855,900
OIL,2024-07-03 03:46:00,12.52855,12.52855,12.52855,12.52855,2300
OIL,2024-07-03 03:47:00,12.52855,12.52855,12.52855,12.52855,2000
OIL,2024-07-03 03:48:00,12.52855,12.52855,12.52855,12.52855,1600
OIL,2024-07-03 03:49:00,12.52855,12.52855,12.4299,12.4299,1100
OIL,2024-07-03 03:50:00,12.52855,12.52855,12.52855,12.52855,1800
OIL,2024-07-03 03:51:00,12.52855,12.52855,12.52855,12.52855,800
OIL,2024-07-03 03:52:00,12.52855,12.52855,12.52855,12.52855,1800
OIL,2024-07-03 03:53:00,12.4299,12.52855,12.4299,12.52855,1300
OIL,2024-07-03 03:54:00,12.52855,12.52855,12.52855,12.52855,1700
OIL,2024-07-03 03:55:00,12.52855,12.52855,12.52855,12.52855,900
OIL,2024-07-03 03:56:00,12.52855,12.52855,12.52855,12.52855,1800
OIL,2024-07-03 03:57:00,12.52855,12.52855,12.52855,12.52855,800
OIL,2024-07-03 03:58:00,12.52855,12.52855,12.52855,12.52855,1800
OIL,2024-07-03 03:59:00,12.52855,12.52855,12.4299,12.4299,1000
OIL,2024-07-03 04:00:00,12.52855,12.52855,12.52855,12.52855,1700
OIL,2024-07-03 04:01:00,12.52855,12.52855,12.52855,12.52855,800
OIL,2024-07-03 04:02:00,12.52855,12.52855,12.52855,12.52855,1800
OIL,2024-07-03 04:03:00,12.52855,12.52855,12.52855,12.52855,800
OIL,2024-07-03 04:04:00,12.52855,12.52855,12.52855,12.52855,1800
OIL,2024-07-03 04:05:00,12.52855,12.52855,12.52855,12.52855,900
OIL,2024-07-03 04:06:00,12.52855,12.52855,12.52855,12.52855,1700
OIL,2024-07-03 04:07:00,12.52855,12.52855,12.52855,12.52855,900
OIL,2024-07-03 04:08:00,12.52855,12.52855,12.52855,12.52855,1800
OIL,2024-07-03 04:09:00,12.52855,12.52855,12.52855,12.52855,900
OIL,2024-07-03 04:10:00,12.52855,12.52855,12.52855,12.52855,1800
OIL,2024-07-03 04:11:00,12.52855,12.52855,12.52855,12.52855,900
OIL,2024-07-03 04:12:00,12.52855,12.52855,12.52855,12.52855,1700
OIL,2024-07-03 04:13:00,12.52855,12.52855,12.52855,12.52855,1000
OIL,2024-07-03 04:14:00,12.52855,12.52855,12.52855,12.52855,1700
OIL,2024-07-03 04:15:00,12.52855,12.52855,12.52855,12.52855,900
OIL,2024-07-03 04:16:00,12.52855,12.52855,12.52855,12.52855,1700
OIL,2024-07-03 04:17:00,12.52855,12.52855,12.52855,12.52855,1000
OIL,2024-07-03 04:18:00,12.52855,12.52855,12.52855,12.52855,1600
OIL,2024-07-03 04:19:00,12.4299,12.52855,12.4299,12.52855,7200
OIL,2024-07-03 04:20:00,12.52855,12.52855,12.52855,12.52855,2000
OIL,2024-07-03 04:21:00,12.52855,12.52855,12.52855,12.52855,2000
OIL,2024-07-03 04:23:00,12.52855,12.52855,12.52855,12.52855,2400
OIL,2024-07-03 04:24:00,12.52855,12.52855,12.52855,12.52855,100
OIL,2024-07-03 04:25:00,12.52855,12.52855,12.52855,12.52855,500
OIL,2024-07-03 04:27:00,12.52855,12.52855,12.52855,12.52855,500
OIL,2024-07-03 04:28:00,12.52855,12.52855,12.52855,12.52855,100
OIL,2024-07-03 04:29:00,12.52855,12.52855,12.52855,12.52855,100
OIL,2024-07-03 06:00:00,12.4299,12.52855,12.4299,12.4299,16500
OIL,2024-07-03 06:01:00,12.4299,12.4299,12.4299,12.4299,1400
OIL,2024-07-03 06:02:00,12.4299,12.4299,12.4299,12.4299,2600
OIL,2024-07-03 06:03:00,12.4299,12.4299,12.4299,12.4299,100
OIL,2024-07-03 06:04:00,12.4299,12.4299,12.4299,12.4299,1000
OIL,2024-07-03 06:05:00,12.33125,12.4299,12.33125,12.4299,2300
OIL,2024-07-03 06:06:00,12.4299,12.4299,12.33125,12.33125,1300
OIL,2024-07-03 06:07:00,12.33125,12.33125,12.33125,12.33125,1400
OIL,2024-07-03 06:08:00,12.4299,12.4299,12.4299,12.4299,200
OIL,2024-07-03 06:09:00,12.4299,12.4299,12.4299,12.4299,38900
OIL,2024-07-03 06:10:00,12.4299,12.4299,12.4299,12.4299,900
OIL,2024-07-03 06:11:00,12.4299,12.4299,12.4299,12.4299,100
OIL,2024-07-03 06:13:00,12.4299,12.4299,12.33125,12.33125,600
OIL,2024-07-03 06:14:00,12.33125,12.33125,12.33125,12.33125,100
OIL,2024-07-03 06:15:00,12.33125,12.33125,12.33125,12.33125,200
OIL,2024-07-03 06:17:00,12.33125,12.33125,12.33125,12.33125,100
OIL,2024-07-03 06:19:00,12.33125,12.33125,12.33125,12.33125,2000
OIL,2024-07-03 06:20:00,12.33125,12.33125,12.33125,12.33125,21000
OIL,2024-07-03 06:21:00,12.33125,12.33125,12.33125,12.33125,5000
OIL,2024-07-03 06:22:00,12.33125,12.33125,12.33125,12.33125,82800
OIL,2024-07-03 06:23:00,12.33125,12.33125,12.33125,12.33125,17200
OIL,2024-07-03 06:24:00,12.33125,12.33125,12.2326,12.33125,11600
OIL,2024-07-03 06:25:00,12.33125,12.33125,12.33125,12.33125,2100
OIL,2024-07-03 06:26:00,12.33125,12.33125,12.33125,12.33125,300
OIL,2024-07-03 06:27:00,12.33125,12.33125,12.2326,12.33125,14900
OIL,2024-07-03 06:28:00,12.33125,12.33125,12.33125,12.33125,500
OIL,2024-07-03 06:31:00,12.4299,12.4299,12.33125,12.33125,700
OIL,2024-07-03 06:33:00,12.4299,12.4299,12.4299,12.4299,100
OIL,2024-07-03 06:34:00,12.4299,12.4299,12.33125,12.33125,1300
OIL,2024-07-03 06:37:00,12.4299,12.4299,12.4299,12.4299,500
OIL,2024-07-03 06:38:00,12.4299,12.4299,12.4299,12.4299,1100
OIL,2024-07-03 06:39:00,12.4299,12.4299,12.4299,12.4299,300
OIL,2024-07-03 06:40:00,12.4299,12.4299,12.33125,12.33125,300
OIL,2024-07-03 06:43:00,12.4299,12.4299,12.4299,12.4299,60000
OIL,2024-07-03 06:44:00,12.4299,12.4299,12.4299,12.4299,1700
OIL,2024-07-03 06:46:00,12.52855,12.52855,12.52855,12.52855,100
OIL,2024-07-03 06:48:00,12.52855,12.52855,12.52855,12.52855,100
OIL,2024-07-03 06:49:00,12.4299,12.4299,12.4299,12.4299,40000
OIL,2024-07-03 06:50:00,12.4299,12.4299,12.4299,12.4299,4900
OIL,2024-07-03 06:52:00,12.4299,12.4299,12.4299,12.4299,1000
OIL,2024-07-03 06:54:00,12.52855,12.52855,12.4299,12.4299,800
OIL,2024-07-03 06:56:00,12.4299,12.52855,12.4299,12.52855,2100
OIL,2024-07-03 07:00:00,12.52855,12.52855,12.52855,12.52855,500
OIL,2024-07-03 07:02:00,12.52855,12.52855,12.52855,12.52855,3300
OIL,2024-07-03 07:03:00,12.52855,12.52855,12.52855,12.52855,3700
OIL,2024-07-03 07:05:00,12.52855,12.52855,12.4299,12.4299,2400
OIL,2024-07-03 07:06:00,12.52855,12.52855,12.52855,12.52855,3000
OIL,2024-07-03 07:07:00,12.52855,12.52855,12.4299,12.4299,700
OIL,2024-07-03 07:08:00,12.4299,12.4299,12.4299,12.4299,30000
OIL,2024-07-03 07:09:00,12.4299,12.4299,12.4299,12.4299,10000
OIL,2024-07-03 07:10:00,12.4299,12.4299,12.4299,12.4299,200
OIL,2024-07-03 07:11:00,12.4299,12.4299,12.4299,12.4299,3400
OIL,2024-07-03 07:12:00,12.4299,12.4299,12.4299,12.4299,2600
OIL,2024-07-03 07:13:00,12.4299,12.4299,12.4299,12.4299,7700
OIL,2024-07-03 07:14:00,12.4299,12.52855,12.4299,12.52855,3600
OIL,2024-07-03 07:15:00,12.4299,12.52855,12.4299,12.52855,20700
OIL,2024-07-03 07:18:00,12.52855,12.52855,12.52855,12.52855,1000
OIL,2024-07-03 07:19:00,12.4299,12.4299,12.4299,12.4299,10000
OIL,2024-07-03 07:20:00,12.4299,12.4299,12.4299,12.4299,4300
OIL,2024-07-03 07:21:00,12.4299,12.4299,12.4299,12.4299,500
OIL,2024-07-03 07:22:00,12.4299,12.4299,12.4299,12.4299,8900
OIL,2024-07-03 07:23:00,12.4299,12.4299,12.4299,12.4299,44000
OIL,2024-07-03 07:25:00,12.4299,12.4299,12.4299,12.4299,11300
OIL,2024-07-03 07:26:00,12.4299,12.4299,12.4299,12.4299,10600
OIL,2024-07-03 07:27:00,12.4299,12.4299,12.4299,12.4299,4000
OIL,2024-07-03 07:28:00,12.4299,12.4299,12.4299,12.4299,800
OIL,2024-07-03 07:29:00,12.4299,12.4299,12.4299,12.4299,3000
OIL,2024-07-03 07:31:00,12.4299,12.4299,12.4299,12.4299,300
OIL,2024-07-03 07:32:00,12.4299,12.4299,12.4299,12.4299,300
OIL,2024-07-03 07:33:00,12.4299,12.4299,12.4299,12.4299,2000
OIL,2024-07-03 07:34:00,12.4299,12.4299,12.4299,12.4299,4600
OIL,2024-07-03 07:35:00,12.4299,12.4299,12.4299,12.4299,800
OIL,2024-07-03 07:38:00,12.4299,12.4299,12.4299,12.4299,1000
OIL,2024-07-03 07:40:00,12.4299,12.4299,12.4299,12.4299,1000
OIL,2024-07-03 07:41:00,12.4299,12.4299,12.4299,12.4299,600
OIL,2024-07-03 07:46:00,12.4299,12.4299,12.4299,12.4299,6100
OIL,2024-07-03 07:47:00,12.52855,12.52855,12.4299,12.4299,300
OIL,2024-07-03 07:49:00,12.4299,12.4299,12.4299,12.4299,4300
OIL,2024-07-03 07:50:00,12.4299,12.4299,12.4299,12.4299,4500
OIL,2024-07-03 07:51:00,12.4299,12.4299,12.4299,12.4299,1900
OIL,2024-07-03 07:53:00,12.4299,12.4299,12.4299,12.4299,500
OIL,2024-07-03 07:54:00,12.4299,12.4299,12.4299,12.4299,1100
OIL,2024-07-03 07:55:00,12.4299,12.4299,12.4299,12.4299,1000
OIL,2024-07-03 07:56:00,12.33125,12.33125,12.33125,12.33125,1000
OIL,2024-07-03 07:58:00,12.4299,12.4299,12.4299,12.4299,1700
OIL,2024-07-03 07:59:00,12.4299,12.4299,12.33125,12.33125,10000
OIL,2024-07-04 02:00:00,12.33125,12.33125,12.33125,12.33125,100
OIL,2024-07-04 02:03:00,12.4299,12.4299,12.4299,12.4299,2600
OIL,2024-07-04 02:05:00,12.4299,12.4299,12.4299,12.4299,2000
OIL,2024-07-04 02:06:00,12.4299,12.4299,12.33125,12.33125,4600
OIL,2024-07-04 02:07:00,12.33125,12.4299,12.33125,12.4299,400
OIL,2024-07-04 02:09:00,12.4299,12.4299,12.4299,12.4299,1900
OIL,2024-07-04 02:10:00,12.4299,12.4299,12.4299,12.4299,2400
OIL,2024-07-04 02:11:00,12.4299,12.4299,12.4299,12.4299,500
OIL,2024-07-04 02:13:00,12.4299,12.4299,12.4299,12.4299,4100
OIL,2024-07-04 02:16:00,12.4299,12.4299,12.4299,12.4299,10200
OIL,2024-07-04 02:17:00,12.4299,12.4299,12.4299,12.4299,10200
OIL,2024-07-04 02:18:00,12.4299,12.4299,12.4299,12.4299,500
OIL,2024-07-04 02:19:00,12.4299,12.4299,12.4299,12.4299,24300
OIL,2024-07-04 02:21:00,12.52855,12.52855,12.4299,12.4299,19200
OIL,2024-07-04 02:22:00,12.4299,12.4299,12.4299,12.4299,10000
OIL,2024-07-04 02:23:00,12.4299,12.4299,12.4299,12.4299,18000
OIL,2024-07-04 02:24:00,12.4299,12.4299,12.4299,12.4299,13200
OIL,2024-07-04 02:25:00,12.4299,12.4299,12.4299,12.4299,12100
OIL,2024-07-04 02:26:00,12.4299,12.4299,12.33125,12.33125,4000
OIL,2024-07-04 02:27:00,12.4299,12.4299,12.4299,12.4299,1200
OIL,2024-07-04 02:28:00,12.4299,12.4299,12.4299,12.4299,4000
OIL,2024-07-04 02:29:00,12.4299,12.4299,12.4299,12.4299,1500
OIL,2024-07-04 02:31:00,12.4299,12.4299,12.33125,12.33125,7700
OIL,2024-07-04 02:33:00,12.4299,12.4299,12.33125,12.33125,900
OIL,2024-07-04 02:35:00,12.4299,12.4299,12.4299,12.4299,5000
OIL,2024-07-04 02:36:00,12.4299,12.4299,12.4299,12.4299,500
OIL,2024-07-04 02:37:00,12.4299,12.4299,12.4299,12.4299,49000
OIL,2024-07-04 02:39:00,12.52855,12.52855,12.52855,12.52855,5000
OIL,2024-07-04 02:40:00,12.52855,12.52855,12.52855,12.52855,1400
OIL,2024-07-04 02:41:00,12.52855,12.52855,12.52855,12.52855,14500
OIL,2024-07-04 02:42:00,12.4299,12.52855,12.4299,12.52855,17100
OIL,2024-07-04 02:43:00,12.52855,12.52855,12.52855,12.52855,11400
OIL,2024-07-04 02:44:00,12.52855,12.6272,12.52855,12.6272,4100
OIL,2024-07-04 02:45:00,12.6272,12.72585,12.6272,12.72585,84400
OIL,2024-07-04 02:46:00,12.72585,12.92315,12.72585,12.92315,184400
OIL,2024-07-04 02:47:00,12.92315,13.2191,12.92315,13.2191,138200
OIL,2024-07-04 02:48:00,13.2191,13.2191,13.0218,13.12045,67800
OIL,2024-07-04 02:49:00,13.0218,13.2191,13.0218,13.2191,169100
OIL,2024-07-04 02:50:00,13.2191,13.4164,13.12045,13.4164,616400
OIL,2024-07-04 02:51:00,13.4164,14.0083,13.4164,13.811,396300
OIL,2024-07-04 02:52:00,13.811,14.2056,13.811,14.2056,925400
OIL,2024-07-04 02:53:00,14.2056,14.2056,14.10695,14.10695,551100
OIL,2024-07-04 02:54:00,14.10695,14.10695,14.0083,14.0083,90500
OIL,2024-07-04 02:55:00,14.0083,14.10695,14.0083,14.0083,90900
OIL,2024-07-04 02:56:00,14.0083,14.10695,14.0083,14.0083,110100
OIL,2024-07-04 02:57:00,14.0083,14.10695,14.0083,14.0083,105900
OIL,2024-07-04 02:58:00,14.0083,14.10695,14.0083,14.0083,61900
OIL,2024-07-04 02:59:00,14.0083,14.0083,13.90965,13.90965,61700
OIL,2024-07-04 03:00:00,13.90965,14.0083,13.90965,14.0083,38400
OIL,2024-07-04 03:01:00,13.90965,14.0083,13.90965,13.90965,33700
OIL,2024-07-04 03:02:00,14.0083,14.0083,13.90965,13.90965,161400
OIL,2024-07-04 03:03:00,14.0083,14.0083,13.90965,13.90965,89700
OIL,2024-07-04 03:04:00,13.90965,13.90965,13.90965,13.90965,27700
OIL,2024-07-04 03:05:00,13.90965,14.0083,13.90965,14.0083,65500
OIL,2024-07-04 03:06:00,14.0083,14.0083,13.90965,13.90965,18800
OIL,2024-07-04 03:07:00,13.90965,14.0083,13.90965,13.90965,5700
OIL,2024-07-04 03:08:00,13.90965,14.0083,13.90965,14.0083,30400
OIL,2024-07-04 03:09:00,13.90965,14.0083,13.90965,13.90965,23000
OIL,2024-07-04 03:10:00,13.90965,13.90965,13.90965,13.90965,11300
OIL,2024-07-04 03:11:00,13.90965,14.0083,13.90965,13.90965,12800
OIL,2024-07-04 03:12:00,13.90965,13.90965,13.90965,13.90965,20500
OIL,2024-07-04 03:13:00,13.90965,13.90965,13.90965,13.90965,36900
OIL,2024-07-04 03:14:00,13.90965,13.90965,13.90965,13.90965,3800
OIL,2024-07-04 03:15:00,13.811,13.811,13.811,13.811,9500
OIL,2024-07-04 03:16:00,13.811,13.811,13.811,13.811,15100
OIL,2024-07-04 03:17:00,13.811,13.811,13.811,13.811,35200
OIL,2024-07-04 03:18:00,13.811,13.811,13.811,13.811,119400
OIL,2024-07-04 03:19:00,13.811,13.811,13.811,13.811,16400
OIL,2024-07-04 03:20:00,13.811,13.811,13.811,13.811,6000
OIL,2024-07-04 03:21:00,13.811,13.811,13.811,13.811,87900
OIL,2024-07-04 03:22:00,13.811,13.811,13.71235,13.71235,14200
OIL,2024-07-04 03:23:00,13.71235,13.811,13.71235,13.811,2600
OIL,2024-07-04 03:24:00,13.71235,13.811,13.71235,13.811,8700
OIL,2024-07-04 03:25:00,13.811,13.811,13.71235,13.811,1500
OIL,2024-07-04 03:26:00,13.811,13.811,13.811,13.811,1000
OIL,2024-07-04 03:28:00,13.811,13.811,13.71235,13.71235,500
OIL,2024-07-04 03:29:00,13.811,13.811,13.71235,13.71235,5400
OIL,2024-07-04 03:30:00,13.71235,13.811,13.71235,13.811,1300
OIL,2024-07-04 03:31:00,13.811,13.811,13.71235,13.71235,4900
OIL,2024-07-04 03:32:00,13.71235,13.811,13.71235,13.811,25000
OIL,2024-07-04 03:33:00,13.71235,13.71235,13.71235,13.71235,2100
OIL,2024-07-04 03:34:00,13.71235,13.71235,13.71235,13.71235,13600
OIL,2024-07-04 03:35:00,13.71235,13.71235,13.71235,13.71235,4300
OIL,2024-07-04 03:36:00,13.71235,13.71235,13.71235,13.71235,11000
OIL,2024-07-04 03:37:00,13.71235,13.71235,13.71235,13.71235,34500
OIL,2024-07-04 03:38:00,13.71235,13.811,13.71235,13.811,13800
OIL,2024-07-04 03:39:00,13.71235,13.71235,13.71235,13.71235,5000
OIL,2024-07-04 03:40:00,13.811,13.811,13.811,13.811,110000
OIL,2024-07-04 03:41:00,13.811,13.90965,13.811,13.811,5600
OIL,2024-07-04 03:42:00,13.90965,13.90965,13.811,13.90965,115300
OIL,2024-07-04 03:43:00,14.0083,14.0083,13.90965,14.0083,20500
OIL,2024-07-04 03:44:00,13.90965,14.0083,13.90965,14.0083,17900
OIL,2024-07-04 03:45:00,13.90965,14.0083,13.90965,14.0083,6100
OIL,2024-07-04 03:46:00,14.0083,14.0083,14.0083,14.0083,4200
OIL,2024-07-04 03:47:00,14.0083,14.0083,13.90965,13.90965,3100
OIL,2024-07-04 03:48:00,13.90965,13.90965,13.90965,13.90965,79800
OIL,2024-07-04 03:49:00,13.90965,13.90965,13.90965,13.90965,4200
OIL,2024-07-04 03:50:00,13.90965,13.90965,13.811,13.811,300
OIL,2024-07-04 03:51:00,13.90965,13.90965,13.811,13.811,5500
OIL,2024-07-04 03:52:00,13.90965,13.90965,13.90965,13.90965,4700
OIL,2024-07-04 03:53:00,13.90965,13.90965,13.90965,13.90965,2900
OIL,2024-07-04 03:54:00,13.811,13.90965,13.811,13.90965,13000
OIL,2024-07-04 03:56:00,13.90965,13.90965,13.90965,13.90965,700
OIL,2024-07-04 03:57:00,13.811,13.811,13.811,13.811,102900
OIL,2024-07-04 03:58:00,13.811,13.811,13.811,13.811,35500
OIL,2024-07-04 03:59:00,13.811,13.811,13.811,13.811,9000
OIL,2024-07-04 04:00:00,13.811,13.811,13.811,13.811,8000
OIL,2024-07-04 04:01:00,13.811,13.811,13.811,13.811,19400
OIL,2024-07-04 04:02:00,13.71235,13.811,13.71235,13.811,56200
OIL,2024-07-04 04:03:00,13.811,13.811,13.71235,13.811,21800
OIL,2024-07-04 04:04:00,13.811,13.811,13.811,13.811,1200
OIL,2024-07-04 04:05:00,13.811,13.811,13.811,13.811,3800
OIL,2024-07-04 04:06:00,13.811,13.811,13.811,13.811,100
OIL,2024-07-04 04:07:00,13.811,13.811,13.811,13.811,200
OIL,2024-07-04 04:08:00,13.811,13.811,13.811,13.811,6400
OIL,2024-07-04 04:09:00,13.811,13.811,13.811,13.811,200
OIL,2024-07-04 04:10:00,13.811,13.811,13.811,13.811,2000
OIL,2024-07-04 04:11:00,13.811,13.811,13.811,13.811,500
OIL,2024-07-04 04:12:00,13.71235,13.90965,13.71235,13.90965,10100
OIL,2024-07-04 04:14:00,13.811,13.811,13.811,13.811,500
OIL,2024-07-04 04:15:00,13.811,13.811,13.811,13.811,1000
OIL,2024-07-04 04:16:00,13.90965,13.90965,13.90965,13.90965,8300
OIL,2024-07-04 04:17:00,13.811,13.90965,13.811,13.90965,7400
OIL,2024-07-04 04:18:00,13.90965,13.90965,13.90965,13.90965,5000
OIL,2024-07-04 04:19:00,13.90965,13.90965,13.90965,13.90965,1000
OIL,2024-07-04 04:20:00,13.811,13.811,13.811,13.811,10800
OIL,2024-07-04 04:21:00,13.811,13.811,13.811,13.811,2100
OIL,2024-07-04 04:22:00,13.811,13.811,13.811,13.811,100
OIL,2024-07-04 04:23:00,13.811,13.811,13.811,13.811,100
OIL,2024-07-04 04:24:00,13.811,13.811,13.811,13.811,2700
OIL,2024-07-04 04:26:00,13.71235,13.811,13.71235,13.811,300
OIL,2024-07-04 04:27:00,13.71235,13.71235,13.71235,13.71235,3900
OIL,2024-07-04 04:29:00,13.71235,13.811,13.71235,13.71235,11500
OIL,2024-07-04 06:00:00,13.71235,13.71235,13.6137,13.6137,91700
OIL,2024-07-04 06:02:00,13.71235,13.71235,13.71235,13.71235,14700
OIL,2024-07-04 06:03:00,13.71235,13.71235,13.6137,13.71235,59800
OIL,2024-07-04 06:04:00,13.71235,13.71235,13.71235,13.71235,6800
OIL,2024-07-04 06:05:00,13.71235,13.71235,13.71235,13.71235,37200
OIL,2024-07-04 06:06:00,13.71235,13.71235,13.71235,13.71235,800
OIL,2024-07-04 06:07:00,13.71235,13.71235,13.71235,13.71235,5100
OIL,2024-07-04 06:08:00,13.71235,13.71235,13.71235,13.71235,10500
OIL,2024-07-04 06:09:00,13.71235,13.71235,13.71235,13.71235,20400
OIL,2024-07-04 06:10:00,13.71235,13.71235,13.71235,13.71235,500
OIL,2024-07-04 06:12:00,13.71235,13.71235,13.71235,13.71235,5100
OIL,2024-07-04 06:13:00,13.71235,13.71235,13.71235,13.71235,6300
OIL,2024-07-04 06:14:00,13.71235,13.811,13.71235,13.811,7400
OIL,2024-07-04 06:15:00,13.811,13.811,13.71235,13.811,10400
OIL,2024-07-04 06:16:00,13.811,13.811,13.811,13.811,8800
OIL,2024-07-04 06:17:00,13.811,13.811,13.71235,13.71235,1300
OIL,2024-07-04 06:18:00,13.71235,13.71235,13.71235,13.71235,6100
OIL,2024-07-04 06:19:00,13.811,13.811,13.71235,13.811,14000
OIL,2024-07-04 06:20:00,13.811,13.811,13.811,13.811,8100
OIL,2024-07-04 06:21:00,13.811,13.811,13.811,13.811,900
OIL,2024-07-04 06:22:00,13.811,13.811,13.811,13.811,3200
OIL,2024-07-04 06:23:00,13.811,13.811,13.811,13.811,4400
OIL,2024-07-04 06:24:00,13.71235,13.71235,13.71235,13.71235,300
OIL,2024-07-04 06:25:00,13.71235,13.811,13.71235,13.811,54400
OIL,2024-07-04 06:26:00,13.71235,13.71235,13.71235,13.71235,5200
OIL,2024-07-04 06:27:00,13.71235,13.71235,13.71235,13.71235,10000
OIL,2024-07-04 06:28:00,13.71235,13.71235,13.71235,13.71235,28100
OIL,2024-07-04 06:29:00,13.71235,13.71235,13.71235,13.71235,61200
OIL,2024-07-04 06:30:00,13.71235,13.71235,13.71235,13.71235,35500
OIL,2024-07-04 06:31:00,13.71235,13.71235,13.71235,13.71235,22200
OIL,2024-07-04 06:32:00,13.71235,13.71235,13.6137,13.71235,45000
OIL,2024-07-04 06:33:00,13.811,13.811,13.71235,13.71235,8600
OIL,2024-07-04 06:35:00,13.71235,13.811,13.71235,13.811,800
OIL,2024-07-04 06:36:00,13.811,13.811,13.811,13.811,900
OIL,2024-07-04 06:37:00,13.811,13.811,13.811,13.811,10000
OIL,2024-07-04 06:38:00,13.811,13.811,13.811,13.811,100
OIL,2024-07-04 06:39:00,13.811,13.811,13.71235,13.71235,8000
OIL,2024-07-04 06:40:00,13.71235,13.71235,13.71235,13.71235,10000
OIL,2024-07-04 06:41:00,13.71235,13.71235,13.71235,13.71235,12100
OIL,2024-07-04 06:42:00,13.811,13.811,13.811,13.811,9500
OIL,2024-07-04 06:43:00,13.71235,13.811,13.71235,13.71235,7500
OIL,2024-07-04 06:44:00,13.71235,13.71235,13.71235,13.71235,9800
OIL,2024-07-04 06:45:00,13.71235,13.811,13.71235,13.811,14200
OIL,2024-07-04 06:46:00,13.71235,13.811,13.71235,13.811,2200
OIL,2024-07-04 06:47:00,13.811,13.811,13.811,13.811,3500
OIL,2024-07-04 06:48:00,13.71235,13.71235,13.71235,13.71235,2000
OIL,2024-07-04 06:49:00,13.811,13.811,13.811,13.811,1300
OIL,2024-07-04 06:50:00,13.811,13.811,13.811,13.811,200
OIL,2024-07-04 06:51:00,13.811,13.811,13.811,13.811,3000
OIL,2024-07-04 06:52:00,13.811,13.811,13.811,13.811,800
OIL,2024-07-04 06:53:00,13.71235,13.71235,13.71235,13.71235,1100
OIL,2024-07-04 06:54:00,13.71235,13.71235,13.71235,13.71235,1000
OIL,2024-07-04 06:55:00,13.811,13.811,13.811,13.811,900
OIL,2024-07-04 06:56:00,13.811,13.811,13.811,13.811,20000
OIL,2024-07-04 06:57:00,13.811,13.811,13.811,13.811,1100
OIL,2024-07-04 06:58:00,13.71235,13.71235,13.71235,13.71235,8000
OIL,2024-07-04 06:59:00,13.811,13.811,13.811,13.811,4100
OIL,2024-07-04 07:00:00,13.811,13.811,13.71235,13.811,8200
OIL,2024-07-04 07:01:00,13.811,13.811,13.811,13.811,1000
OIL,2024-07-04 07:03:00,13.71235,13.811,13.71235,13.811,1000
OIL,2024-07-04 07:04:00,13.811,13.811,13.811,13.811,22400
OIL,2024-07-04 07:05:00,13.811,13.811,13.71235,13.811,121600
OIL,2024-07-04 07:06:00,13.811,13.811,13.811,13.811,155300
OIL,2024-07-04 07:07:00,13.90965,13.90965,13.811,13.90965,80600
OIL,2024-07-04 07:08:00,13.90965,14.0083,13.90965,13.90965,117700
OIL,2024-07-04 07:09:00,13.90965,14.0083,13.90965,14.0083,24000
OIL,2024-07-04 07:10:00,13.90965,14.0083,13.90965,14.0083,3000
OIL,2024-07-04 07:11:00,14.0083,14.0083,13.90965,14.0083,15400
OIL,2024-07-04 07:12:00,13.90965,13.90965,13.90965,13.90965,9000
OIL,2024-07-04 07:13:00,13.90965,14.0083,13.90965,13.90965,17900
OIL,2024-07-04 07:14:00,14.0083,14.0083,14.0083,14.0083,10000
OIL,2024-07-04 07:15:00,14.0083,14.0083,13.90965,13.90965,6700
OIL,2024-07-04 07:16:00,13.90965,13.90965,13.90965,13.90965,1700
OIL,2024-07-04 07:17:00,13.90965,13.90965,13.90965,13.90965,8200
OIL,2024-07-04 07:18:00,13.90965,13.90965,13.90965,13.90965,10700
OIL,2024-07-04 07:19:00,13.90965,13.90965,13.90965,13.90965,50300
OIL,2024-07-04 07:20:00,13.811,13.90965,13.811,13.811,17300
OIL,2024-07-04 07:21:00,13.811,13.90965,13.811,13.811,38100
OIL,2024-07-04 07:22:00,13.90965,13.90965,13.90965,13.90965,300
OIL,2024-07-04 07:23:00,13.811,13.811,13.811,13.811,48600
OIL,2024-07-04 07:24:00,13.811,13.90965,13.811,13.90965,4800
OIL,2024-07-04 07:25:00,13.90965,13.90965,13.90965,13.90965,3000
OIL,2024-07-04 07:26:00,13.90965,13.90965,13.90965,13.90965,3100
OIL,2024-07-04 07:27:00,13.90965,13.90965,13.90965,13.90965,4800
OIL,2024-07-04 07:28:00,13.90965,13.90965,13.90965,13.90965,53800
OIL,2024-07-04 07:29:00,13.90965,14.0083,13.90965,13.90965,11700
OIL,2024-07-04 07:30:00,13.90965,13.90965,13.90965,13.90965,3500
OIL,2024-07-04 07:31:00,13.90965,13.90965,13.90965,13.90965,700
OIL,2024-07-04 07:32:00,13.90965,13.90965,13.90965,13.90965,300
OIL,2024-07-04 07:33:00,13.90965,13.90965,13.90965,13.90965,1100
OIL,2024-07-04 07:34:00,13.90965,13.90965,13.811,13.90965,8600
OIL,2024-07-04 07:35:00,13.90965,13.90965,13.90965,13.90965,13000
OIL,2024-07-04 07:36:00,13.90965,13.90965,13.90965,13.90965,1100
OIL,2024-07-04 07:37:00,13.90965,13.90965,13.90965,13.90965,2500
OIL,2024-07-04 07:38:00,13.90965,13.90965,13.90965,13.90965,6500
OIL,2024-07-04 07:39:00,13.90965,13.90965,13.90965,13.90965,4600
OIL,2024-07-04 07:40:00,13.90965,13.90965,13.90965,13.90965,6300
OIL,2024-07-04 07:41:00,13.90965,13.90965,13.90965,13.90965,1100
OIL,2024-07-04 07:42:00,13.90965,13.90965,13.90965,13.90965,1200
OIL,2024-07-04 07:43:00,13.90965,13.90965,13.90965,13.90965,4300
OIL,2024-07-04 07:44:00,13.90965,13.90965,13.90965,13.90965,5200
OIL,2024-07-04 07:45:00,13.811,13.90965,13.811,13.90965,6500
OIL,2024-07-04 07:46:00,13.90965,13.90965,13.90965,13.90965,24000
OIL,2024-07-04 07:47:00,13.90965,13.90965,13.90965,13.90965,2700
OIL,2024-07-04 07:48:00,14.0083,14.0083,14.0083,14.0083,14600
OIL,2024-07-04 07:49:00,14.0083,14.0083,13.90965,13.90965,17000
OIL,2024-07-04 07:50:00,13.90965,13.90965,13.90965,13.90965,15000
OIL,2024-07-04 07:51:00,13.90965,13.90965,13.90965,13.90965,2300
OIL,2024-07-04 07:52:00,13.90965,13.90965,13.90965,13.90965,700
OIL,2024-07-04 07:53:00,13.90965,13.90965,13.90965,13.90965,1000
OIL,2024-07-04 07:54:00,13.90965,13.90965,13.90965,13.90965,1000
OIL,2024-07-04 07:55:00,13.90965,13.90965,13.90965,13.90965,1300
OIL,2024-07-04 07:56:00,13.90965,13.90965,13.90965,13.90965,15000
OIL,2024-07-04 07:57:00,13.90965,14.0083,13.90965,14.0083,7400
OIL,2024-07-04 07:58:00,14.0083,14.0083,13.90965,14.0083,72700
OIL,2024-07-04 07:59:00,13.90965,14.0083,13.90965,14.0083,32800
OIL,2024-07-05 02:00:00,14.0083,14.2056,14.0083,14.2056,3900
OIL,2024-07-05 02:01:00,14.2056,14.2056,14.10695,14.10695,8300
OIL,2024-07-05 02:02:00,14.10695,14.10695,14.0083,14.0083,8500
OIL,2024-07-05 02:03:00,14.0083,14.10695,14.0083,14.10695,3700
OIL,2024-07-05 02:04:00,14.10695,14.10695,14.10695,14.10695,18900
OIL,2024-07-05 02:05:00,14.10695,14.10695,14.10695,14.10695,3100
OIL,2024-07-05 02:06:00,14.10695,14.10695,14.0083,14.0083,31600
OIL,2024-07-05 02:07:00,14.0083,14.0083,14.0083,14.0083,5300
OIL,2024-07-05 02:08:00,14.0083,14.0083,14.0083,14.0083,3900
OIL,2024-07-05 02:09:00,14.0083,14.0083,14.0083,14.0083,5800
OIL,2024-07-05 02:10:00,14.0083,14.0083,14.0083,14.0083,600
OIL,2024-07-05 02:11:00,14.0083,14.0083,14.0083,14.0083,100
OIL,2024-07-05 02:12:00,14.0083,14.0083,14.0083,14.0083,14100
OIL,2024-07-05 02:13:00,14.0083,14.0083,14.0083,14.0083,100
OIL,2024-07-05 02:14:00,14.0083,14.0083,14.0083,14.0083,3800
OIL,2024-07-05 02:15:00,14.0083,14.0083,14.0083,14.0083,4500
OIL,2024-07-05 02:16:00,14.0083,14.0083,13.90965,14.0083,3700
OIL,2024-07-05 02:17:00,14.0083,14.0083,13.90965,14.0083,2400
OIL,2024-07-05 02:18:00,14.0083,14.0083,14.0083,14.0083,24400
OIL,2024-07-05 02:19:00,14.0083,14.0083,14.0083,14.0083,4400
OIL,2024-07-05 02:20:00,14.0083,14.0083,14.0083,14.0083,4400
OIL,2024-07-05 02:21:00,14.0083,14.0083,14.0083,14.0083,1800
OIL,2024-07-05 02:22:00,14.0083,14.0083,14.0083,14.0083,30600
OIL,2024-07-05 02:23:00,14.0083,14.0083,14.0083,14.0083,11000
OIL,2024-07-05 02:24:00,13.90965,14.0083,13.90965,14.0083,8400
OIL,2024-07-05 02:25:00,14.0083,14.0083,14.0083,14.0083,400
OIL,2024-07-05 02:27:00,14.0083,14.0083,14.0083,14.0083,7000
OIL,2024-07-05 02:28:00,14.0083,14.0083,14.0083,14.0083,1300
OIL,2024-07-05 02:29:00,14.0083,14.0083,14.0083,14.0083,37100
OIL,2024-07-05 02:30:00,14.0083,14.0083,14.0083,14.0083,900
OIL,2024-07-05 02:31:00,14.0083,14.10695,14.0083,14.10695,2700
OIL,2024-07-05 02:32:00,14.10695,14.10695,14.10695,14.10695,3500
OIL,2024-07-05 02:33:00,14.10695,14.10695,14.10695,14.10695,15400
OIL,2024-07-05 02:34:00,14.10695,14.10695,14.10695,14.10695,8600
OIL,2024-07-05 02:35:00,14.10695,14.10695,14.10695,14.10695,800
OIL,2024-07-05 02:36:00,14.10695,14.10695,14.10695,14.10695,1400
OIL,2024-07-05 02:38:00,14.10695,14.10695,14.0083,14.0083,1100
OIL,2024-07-05 02:39:00,14.10695,14.10695,14.10695,14.10695,800
OIL,2024-07-05 02:40:00,14.0083,14.0083,14.0083,14.0083,5700
OIL,2024-07-05 02:42:00,14.0083,14.0083,14.0083,14.0083,3400
OIL,2024-07-05 02:43:00,14.10695,14.10695,14.0083,14.0083,6000
OIL,2024-07-05 02:44:00,14.0083,14.0083,14.0083,14.0083,7500
OIL,2024-07-05 02:45:00,14.0083,14.0083,14.0083,14.0083,15900
OIL,2024-07-05 02:46:00,14.0083,14.0083,14.0083,14.0083,35700
OIL,2024-07-05 02:47:00,14.0083,14.0083,14.0083,14.0083,41600
OIL,2024-07-05 02:48:00,14.0083,14.0083,14.0083,14.0083,22000
OIL,2024-07-05 02:49:00,14.0083,14.0083,13.90965,13.90965,600
OIL,2024-07-05 02:51:00,14.0083,14.0083,14.0083,14.0083,7300
OIL,2024-07-05 02:52:00,13.90965,13.90965,13.90965,13.90965,1500
OIL,2024-07-05 02:53:00,13.90965,13.90965,13.90965,13.90965,7000
OIL,2024-07-05 02:54:00,13.90965,13.90965,13.90965,13.90965,12000
OIL,2024-07-05 02:55:00,13.90965,13.90965,13.90965,13.90965,1400
OIL,2024-07-05 02:56:00,13.811,13.811,13.811,13.811,5000
OIL,2024-07-05 02:57:00,13.811,13.811,13.811,13.811,11800
OIL,2024-07-05 02:58:00,13.811,13.811,13.811,13.811,16000
OIL,2024-07-05 02:59:00,13.811,13.811,13.811,13.811,2600
OIL,2024-07-05 03:00:00,13.811,13.811,13.71235,13.71235,9900
OIL,2024-07-05 03:01:00,13.71235,13.71235,13.71235,13.71235,69800
OIL,2024-07-05 03:02:00,13.71235,13.71235,13.71235,13.71235,3900
OIL,2024-07-05 03:03:00,13.71235,13.71235,13.71235,13.71235,10100
OIL,2024-07-05 03:04:00,13.811,13.811,13.811,13.811,1100
OIL,2024-07-05 03:05:00,13.811,13.811,13.811,13.811,11100
OIL,2024-07-05 03:06:00,13.811,13.811,13.71235,13.71235,12000
OIL,2024-07-05 03:07:00,13.71235,13.811,13.71235,13.811,1100
OIL,2024-07-05 03:08:00,13.811,13.811,13.811,13.811,800
OIL,2024-07-05 03:09:00,13.811,13.811,13.811,13.811,100
OIL,2024-07-05 03:10:00,13.811,13.811,13.811,13.811,200
OIL,2024-07-05 03:11:00,13.811,13.811,13.811,13.811,12400
OIL,2024-07-05 03:12:00,13.811,13.811,13.811,13.811,14800
OIL,2024-07-05 03:13:00,13.811,13.811,13.811,13.811,1200
OIL,2024-07-05 03:14:00,13.90965,13.90965,13.90965,13.90965,300
OIL,2024-07-05 03:15:00,13.90965,13.90965,13.90965,13.90965,5000
OIL,2024-07-05 03:16:00,13.90965,13.90965,13.90965,13.90965,8900
OIL,2024-07-05 03:18:00,13.90965,13.90965,13.811,13.811,6800
OIL,2024-07-05 03:20:00,13.811,13.90965,13.811,13.90965,24000
OIL,2024-07-05 03:21:00,13.90965,13.90965,13.90965,13.90965,3000
OIL,2024-07-05 03:22:00,13.90965,13.90965,13.90965,13.90965,1800
OIL,2024-07-05 03:23:00,13.90965,13.90965,13.90965,13.90965,400
OIL,2024-07-05 03:24:00,13.90965,13.90965,13.90965,13.90965,700
OIL,2024-07-05 03:25:00,13.90965,13.90965,13.90965,13.90965,5800
OIL,2024-07-05 03:28:00,13.90965,13.90965,13.811,13.811,31300
OIL,2024-07-05 03:29:00,13.811,13.811,13.811,13.811,2000
OIL,2024-07-05 03:30:00,13.811,13.811,13.811,13.811,3000
OIL,2024-07-05 03:31:00,13.811,13.811,13.811,13.811,9000
OIL,2024-07-05 03:32:00,13.811,13.811,13.811,13.811,400
OIL,2024-07-05 03:33:00,13.811,13.90965,13.811,13.90965,3000
OIL,2024-07-05 03:34:00,13.90965,13.90965,13.811,13.811,7000
OIL,2024-07-05 03:35:00,13.811,13.811,13.811,13.811,11000
OIL,2024-07-05 03:36:00,13.811,13.811,13.811,13.811,200
OIL,2024-07-05 03:39:00,13.811,13.811,13.811,13.811,1200
OIL,2024-07-05 03:40:00,13.811,13.811,13.811,13.811,5500
OIL,2024-07-05 03:41:00,13.811,13.811,13.811,13.811,1000
OIL,2024-07-05 03:44:00,13.811,13.811,13.811,13.811,7100
OIL,2024-07-05 03:45:00,13.811,13.811,13.811,13.811,100
OIL,2024-07-05 03:46:00,13.71235,13.71235,13.71235,13.71235,3000
OIL,2024-07-05 03:47:00,13.811,13.811,13.811,13.811,18100
OIL,2024-07-05 03:48:00,13.811,13.811,13.811,13.811,2100
OIL,2024-07-05 03:49:00,13.811,13.811,13.811,13.811,100
OIL,2024-07-05 03:51:00,13.811,13.811,13.811,13.811,2300
OIL,2024-07-05 03:52:00,13.811,13.811,13.811,13.811,500
OIL,2024-07-05 03:53:00,13.811,13.811,13.71235,13.811,2400
OIL,2024-07-05 03:54:00,13.811,13.811,13.811,13.811,100
OIL,2024-07-05 03:55:00,13.811,13.811,13.811,13.811,5000
OIL,2024-07-05 03:56:00,13.811,13.811,13.811,13.811,1600
OIL,2024-07-05 03:59:00,13.811,13.811,13.811,13.811,900
OIL,2024-07-05 04:00:00,13.811,13.811,13.811,13.811,5100
OIL,2024-07-05 04:01:00,13.811,13.811,13.811,13.811,1300
OIL,2024-07-05 04:02:00,13.811,13.811,13.811,13.811,5000
OIL,2024-07-05 04:03:00,13.811,13.811,13.811,13.811,13300
OIL,2024-07-05 04:07:00,13.811,13.811,13.811,13.811,1200
OIL,2024-07-05 04:08:00,13.811,13.811,13.811,13.811,6000
OIL,2024-07-05 04:11:00,13.811,13.811,13.811,13.811,1900
OIL,2024-07-05 04:12:00,13.811,13.811,13.811,13.811,2400
OIL,2024-07-05 04:14:00,13.90965,13.90965,13.811,13.90965,25000
OIL,2024-07-05 04:16:00,13.90965,13.90965,13.90965,13.90965,400
OIL,2024-07-05 04:19:00,13.90965,13.90965,13.90965,13.90965,900
OIL,2024-07-05 04:20:00,13.811,13.811,13.811,13.811,25400
OIL,2024-07-05 04:23:00,13.811,13.811,13.811,13.811,6800
OIL,2024-07-05 04:25:00,13.811,13.811,13.811,13.811,600
OIL,2024-07-05 04:27:00,13.811,13.811,13.811,13.811,300
OIL,2024-07-05 04:28:00,13.811,13.811,13.811,13.811,12900
OIL,2024-07-05 06:00:00,13.811,13.811,13.71235,13.811,10200
OIL,2024-07-05 06:02:00,13.71235,13.71235,13.71235,13.71235,1000
OIL,2024-07-05 06:03:00,13.71235,13.811,13.71235,13.811,3100
OIL,2024-07-05 06:05:00,13.811,13.811,13.811,13.811,1000
OIL,2024-07-05 06:06:00,13.811,13.811,13.811,13.811,200
OIL,2024-07-05 06:08:00,13.71235,13.71235,13.71235,13.71235,400
OIL,2024-07-05 06:09:00,13.71235,13.811,13.71235,13.811,1600
OIL,2024-07-05 06:10:00,13.811,13.811,13.811,13.811,6000
OIL,2024-07-05 06:11:00,13.811,13.811,13.71235,13.71235,700
OIL,2024-07-05 06:12:00,13.71235,13.811,13.71235,13.811,5100
OIL,2024-07-05 06:14:00,13.811,13.811,13.71235,13.811,5400
OIL,2024-07-05 06:15:00,13.811,13.811,13.811,13.811,4500
OIL,2024-07-05 06:16:00,13.811,13.811,13.811,13.811,100
OIL,2024-07-05 06:17:00,13.811,13.811,13.811,13.811,1500
OIL,2024-07-05 06:18:00,13.811,13.811,13.811,13.811,3000
OIL,2024-07-05 06:19:00,13.71235,13.71235,13.71235,13.71235,3000
OIL,2024-07-05 06:20:00,13.71235,13.811,13.71235,13.811,5100
OIL,2024-07-05 06:21:00,13.71235,13.811,13.71235,13.811,2100
OIL,2024-07-05 06:22:00,13.811,13.811,13.811,13.811,8500
OIL,2024-07-05 06:23:00,13.811,13.811,13.811,13.811,500
OIL,2024-07-05 06:24:00,13.811,13.811,13.811,13.811,2100
OIL,2024-07-05 06:26:00,13.811,13.811,13.811,13.811,1100
OIL,2024-07-05 06:27:00,13.811,13.811,13.811,13.811,3200
OIL,2024-07-05 06:29:00,13.811,13.811,13.71235,13.811,54800
OIL,2024-07-05 06:30:00,13.811,13.811,13.811,13.811,26100
OIL,2024-07-05 06:31:00,13.811,13.811,13.811,13.811,6000
OIL,2024-07-05 06:32:00,13.811,13.811,13.811,13.811,4700
OIL,2024-07-05 06:33:00,13.811,13.811,13.811,13.811,9300
OIL,2024-07-05 06:34:00,13.811,13.811,13.811,13.811,10800
OIL,2024-07-05 06:35:00,13.811,13.811,13.811,13.811,6500
OIL,2024-07-05 06:36:00,13.811,13.811,13.811,13.811,1100
OIL,2024-07-05 06:37:00,13.811,13.811,13.811,13.811,6700
OIL,2024-07-05 06:38:00,13.811,13.811,13.811,13.811,14000
OIL,2024-07-05 06:39:00,13.811,13.811,13.811,13.811,1500
OIL,2024-07-05 06:40:00,13.811,13.811,13.811,13.811,4000
OIL,2024-07-05 06:41:00,13.811,13.811,13.811,13.811,200
OIL,2024-07-05 06:42:00,13.811,13.811,13.811,13.811,100
OIL,2024-07-05 06:43:00,13.811,13.811,13.811,13.811,5000
OIL,2024-07-05 06:44:00,13.811,13.811,13.811,13.811,500
OIL,2024-07-05 06:46:00,13.811,13.811,13.811,13.811,35100
OIL,2024-07-05 06:48:00,13.71235,13.71235,13.71235,13.71235,24600
OIL,2024-07-05 06:51:00,13.71235,13.71235,13.71235,13.71235,16100
OIL,2024-07-05 06:52:00,13.71235,13.71235,13.71235,13.71235,28800
OIL,2024-07-05 06:53:00,13.71235,13.71235,13.6137,13.71235,6800
OIL,2024-07-05 06:54:00,13.71235,13.71235,13.71235,13.71235,12100
OIL,2024-07-05 06:55:00,13.71235,13.71235,13.6137,13.6137,3300
OIL,2024-07-05 06:56:00,13.6137,13.6137,13.6137,13.6137,4300
OIL,2024-07-05 06:57:00,13.6137,13.71235,13.6137,13.71235,6700
OIL,2024-07-05 06:58:00,13.71235,13.71235,13.71235,13.71235,1600
OIL,2024-07-05 06:59:00,13.71235,13.71235,13.71235,13.71235,10600
OIL,2024-07-05 07:02:00,13.71235,13.71235,13.71235,13.71235,500
OIL,2024-07-05 07:03:00,13.71235,13.71235,13.71235,13.71235,9900
OIL,2024-07-05 07:04:00,13.71235,13.71235,13.6137,13.6137,5900
OIL,2024-07-05 07:06:00,13.6137,13.6137,13.6137,13.6137,22300
OIL,2024-07-05 07:07:00,13.6137,13.6137,13.6137,13.6137,10300
OIL,2024-07-05 07:08:00,13.6137,13.6137,13.6137,13.6137,6700
OIL,2024-07-05 07:09:00,13.6137,13.6137,13.6137,13.6137,500
OIL,2024-07-05 07:11:00,13.71235,13.71235,13.71235,13.71235,1300
OIL,2024-07-05 07:12:00,13.71235,13.71235,13.71235,13.71235,900
OIL,2024-07-05 07:13:00,13.71235,13.71235,13.71235,13.71235,6300
OIL,2024-07-05 07:15:00,13.811,13.811,13.71235,13.71235,25100
OIL,2024-07-05 07:16:00,13.811,13.811,13.811,13.811,11700
OIL,2024-07-05 07:17:00,13.811,13.811,13.811,13.811,3000
OIL,2024-07-05 07:19:00,13.811,13.811,13.811,13.811,5800
OIL,2024-07-05 07:20:00,13.811,13.811,13.811,13.811,5500
OIL,2024-07-05 07:21:00,13.811,13.811,13.71235,13.71235,5300
OIL,2024-07-05 07:22:00,13.811,13.811,13.811,13.811,3300
OIL,2024-07-05 07:23:00,13.811,13.811,13.811,13.811,7000
OIL,2024-07-05 07:24:00,13.811,13.811,13.811,13.811,44900
OIL,2024-07-05 07:25:00,13.90965,13.90965,13.811,13.90965,5500
OIL,2024-07-05 07:26:00,13.90965,13.90965,13.90965,13.90965,5000
OIL,2024-07-05 07:27:00,13.90965,13.90965,13.90965,13.90965,11200
OIL,2024-07-05 07:28:00,13.90965,13.90965,13.90965,13.90965,5100
OIL,2024-07-05 07:29:00,13.90965,13.90965,13.811,13.90965,40500
OIL,2024-07-05 07:30:00,13.90965,13.90965,13.90965,13.90965,43800
OIL,2024-07-05 07:31:00,13.90965,13.90965,13.90965,13.90965,6400
OIL,2024-07-05 07:32:00,13.90965,13.90965,13.90965,13.90965,4700
OIL,2024-07-05 07:33:00,13.90965,13.90965,13.90965,13.90965,5600
OIL,2024-07-05 07:34:00,13.90965,13.90965,13.90965,13.90965,4800
OIL,2024-07-05 07:35:00,13.90965,13.90965,13.811,13.811,20500
OIL,2024-07-05 07:36:00,13.90965,13.90965,13.90965,13.90965,3200
OIL,2024-07-05 07:37:00,13.90965,13.90965,13.811,13.90965,6600
OIL,2024-07-05 07:38:00,13.90965,13.90965,13.90965,13.90965,6300
OIL,2024-07-05 07:39:00,13.90965,13.90965,13.90965,13.90965,5600
OIL,2024-07-05 07:40:00,13.90965,13.90965,13.90965,13.90965,6400
OIL,2024-07-05 07:41:00,13.90965,13.90965,13.90965,13.90965,6500
OIL,2024-07-05 07:42:00,13.90965,13.90965,13.90965,13.90965,6300
OIL,2024-07-05 07:43:00,13.90965,13.90965,13.90965,13.90965,6500
OIL,2024-07-05 07:44:00,13.90965,13.90965,13.90965,13.90965,2800
OIL,2024-07-05 07:45:00,13.90965,13.90965,13.90965,13.90965,800
OIL,2024-07-05 07:46:00,13.90965,13.90965,13.90965,13.90965,800
OIL,2024-07-05 07:48:00,13.90965,13.90965,13.811,13.90965,3300
OIL,2024-07-05 07:49:00,13.811,13.90965,13.811,13.90965,13400
OIL,2024-07-05 07:50:00,13.90965,13.90965,13.90965,13.90965,15700
OIL,2024-07-05 07:51:00,13.90965,13.90965,13.90965,13.90965,16000
OIL,2024-07-05 07:52:00,13.90965,13.90965,13.90965,13.90965,7400
OIL,2024-07-05 07:54:00,13.90965,13.90965,13.90965,13.90965,100
OIL,2024-07-05 07:55:00,13.90965,13.90965,13.90965,13.90965,31000
OIL,2024-07-05 07:57:00,14.0083,14.0083,14.0083,14.0083,100
OIL,2024-07-05 07:58:00,14.0083,14.0083,13.90965,14.0083,4100
OIL,2024-07-05 07:59:00,14.0083,14.0083,13.90965,13.90965,6100
OIL,2024-07-08 02:00:00,13.811,14.0083,13.811,14.0083,3100
OIL,2024-07-08 02:01:00,14.0083,14.0083,14.0083,14.0083,5600
OIL,2024-07-08 02:02:00,14.0083,14.10695,14.0083,14.10695,6100
OIL,2024-07-08 02:03:00,14.10695,14.10695,14.10695,14.10695,7200
OIL,2024-07-08 02:05:00,14.10695,14.10695,14.0083,14.0083,600
OIL,2024-07-08 02:06:00,14.10695,14.10695,14.0083,14.0083,400
OIL,2024-07-08 02:07:00,14.0083,14.0083,14.0083,14.0083,1100
OIL,2024-07-08 02:09:00,14.0083,14.0083,14.0083,14.0083,9000
OIL,2024-07-08 02:10:00,14.0083,14.0083,14.0083,14.0083,400
OIL,2024-07-08 02:12:00,14.0083,14.0083,14.0083,14.0083,2300
OIL,2024-07-08 02:14:00,14.0083,14.0083,14.0083,14.0083,300
OIL,2024-07-08 02:15:00,14.0083,14.0083,14.0083,14.0083,100
OIL,2024-07-08 02:18:00,14.0083,14.0083,14.0083,14.0083,6400
OIL,2024-07-08 02:19:00,13.90965,14.10695,13.90965,14.10695,21400
OIL,2024-07-08 02:20:00,14.10695,14.10695,14.10695,14.10695,5100
OIL,2024-07-08 02:21:00,14.10695,14.10695,14.10695,14.10695,100
OIL,2024-07-08 02:22:00,14.10695,14.10695,14.10695,14.10695,2400
OIL,2024-07-08 02:23:00,14.10695,14.2056,14.10695,14.2056,41200
OIL,2024-07-08 02:24:00,14.10695,14.2056,14.10695,14.2056,26900
OIL,2024-07-08 02:25:00,14.2056,14.2056,14.2056,14.2056,111400
OIL,2024-07-08 02:26:00,14.30425,14.30425,14.30425,14.30425,2800
OIL,2024-07-08 02:27:00,14.30425,14.30425,14.2056,14.30425,34700
OIL,2024-07-08 02:28:00,14.30425,14.30425,14.30425,14.30425,20400
OIL,2024-07-08 02:29:00,14.30425,14.30425,14.30425,14.30425,10900
OIL,2024-07-08 02:30:00,14.30425,14.30425,14.2056,14.30425,9700
OIL,2024-07-08 02:31:00,14.2056,14.30425,14.2056,14.30425,2900
OIL,2024-07-08 02:32:00,14.30425,14.30425,14.2056,14.2056,700
OIL,2024-07-08 02:33:00,14.2056,14.30425,14.2056,14.2056,13900
OIL,2024-07-08 02:34:00,14.2056,14.30425,14.2056,14.30425,28100
OIL,2024-07-08 02:35:00,14.30425,14.30425,14.30425,14.30425,10000
OIL,2024-07-08 02:36:00,14.30425,14.30425,14.30425,14.30425,10600
OIL,2024-07-08 02:37:00,14.30425,14.30425,14.30425,14.30425,1100
OIL,2024-07-08 02:38:00,14.30425,14.30425,14.30425,14.30425,12100
OIL,2024-07-08 02:39:00,14.30425,14.30425,14.30425,14.30425,2400
OIL,2024-07-08 02:40:00,14.2056,14.2056,14.2056,14.2056,300
OIL,2024-07-08 02:41:00,14.2056,14.2056,14.2056,14.2056,7200
OIL,2024-07-08 02:42:00,14.2056,14.2056,14.2056,14.2056,5000
OIL,2024-07-08 02:43:00,14.2056,14.2056,14.2056,14.2056,900
OIL,2024-07-08 02:44:00,14.2056,14.2056,14.2056,14.2056,900
OIL,2024-07-08 02:45:00,14.30425,14.30425,14.30425,14.30425,1000
OIL,2024-07-08 02:46:00,14.30425,14.30425,14.2056,14.2056,400
OIL,2024-07-08 02:47:00,14.2056,14.2056,14.2056,14.2056,7000
OIL,2024-07-08 02:48:00,14.30425,14.30425,14.2056,14.2056,700
OIL,2024-07-08 02:49:00,14.2056,14.2056,14.2056,14.2056,3500
OIL,2024-07-08 02:50:00,14.30425,14.30425,14.2056,14.30425,9500
OIL,2024-07-08 02:51:00,14.2056,14.2056,14.2056,14.2056,12000
OIL,2024-07-08 02:52:00,14.2056,14.2056,14.2056,14.2056,2300
OIL,2024-07-08 02:53:00,14.2056,14.2056,14.2056,14.2056,100
OIL,2024-07-08 02:54:00,14.2056,14.2056,14.10695,14.10695,3600
OIL,2024-07-08 02:55:00,14.10695,14.10695,14.10695,14.10695,100
OIL,2024-07-08 02:56:00,14.10695,14.10695,14.10695,14.10695,20000
OIL,2024-07-08 02:57:00,14.10695,14.10695,14.10695,14.10695,2000
OIL,2024-07-08 02:58:00,14.10695,14.10695,14.10695,14.10695,100
OIL,2024-07-08 02:59:00,14.10695,14.10695,14.10695,14.10695,2100
OIL,2024-07-08 03:00:00,14.10695,14.10695,14.10695,14.10695,1100
OIL,2024-07-08 03:01:00,14.10695,14.10695,14.10695,14.10695,100
OIL,2024-07-08 03:02:00,14.10695,14.10695,14.10695,14.10695,1300
OIL,2024-07-08 03:03:00,14.10695,14.10695,14.10695,14.10695,300
OIL,2024-07-08 03:04:00,14.10695,14.2056,14.10695,14.10695,13400
OIL,2024-07-08 03:05:00,14.10695,14.10695,14.10695,14.10695,200
OIL,2024-07-08 03:06:00,14.10695,14.10695,14.10695,14.10695,100
OIL,2024-07-08 03:07:00,14.10695,14.10695,14.10695,14.10695,1200
OIL,2024-07-08 03:09:00,14.10695,14.10695,14.10695,14.10695,1300
OIL,2024-07-08 03:10:00,14.10695,14.10695,14.10695,14.10695,1600
OIL,2024-07-08 03:11:00,14.10695,14.10695,14.10695,14.10695,3000
OIL,2024-07-08 03:12:00,14.0083,14.0083,14.0083,14.0083,5600
OIL,2024-07-08 03:13:00,14.10695,14.10695,14.0083,14.10695,3100
OIL,2024-07-08 03:14:00,14.10695,14.10695,14.10695,14.10695,1000
OIL,2024-07-08 03:15:00,14.10695,14.10695,14.10695,14.10695,6000
OIL,2024-07-08 03:16:00,14.10695,14.10695,14.10695,14.10695,3800
OIL,2024-07-08 03:17:00,14.10695,14.10695,14.10695,14.10695,900
OIL,2024-07-08 03:18:00,14.10695,14.10695,14.10695,14.10695,500
OIL,2024-07-08 03:21:00,14.10695,14.10695,14.10695,14.10695,17500
OIL,2024-07-08 03:22:00,14.10695,14.10695,14.10695,14.10695,100
OIL,2024-07-08 03:24:00,14.10695,14.10695,14.10695,14.10695,100
OIL,2024-07-08 03:25:00,14.10695,14.10695,14.10695,14.10695,500
OIL,2024-07-08 03:26:00,14.10695,14.10695,14.10695,14.10695,200
OIL,2024-07-08 03:27:00,14.10695,14.10695,14.10695,14.10695,33700
OIL,2024-07-08 03:29:00,14.10695,14.10695,14.10695,14.10695,800
OIL,2024-07-08 03:30:00,14.10695,14.10695,14.10695,14.10695,24000
OIL,2024-07-08 03:32:00,14.10695,14.10695,14.10695,14.10695,200
OIL,2024-07-08 03:35:00,14.2056,14.2056,14.2056,14.2056,100
OIL,2024-07-08 03:37:00,14.2056,14.2056,14.10695,14.10695,6000
OIL,2024-07-08 03:38:00,14.2056,14.2056,14.2056,14.2056,6200
OIL,2024-07-08 03:39:00,14.2056,14.2056,14.2056,14.2056,55000
OIL,2024-07-08 03:40:00,14.2056,14.2056,14.2056,14.2056,10000
OIL,2024-07-08 03:41:00,14.2056,14.2056,14.2056,14.2056,6100
OIL,2024-07-08 03:42:00,14.2056,14.2056,14.2056,14.2056,7100
OIL,2024-07-08 03:43:00,14.10695,14.10695,14.10695,14.10695,500
OIL,2024-07-08 03:44:00,14.2056,14.2056,14.2056,14.2056,3100
OIL,2024-07-08 03:46:00,14.2056,14.2056,14.2056,14.2056,100
OIL,2024-07-08 03:47:00,14.2056,14.2056,14.10695,14.10695,3500
OIL,2024-07-08 03:51:00,14.10695,14.10695,14.10695,14.10695,100
OIL,2024-07-08 03:55:00,14.10695,14.10695,14.10695,14.10695,4000
OIL,2024-07-08 03:56:00,14.10695,14.10695,14.10695,14.10695,16100
OIL,2024-07-08 03:57:00,14.10695,14.10695,14.10695,14.10695,9300
OIL,2024-07-08 03:58:00,14.10695,14.10695,14.10695,14.10695,6200
OIL,2024-07-08 03:59:00,14.10695,14.10695,14.0083,14.0083,110800
OIL,2024-07-08 04:00:00,14.0083,14.0083,14.0083,14.0083,700
OIL,2024-07-08 04:01:00,13.90965,13.90965,13.90965,13.90965,101000
OIL,2024-07-08 04:02:00,13.90965,14.0083,13.90965,14.0083,10100
OIL,2024-07-08 04:03:00,14.10695,14.10695,14.10695,14.10695,600
OIL,2024-07-08 04:04:00,14.10695,14.10695,14.10695,14.10695,2000
OIL,2024-07-08 04:05:00,14.10695,14.10695,14.10695,14.10695,2000
OIL,2024-07-08 04:06:00,14.10695,14.10695,14.10695,14.10695,11000
OIL,2024-07-08 04:07:00,14.0083,14.0083,14.0083,14.0083,20000
OIL,2024-07-08 04:10:00,14.10695,14.10695,14.10695,14.10695,400
OIL,2024-07-08 04:11:00,14.10695,14.10695,14.10695,14.10695,100
OIL,2024-07-08 04:12:00,14.0083,14.10695,14.0083,14.10695,5000
OIL,2024-07-08 04:13:00,14.10695,14.10695,14.10695,14.10695,1600
OIL,2024-07-08 04:15:00,14.10695,14.10695,14.10695,14.10695,500
OIL,2024-07-08 04:16:00,14.10695,14.10695,14.10695,14.10695,500
OIL,2024-07-08 04:17:00,14.10695,14.10695,14.10695,14.10695,2000
OIL,2024-07-08 04:18:00,14.2056,14.2056,14.2056,14.2056,1000
OIL,2024-07-08 04:19:00,14.10695,14.10695,14.10695,14.10695,14400
OIL,2024-07-08 04:21:00,14.10695,14.10695,14.10695,14.10695,2300
OIL,2024-07-08 04:22:00,14.10695,14.10695,14.10695,14.10695,100
OIL,2024-07-08 04:23:00,14.10695,14.10695,14.10695,14.10695,1100
OIL,2024-07-08 04:24:00,14.10695,14.10695,14.10695,14.10695,300
OIL,2024-07-08 04:25:00,14.10695,14.10695,14.10695,14.10695,100
OIL,2024-07-08 04:26:00,14.10695,14.10695,14.10695,14.10695,100
OIL,2024-07-08 04:27:00,14.10695,14.10695,14.10695,14.10695,12200
OIL,2024-07-08 04:28:00,14.10695,14.10695,14.10695,14.10695,500
OIL,2024-07-08 04:29:00,14.10695,14.10695,14.10695,14.10695,6200
OIL,2024-07-08 06:00:00,14.10695,14.10695,13.811,13.90965,182100
OIL,2024-07-08 06:01:00,13.90965,14.0083,13.90965,14.0083,21600
OIL,2024-07-08 06:02:00,14.0083,14.0083,14.0083,14.0083,26400
OIL,2024-07-08 06:03:00,14.0083,14.0083,13.90965,13.90965,165300
OIL,2024-07-08 06:04:00,13.90965,13.90965,13.90965,13.90965,600
OIL,2024-07-08 06:05:00,13.90965,13.90965,13.90965,13.90965,700
OIL,2024-07-08 06:06:00,13.90965,13.90965,13.90965,13.90965,2300
OIL,2024-07-08 06:07:00,14.0083,14.0083,14.0083,14.0083,3600
OIL,2024-07-08 06:08:00,14.0083,14.0083,14.0083,14.0083,25000
OIL,2024-07-08 06:09:00,14.0083,14.0083,14.0083,14.0083,300
OIL,2024-07-08 06:10:00,14.0083,14.0083,14.0083,14.0083,41500
OIL,2024-07-08 06:11:00,14.0083,14.0083,14.0083,14.0083,22100
OIL,2024-07-08 06:12:00,14.0083,14.0083,13.90965,14.0083,43200
OIL,2024-07-08 06:13:00,14.0083,14.0083,14.0083,14.0083,500
OIL,2024-07-08 06:14:00,14.0083,14.0083,14.0083,14.0083,16900
OIL,2024-07-08 06:15:00,14.0083,14.0083,14.0083,14.0083,15100
OIL,2024-07-08 06:16:00,13.90965,14.0083,13.90965,14.0083,6300
OIL,2024-07-08 06:17:00,14.0083,14.0083,14.0083,14.0083,21600
OIL,2024-07-08 06:18:00,14.0083,14.10695,14.0083,14.10695,93700
OIL,2024-07-08 06:19:00,14.10695,14.10695,14.10695,14.10695,48800
OIL,2024-07-08 06:20:00,14.10695,14.10695,14.10695,14.10695,113400
OIL,2024-07-08 06:21:00,14.10695,14.10695,14.10695,14.10695,15000
OIL,2024-07-08 06:22:00,14.10695,14.10695,14.10695,14.10695,31500
OIL,2024-07-08 06:23:00,14.10695,14.10695,14.10695,14.10695,28000
OIL,2024-07-08 06:24:00,14.10695,14.10695,14.10695,14.10695,37700
OIL,2024-07-08 06:25:00,14.0083,14.0083,14.0083,14.0083,17000
OIL,2024-07-08 06:26:00,14.0083,14.0083,14.0083,14.0083,3000
OIL,2024-07-08 06:27:00,14.0083,14.10695,14.0083,14.10695,22200
OIL,2024-07-08 06:28:00,14.10695,14.10695,14.10695,14.10695,100
OIL,2024-07-08 06:29:00,14.0083,14.0083,14.0083,14.0083,4600
OIL,2024-07-08 06:30:00,14.10695,14.10695,14.10695,14.10695,22900
OIL,2024-07-08 06:31:00,14.2056,14.30425,14.10695,14.30425,357000
OIL,2024-07-08 06:32:00,14.2056,14.4029,14.2056,14.4029,144100
OIL,2024-07-08 06:33:00,14.50155,14.69885,14.50155,14.69885,217800
OIL,2024-07-08 06:34:00,14.69885,14.69885,14.6002,14.69885,101300
OIL,2024-07-08 06:35:00,14.69885,14.69885,14.6002,14.6002,98700
OIL,2024-07-08 06:36:00,14.6002,14.6002,14.50155,14.6002,80800
OIL,2024-07-08 06:37:00,14.6002,14.6002,14.50155,14.50155,4000
OIL,2024-07-08 06:38:00,14.50155,14.6002,14.50155,14.6002,38300
OIL,2024-07-08 06:39:00,14.6002,14.6002,14.50155,14.50155,16000
OIL,2024-07-08 06:40:00,14.6002,14.6002,14.6002,14.6002,78100
OIL,2024-07-08 06:41:00,14.6002,14.6002,14.50155,14.6002,45800
OIL,2024-07-08 06:42:00,14.6002,14.6002,14.6002,14.6002,98900
OIL,2024-07-08 06:43:00,14.6002,14.6002,14.50155,14.6002,28300
OIL,2024-07-08 06:44:00,14.6002,14.6002,14.50155,14.50155,128100
OIL,2024-07-08 06:45:00,14.50155,14.50155,14.50155,14.50155,13200
OIL,2024-07-08 06:46:00,14.50155,14.50155,14.4029,14.4029,31000
OIL,2024-07-08 06:47:00,14.4029,14.4029,14.4029,14.4029,9300
OIL,2024-07-08 06:48:00,14.4029,14.4029,14.4029,14.4029,55700
OIL,2024-07-08 06:49:00,14.4029,14.4029,14.30425,14.4029,28300
OIL,2024-07-08 06:50:00,14.4029,14.4029,14.4029,14.4029,5500
OIL,2024-07-08 06:51:00,14.30425,14.4029,14.30425,14.4029,4900
OIL,2024-07-08 06:52:00,14.4029,14.4029,14.4029,14.4029,18600
OIL,2024-07-08 06:53:00,14.4029,14.4029,14.4029,14.4029,53800
OIL,2024-07-08 06:54:00,14.50155,14.50155,14.50155,14.50155,2600
OIL,2024-07-08 06:55:00,14.50155,14.50155,14.4029,14.50155,900
OIL,2024-07-08 06:56:00,14.4029,14.4029,14.4029,14.4029,6500
OIL,2024-07-08 06:57:00,14.4029,14.4029,14.4029,14.4029,4700
OIL,2024-07-08 06:58:00,14.4029,14.4029,14.4029,14.4029,135500
OIL,2024-07-08 06:59:00,14.4029,14.4029,14.4029,14.4029,5000
OIL,2024-07-08 07:00:00,14.30425,14.30425,14.30425,14.30425,1000
OIL,2024-07-08 07:01:00,14.30425,14.4029,14.30425,14.4029,2800
OIL,2024-07-08 07:02:00,14.30425,14.30425,14.30425,14.30425,8500
OIL,2024-07-08 07:03:00,14.30425,14.30425,14.30425,14.30425,10100
OIL,2024-07-08 07:04:00,14.30425,14.4029,14.30425,14.4029,2900
OIL,2024-07-08 07:05:00,14.30425,14.4029,14.30425,14.4029,103000
OIL,2024-07-08 07:06:00,14.30425,14.4029,14.30425,14.30425,8200
OIL,2024-07-08 07:07:00,14.30425,14.30425,14.30425,14.30425,5100
OIL,2024-07-08 07:08:00,14.30425,14.30425,14.30425,14.30425,29600
OIL,2024-07-08 07:09:00,14.30425,14.30425,14.30425,14.30425,1300
OIL,2024-07-08 07:10:00,14.30425,14.30425,14.30425,14.30425,1000
OIL,2024-07-08 07:11:00,14.30425,14.30425,14.30425,14.30425,500
OIL,2024-07-08 07:12:00,14.2056,14.30425,14.2056,14.30425,21200
OIL,2024-07-08 07:13:00,14.30425,14.30425,14.2056,14.30425,23100
OIL,2024-07-08 07:14:00,14.2056,14.2056,14.2056,14.2056,800
OIL,2024-07-08 07:15:00,14.2056,14.2056,14.2056,14.2056,6300
OIL,2024-07-08 07:16:00,14.2056,14.2056,14.2056,14.2056,55000
OIL,2024-07-08 07:17:00,14.30425,14.30425,14.2056,14.30425,11400
OIL,2024-07-08 07:18:00,14.2056,14.30425,14.2056,14.2056,900
OIL,2024-07-08 07:19:00,14.2056,14.2056,14.2056,14.2056,6900
OIL,2024-07-08 07:20:00,14.2056,14.30425,14.2056,14.30425,10200
OIL,2024-07-08 07:21:00,14.2056,14.30425,14.2056,14.30425,66000
OIL,2024-07-08 07:22:00,14.2056,14.2056,14.2056,14.2056,14900
OIL,2024-07-08 07:23:00,14.2056,14.2056,14.2056,14.2056,4300
OIL,2024-07-08 07:24:00,14.2056,14.2056,14.2056,14.2056,5100
OIL,2024-07-08 07:25:00,14.2056,14.30425,14.2056,14.30425,1400
OIL,2024-07-08 07:26:00,14.30425,14.30425,14.30425,14.30425,41700
OIL,2024-07-08 07:27:00,14.30425,14.30425,14.30425,14.30425,900
OIL,2024-07-08 07:28:00,14.4029,14.4029,14.4029,14.4029,15900
OIL,2024-07-08 07:29:00,14.4029,14.4029,14.4029,14.4029,12800
OIL,2024-07-08 07:30:00,14.4029,14.4029,14.4029,14.4029,600
OIL,2024-07-08 07:33:00,14.4029,14.4029,14.4029,14.4029,2000
OIL,2024-07-08 07:34:00,14.4029,14.4029,14.4029,14.4029,300
OIL,2024-07-08 07:35:00,14.4029,14.4029,14.4029,14.4029,17100
OIL,2024-07-08 07:36:00,14.30425,14.30425,14.30425,14.30425,1100
OIL,2024-07-08 07:37:00,14.4029,14.4029,14.4029,14.4029,42100
OIL,2024-07-08 07:38:00,14.4029,14.4029,14.4029,14.4029,400
OIL,2024-07-08 07:39:00,14.4029,14.4029,14.30425,14.30425,12600
OIL,2024-07-08 07:41:00,14.30425,14.30425,14.30425,14.30425,100
OIL,2024-07-08 07:42:00,14.30425,14.30425,14.30425,14.30425,400
OIL,2024-07-08 07:44:00,14.30425,14.4029,14.30425,14.4029,3300
OIL,2024-07-08 07:45:00,14.4029,14.4029,14.4029,14.4029,500
OIL,2024-07-08 07:46:00,14.4029,14.4029,14.4029,14.4029,1100
OIL,2024-07-08 07:47:00,14.4029,14.4029,14.30425,14.4029,5000
OIL,2024-07-08 07:48:00,14.4029,14.4029,14.4029,14.4029,6800
OIL,2024-07-08 07:49:00,14.4029,14.4029,14.4029,14.4029,700
OIL,2024-07-08 07:50:00,14.4029,14.4029,14.4029,14.4029,1000
OIL,2024-07-08 07:51:00,14.30425,14.30425,14.30425,14.30425,500
OIL,2024-07-08 07:52:00,14.30425,14.30425,14.30425,14.30425,55000
OIL,2024-07-08 07:53:00,14.30425,14.30425,14.30425,14.30425,45000
OIL,2024-07-08 07:54:00,14.30425,14.4029,14.30425,14.4029,6000
OIL,2024-07-08 07:55:00,14.30425,14.30425,14.30425,14.30425,100
OIL,2024-07-08 07:58:00,14.4029,14.4029,14.4029,14.4029,20800
OIL,2024-07-08 07:59:00,14.30425,14.4029,14.30425,14.4029,130400
OIL,2024-07-09 02:00:00,14.4029,14.50155,14.4029,14.4029,4000
OIL,2024-07-09 02:01:00,14.30425,14.30425,14.30425,14.30425,3600
OIL,2024-07-09 02:02:00,14.4029,14.4029,14.4029,14.4029,4800
OIL,2024-07-09 02:03:00,14.50155,14.50155,14.50155,14.50155,4500
OIL,2024-07-09 02:04:00,14.6002,14.6002,14.6002,14.6002,11000
OIL,2024-07-09 02:05:00,14.6002,14.6002,14.6002,14.6002,3800
OIL,2024-07-09 02:06:00,14.6002,14.6002,14.6002,14.6002,600
OIL,2024-07-09 02:07:00,14.50155,14.6002,14.50155,14.6002,1500
OIL,2024-07-09 02:08:00,14.50155,14.50155,14.50155,14.50155,7400
OIL,2024-07-09 02:09:00,14.4029,14.50155,14.4029,14.50155,1800
OIL,2024-07-09 02:10:00,14.50155,14.50155,14.50155,14.50155,30000
OIL,2024-07-09 02:11:00,14.50155,14.50155,14.50155,14.50155,5000
OIL,2024-07-09 02:12:00,14.50155,14.50155,14.4029,14.4029,4100
OIL,2024-07-09 02:13:00,14.4029,14.50155,14.4029,14.50155,7800
OIL,2024-07-09 02:14:00,14.50155,14.50155,14.50155,14.50155,1100
OIL,2024-07-09 02:15:00,14.6002,14.6002,14.6002,14.6002,15200
OIL,2024-07-09 02:16:00,14.6002,14.6002,14.50155,14.50155,11000
OIL,2024-07-09 02:17:00,14.50155,14.69885,14.50155,14.69885,19900
OIL,2024-07-09 02:18:00,14.69885,14.69885,14.69885,14.69885,42700
OIL,2024-07-09 02:19:00,14.69885,14.69885,14.6002,14.69885,16100
OIL,2024-07-09 02:21:00,14.6002,14.6002,14.6002,14.6002,15000
OIL,2024-07-09 02:22:00,14.6002,14.6002,14.6002,14.6002,3800
OIL,2024-07-09 02:23:00,14.6002,14.69885,14.6002,14.6002,22600
OIL,2024-07-09 02:24:00,14.6002,14.6002,14.50155,14.50155,2100
OIL,2024-07-09 02:25:00,14.50155,14.50155,14.50155,14.50155,500
OIL,2024-07-09 02:26:00,14.50155,14.50155,14.50155,14.50155,5700
OIL,2024-07-09 02:27:00,14.50155,14.6002,14.50155,14.6002,6600
OIL,2024-07-09 02:28:00,14.50155,14.50155,14.50155,14.50155,54900
OIL,2024-07-09 02:29:00,14.50155,14.50155,14.4029,14.50155,22000
OIL,2024-07-09 02:30:00,14.4029,14.50155,14.4029,14.4029,8600
OIL,2024-07-09 02:31:00,14.4029,14.50155,14.4029,14.4029,12400
OIL,2024-07-09 02:32:00,14.4029,14.4029,14.4029,14.4029,12400
OIL,2024-07-09 02:33:00,14.4029,14.4029,14.4029,14.4029,3700
OIL,2024-07-09 02:34:00,14.4029,14.50155,14.4029,14.50155,2500
OIL,2024-07-09 02:35:00,14.50155,14.50155,14.4029,14.4029,39200
OIL,2024-07-09 02:36:00,14.4029,14.50155,14.4029,14.50155,2200
OIL,2024-07-09 02:37:00,14.50155,14.50155,14.50155,14.50155,13000
OIL,2024-07-09 02:39:00,14.50155,14.50155,14.50155,14.50155,5800
OIL,2024-07-09 02:40:00,14.50155,14.50155,14.50155,14.50155,7600
OIL,2024-07-09 02:42:00,14.50155,14.50155,14.50155,14.50155,14800
OIL,2024-07-09 02:43:00,14.50155,14.50155,14.50155,14.50155,2600
OIL,2024-07-09 02:44:00,14.50155,14.50155,14.4029,14.4029,2700
OIL,2024-07-09 02:45:00,14.4029,14.4029,14.4029,14.4029,72000
OIL,2024-07-09 02:46:00,14.4029,14.50155,14.4029,14.4029,26900
OIL,2024-07-09 02:47:00,14.4029,14.4029,14.4029,14.4029,14000
OIL,2024-07-09 02:48:00,14.4029,14.4029,14.4029,14.4029,2000
OIL,2024-07-09 02:49:00,14.4029,14.4029,14.4029,14.4029,7000
OIL,2024-07-09 02:50:00,14.4029,14.4029,14.4029,14.4029,12100
OIL,2024-07-09 02:51:00,14.4029,14.4029,14.4029,14.4029,4500
OIL,2024-07-09 02:52:00,14.4029,14.4029,14.4029,14.4029,9500
OIL,2024-07-09 02:53:00,14.4029,14.4029,14.4029,14.4029,9300
OIL,2024-07-09 02:54:00,14.4029,14.4029,14.4029,14.4029,2700
OIL,2024-07-09 02:55:00,14.4029,14.4029,14.4029,14.4029,5500
OIL,2024-07-09 02:56:00,14.50155,14.50155,14.50155,14.50155,5000
OIL,2024-07-09 02:57:00,14.50155,14.50155,14.4029,14.4029,2900
OIL,2024-07-09 02:58:00,14.4029,14.50155,14.4029,14.50155,1500
OIL,2024-07-09 02:59:00,14.50155,14.50155,14.4029,14.50155,42200
OIL,2024-07-09 03:00:00,14.50155,14.50155,14.50155,14.50155,100
OIL,2024-07-09 03:01:00,14.50155,14.50155,14.4029,14.4029,9500
OIL,2024-07-09 03:02:00,14.4029,14.4029,14.4029,14.4029,7000
OIL,2024-07-09 03:03:00,14.4029,14.4029,14.4029,14.4029,1500
OIL,2024-07-09 03:04:00,14.4029,14.4029,14.4029,14.4029,6900
OIL,2024-07-09 03:05:00,14.30425,14.4029,14.30425,14.4029,1000
OIL,2024-07-09 03:06:00,14.4029,14.4029,14.4029,14.4029,13200
OIL,2024-07-09 03:08:00,14.4029,14.4029,14.4029,14.4029,600
OIL,2024-07-09 03:10:00,14.50155,14.50155,14.50155,14.50155,100
OIL,2024-07-09 03:11:00,14.50155,14.50155,14.50155,14.50155,100
OIL,2024-07-09 03:13:00,14.50155,14.50155,14.50155,14.50155,300
OIL,2024-07-09 03:15:00,14.4029,14.4029,14.4029,14.4029,10500
OIL,2024-07-09 03:17:00,14.4029,14.4029,14.4029,14.4029,3500
OIL,2024-07-09 03:18:00,14.50155,14.50155,14.50155,14.50155,100
OIL,2024-07-09 03:20:00,14.50155,14.50155,14.4029,14.4029,8000
OIL,2024-07-09 03:21:00,14.50155,14.50155,14.50155,14.50155,1000
OIL,2024-07-09 03:22:00,14.50155,14.50155,14.4029,14.4029,15800
OIL,2024-07-09 03:23:00,14.4029,14.4029,14.4029,14.4029,15000
OIL,2024-07-09 03:25:00,14.4029,14.4029,14.4029,14.4029,33700
OIL,2024-07-09 03:26:00,14.4029,14.4029,14.4029,14.4029,5000
OIL,2024-07-09 03:27:00,14.4029,14.4029,14.4029,14.4029,30300
OIL,2024-07-09 03:28:00,14.4029,14.4029,14.4029,14.4029,200
OIL,2024-07-09 03:30:00,14.4029,14.4029,14.4029,14.4029,21600
OIL,2024-07-09 03:31:00,14.4029,14.4029,14.4029,14.4029,13800
OIL,2024-07-09 03:32:00,14.4029,14.4029,14.30425,14.30425,2000
OIL,2024-07-09 03:33:00,14.30425,14.30425,14.30425,14.30425,4000
OIL,2024-07-09 03:34:00,14.30425,14.30425,14.30425,14.30425,3000
OIL,2024-07-09 03:36:00,14.30425,14.30425,14.30425,14.30425,500
OIL,2024-07-09 03:38:00,14.30425,14.30425,14.30425,14.30425,5200
OIL,2024-07-09 03:39:00,14.30425,14.30425,14.30425,14.30425,100
OIL,2024-07-09 03:40:00,14.30425,14.4029,14.30425,14.30425,5800
OIL,2024-07-09 03:41:00,14.30425,14.30425,14.30425,14.30425,7000
OIL,2024-07-09 03:42:00,14.30425,14.30425,14.30425,14.30425,157600
OIL,2024-07-09 03:43:00,14.30425,14.30425,14.30425,14.30425,1700
OIL,2024-07-09 03:44:00,14.30425,14.30425,14.30425,14.30425,200
OIL,2024-07-09 03:45:00,14.30425,14.30425,14.30425,14.30425,22400
OIL,2024-07-09 03:46:00,14.30425,14.30425,14.30425,14.30425,17200
OIL,2024-07-09 03:47:00,14.30425,14.30425,14.30425,14.30425,1200
OIL,2024-07-09 03:48:00,14.30425,14.30425,14.2056,14.2056,16700
OIL,2024-07-09 03:49:00,14.2056,14.2056,14.2056,14.2056,5600
OIL,2024-07-09 03:50:00,14.2056,14.2056,14.2056,14.2056,4000
OIL,2024-07-09 03:51:00,14.2056,14.30425,14.2056,14.30425,2900
OIL,2024-07-09 03:52:00,14.2056,14.2056,14.2056,14.2056,100
OIL,2024-07-09 03:54:00,14.2056,14.2056,14.2056,14.2056,600
OIL,2024-07-09 03:55:00,14.2056,14.2056,14.2056,14.2056,1100
OIL,2024-07-09 03:57:00,14.2056,14.30425,14.2056,14.30425,2200
OIL,2024-07-09 03:58:00,14.2056,14.2056,14.2056,14.2056,5200
OIL,2024-07-09 03:59:00,14.2056,14.2056,14.2056,14.2056,800
OIL,2024-07-09 04:00:00,14.2056,14.2056,14.2056,14.2056,71300
OIL,2024-07-09 04:01:00,14.2056,14.2056,14.2056,14.2056,9500
OIL,2024-07-09 04:02:00,14.2056,14.2056,14.2056,14.2056,1500
OIL,2024-07-09 04:03:00,14.2056,14.2056,14.2056,14.2056,600
OIL,2024-07-09 04:04:00,14.2056,14.2056,14.10695,14.10695,44600
OIL,2024-07-09 04:05:00,14.10695,14.10695,14.0083,14.0083,43800
OIL,2024-07-09 04:06:00,14.0083,14.0083,13.811,13.811,148300
OIL,2024-07-09 04:07:00,13.811,13.811,13.71235,13.811,117000
OIL,2024-07-09 04:08:00,13.811,13.811,13.811,13.811,2100
OIL,2024-07-09 04:09:00,14.0083,14.0083,13.90965,14.0083,6200
OIL,2024-07-09 04:10:00,13.90965,14.0083,13.90965,13.90965,42500
OIL,2024-07-09 04:11:00,13.90965,14.0083,13.90965,14.0083,16900
OIL,2024-07-09 04:12:00,14.0083,14.0083,13.90965,14.0083,15500
OIL,2024-07-09 04:13:00,14.0083,14.0083,14.0083,14.0083,500
OIL,2024-07-09 04:14:00,14.0083,14.0083,13.90965,13.90965,10900
OIL,2024-07-09 04:15:00,14.0083,14.0083,13.90965,14.0083,14300
OIL,2024-07-09 04:16:00,13.90965,14.0083,13.90965,14.0083,16700
OIL,2024-07-09 04:17:00,14.0083,14.0083,14.0083,14.0083,8000
OIL,2024-07-09 04:18:00,14.0083,14.0083,14.0083,14.0083,12600
OIL,2024-07-09 04:19:00,14.0083,14.0083,14.0083,14.0083,2100
OIL,2024-07-09 04:20:00,14.0083,14.0083,14.0083,14.0083,11700
OIL,2024-07-09 04:21:00,14.0083,14.0083,14.0083,14.0083,14300
OIL,2024-07-09 04:23:00,14.0083,14.0083,14.0083,14.0083,2000
OIL,2024-07-09 04:24:00,14.0083,14.0083,14.0083,14.0083,2700
OIL,2024-07-09 04:25:00,14.0083,14.0083,14.0083,14.0083,47100
OIL,2024-07-09 04:26:00,13.90965,14.0083,13.90965,14.0083,5000
OIL,2024-07-09 04:27:00,13.90965,14.0083,13.90965,14.0083,93000
OIL,2024-07-09 04:28:00,14.0083,14.0083,13.90965,13.90965,61400
OIL,2024-07-09 04:29:00,13.90965,13.90965,13.811,13.811,15000
OIL,2024-07-09 06:00:00,13.811,13.90965,13.811,13.90965,95700
OIL,2024-07-09 06:01:00,13.90965,14.0083,13.90965,14.0083,112400
OIL,2024-07-09 06:02:00,14.0083,14.0083,14.0083,14.0083,14800
OIL,2024-07-09 06:03:00,14.0083,14.10695,14.0083,14.10695,5800
OIL,2024-07-09 06:04:00,14.10695,14.10695,14.10695,14.10695,6500
OIL,2024-07-09 06:05:00,14.0083,14.10695,14.0083,14.10695,14900
OIL,2024-07-09 06:06:00,14.0083,14.0083,14.0083,14.0083,6500
OIL,2024-07-09 06:07:00,14.0083,14.0083,14.0083,14.0083,36300
OIL,2024-07-09 06:08:00,14.0083,14.0083,14.0083,14.0083,89900
OIL,2024-07-09 06:09:00,14.0083,14.0083,14.0083,14.0083,26900
OIL,2024-07-09 06:10:00,14.0083,14.0083,14.0083,14.0083,8900
OIL,2024-07-09 06:11:00,14.0083,14.10695,14.0083,14.0083,4200
OIL,2024-07-09 06:12:00,14.0083,14.0083,14.0083,14.0083,40500
OIL,2024-07-09 06:13:00,14.0083,14.0083,14.0083,14.0083,54100
OIL,2024-07-09 06:14:00,14.0083,14.0083,14.0083,14.0083,5100
OIL,2024-07-09 06:15:00,14.0083,14.0083,14.0083,14.0083,26800
OIL,2024-07-09 06:16:00,13.90965,14.0083,13.90965,13.90965,4000
OIL,2024-07-09 06:17:00,13.90965,14.0083,13.90965,13.90965,4700
OIL,2024-07-09 06:18:00,13.90965,14.0083,13.90965,14.0083,45000
OIL,2024-07-09 06:19:00,14.0083,14.0083,14.0083,14.0083,3000
OIL,2024-07-09 06:20:00,14.0083,14.0083,14.0083,14.0083,6600
OIL,2024-07-09 06:21:00,14.0083,14.0083,14.0083,14.0083,12000
OIL,2024-07-09 06:22:00,14.0083,14.0083,14.0083,14.0083,11200
OIL,2024-07-09 06:23:00,14.0083,14.0083,14.0083,14.0083,11600
OIL,2024-07-09 06:24:00,14.0083,14.0083,14.0083,14.0083,25500
OIL,2024-07-09 06:25:00,14.0083,14.0083,14.0083,14.0083,700
OIL,2024-07-09 06:26:00,14.0083,14.0083,14.0083,14.0083,1500
OIL,2024-07-09 06:27:00,14.0083,14.0083,14.0083,14.0083,1000
OIL,2024-07-09 06:29:00,14.0083,14.0083,14.0083,14.0083,100
OIL,2024-07-09 06:30:00,14.0083,14.0083,14.0083,14.0083,3000
OIL,2024-07-09 06:31:00,14.0083,14.0083,14.0083,14.0083,700
OIL,2024-07-09 06:32:00,14.0083,14.0083,14.0083,14.0083,2900
OIL,2024-07-09 06:33:00,14.0083,14.0083,14.0083,14.0083,5900
OIL,2024-07-09 06:34:00,14.0083,14.0083,14.0083,14.0083,3000
OIL,2024-07-09 06:35:00,14.0083,14.0083,14.0083,14.0083,1000
OIL,2024-07-09 06:36:00,14.0083,14.0083,14.0083,14.0083,10700
OIL,2024-07-09 06:37:00,14.0083,14.0083,14.0083,14.0083,58100
OIL,2024-07-09 06:38:00,14.0083,14.0083,14.0083,14.0083,48800
OIL,2024-07-09 06:39:00,14.0083,14.0083,14.0083,14.0083,23600
OIL,2024-07-09 06:40:00,14.0083,14.0083,14.0083,14.0083,500
OIL,2024-07-09 06:41:00,14.0083,14.0083,14.0083,14.0083,8700
OIL,2024-07-09 06:42:00,14.0083,14.0083,14.0083,14.0083,33700
OIL,2024-07-09 06:43:00,14.0083,14.0083,14.0083,14.0083,900
OIL,2024-07-09 06:44:00,14.0083,14.0083,14.0083,14.0083,12400
OIL,2024-07-09 06:45:00,14.0083,14.0083,14.0083,14.0083,19100
OIL,2024-07-09 06:46:00,14.0083,14.0083,14.0083,14.0083,5200
OIL,2024-07-09 06:47:00,14.0083,14.10695,14.0083,14.0083,21000
OIL,2024-07-09 06:48:00,14.0083,14.0083,14.0083,14.0083,11800
OIL,2024-07-09 06:49:00,14.0083,14.0083,14.0083,14.0083,7100
OIL,2024-07-09 06:50:00,14.0083,14.0083,14.0083,14.0083,15900
OIL,2024-07-09 06:51:00,14.0083,14.0083,14.0083,14.0083,16600
OIL,2024-07-09 06:52:00,14.0083,14.0083,14.0083,14.0083,2400
OIL,2024-07-09 06:53:00,14.0083,14.0083,13.90965,14.0083,63200
OIL,2024-07-09 06:54:00,13.90965,13.90965,13.90965,13.90965,16700
OIL,2024-07-09 06:55:00,14.0083,14.0083,14.0083,14.0083,4500
OIL,2024-07-09 06:56:00,14.0083,14.0083,14.0083,14.0083,1000
OIL,2024-07-09 06:57:00,14.0083,14.0083,14.0083,14.0083,2500
OIL,2024-07-09 06:58:00,14.0083,14.0083,14.0083,14.0083,2100
OIL,2024-07-09 06:59:00,13.90965,14.0083,13.90965,14.0083,21100
OIL,2024-07-09 07:00:00,14.0083,14.0083,14.0083,14.0083,2100
OIL,2024-07-09 07:01:00,13.90965,13.90965,13.90965,13.90965,600
OIL,2024-07-09 07:02:00,14.0083,14.0083,14.0083,14.0083,68100
OIL,2024-07-09 07:03:00,14.0083,14.0083,14.0083,14.0083,17600
OIL,2024-07-09 07:04:00,14.10695,14.10695,14.0083,14.0083,2200
OIL,2024-07-09 07:05:00,14.0083,14.0083,14.0083,14.0083,30600
OIL,2024-07-09 07:06:00,14.0083,14.0083,14.0083,14.0083,4400
OIL,2024-07-09 07:07:00,14.0083,14.0083,13.90965,13.90965,700
OIL,2024-07-09 07:08:00,13.90965,14.0083,13.90965,13.90965,2100
OIL,2024-07-09 07:09:00,13.90965,13.90965,13.90965,13.90965,300
OIL,2024-07-09 07:10:00,14.0083,14.0083,14.0083,14.0083,500
OIL,2024-07-09 07:11:00,13.90965,13.90965,13.90965,13.90965,2000
OIL,2024-07-09 07:12:00,13.90965,13.90965,13.90965,13.90965,1400
OIL,2024-07-09 07:13:00,13.90965,13.90965,13.811,13.811,390500
OIL,2024-07-09 07:14:00,13.811,13.811,13.811,13.811,94500
OIL,2024-07-09 07:15:00,13.811,13.90965,13.811,13.90965,113400
OIL,2024-07-09 07:16:00,13.90965,13.90965,13.90965,13.90965,79600
OIL,2024-07-09 07:17:00,13.90965,13.90965,13.811,13.811,106500
OIL,2024-07-09 07:18:00,13.811,13.90965,13.811,13.811,26000
OIL,2024-07-09 07:19:00,13.90965,13.90965,13.811,13.811,66900
OIL,2024-07-09 07:20:00,13.811,13.90965,13.811,13.90965,32200
OIL,2024-07-09 07:21:00,13.90965,13.90965,13.90965,13.90965,67600
OIL,2024-07-09 07:22:00,13.90965,13.90965,13.90965,13.90965,5400
OIL,2024-07-09 07:23:00,13.90965,13.90965,13.90965,13.90965,400
OIL,2024-07-09 07:24:00,13.90965,13.90965,13.90965,13.90965,6600
OIL,2024-07-09 07:25:00,13.90965,13.90965,13.90965,13.90965,64900
OIL,2024-07-09 07:26:00,13.90965,13.90965,13.90965,13.90965,67200
OIL,2024-07-09 07:27:00,13.90965,13.90965,13.90965,13.90965,27200
OIL,2024-07-09 07:28:00,13.90965,14.0083,13.90965,13.90965,36200
OIL,2024-07-09 07:29:00,13.90965,13.90965,13.90965,13.90965,200
OIL,2024-07-09 07:30:00,13.90965,14.0083,13.90965,13.90965,24600
OIL,2024-07-09 07:31:00,13.90965,14.0083,13.90965,14.0083,13300
OIL,2024-07-09 07:32:00,14.0083,14.0083,14.0083,14.0083,3100
OIL,2024-07-09 07:33:00,14.0083,14.0083,14.0083,14.0083,1900
OIL,2024-07-09 07:34:00,14.0083,14.0083,14.0083,14.0083,900
OIL,2024-07-09 07:35:00,13.90965,13.90965,13.90965,13.90965,1200
OIL,2024-07-09 07:36:00,13.90965,13.90965,13.90965,13.90965,900
OIL,2024-07-09 07:37:00,13.90965,13.90965,13.90965,13.90965,200
OIL,2024-07-09 07:38:00,13.90965,13.90965,13.90965,13.90965,300
OIL,2024-07-09 07:39:00,13.90965,13.90965,13.90965,13.90965,5700
OIL,2024-07-09 07:40:00,13.90965,13.90965,13.90965,13.90965,41300
OIL,2024-07-09 07:41:00,13.90965,13.90965,13.90965,13.90965,6500
OIL,2024-07-09 07:42:00,13.90965,13.90965,13.90965,13.90965,2000
OIL,2024-07-09 07:43:00,13.90965,13.90965,13.90965,13.90965,1600
OIL,2024-07-09 07:45:00,14.0083,14.0083,13.90965,13.90965,3200
OIL,2024-07-09 07:46:00,13.90965,13.90965,13.90965,13.90965,5000
OIL,2024-07-09 07:47:00,13.90965,13.90965,13.90965,13.90965,3000
OIL,2024-07-09 07:49:00,13.90965,13.90965,13.90965,13.90965,22100
OIL,2024-07-09 07:50:00,14.0083,14.0083,13.90965,13.90965,300
OIL,2024-07-09 07:51:00,14.0083,14.0083,14.0083,14.0083,500
OIL,2024-07-09 07:52:00,14.0083,14.0083,14.0083,14.0083,1400
OIL,2024-07-09 07:53:00,14.0083,14.0083,14.0083,14.0083,500
OIL,2024-07-09 07:54:00,13.90965,13.90965,13.90965,13.90965,5500
OIL,2024-07-09 07:55:00,14.0083,14.0083,14.0083,14.0083,100
OIL,2024-07-09 07:56:00,13.90965,13.90965,13.90965,13.90965,12900
OIL,2024-07-09 07:58:00,13.90965,13.90965,13.90965,13.90965,100
OIL,2024-07-09 07:59:00,14.0083,14.0083,14.0083,14.0083,4000
OIL,2024-07-10 02:00:00,14.10695,14.10695,14.10695,14.10695,700
OIL,2024-07-10 02:01:00,14.0083,14.0083,13.90965,14.0083,3800
OIL,2024-07-10 02:02:00,14.0083,14.0083,14.0083,14.0083,1800
OIL,2024-07-10 02:03:00,14.0083,14.0083,14.0083,14.0083,500
OIL,2024-07-10 02:05:00,14.0083,14.0083,14.0083,14.0083,100
OIL,2024-07-10 02:06:00,14.0083,14.0083,14.0083,14.0083,5800
OIL,2024-07-10 02:07:00,14.0083,14.0083,14.0083,14.0083,8600
OIL,2024-07-10 02:08:00,14.0083,14.0083,14.0083,14.0083,200
OIL,2024-07-10 02:09:00,14.0083,14.0083,14.0083,14.0083,2000
OIL,2024-07-10 02:11:00,14.0083,14.0083,14.0083,14.0083,15300
OIL,2024-07-10 02:13:00,13.90965,13.90965,13.90965,13.90965,26500
OIL,2024-07-10 02:14:00,13.90965,13.90965,13.90965,13.90965,15400
OIL,2024-07-10 02:15:00,13.90965,13.90965,13.90965,13.90965,7500
OIL,2024-07-10 02:16:00,13.90965,13.90965,13.90965,13.90965,1000
OIL,2024-07-10 02:17:00,13.90965,13.90965,13.90965,13.90965,300
OIL,2024-07-10 02:18:00,13.90965,13.90965,13.71235,13.71235,96100
OIL,2024-07-10 02:20:00,13.811,13.811,13.811,13.811,9400
OIL,2024-07-10 02:21:00,13.811,13.90965,13.811,13.90965,25800
OIL,2024-07-10 02:22:00,13.90965,13.90965,13.90965,13.90965,1200
OIL,2024-07-10 02:23:00,13.811,13.811,13.811,13.811,7000
OIL,2024-07-10 02:24:00,13.811,13.811,13.811,13.811,2000
OIL,2024-07-10 02:25:00,13.811,13.811,13.811,13.811,1600
OIL,2024-07-10 02:26:00,13.811,13.811,13.811,13.811,2100
OIL,2024-07-10 02:27:00,13.811,13.811,13.811,13.811,11500
OIL,2024-07-10 02:28:00,13.811,13.811,13.811,13.811,45900
OIL,2024-07-10 02:29:00,13.811,13.811,13.811,13.811,13300
OIL,2024-07-10 02:30:00,13.811,13.811,13.811,13.811,3100
OIL,2024-07-10 02:31:00,13.811,13.811,13.811,13.811,5600
OIL,2024-07-10 02:32:00,13.811,13.811,13.811,13.811,16100
OIL,2024-07-10 02:33:00,13.811,13.811,13.811,13.811,5400
OIL,2024-07-10 02:34:00,13.811,13.811,13.811,13.811,100
OIL,2024-07-10 02:35:00,13.90965,13.90965,13.90965,13.90965,24900
OIL,2024-07-10 02:36:00,13.90965,13.90965,13.90965,13.90965,3700
OIL,2024-07-10 02:41:00,13.90965,13.90965,13.90965,13.90965,500
OIL,2024-07-10 02:42:00,13.90965,13.90965,13.90965,13.90965,7100
OIL,2024-07-10 02:43:00,13.90965,13.90965,13.90965,13.90965,12100
OIL,2024-07-10 02:44:00,13.90965,13.90965,13.811,13.811,1500
OIL,2024-07-10 02:45:00,13.90965,13.90965,13.90965,13.90965,1300
OIL,2024-07-10 02:46:00,13.90965,13.90965,13.90965,13.90965,3700
OIL,2024-07-10 02:47:00,13.90965,13.90965,13.90965,13.90965,11300
OIL,2024-07-10 02:48:00,13.90965,13.90965,13.811,13.811,8900
OIL,2024-07-10 02:49:00,13.811,13.90965,13.811,13.811,48500
OIL,2024-07-10 02:51:00,13.811,13.811,13.811,13.811,20000
OIL,2024-07-10 02:52:00,13.90965,13.90965,13.811,13.811,500
OIL,2024-07-10 02:53:00,13.811,13.90965,13.811,13.811,1300
OIL,2024-07-10 02:54:00,13.811,13.811,13.811,13.811,13700
OIL,2024-07-10 02:55:00,13.811,13.811,13.811,13.811,10100
OIL,2024-07-10 02:56:00,13.811,13.90965,13.811,13.90965,4900
OIL,2024-07-10 02:57:00,13.811,13.811,13.811,13.811,100
OIL,2024-07-10 02:58:00,13.811,13.811,13.811,13.811,100
OIL,2024-07-10 02:59:00,13.811,13.811,13.811,13.811,88000
OIL,2024-07-10 03:00:00,13.811,13.811,13.811,13.811,23700
OIL,2024-07-10 03:01:00,13.811,13.811,13.811,13.811,16100
OIL,2024-07-10 03:02:00,13.811,13.811,13.811,13.811,37800
OIL,2024-07-10 03:03:00,13.811,13.811,13.811,13.811,100
OIL,2024-07-10 03:04:00,13.811,13.811,13.811,13.811,13400
OIL,2024-07-10 03:05:00,13.811,13.811,13.811,13.811,100
OIL,2024-07-10 03:06:00,13.811,13.811,13.811,13.811,1400
OIL,2024-07-10 03:07:00,13.811,13.811,13.811,13.811,3600
OIL,2024-07-10 03:08:00,13.811,13.811,13.811,13.811,300
OIL,2024-07-10 03:09:00,13.811,13.90965,13.811,13.90965,10900
OIL,2024-07-10 03:10:00,13.811,14.0083,13.811,14.0083,114600
OIL,2024-07-10 03:11:00,14.0083,14.10695,13.90965,14.10695,11600
OIL,2024-07-10 03:12:00,14.10695,14.10695,14.0083,14.10695,7200
OIL,2024-07-10 03:13:00,14.10695,14.10695,14.10695,14.10695,16700
OIL,2024-07-10 03:14:00,14.10695,14.2056,14.10695,14.2056,26200
OIL,2024-07-10 03:15:00,14.2056,14.30425,14.2056,14.30425,21600
OIL,2024-07-10 03:16:00,14.2056,14.30425,14.2056,14.2056,24500
OIL,2024-07-10 03:17:00,14.30425,14.30425,14.30425,14.30425,7700
OIL,2024-07-10 03:18:00,14.2056,14.2056,14.2056,14.2056,5400
OIL,2024-07-10 03:19:00,14.2056,14.2056,14.2056,14.2056,1100
OIL,2024-07-10 03:20:00,14.2056,14.30425,14.2056,14.30425,93700
OIL,2024-07-10 03:21:00,14.30425,14.30425,14.30425,14.30425,800
OIL,2024-07-10 03:22:00,14.30425,14.30425,14.2056,14.2056,4400
OIL,2024-07-10 03:23:00,14.2056,14.30425,14.2056,14.30425,2600
OIL,2024-07-10 03:24:00,14.2056,14.2056,14.2056,14.2056,6900
OIL,2024-07-10 03:25:00,14.2056,14.2056,14.2056,14.2056,24100
OIL,2024-07-10 03:26:00,14.2056,14.2056,14.2056,14.2056,22200
OIL,2024-07-10 03:27:00,14.2056,14.2056,14.2056,14.2056,200
OIL,2024-07-10 03:28:00,14.10695,14.10695,14.10695,14.10695,37400
OIL,2024-07-10 03:30:00,14.10695,14.10695,14.10695,14.10695,400
OIL,2024-07-10 03:31:00,14.2056,14.2056,14.2056,14.2056,53900
OIL,2024-07-10 03:32:00,14.2056,14.2056,14.2056,14.2056,2500
OIL,2024-07-10 03:33:00,14.2056,14.2056,14.2056,14.2056,26000
OIL,2024-07-10 03:34:00,14.2056,14.2056,14.2056,14.2056,4000
OIL,2024-07-10 03:36:00,14.10695,14.2056,14.10695,14.2056,3300
OIL,2024-07-10 03:37:00,14.2056,14.2056,14.2056,14.2056,200
OIL,2024-07-10 03:39:00,14.10695,14.10695,14.10695,14.10695,10700
OIL,2024-07-10 03:40:00,14.10695,14.10695,14.10695,14.10695,400
OIL,2024-07-10 03:42:00,14.10695,14.10695,14.10695,14.10695,12000
OIL,2024-07-10 03:44:00,14.10695,14.10695,14.10695,14.10695,300
OIL,2024-07-10 03:45:00,14.10695,14.10695,14.10695,14.10695,66300
OIL,2024-07-10 03:46:00,14.10695,14.10695,14.10695,14.10695,38700
OIL,2024-07-10 03:48:00,14.10695,14.10695,14.10695,14.10695,23500
OIL,2024-07-10 03:49:00,14.2056,14.2056,14.10695,14.10695,4200
OIL,2024-07-10 03:50:00,14.10695,14.10695,14.10695,14.10695,1000
OIL,2024-07-10 03:51:00,14.10695,14.10695,14.10695,14.10695,600
OIL,2024-07-10 03:52:00,14.10695,14.10695,14.10695,14.10695,42400
OIL,2024-07-10 03:53:00,14.10695,14.10695,14.10695,14.10695,100
OIL,2024-07-10 03:54:00,14.10695,14.10695,14.10695,14.10695,10000
OIL,2024-07-10 03:56:00,14.10695,14.10695,14.10695,14.10695,7800
OIL,2024-07-10 03:57:00,14.10695,14.10695,14.10695,14.10695,3500
OIL,2024-07-10 04:00:00,14.10695,14.10695,14.10695,14.10695,10000
OIL,2024-07-10 04:01:00,14.10695,14.10695,14.10695,14.10695,15500
OIL,2024-07-10 04:02:00,14.2056,14.2056,14.10695,14.2056,19600
OIL,2024-07-10 04:03:00,14.10695,14.10695,14.10695,14.10695,2300
OIL,2024-07-10 04:05:00,14.10695,14.10695,14.10695,14.10695,500
OIL,2024-07-10 04:06:00,14.10695,14.10695,14.10695,14.10695,15000
OIL,2024-07-10 04:08:00,14.10695,14.10695,14.10695,14.10695,1200
OIL,2024-07-10 04:09:00,14.2056,14.2056,14.2056,14.2056,1000
OIL,2024-07-10 04:10:00,14.2056,14.2056,14.2056,14.2056,60100
OIL,2024-07-10 04:11:00,14.2056,14.2056,14.2056,14.2056,300
OIL,2024-07-10 04:12:00,14.30425,14.30425,14.30425,14.30425,20000
OIL,2024-07-10 04:13:00,14.30425,14.4029,14.30425,14.4029,103100
OIL,2024-07-10 04:15:00,14.30425,14.30425,14.30425,14.30425,5600
OIL,2024-07-10 04:16:00,14.30425,14.30425,14.30425,14.30425,19900
OIL,2024-07-10 04:17:00,14.30425,14.30425,14.30425,14.30425,4200
OIL,2024-07-10 04:18:00,14.30425,14.30425,14.30425,14.30425,100
OIL,2024-07-10 04:19:00,14.30425,14.30425,14.30425,14.30425,1100
OIL,2024-07-10 04:20:00,14.30425,14.30425,14.30425,14.30425,2700
OIL,2024-07-10 04:21:00,14.30425,14.30425,14.30425,14.30425,5200
OIL,2024-07-10 04:22:00,14.2056,14.2056,14.2056,14.2056,400
OIL,2024-07-10 04:24:00,14.30425,14.30425,14.30425,14.30425,5000
OIL,2024-07-10 04:27:00,14.30425,14.30425,14.30425,14.30425,5000
OIL,2024-07-10 04:28:00,14.30425,14.30425,14.30425,14.30425,500
OIL,2024-07-10 06:00:00,14.30425,14.30425,14.2056,14.2056,39700
OIL,2024-07-10 06:03:00,14.2056,14.2056,14.2056,14.2056,38600
OIL,2024-07-10 06:04:00,14.2056,14.2056,14.2056,14.2056,11700
OIL,2024-07-10 06:05:00,14.2056,14.2056,14.2056,14.2056,22000
OIL,2024-07-10 06:06:00,14.2056,14.2056,14.2056,14.2056,30300
OIL,2024-07-10 06:07:00,14.2056,14.2056,14.2056,14.2056,19200
OIL,2024-07-10 06:08:00,14.2056,14.2056,14.2056,14.2056,5000
OIL,2024-07-10 06:09:00,14.2056,14.2056,14.2056,14.2056,35300
OIL,2024-07-10 06:10:00,14.2056,14.2056,14.2056,14.2056,1200
OIL,2024-07-10 06:11:00,14.2056,14.2056,14.10695,14.10695,11300
OIL,2024-07-10 06:12:00,14.10695,14.10695,14.10695,14.10695,6000
OIL,2024-07-10 06:13:00,14.10695,14.2056,14.10695,14.2056,139500
OIL,2024-07-10 06:14:00,14.2056,14.2056,14.2056,14.2056,11900
OIL,2024-07-10 06:15:00,14.2056,14.2056,14.2056,14.2056,11300
OIL,2024-07-10 06:16:00,14.2056,14.30425,14.2056,14.30425,3200
OIL,2024-07-10 06:18:00,14.30425,14.30425,14.2056,14.2056,16000
OIL,2024-07-10 06:19:00,14.2056,14.2056,14.2056,14.2056,7000
OIL,2024-07-10 06:20:00,14.2056,14.2056,14.2056,14.2056,200
OIL,2024-07-10 06:21:00,14.2056,14.2056,14.2056,14.2056,1400
OIL,2024-07-10 06:23:00,14.2056,14.2056,14.2056,14.2056,800
OIL,2024-07-10 06:24:00,14.2056,14.30425,14.2056,14.30425,24500
OIL,2024-07-10 06:25:00,14.30425,14.30425,14.30425,14.30425,4000
OIL,2024-07-10 06:26:00,14.2056,14.30425,14.2056,14.30425,48400
OIL,2024-07-10 06:27:00,14.30425,14.30425,14.30425,14.30425,22300
OIL,2024-07-10 06:28:00,14.30425,14.30425,14.30425,14.30425,12000
OIL,2024-07-10 06:29:00,14.30425,14.30425,14.30425,14.30425,1000
OIL,2024-07-10 06:30:00,14.30425,14.30425,14.30425,14.30425,47200
OIL,2024-07-10 06:31:00,14.30425,14.30425,14.30425,14.30425,53900
OIL,2024-07-10 06:32:00,14.2056,14.2056,14.10695,14.10695,11400
OIL,2024-07-10 06:33:00,14.10695,14.10695,14.10695,14.10695,59700
OIL,2024-07-10 06:34:00,14.10695,14.10695,14.10695,14.10695,5500
OIL,2024-07-10 06:35:00,14.0083,14.0083,14.0083,14.0083,14500
OIL,2024-07-10 06:36:00,14.0083,14.0083,14.0083,14.0083,7200
OIL,2024-07-10 06:37:00,14.0083,14.10695,14.0083,14.10695,69200
OIL,2024-07-10 06:38:00,14.10695,14.2056,14.10695,14.2056,50000
OIL,2024-07-10 06:39:00,14.2056,14.2056,14.2056,14.2056,8500
OIL,2024-07-10 06:40:00,14.2056,14.2056,14.2056,14.2056,2100
OIL,2024-07-10 06:41:00,14.2056,14.2056,14.2056,14.2056,6900
OIL,2024-07-10 06:42:00,14.2056,14.30425,14.2056,14.30425,41600
OIL,2024-07-10 06:43:00,14.30425,14.30425,14.30425,14.30425,82900
OIL,2024-07-10 06:45:00,14.30425,14.30425,14.30425,14.30425,20100
OIL,2024-07-10 06:46:00,14.2056,14.2056,14.2056,14.2056,8600
OIL,2024-07-10 06:47:00,14.2056,14.30425,14.2056,14.30425,55600
OIL,2024-07-10 06:48:00,14.2056,14.2056,14.2056,14.2056,2000
OIL,2024-07-10 06:49:00,14.2056,14.2056,14.2056,14.2056,40000
OIL,2024-07-10 06:50:00,14.2056,14.2056,14.2056,14.2056,400
OIL,2024-07-10 06:51:00,14.2056,14.2056,14.2056,14.2056,21600
OIL,2024-07-10 06:52:00,14.2056,14.2056,14.2056,14.2056,10400
OIL,2024-07-10 06:53:00,14.2056,14.2056,14.2056,14.2056,16600
OIL,2024-07-10 06:54:00,14.2056,14.2056,14.2056,14.2056,10500
OIL,2024-07-10 06:55:00,14.2056,14.2056,14.2056,14.2056,5300
OIL,2024-07-10 06:58:00,14.2056,14.2056,14.2056,14.2056,1000
OIL,2024-07-10 06:59:00,14.2056,14.2056,14.2056,14.2056,15300
OIL,2024-07-10 07:00:00,14.2056,14.2056,14.2056,14.2056,11000
OIL,2024-07-10 07:01:00,14.2056,14.30425,14.2056,14.30425,74900
OIL,2024-07-10 07:02:00,14.30425,14.4029,14.30425,14.4029,6200
OIL,2024-07-10 07:03:00,14.30425,14.4029,14.30425,14.4029,2600
OIL,2024-07-10 07:04:00,14.4029,14.4029,14.30425,14.30425,33200
OIL,2024-07-10 07:05:00,14.30425,14.30425,14.30425,14.30425,7100
OIL,2024-07-10 07:06:00,14.30425,14.30425,14.30425,14.30425,24500
OIL,2024-07-10 07:08:00,14.30425,14.30425,14.30425,14.30425,1000
OIL,2024-07-10 07:09:00,14.4029,14.4029,14.30425,14.30425,2100
OIL,2024-07-10 07:10:00,14.30425,14.30425,14.30425,14.30425,20500
OIL,2024-07-10 07:11:00,14.30425,14.30425,14.30425,14.30425,22300
OIL,2024-07-10 07:12:00,14.30425,14.30425,14.30425,14.30425,300
OIL,2024-07-10 07:13:00,14.30425,14.30425,14.30425,14.30425,1500
OIL,2024-07-10 07:14:00,14.2056,14.2056,14.2056,14.2056,8500
OIL,2024-07-10 07:15:00,14.2056,14.2056,14.10695,14.10695,33100
OIL,2024-07-10 07:16:00,14.2056,14.2056,14.10695,14.2056,111400
OIL,2024-07-10 07:17:00,14.2056,14.2056,14.2056,14.2056,300
OIL,2024-07-10 07:18:00,14.10695,14.2056,14.10695,14.2056,7000
OIL,2024-07-10 07:19:00,14.2056,14.2056,14.2056,14.2056,14400
OIL,2024-07-10 07:21:00,14.2056,14.2056,14.2056,14.2056,50200
OIL,2024-07-10 07:22:00,14.2056,14.2056,14.2056,14.2056,5500
OIL,2024-07-10 07:23:00,14.2056,14.2056,14.10695,14.10695,7100
OIL,2024-07-10 07:24:00,14.10695,14.2056,14.10695,14.2056,2200
OIL,2024-07-10 07:25:00,14.2056,14.2056,14.2056,14.2056,27600
OIL,2024-07-10 07:26:00,14.2056,14.2056,14.2056,14.2056,1000
OIL,2024-07-10 07:27:00,14.2056,14.2056,14.2056,14.2056,8000
OIL,2024-07-10 07:28:00,14.30425,14.30425,14.2056,14.2056,33000
OIL,2024-07-10 07:29:00,14.2056,14.2056,14.2056,14.2056,22000
OIL,2024-07-10 07:30:00,14.2056,14.2056,14.2056,14.2056,7000
OIL,2024-07-10 07:31:00,14.2056,14.2056,14.2056,14.2056,11000
OIL,2024-07-10 07:32:00,14.2056,14.2056,14.2056,14.2056,200
OIL,2024-07-10 07:33:00,14.2056,14.2056,14.2056,14.2056,8400
OIL,2024-07-10 07:34:00,14.2056,14.2056,14.2056,14.2056,1000
OIL,2024-07-10 07:36:00,14.2056,14.2056,14.2056,14.2056,1500
OIL,2024-07-10 07:37:00,14.2056,14.2056,14.2056,14.2056,200
OIL,2024-07-10 07:38:00,14.2056,14.2056,14.2056,14.2056,16100
OIL,2024-07-10 07:39:00,14.2056,14.2056,14.2056,14.2056,1400
OIL,2024-07-10 07:40:00,14.2056,14.2056,14.2056,14.2056,21000
OIL,2024-07-10 07:41:00,14.2056,14.2056,14.2056,14.2056,300
OIL,2024-07-10 07:42:00,14.2056,14.2056,14.2056,14.2056,5000
OIL,2024-07-10 07:43:00,14.2056,14.2056,14.2056,14.2056,300
OIL,2024-07-10 07:44:00,14.2056,14.2056,14.2056,14.2056,22900
OIL,2024-07-10 07:45:00,14.30425,14.30425,14.30425,14.30425,10100
OIL,2024-07-10 07:47:00,14.2056,14.2056,14.2056,14.2056,5000
OIL,2024-07-10 07:48:00,14.2056,14.2056,14.2056,14.2056,3000
OIL,2024-07-10 07:50:00,14.30425,14.30425,14.30425,14.30425,1000
OIL,2024-07-10 07:54:00,14.30425,14.30425,14.30425,14.30425,100
OIL,2024-07-10 07:57:00,14.30425,14.30425,14.30425,14.30425,3000
OIL,2024-07-10 07:58:00,14.30425,14.30425,14.30425,14.30425,200
OIL,2024-07-10 07:59:00,14.30425,14.30425,14.2056,14.30425,46300
OIL,2024-07-11 02:00:00,14.2056,14.2056,14.10695,14.10695,4100
OIL,2024-07-11 02:01:00,14.2056,14.2056,14.2056,14.2056,10000
OIL,2024-07-11 02:02:00,14.2056,14.30425,14.2056,14.30425,7200
OIL,2024-07-11 02:03:00,14.30425,14.30425,14.30425,14.30425,500
OIL,2024-07-11 02:04:00,14.4029,14.4029,14.4029,14.4029,1700
OIL,2024-07-11 02:05:00,14.50155,14.50155,14.50155,14.50155,2000
OIL,2024-07-11 02:06:00,14.50155,14.50155,14.50155,14.50155,6000
OIL,2024-07-11 02:07:00,14.50155,14.50155,14.50155,14.50155,1000
OIL,2024-07-11 02:08:00,14.4029,14.6002,14.4029,14.6002,7300
OIL,2024-07-11 02:10:00,14.6002,14.6002,14.50155,14.50155,23000
OIL,2024-07-11 02:11:00,14.50155,14.50155,14.50155,14.50155,1400
OIL,2024-07-11 02:12:00,14.50155,14.50155,14.4029,14.50155,1100
OIL,2024-07-11 02:13:00,14.4029,14.4029,14.4029,14.4029,1000
OIL,2024-07-11 02:14:00,14.4029,14.4029,14.4029,14.4029,2300
OIL,2024-07-11 02:15:00,14.4029,14.4029,14.4029,14.4029,200
OIL,2024-07-11 02:16:00,14.4029,14.4029,14.4029,14.4029,12400
OIL,2024-07-11 02:17:00,14.4029,14.50155,14.4029,14.50155,30100
OIL,2024-07-11 02:21:00,14.50155,14.50155,14.50155,14.50155,46400
OIL,2024-07-11 02:22:00,14.50155,14.50155,14.50155,14.50155,18600
OIL,2024-07-11 02:23:00,14.50155,14.50155,14.50155,14.50155,3000
OIL,2024-07-11 02:24:00,14.50155,14.50155,14.50155,14.50155,3900
OIL,2024-07-11 02:25:00,14.50155,14.50155,14.4029,14.4029,20700
OIL,2024-07-11 02:26:00,14.50155,14.50155,14.50155,14.50155,100
OIL,2024-07-11 02:27:00,14.4029,14.50155,14.4029,14.4029,40700
OIL,2024-07-11 02:28:00,14.50155,14.50155,14.50155,14.50155,100
OIL,2024-07-11 02:30:00,14.4029,14.4029,14.30425,14.30425,37200
OIL,2024-07-11 02:31:00,14.4029,14.4029,14.4029,14.4029,46400
OIL,2024-07-11 02:32:00,14.4029,14.4029,14.30425,14.30425,1200
OIL,2024-07-11 02:33:00,14.30425,14.30425,14.30425,14.30425,200
OIL,2024-07-11 02:34:00,14.4029,14.4029,14.4029,14.4029,400
OIL,2024-07-11 02:35:00,14.4029,14.4029,14.4029,14.4029,10500
OIL,2024-07-11 02:36:00,14.4029,14.4029,14.4029,14.4029,100
OIL,2024-07-11 02:37:00,14.4029,14.4029,14.4029,14.4029,700
OIL,2024-07-11 02:44:00,14.30425,14.30425,14.30425,14.30425,24000
OIL,2024-07-11 02:45:00,14.30425,14.30425,14.30425,14.30425,3000
OIL,2024-07-11 02:46:00,14.30425,14.30425,14.30425,14.30425,14300
OIL,2024-07-11 02:47:00,14.30425,14.30425,14.30425,14.30425,4700
OIL,2024-07-11 02:48:00,14.2056,14.2056,14.2056,14.2056,70300
OIL,2024-07-11 02:49:00,14.2056,14.30425,14.2056,14.30425,2200
OIL,2024-07-11 02:50:00,14.2056,14.2056,14.2056,14.2056,15500
OIL,2024-07-11 02:51:00,14.2056,14.2056,14.2056,14.2056,1300
OIL,2024-07-11 02:52:00,14.2056,14.2056,14.2056,14.2056,7000
OIL,2024-07-11 02:53:00,14.10695,14.10695,14.10695,14.10695,50100
OIL,2024-07-11 02:54:00,14.10695,14.10695,14.0083,14.0083,6300
OIL,2024-07-11 02:55:00,14.0083,14.0083,14.0083,14.0083,5400
OIL,2024-07-11 02:56:00,14.0083,14.0083,14.0083,14.0083,100
OIL,2024-07-11 02:57:00,14.0083,14.0083,14.0083,14.0083,2000
OIL,2024-07-11 02:58:00,14.10695,14.10695,14.10695,14.10695,13600
OIL,2024-07-11 02:59:00,14.10695,14.10695,14.10695,14.10695,12000
OIL,2024-07-11 03:00:00,14.10695,14.10695,14.10695,14.10695,200
OIL,2024-07-11 03:01:00,14.10695,14.10695,14.10695,14.10695,100
OIL,2024-07-11 03:03:00,14.10695,14.10695,14.10695,14.10695,400
OIL,2024-07-11 03:04:00,14.10695,14.10695,14.10695,14.10695,100
OIL,2024-07-11 03:06:00,14.2056,14.2056,14.2056,14.2056,3500
OIL,2024-07-11 03:07:00,14.2056,14.2056,14.2056,14.2056,5100
OIL,2024-07-11 03:08:00,14.2056,14.2056,14.2056,14.2056,100
OIL,2024-07-11 03:09:00,14.2056,14.2056,14.2056,14.2056,500
OIL,2024-07-11 03:10:00,14.2056,14.2056,14.2056,14.2056,4100
OIL,2024-07-11 03:11:00,14.2056,14.2056,14.2056,14.2056,56000
OIL,2024-07-11 03:13:00,14.2056,14.2056,14.2056,14.2056,100
OIL,2024-07-11 03:15:00,14.2056,14.2056,14.2056,14.2056,5000
OIL,2024-07-11 03:16:00,14.2056,14.2056,14.2056,14.2056,200
OIL,2024-07-11 03:18:00,14.2056,14.2056,14.2056,14.2056,1100
OIL,2024-07-11 03:19:00,14.2056,14.2056,14.2056,14.2056,11700
OIL,2024-07-11 03:20:00,14.2056,14.2056,14.2056,14.2056,300
OIL,2024-07-11 03:21:00,14.2056,14.2056,14.2056,14.2056,9200
OIL,2024-07-11 03:22:00,14.2056,14.2056,14.2056,14.2056,4500
OIL,2024-07-11 03:24:00,14.2056,14.2056,14.2056,14.2056,300
OIL,2024-07-11 03:25:00,14.10695,14.10695,14.10695,14.10695,100
OIL,2024-07-11 03:27:00,14.10695,14.10695,14.10695,14.10695,15200
OIL,2024-07-11 03:28:00,14.10695,14.10695,14.10695,14.10695,100
OIL,2024-07-11 03:33:00,14.10695,14.10695,14.10695,14.10695,100
OIL,2024-07-11 03:34:00,14.10695,14.10695,14.10695,14.10695,2000
OIL,2024-07-11 03:36:00,14.2056,14.2056,14.2056,14.2056,400
OIL,2024-07-11 03:38:00,14.2056,14.2056,14.10695,14.10695,2700
OIL,2024-07-11 03:40:00,14.2056,14.2056,14.2056,14.2056,11800
OIL,2024-07-11 03:41:00,14.2056,14.2056,14.2056,14.2056,100
OIL,2024-07-11 03:42:00,14.2056,14.2056,14.2056,14.2056,200
OIL,2024-07-11 03:43:00,14.2056,14.2056,14.2056,14.2056,11400
OIL,2024-07-11 03:46:00,14.2056,14.2056,14.2056,14.2056,300
OIL,2024-07-11 03:47:00,14.2056,14.2056,14.2056,14.2056,500
OIL,2024-07-11 03:49:00,14.10695,14.2056,14.10695,14.2056,10100
OIL,2024-07-11 03:50:00,14.10695,14.10695,14.10695,14.10695,2000
OIL,2024-07-11 03:51:00,14.2056,14.2056,14.2056,14.2056,200
OIL,2024-07-11 03:56:00,14.10695,14.10695,14.10695,14.10695,2000
OIL,2024-07-11 04:01:00,14.2056,14.2056,14.2056,14.2056,2000
OIL,2024-07-11 04:04:00,14.10695,14.10695,14.10695,14.10695,100
OIL,2024-07-11 04:06:00,14.10695,14.10695,14.10695,14.10695,6000
OIL,2024-07-11 04:07:00,14.10695,14.10695,14.10695,14.10695,400
OIL,2024-07-11 04:08:00,14.10695,14.10695,14.10695,14.10695,40000
OIL,2024-07-11 04:09:00,14.10695,14.10695,14.10695,14.10695,5500
OIL,2024-07-11 04:10:00,14.10695,14.10695,14.10695,14.10695,41000
OIL,2024-07-11 04:11:00,14.10695,14.10695,14.10695,14.10695,1100
OIL,2024-07-11 04:13:00,14.10695,14.10695,14.10695,14.10695,11000
OIL,2024-07-11 04:14:00,14.10695,14.10695,14.10695,14.10695,100
OIL,2024-07-11 04:15:00,14.10695,14.10695,14.10695,14.10695,1000
OIL,2024-07-11 04:16:00,14.10695,14.10695,14.10695,14.10695,200
OIL,2024-07-11 04:17:00,14.10695,14.10695,14.10695,14.10695,3000
OIL,2024-07-11 04:19:00,14.10695,14.10695,14.10695,14.10695,200
OIL,2024-07-11 04:20:00,14.10695,14.10695,14.10695,14.10695,1500
OIL,2024-07-11 04:21:00,14.10695,14.10695,14.0083,14.0083,10300
OIL,2024-07-11 04:22:00,14.0083,14.0083,14.0083,14.0083,28900
OIL,2024-07-11 04:23:00,14.0083,14.0083,14.0083,14.0083,10000
OIL,2024-07-11 04:24:00,14.0083,14.0083,14.0083,14.0083,28000
OIL,2024-07-11 04:25:00,14.0083,14.0083,14.0083,14.0083,18200
OIL,2024-07-11 04:27:00,14.0083,14.0083,14.0083,14.0083,21000
OIL,2024-07-11 04:28:00,14.0083,14.10695,14.0083,14.0083,34800
OIL,2024-07-11 04:29:00,14.0083,14.0083,14.0083,14.0083,5000
OIL,2024-07-11 06:00:00,14.0083,14.0083,14.0083,14.0083,2600
OIL,2024-07-11 06:01:00,13.90965,13.90965,13.90965,13.90965,100
OIL,2024-07-11 06:03:00,13.90965,14.0083,13.90965,14.0083,15100
OIL,2024-07-11 06:04:00,14.0083,14.0083,14.0083,14.0083,51700
OIL,2024-07-11 06:06:00,14.0083,14.0083,14.0083,14.0083,200
OIL,2024-07-11 06:07:00,14.0083,14.0083,14.0083,14.0083,300
OIL,2024-07-11 06:08:00,14.0083,14.10695,14.0083,14.10695,10200
OIL,2024-07-11 06:09:00,14.0083,14.10695,14.0083,14.10695,9600
OIL,2024-07-11 06:10:00,14.10695,14.10695,14.0083,14.0083,600
OIL,2024-07-11 06:13:00,14.0083,14.0083,14.0083,14.0083,2000
OIL,2024-07-11 06:14:00,14.0083,14.0083,14.0083,14.0083,16400
OIL,2024-07-11 06:15:00,14.0083,14.0083,14.0083,14.0083,41600
OIL,2024-07-11 06:16:00,14.0083,14.0083,14.0083,14.0083,10500
OIL,2024-07-11 06:17:00,14.0083,14.0083,14.0083,14.0083,11600
OIL,2024-07-11 06:18:00,14.0083,14.0083,14.0083,14.0083,2000
OIL,2024-07-11 06:19:00,14.0083,14.0083,14.0083,14.0083,13400
OIL,2024-07-11 06:20:00,14.0083,14.0083,13.90965,14.0083,2300
OIL,2024-07-11 06:21:00,14.0083,14.0083,14.0083,14.0083,3500
OIL,2024-07-11 06:22:00,14.0083,14.0083,14.0083,14.0083,1200
OIL,2024-07-11 06:23:00,14.0083,14.0083,14.0083,14.0083,800
OIL,2024-07-11 06:24:00,14.0083,14.0083,13.90965,13.90965,200
OIL,2024-07-11 06:25:00,13.90965,14.0083,13.90965,14.0083,1500
OIL,2024-07-11 06:26:00,14.0083,14.0083,14.0083,14.0083,1000
OIL,2024-07-11 06:27:00,14.0083,14.0083,14.0083,14.0083,1000
OIL,2024-07-11 06:28:00,14.0083,14.0083,14.0083,14.0083,10000
OIL,2024-07-11 06:29:00,14.0083,14.0083,14.0083,14.0083,1400
OIL,2024-07-11 06:31:00,14.0083,14.0083,14.0083,14.0083,1200
OIL,2024-07-11 06:32:00,14.0083,14.0083,14.0083,14.0083,800
OIL,2024-07-11 06:33:00,14.0083,14.10695,14.0083,14.10695,5300
OIL,2024-07-11 06:34:00,14.10695,14.10695,14.10695,14.10695,5500
OIL,2024-07-11 06:35:00,14.10695,14.10695,14.10695,14.10695,1000
OIL,2024-07-11 06:36:00,14.10695,14.10695,14.10695,14.10695,600
OIL,2024-07-11 06:37:00,14.2056,14.2056,14.2056,14.2056,200
OIL,2024-07-11 06:38:00,14.2056,14.2056,14.2056,14.2056,2000
OIL,2024-07-11 06:39:00,14.2056,14.2056,14.2056,14.2056,600
OIL,2024-07-11 06:40:00,14.10695,14.10695,14.10695,14.10695,1400
OIL,2024-07-11 06:41:00,14.10695,14.2056,14.10695,14.10695,3300
OIL,2024-07-11 06:42:00,14.2056,14.2056,14.2056,14.2056,200
OIL,2024-07-11 06:44:00,14.10695,14.10695,14.10695,14.10695,5200
OIL,2024-07-11 06:45:00,14.10695,14.2056,14.10695,14.10695,4000
OIL,2024-07-11 06:46:00,14.10695,14.10695,14.10695,14.10695,400
OIL,2024-07-11 06:47:00,14.10695,14.10695,14.10695,14.10695,3500
OIL,2024-07-11 06:48:00,14.10695,14.10695,14.10695,14.10695,1900
OIL,2024-07-11 06:50:00,14.10695,14.10695,14.10695,14.10695,2200
OIL,2024-07-11 06:51:00,14.10695,14.10695,14.10695,14.10695,20000
OIL,2024-07-11 06:52:00,14.10695,14.10695,14.10695,14.10695,500
OIL,2024-07-11 06:53:00,14.10695,14.10695,14.10695,14.10695,8100
OIL,2024-07-11 06:54:00,14.10695,14.10695,14.10695,14.10695,200
OIL,2024-07-11 06:55:00,14.10695,14.10695,14.10695,14.10695,900
OIL,2024-07-11 06:57:00,14.10695,14.10695,14.10695,14.10695,1100
OIL,2024-07-11 06:58:00,14.10695,14.10695,14.10695,14.10695,1000
OIL,2024-07-11 06:59:00,14.10695,14.10695,14.10695,14.10695,62300
OIL,2024-07-11 07:00:00,14.10695,14.10695,14.10695,14.10695,5800
OIL,2024-07-11 07:01:00,14.10695,14.10695,14.10695,14.10695,11000
OIL,2024-07-11 07:02:00,14.10695,14.10695,14.10695,14.10695,5400
OIL,2024-07-11 07:07:00,14.0083,14.0083,14.0083,14.0083,4000
OIL,2024-07-11 07:09:00,14.0083,14.10695,14.0083,14.10695,31000
OIL,2024-07-11 07:10:00,14.0083,14.0083,14.0083,14.0083,1100
OIL,2024-07-11 07:12:00,14.10695,14.10695,14.10695,14.10695,20000
OIL,2024-07-11 07:13:00,14.10695,14.10695,14.10695,14.10695,10600
OIL,2024-07-11 07:14:00,14.10695,14.10695,14.10695,14.10695,100
OIL,2024-07-11 07:15:00,14.10695,14.10695,14.10695,14.10695,10700
OIL,2024-07-11 07:16:00,14.10695,14.2056,14.10695,14.2056,31600
OIL,2024-07-11 07:18:00,14.2056,14.2056,14.2056,14.2056,93500
OIL,2024-07-11 07:19:00,14.30425,14.30425,14.2056,14.2056,13900
OIL,2024-07-11 07:20:00,14.2056,14.2056,14.10695,14.10695,18600
OIL,2024-07-11 07:21:00,14.2056,14.2056,14.2056,14.2056,400
OIL,2024-07-11 07:22:00,14.2056,14.2056,14.2056,14.2056,2800
OIL,2024-07-11 07:23:00,14.2056,14.2056,14.10695,14.2056,3700
OIL,2024-07-11 07:24:00,14.2056,14.2056,14.2056,14.2056,400
OIL,2024-07-11 07:25:00,14.2056,14.2056,14.10695,14.10695,10100
OIL,2024-07-11 07:26:00,14.10695,14.10695,14.10695,14.10695,65600
OIL,2024-07-11 07:27:00,14.10695,14.10695,14.10695,14.10695,3600
OIL,2024-07-11 07:28:00,14.10695,14.10695,14.10695,14.10695,20000
OIL,2024-07-11 07:29:00,14.10695,14.10695,14.10695,14.10695,2300
OIL,2024-07-11 07:30:00,14.10695,14.10695,14.10695,14.10695,13900
OIL,2024-07-11 07:31:00,14.10695,14.10695,14.10695,14.10695,13500
OIL,2024-07-11 07:32:00,14.10695,14.10695,14.10695,14.10695,500
OIL,2024-07-11 07:33:00,14.10695,14.10695,14.10695,14.10695,3200
OIL,2024-07-11 07:34:00,14.10695,14.10695,14.10695,14.10695,20200
OIL,2024-07-11 07:35:00,14.10695,14.10695,14.10695,14.10695,10700
OIL,2024-07-11 07:36:00,14.10695,14.10695,14.10695,14.10695,1000
OIL,2024-07-11 07:37:00,14.10695,14.10695,14.10695,14.10695,100
OIL,2024-07-11 07:38:00,14.10695,14.10695,14.10695,14.10695,2000
OIL,2024-07-11 07:39:00,14.10695,14.10695,14.10695,14.10695,1100
OIL,2024-07-11 07:40:00,14.10695,14.10695,14.10695,14.10695,9700
OIL,2024-07-11 07:41:00,14.10695,14.10695,14.10695,14.10695,200
OIL,2024-07-11 07:42:00,14.10695,14.10695,14.10695,14.10695,5500
OIL,2024-07-11 07:43:00,14.10695,14.10695,14.10695,14.10695,500
OIL,2024-07-11 07:44:00,14.10695,14.10695,14.10695,14.10695,2400
OIL,2024-07-11 07:46:00,14.10695,14.10695,14.10695,14.10695,300
OIL,2024-07-11 07:47:00,14.10695,14.10695,14.10695,14.10695,20700
OIL,2024-07-11 07:48:00,14.10695,14.10695,14.10695,14.10695,4500
OIL,2024-07-11 07:49:00,14.10695,14.10695,14.10695,14.10695,2000
OIL,2024-07-11 07:50:00,14.10695,14.10695,14.10695,14.10695,3400
OIL,2024-07-11 07:51:00,14.10695,14.10695,14.10695,14.10695,8200
OIL,2024-07-11 07:52:00,14.10695,14.10695,14.10695,14.10695,12200
OIL,2024-07-11 07:53:00,14.10695,14.10695,14.10695,14.10695,100
OIL,2024-07-11 07:54:00,14.10695,14.10695,14.10695,14.10695,14800
OIL,2024-07-11 07:56:00,14.10695,14.10695,14.10695,14.10695,10000
OIL,2024-07-11 07:57:00,14.10695,14.10695,14.10695,14.10695,1000
OIL,2024-07-11 07:58:00,14.10695,14.10695,14.10695,14.10695,500
OIL,2024-07-11 07:59:00,14.10695,14.2056,14.10695,14.2056,28700
OIL,2024-07-12 02:00:00,14.2056,14.4029,14.2056,14.4029,25100
OIL,2024-07-12 02:01:00,14.4029,14.4029,14.4029,14.4029,10700
OIL,2024-07-12 02:03:00,14.30425,14.30425,14.30425,14.30425,100
OIL,2024-07-12 02:04:00,14.30425,14.30425,14.30425,14.30425,1400
OIL,2024-07-12 02:05:00,14.2056,14.30425,14.2056,14.30425,1500
OIL,2024-07-12 02:08:00,14.30425,14.30425,14.30425,14.30425,400
OIL,2024-07-12 02:12:00,14.2056,14.2056,14.2056,14.2056,1400
OIL,2024-07-12 02:16:00,14.2056,14.2056,14.2056,14.2056,18500
OIL,2024-07-12 02:18:00,14.2056,14.2056,14.2056,14.2056,10100
OIL,2024-07-12 02:19:00,14.2056,14.2056,14.2056,14.2056,200
OIL,2024-07-12 02:20:00,14.2056,14.2056,14.2056,14.2056,3000
OIL,2024-07-12 02:21:00,14.2056,14.2056,14.2056,14.2056,200
OIL,2024-07-12 02:22:00,14.2056,14.2056,14.10695,14.10695,700
OIL,2024-07-12 02:23:00,14.10695,14.10695,14.10695,14.10695,35600
OIL,2024-07-12 02:25:00,14.10695,14.10695,14.10695,14.10695,3000
OIL,2024-07-12 02:26:00,14.10695,14.10695,14.10695,14.10695,300
OIL,2024-07-12 02:27:00,14.10695,14.10695,14.10695,14.10695,400
OIL,2024-07-12 02:28:00,14.10695,14.10695,14.10695,14.10695,1000
OIL,2024-07-12 02:29:00,14.10695,14.10695,14.10695,14.10695,1500
OIL,2024-07-12 02:30:00,14.10695,14.2056,14.10695,14.2056,10400
OIL,2024-07-12 02:33:00,14.2056,14.2056,14.2056,14.2056,100
OIL,2024-07-12 02:35:00,14.2056,14.2056,14.2056,14.2056,7000
OIL,2024-07-12 02:36:00,14.2056,14.2056,14.2056,14.2056,1000
OIL,2024-07-12 02:38:00,14.10695,14.10695,14.10695,14.10695,3300
OIL,2024-07-12 02:39:00,14.10695,14.10695,14.10695,14.10695,2300
OIL,2024-07-12 02:40:00,14.10695,14.10695,14.10695,14.10695,600
OIL,2024-07-12 02:41:00,14.10695,14.10695,14.10695,14.10695,20100
OIL,2024-07-12 02:42:00,14.10695,14.10695,14.10695,14.10695,4600
OIL,2024-07-12 02:44:00,14.2056,14.2056,14.2056,14.2056,3600
OIL,2024-07-12 02:46:00,14.2056,14.2056,14.2056,14.2056,5400
OIL,2024-07-12 02:47:00,14.2056,14.2056,14.2056,14.2056,11900
OIL,2024-07-12 02:48:00,14.2056,14.2056,14.2056,14.2056,2100
OIL,2024-07-12 02:52:00,14.2056,14.2056,14.2056,14.2056,1000
OIL,2024-07-12 02:53:00,14.2056,14.2056,14.2056,14.2056,1000
OIL,2024-07-12 02:55:00,14.2056,14.2056,14.2056,14.2056,1000
OIL,2024-07-12 02:56:00,14.2056,14.2056,14.2056,14.2056,200
OIL,2024-07-12 03:00:00,14.10695,14.10695,14.10695,14.10695,500
OIL,2024-07-12 03:01:00,14.10695,14.10695,14.10695,14.10695,4600
OIL,2024-07-12 03:02:00,14.10695,14.10695,14.10695,14.10695,19500
OIL,2024-07-12 03:04:00,14.2056,14.2056,14.2056,14.2056,500
OIL,2024-07-12 03:06:00,14.10695,14.10695,14.10695,14.10695,2000
OIL,2024-07-12 03:09:00,14.10695,14.10695,14.10695,14.10695,1000
OIL,2024-07-12 03:11:00,14.10695,14.10695,14.10695,14.10695,300
OIL,2024-07-12 03:12:00,14.2056,14.2056,14.2056,14.2056,1500
OIL,2024-07-12 03:17:00,14.10695,14.10695,14.10695,14.10695,1000
OIL,2024-07-12 03:18:00,14.10695,14.10695,14.10695,14.10695,800
OIL,2024-07-12 03:19:00,14.10695,14.10695,14.10695,14.10695,400
OIL,2024-07-12 03:22:00,14.10695,14.10695,14.10695,14.10695,23200
OIL,2024-07-12 03:23:00,14.10695,14.10695,14.10695,14.10695,1600
OIL,2024-07-12 03:24:00,14.10695,14.10695,14.10695,14.10695,500
OIL,2024-07-12 03:25:00,14.10695,14.10695,14.10695,14.10695,100
OIL,2024-07-12 03:30:00,14.0083,14.2056,14.0083,14.2056,15200
OIL,2024-07-12 03:31:00,14.2056,14.2056,14.2056,14.2056,45000
OIL,2024-07-12 03:32:00,14.2056,14.2056,14.2056,14.2056,800
OIL,2024-07-12 03:33:00,14.2056,14.2056,14.2056,14.2056,1200
OIL,2024-07-12 03:36:00,14.2056,14.2056,14.2056,14.2056,7500
OIL,2024-07-12 03:37:00,14.10695,14.10695,14.10695,14.10695,12900
OIL,2024-07-12 03:39:00,14.10695,14.10695,14.10695,14.10695,100
OIL,2024-07-12 03:48:00,14.10695,14.10695,14.10695,14.10695,1600
OIL,2024-07-12 03:50:00,14.10695,14.10695,14.10695,14.10695,1500
OIL,2024-07-12 03:52:00,14.2056,14.2056,14.2056,14.2056,52800
OIL,2024-07-12 03:53:00,14.2056,14.2056,14.2056,14.2056,4100
OIL,2024-07-12 03:54:00,14.2056,14.2056,14.2056,14.2056,3900
OIL,2024-07-12 03:55:00,14.2056,14.2056,14.2056,14.2056,100
OIL,2024-07-12 03:57:00,14.2056,14.2056,14.2056,14.2056,3400
OIL,2024-07-12 03:58:00,14.2056,14.2056,14.2056,14.2056,14200
OIL,2024-07-12 03:59:00,14.2056,14.2056,14.10695,14.10695,1400
OIL,2024-07-12 04:00:00,14.10695,14.10695,14.10695,14.10695,100
OIL,2024-07-12 04:02:00,14.10695,14.10695,14.10695,14.10695,34400
OIL,2024-07-12 04:03:00,14.2056,14.2056,14.2056,14.2056,500
OIL,2024-07-12 04:04:00,14.2056,14.2056,14.2056,14.2056,200
OIL,2024-07-12 04:13:00,14.10695,14.10695,14.10695,14.10695,10000
OIL,2024-07-12 04:14:00,14.10695,14.10695,14.10695,14.10695,17600
OIL,2024-07-12 04:15:00,14.10695,14.10695,14.10695,14.10695,2500
OIL,2024-07-12 04:19:00,14.10695,14.10695,14.10695,14.10695,100
OIL,2024-07-12 04:20:00,14.10695,14.10695,14.10695,14.10695,1500
OIL,2024-07-12 04:23:00,14.10695,14.10695,14.10695,14.10695,300
OIL,2024-07-12 04:25:00,14.10695,14.10695,14.10695,14.10695,6000
OIL,2024-07-12 04:27:00,14.10695,14.10695,14.10695,14.10695,500
OIL,2024-07-12 04:29:00,14.10695,14.10695,14.10695,14.10695,500
OIL,2024-07-12 06:00:00,14.10695,14.10695,14.10695,14.10695,38500
OIL,2024-07-12 06:01:00,14.0083,14.0083,14.0083,14.0083,19700
OIL,2024-07-12 06:02:00,14.0083,14.0083,14.0083,14.0083,7700
OIL,2024-07-12 06:03:00,14.0083,14.0083,14.0083,14.0083,200
OIL,2024-07-12 06:04:00,14.0083,14.10695,14.0083,14.0083,19200
OIL,2024-07-12 06:05:00,14.0083,14.0083,14.0083,14.0083,1200
OIL,2024-07-12 06:06:00,14.0083,14.0083,14.0083,14.0083,800
OIL,2024-07-12 06:07:00,14.0083,14.0083,14.0083,14.0083,100
OIL,2024-07-12 06:08:00,14.0083,14.0083,14.0083,14.0083,100
OIL,2024-07-12 06:09:00,14.10695,14.10695,14.10695,14.10695,1300
OIL,2024-07-12 06:10:00,14.10695,14.10695,14.10695,14.10695,5000
OIL,2024-07-12 06:11:00,14.10695,14.10695,14.10695,14.10695,46600
OIL,2024-07-12 06:13:00,14.10695,14.10695,14.10695,14.10695,5700
OIL,2024-07-12 06:14:00,14.10695,14.10695,14.10695,14.10695,5500
OIL,2024-07-12 06:15:00,14.10695,14.10695,14.10695,14.10695,5400
OIL,2024-07-12 06:16:00,14.2056,14.2056,14.10695,14.10695,2200
OIL,2024-07-12 06:17:00,14.10695,14.10695,14.10695,14.10695,100
OIL,2024-07-12 06:18:00,14.10695,14.10695,14.10695,14.10695,5000
OIL,2024-07-12 06:20:00,14.10695,14.10695,14.10695,14.10695,17600
OIL,2024-07-12 06:22:00,14.10695,14.10695,14.10695,14.10695,100
OIL,2024-07-12 06:23:00,14.10695,14.10695,14.10695,14.10695,1600
OIL,2024-07-12 06:25:00,14.10695,14.10695,14.0083,14.0083,700
OIL,2024-07-12 06:26:00,14.0083,14.0083,14.0083,14.0083,100
OIL,2024-07-12 06:27:00,14.0083,14.0083,14.0083,14.0083,1300
OIL,2024-07-12 06:28:00,14.10695,14.10695,14.0083,14.0083,5300
OIL,2024-07-12 06:29:00,14.10695,14.10695,14.10695,14.10695,600
OIL,2024-07-12 06:30:00,14.0083,14.0083,14.0083,14.0083,16200
OIL,2024-07-12 06:31:00,14.0083,14.0083,14.0083,14.0083,1400
OIL,2024-07-12 06:32:00,14.0083,14.0083,14.0083,14.0083,53500
OIL,2024-07-12 06:33:00,14.0083,14.0083,14.0083,14.0083,2600
OIL,2024-07-12 06:34:00,14.0083,14.0083,14.0083,14.0083,1300
OIL,2024-07-12 06:37:00,14.0083,14.0083,14.0083,14.0083,50000
OIL,2024-07-12 06:39:00,14.0083,14.0083,14.0083,14.0083,10000
OIL,2024-07-12 06:40:00,14.0083,14.0083,14.0083,14.0083,55400
OIL,2024-07-12 06:41:00,14.0083,14.0083,14.0083,14.0083,4500
OIL,2024-07-12 06:42:00,14.0083,14.0083,14.0083,14.0083,1600
OIL,2024-07-12 06:44:00,14.0083,14.0083,14.0083,14.0083,5000
OIL,2024-07-12 06:46:00,14.0083,14.0083,14.0083,14.0083,65900
OIL,2024-07-12 06:47:00,14.10695,14.10695,14.10695,14.10695,10000
OIL,2024-07-12 06:48:00,14.10695,14.10695,14.10695,14.10695,500
OIL,2024-07-12 06:49:00,14.10695,14.10695,14.10695,14.10695,10000
OIL,2024-07-12 06:50:00,14.10695,14.10695,14.10695,14.10695,61900
OIL,2024-07-12 06:51:00,14.10695,14.10695,14.10695,14.10695,500
OIL,2024-07-12 06:52:00,14.10695,14.10695,14.10695,14.10695,17700
OIL,2024-07-12 06:54:00,14.10695,14.10695,14.10695,14.10695,6900
OIL,2024-07-12 06:55:00,14.10695,14.10695,14.0083,14.0083,51000
OIL,2024-07-12 07:00:00,14.0083,14.0083,14.0083,14.0083,1300
OIL,2024-07-12 07:02:00,14.0083,14.0083,14.0083,14.0083,4000
OIL,2024-07-12 07:03:00,14.0083,14.0083,14.0083,14.0083,100
OIL,2024-07-12 07:05:00,14.10695,14.10695,14.10695,14.10695,47400
OIL,2024-07-12 07:06:00,14.10695,14.2056,14.10695,14.2056,300
OIL,2024-07-12 07:09:00,14.2056,14.2056,14.2056,14.2056,10000
OIL,2024-07-12 07:10:00,14.2056,14.2056,14.10695,14.10695,1200
OIL,2024-07-12 07:11:00,14.10695,14.10695,14.10695,14.10695,5200
OIL,2024-07-12 07:12:00,14.10695,14.10695,14.10695,14.10695,66600
OIL,2024-07-12 07:14:00,14.0083,14.0083,14.0083,14.0083,1100
OIL,2024-07-12 07:15:00,14.10695,14.10695,14.10695,14.10695,50900
OIL,2024-07-12 07:16:00,14.10695,14.10695,14.10695,14.10695,500
OIL,2024-07-12 07:17:00,14.10695,14.10695,14.10695,14.10695,400
OIL,2024-07-12 07:18:00,14.2056,14.2056,14.2056,14.2056,100
OIL,2024-07-12 07:19:00,14.10695,14.10695,14.10695,14.10695,6800
OIL,2024-07-12 07:20:00,14.10695,14.10695,14.10695,14.10695,22000
OIL,2024-07-12 07:21:00,14.10695,14.10695,14.10695,14.10695,10500
OIL,2024-07-12 07:22:00,14.10695,14.10695,14.10695,14.10695,41100
OIL,2024-07-12 07:23:00,14.10695,14.10695,14.10695,14.10695,5200
OIL,2024-07-12 07:24:00,14.0083,14.0083,14.0083,14.0083,2000
OIL,2024-07-12 07:25:00,14.0083,14.0083,14.0083,14.0083,33800
OIL,2024-07-12 07:26:00,14.0083,14.0083,14.0083,14.0083,23300
OIL,2024-07-12 07:27:00,14.0083,14.0083,14.0083,14.0083,1900
OIL,2024-07-12 07:28:00,14.0083,14.0083,14.0083,14.0083,200
OIL,2024-07-12 07:29:00,14.0083,14.0083,14.0083,14.0083,1000
OIL,2024-07-12 07:30:00,14.10695,14.10695,14.10695,14.10695,35800
OIL,2024-07-12 07:31:00,14.10695,14.10695,14.10695,14.10695,5700
OIL,2024-07-12 07:32:00,14.10695,14.10695,14.0083,14.0083,2300
OIL,2024-07-12 07:33:00,14.0083,14.0083,14.0083,14.0083,30200
OIL,2024-07-12 07:34:00,14.10695,14.10695,14.10695,14.10695,1700
OIL,2024-07-12 07:35:00,14.0083,14.0083,14.0083,14.0083,900
OIL,2024-07-12 07:36:00,14.10695,14.10695,14.10695,14.10695,43900
OIL,2024-07-12 07:37:00,14.2056,14.2056,14.2056,14.2056,200
OIL,2024-07-12 07:38:00,14.2056,14.2056,14.2056,14.2056,500
OIL,2024-07-12 07:40:00,14.2056,14.2056,14.2056,14.2056,100
OIL,2024-07-12 07:41:00,14.10695,14.10695,14.10695,14.10695,21000
OIL,2024-07-12 07:42:00,14.10695,14.2056,14.10695,14.2056,24600
OIL,2024-07-12 07:44:00,14.10695,14.10695,14.10695,14.10695,4500
OIL,2024-07-12 07:45:00,14.10695,14.2056,14.10695,14.2056,6700
OIL,2024-07-12 07:47:00,14.10695,14.10695,14.10695,14.10695,200
OIL,2024-07-12 07:48:00,14.10695,14.2056,14.10695,14.2056,100700
OIL,2024-07-12 07:49:00,14.2056,14.2056,14.2056,14.2056,106100
OIL,2024-07-12 07:50:00,14.30425,14.30425,14.2056,14.30425,1700
OIL,2024-07-12 07:51:00,14.30425,14.30425,14.30425,14.30425,2200
OIL,2024-07-12 07:52:00,14.30425,14.30425,14.30425,14.30425,15100
OIL,2024-07-12 07:53:00,14.2056,14.30425,14.2056,14.30425,2200
OIL,2024-07-12 07:54:00,14.2056,14.2056,14.2056,14.2056,2300
OIL,2024-07-12 07:55:00,14.2056,14.2056,14.2056,14.2056,3400
OIL,2024-07-12 07:56:00,14.30425,14.30425,14.30425,14.30425,700
OIL,2024-07-12 07:57:00,14.30425,14.30425,14.30425,14.30425,14600
OIL,2024-07-12 07:58:00,14.30425,14.30425,14.2056,14.30425,21700
OIL,2024-07-12 07:59:00,14.30425,14.30425,14.2056,14.2056,9800
OIL,2024-07-15 02:00:00,14.2056,14.30425,14.2056,14.30425,13300
OIL,2024-07-15 02:01:00,14.30425,14.30425,14.30425,14.30425,1200
OIL,2024-07-15 02:02:00,14.30425,14.30425,14.30425,14.30425,20100
OIL,2024-07-15 02:03:00,14.30425,14.30425,14.30425,14.30425,19100
OIL,2024-07-15 02:04:00,14.30425,14.30425,14.30425,14.30425,500
OIL,2024-07-15 02:05:00,14.4029,14.50155,14.4029,14.50155,61400
OIL,2024-07-15 02:06:00,14.50155,14.50155,14.50155,14.50155,55000
OIL,2024-07-15 02:07:00,14.6002,14.89615,14.6002,14.7975,165300
OIL,2024-07-15 02:08:00,14.89615,14.89615,14.6002,14.6002,100300
OIL,2024-07-15 02:09:00,14.69885,14.69885,14.50155,14.50155,102000
OIL,2024-07-15 02:10:00,14.6002,14.7975,14.6002,14.7975,64900
OIL,2024-07-15 02:11:00,14.69885,14.69885,14.69885,14.69885,36100
OIL,2024-07-15 02:12:00,14.69885,14.69885,14.69885,14.69885,48000
OIL,2024-07-15 02:13:00,14.69885,14.69885,14.69885,14.69885,4600
OIL,2024-07-15 02:14:00,14.69885,14.69885,14.69885,14.69885,7200
OIL,2024-07-15 02:15:00,14.69885,14.69885,14.6002,14.69885,14000
OIL,2024-07-15 02:16:00,14.69885,14.69885,14.69885,14.69885,47800
OIL,2024-07-15 02:17:00,14.69885,14.69885,14.69885,14.69885,20000
OIL,2024-07-15 02:18:00,14.69885,14.69885,14.69885,14.69885,27900
OIL,2024-07-15 02:19:00,14.69885,14.69885,14.69885,14.69885,1300
OIL,2024-07-15 02:20:00,14.69885,14.69885,14.69885,14.69885,29900
OIL,2024-07-15 02:21:00,14.69885,14.69885,14.69885,14.69885,63900
OIL,2024-07-15 02:22:00,14.69885,14.69885,14.69885,14.69885,18600
OIL,2024-07-15 02:23:00,14.69885,14.7975,14.69885,14.69885,23000
OIL,2024-07-15 02:24:00,14.69885,14.69885,14.69885,14.69885,53000
OIL,2024-07-15 02:25:00,14.69885,14.69885,14.69885,14.69885,16900
OIL,2024-07-15 02:26:00,14.69885,14.69885,14.6002,14.6002,800
OIL,2024-07-15 02:27:00,14.69885,14.69885,14.6002,14.69885,28900
OIL,2024-07-15 02:28:00,14.6002,14.6002,14.6002,14.6002,24900
OIL,2024-07-15 02:29:00,14.6002,14.6002,14.6002,14.6002,67900
OIL,2024-07-15 02:30:00,14.6002,14.6002,14.6002,14.6002,11700
OIL,2024-07-15 02:31:00,14.6002,14.6002,14.6002,14.6002,24300
OIL,2024-07-15 02:32:00,14.6002,14.69885,14.6002,14.69885,17800
OIL,2024-07-15 02:33:00,14.6002,14.6002,14.6002,14.6002,1600
OIL,2024-07-15 02:34:00,14.6002,14.6002,14.6002,14.6002,100
OIL,2024-07-15 02:36:00,14.6002,14.69885,14.6002,14.69885,4500
OIL,2024-07-15 02:37:00,14.69885,14.69885,14.69885,14.69885,122200
OIL,2024-07-15 02:38:00,14.7975,14.7975,14.7975,14.7975,11700
OIL,2024-07-15 02:39:00,14.7975,14.7975,14.69885,14.69885,7500
OIL,2024-07-15 02:40:00,14.69885,14.69885,14.69885,14.69885,6500
OIL,2024-07-15 02:41:00,14.69885,14.7975,14.69885,14.7975,16900
OIL,2024-07-15 02:42:00,14.7975,14.7975,14.69885,14.69885,28700
OIL,2024-07-15 02:43:00,14.7975,14.7975,14.69885,14.7975,7400
OIL,2024-07-15 02:44:00,14.7975,14.7975,14.7975,14.7975,3600
OIL,2024-07-15 02:45:00,14.7975,14.7975,14.69885,14.69885,19900
OIL,2024-07-15 02:46:00,14.7975,14.7975,14.69885,14.69885,10500
OIL,2024-07-15 02:47:00,14.69885,14.7975,14.69885,14.69885,11200
OIL,2024-07-15 02:48:00,14.69885,14.69885,14.69885,14.69885,52300
OIL,2024-07-15 02:49:00,14.69885,14.69885,14.69885,14.69885,2700
OIL,2024-07-15 02:50:00,14.69885,14.69885,14.69885,14.69885,31600
OIL,2024-07-15 02:51:00,14.69885,14.69885,14.69885,14.69885,16100
OIL,2024-07-15 02:52:00,14.69885,14.69885,14.69885,14.69885,17800
OIL,2024-07-15 02:53:00,14.69885,14.69885,14.69885,14.69885,32100
OIL,2024-07-15 02:54:00,14.69885,14.69885,14.69885,14.69885,11400
OIL,2024-07-15 02:55:00,14.69885,14.69885,14.69885,14.69885,2100
OIL,2024-07-15 02:56:00,14.69885,14.69885,14.69885,14.69885,15100
OIL,2024-07-15 02:57:00,14.69885,14.69885,14.69885,14.69885,4400
OIL,2024-07-15 02:58:00,14.69885,14.69885,14.69885,14.69885,9200
OIL,2024-07-15 02:59:00,14.69885,14.69885,14.69885,14.69885,1500
OIL,2024-07-15 03:00:00,14.69885,14.69885,14.69885,14.69885,4300
OIL,2024-07-15 03:01:00,14.69885,14.69885,14.69885,14.69885,1000
OIL,2024-07-15 03:02:00,14.69885,14.69885,14.69885,14.69885,700
OIL,2024-07-15 03:03:00,14.69885,14.69885,14.69885,14.69885,35800
OIL,2024-07-15 03:04:00,14.6002,14.6002,14.6002,14.6002,50000
OIL,2024-07-15 03:06:00,14.6002,14.6002,14.6002,14.6002,300
OIL,2024-07-15 03:08:00,14.69885,14.69885,14.69885,14.69885,3100
OIL,2024-07-15 03:09:00,14.69885,14.69885,14.69885,14.69885,1600
OIL,2024-07-15 03:10:00,14.69885,14.69885,14.69885,14.69885,36800
OIL,2024-07-15 03:11:00,14.69885,14.69885,14.69885,14.69885,13500
OIL,2024-07-15 03:12:00,14.69885,14.69885,14.69885,14.69885,11800
OIL,2024-07-15 03:13:00,14.69885,14.69885,14.69885,14.69885,900
OIL,2024-07-15 03:14:00,14.69885,14.69885,14.69885,14.69885,500
OIL,2024-07-15 03:15:00,14.69885,14.69885,14.69885,14.69885,10000
OIL,2024-07-15 03:17:00,14.6002,14.6002,14.6002,14.6002,10000
OIL,2024-07-15 03:19:00,14.69885,14.69885,14.69885,14.69885,1000
OIL,2024-07-15 03:20:00,14.69885,14.69885,14.69885,14.69885,1300
OIL,2024-07-15 03:21:00,14.69885,14.69885,14.69885,14.69885,44200
OIL,2024-07-15 03:22:00,14.69885,14.69885,14.69885,14.69885,100
OIL,2024-07-15 03:25:00,14.69885,14.69885,14.69885,14.69885,300
OIL,2024-07-15 03:26:00,14.6002,14.6002,14.6002,14.6002,1500
OIL,2024-07-15 03:27:00,14.6002,14.69885,14.6002,14.6002,8600
OIL,2024-07-15 03:28:00,14.6002,14.6002,14.6002,14.6002,1000
OIL,2024-07-15 03:30:00,14.69885,14.69885,14.69885,14.69885,2600
OIL,2024-07-15 03:31:00,14.69885,14.69885,14.6002,14.6002,800
OIL,2024-07-15 03:32:00,14.6002,14.6002,14.6002,14.6002,100
OIL,2024-07-15 03:34:00,14.6002,14.69885,14.6002,14.69885,700
OIL,2024-07-15 03:36:00,14.6002,14.6002,14.6002,14.6002,12000
OIL,2024-07-15 03:37:00,14.6002,14.6002,14.6002,14.6002,500
OIL,2024-07-15 03:38:00,14.6002,14.6002,14.6002,14.6002,11300
OIL,2024-07-15 03:40:00,14.6002,14.6002,14.6002,14.6002,5300
OIL,2024-07-15 03:41:00,14.6002,14.6002,14.6002,14.6002,5700
OIL,2024-07-15 03:42:00,14.6002,14.6002,14.6002,14.6002,5000
OIL,2024-07-15 03:43:00,14.6002,14.6002,14.6002,14.6002,6000
OIL,2024-07-15 03:44:00,14.6002,14.6002,14.6002,14.6002,3100
OIL,2024-07-15 03:45:00,14.6002,14.69885,14.6002,14.69885,4700
OIL,2024-07-15 03:47:00,14.6002,14.6002,14.6002,14.6002,2800
OIL,2024-07-15 03:48:00,14.6002,14.6002,14.6002,14.6002,500
OIL,2024-07-15 03:49:00,14.6002,14.69885,14.6002,14.69885,3100
OIL,2024-07-15 03:50:00,14.6002,14.69885,14.6002,14.69885,19600
OIL,2024-07-15 03:51:00,14.69885,14.69885,14.6002,14.6002,5300
OIL,2024-07-15 03:52:00,14.6002,14.6002,14.6002,14.6002,1000
OIL,2024-07-15 03:54:00,14.6002,14.6002,14.6002,14.6002,700
OIL,2024-07-15 03:59:00,14.6002,14.6002,14.6002,14.6002,5000
OIL,2024-07-15 04:00:00,14.6002,14.6002,14.6002,14.6002,30000
OIL,2024-07-15 04:01:00,14.6002,14.6002,14.6002,14.6002,10400
OIL,2024-07-15 04:02:00,14.6002,14.6002,14.6002,14.6002,10500
OIL,2024-07-15 04:03:00,14.6002,14.6002,14.6002,14.6002,61500
OIL,2024-07-15 04:04:00,14.6002,14.6002,14.6002,14.6002,43900
OIL,2024-07-15 04:05:00,14.6002,14.6002,14.50155,14.50155,85900
OIL,2024-07-15 04:06:00,14.50155,14.50155,14.50155,14.50155,30000
OIL,2024-07-15 04:07:00,14.6002,14.6002,14.6002,14.6002,5000
OIL,2024-07-15 04:09:00,14.6002,14.6002,14.6002,14.6002,1100
OIL,2024-07-15 04:10:00,14.6002,14.6002,14.6002,14.6002,200
OIL,2024-07-15 04:12:00,14.6002,14.6002,14.6002,14.6002,2000
OIL,2024-07-15 04:13:00,14.50155,14.50155,14.50155,14.50155,5000
OIL,2024-07-15 04:16:00,14.50155,14.50155,14.50155,14.50155,5300
OIL,2024-07-15 04:17:00,14.50155,14.6002,14.50155,14.6002,700
OIL,2024-07-15 04:18:00,14.50155,14.50155,14.50155,14.50155,15000
OIL,2024-07-15 04:20:00,14.50155,14.50155,14.50155,14.50155,1500
OIL,2024-07-15 04:22:00,14.6002,14.6002,14.6002,14.6002,24600
OIL,2024-07-15 04:24:00,14.6002,14.6002,14.6002,14.6002,2000
OIL,2024-07-15 04:26:00,14.6002,14.6002,14.6002,14.6002,100
OIL,2024-07-15 04:28:00,14.6002,14.6002,14.6002,14.6002,600
OIL,2024-07-15 04:29:00,14.6002,14.6002,14.6002,14.6002,6000
OIL,2024-07-15 06:00:00,14.6002,14.6002,14.50155,14.6002,73400
OIL,2024-07-15 06:01:00,14.6002,14.6002,14.6002,14.6002,2600
OIL,2024-07-15 06:02:00,14.6002,14.6002,14.6002,14.6002,1900
OIL,2024-07-15 06:03:00,14.6002,14.6002,14.6002,14.6002,100
OIL,2024-07-15 06:04:00,14.6002,14.6002,14.6002,14.6002,100
OIL,2024-07-15 06:06:00,14.6002,14.6002,14.6002,14.6002,100
OIL,2024-07-15 06:07:00,14.6002,14.6002,14.6002,14.6002,3500
OIL,2024-07-15 06:08:00,14.50155,14.50155,14.50155,14.50155,1000
OIL,2024-07-15 06:09:00,14.6002,14.69885,14.6002,14.6002,35400
OIL,2024-07-15 06:10:00,14.6002,14.6002,14.6002,14.6002,11800
OIL,2024-07-15 06:11:00,14.6002,14.6002,14.6002,14.6002,6900
OIL,2024-07-15 06:12:00,14.6002,14.6002,14.6002,14.6002,100
OIL,2024-07-15 06:13:00,14.6002,14.6002,14.6002,14.6002,2000
OIL,2024-07-15 06:14:00,14.6002,14.69885,14.6002,14.6002,12700
OIL,2024-07-15 06:15:00,14.6002,14.6002,14.6002,14.6002,20800
OIL,2024-07-15 06:16:00,14.6002,14.6002,14.6002,14.6002,4700
OIL,2024-07-15 06:17:00,14.69885,14.69885,14.69885,14.69885,1100
OIL,2024-07-15 06:18:00,14.69885,14.69885,14.69885,14.69885,400
OIL,2024-07-15 06:20:00,14.69885,14.69885,14.6002,14.6002,2400
OIL,2024-07-15 06:21:00,14.6002,14.6002,14.6002,14.6002,1100
OIL,2024-07-15 06:22:00,14.6002,14.6002,14.6002,14.6002,1100
OIL,2024-07-15 06:24:00,14.69885,14.69885,14.69885,14.69885,1300
OIL,2024-07-15 06:25:00,14.6002,14.6002,14.6002,14.6002,10700
OIL,2024-07-15 06:26:00,14.6002,14.69885,14.6002,14.6002,9900
OIL,2024-07-15 06:27:00,14.6002,14.6002,14.6002,14.6002,6000
OIL,2024-07-15 06:28:00,14.6002,14.6002,14.6002,14.6002,2000
OIL,2024-07-15 06:30:00,14.69885,14.69885,14.6002,14.69885,3600
OIL,2024-07-15 06:31:00,14.69885,14.69885,14.69885,14.69885,5000
OIL,2024-07-15 06:32:00,14.69885,14.69885,14.69885,14.69885,900
OIL,2024-07-15 06:33:00,14.69885,14.69885,14.69885,14.69885,1500
OIL,2024-07-15 06:34:00,14.6002,14.69885,14.6002,14.69885,153300
OIL,2024-07-15 06:35:00,14.69885,14.69885,14.69885,14.69885,14400
OIL,2024-07-15 06:36:00,14.69885,14.69885,14.69885,14.69885,8300
OIL,2024-07-15 06:37:00,14.69885,14.69885,14.69885,14.69885,11800
OIL,2024-07-15 06:38:00,14.69885,14.69885,14.69885,14.69885,20700
OIL,2024-07-15 06:39:00,14.69885,14.7975,14.69885,14.7975,2400
OIL,2024-07-15 06:41:00,14.69885,14.7975,14.69885,14.69885,13100
OIL,2024-07-15 06:42:00,14.69885,14.69885,14.69885,14.69885,12000
OIL,2024-07-15 06:43:00,14.69885,14.69885,14.69885,14.69885,7200
OIL,2024-07-15 06:44:00,14.69885,14.69885,14.69885,14.69885,2000
OIL,2024-07-15 06:45:00,14.69885,14.69885,14.69885,14.69885,200
OIL,2024-07-15 06:46:00,14.69885,14.69885,14.6002,14.6002,3400
OIL,2024-07-15 06:47:00,14.69885,14.7975,14.69885,14.7975,47800
OIL,2024-07-15 06:48:00,14.7975,14.7975,14.69885,14.7975,9500
OIL,2024-07-15 06:49:00,14.7975,14.7975,14.69885,14.7975,12000
OIL,2024-07-15 06:50:00,14.69885,14.69885,14.69885,14.69885,12200
OIL,2024-07-15 06:51:00,14.69885,14.69885,14.69885,14.69885,21500
OIL,2024-07-15 06:53:00,14.69885,14.69885,14.69885,14.69885,3500
OIL,2024-07-15 06:54:00,14.69885,14.69885,14.69885,14.69885,3600
OIL,2024-07-15 06:55:00,14.69885,14.69885,14.69885,14.69885,11200
OIL,2024-07-15 06:56:00,14.69885,14.69885,14.69885,14.69885,1000
OIL,2024-07-15 06:57:00,14.69885,14.7975,14.69885,14.69885,3800
OIL,2024-07-15 06:58:00,14.7975,14.7975,14.7975,14.7975,1500
OIL,2024-07-15 07:00:00,14.7975,14.7975,14.7975,14.7975,1000
OIL,2024-07-15 07:01:00,14.69885,14.69885,14.69885,14.69885,900
OIL,2024-07-15 07:02:00,14.69885,14.69885,14.69885,14.69885,900
OIL,2024-07-15 07:03:00,14.69885,14.7975,14.69885,14.7975,18100
OIL,2024-07-15 07:04:00,14.7975,14.7975,14.7975,14.7975,11100
OIL,2024-07-15 07:05:00,14.7975,14.7975,14.7975,14.7975,5000
OIL,2024-07-15 07:06:00,14.7975,14.7975,14.69885,14.69885,7400
OIL,2024-07-15 07:07:00,14.69885,14.69885,14.69885,14.69885,10300
OIL,2024-07-15 07:08:00,14.69885,14.7975,14.69885,14.7975,24900
OIL,2024-07-15 07:10:00,14.7975,14.7975,14.69885,14.69885,18800
OIL,2024-07-15 07:11:00,14.69885,14.69885,14.69885,14.69885,34200
OIL,2024-07-15 07:12:00,14.69885,14.7975,14.69885,14.69885,8900
OIL,2024-07-15 07:13:00,14.69885,14.69885,14.69885,14.69885,80000
OIL,2024-07-15 07:15:00,14.69885,14.69885,14.69885,14.69885,54000
OIL,2024-07-15 07:16:00,14.69885,14.69885,14.69885,14.69885,23900
OIL,2024-07-15 07:17:00,14.69885,14.7975,14.69885,14.7975,331500
OIL,2024-07-15 07:18:00,14.7975,14.7975,14.7975,14.7975,100900
OIL,2024-07-15 07:19:00,14.7975,14.89615,14.7975,14.7975,13800
OIL,2024-07-15 07:20:00,14.7975,14.7975,14.7975,14.7975,4800
OIL,2024-07-15 07:21:00,14.7975,14.7975,14.7975,14.7975,87400
OIL,2024-07-15 07:22:00,14.7975,14.7975,14.7975,14.7975,16400
OIL,2024-07-15 07:24:00,14.69885,14.69885,14.69885,14.69885,6100
OIL,2024-07-15 07:25:00,14.69885,14.7975,14.69885,14.69885,1900
OIL,2024-07-15 07:26:00,14.7975,14.7975,14.7975,14.7975,13600
OIL,2024-07-15 07:27:00,14.7975,14.7975,14.7975,14.7975,73000
OIL,2024-07-15 07:28:00,14.7975,14.7975,14.7975,14.7975,74100
OIL,2024-07-15 07:29:00,14.7975,14.7975,14.7975,14.7975,19900
OIL,2024-07-15 07:30:00,14.7975,14.7975,14.7975,14.7975,2100
OIL,2024-07-15 07:31:00,14.89615,14.89615,14.7975,14.7975,16000
OIL,2024-07-15 07:32:00,14.7975,14.7975,14.7975,14.7975,7500
OIL,2024-07-15 07:33:00,14.7975,14.7975,14.7975,14.7975,1300
OIL,2024-07-15 07:34:00,14.7975,14.7975,14.7975,14.7975,13900
OIL,2024-07-15 07:35:00,14.7975,14.7975,14.7975,14.7975,9300
OIL,2024-07-15 07:36:00,14.69885,14.69885,14.69885,14.69885,500
OIL,2024-07-15 07:37:00,14.69885,14.69885,14.69885,14.69885,100
OIL,2024-07-15 07:39:00,14.7975,14.7975,14.7975,14.7975,2000
OIL,2024-07-15 07:40:00,14.69885,14.69885,14.69885,14.69885,54800
OIL,2024-07-15 07:41:00,14.69885,14.69885,14.69885,14.69885,1000
OIL,2024-07-15 07:42:00,14.7975,14.7975,14.7975,14.7975,1200
OIL,2024-07-15 07:44:00,14.7975,14.7975,14.7975,14.7975,3500
OIL,2024-07-15 07:45:00,14.7975,14.7975,14.7975,14.7975,300
OIL,2024-07-15 07:46:00,14.7975,14.7975,14.7975,14.7975,700
OIL,2024-07-15 07:47:00,14.7975,14.7975,14.7975,14.7975,55100
OIL,2024-07-15 07:48:00,14.7975,14.7975,14.7975,14.7975,21800
OIL,2024-07-15 07:49:00,14.89615,14.89615,14.7975,14.7975,16000
OIL,2024-07-15 07:50:00,14.7975,14.7975,14.7975,14.7975,7100
OIL,2024-07-15 07:51:00,14.7975,14.7975,14.7975,14.7975,5000
OIL,2024-07-15 07:52:00,14.7975,14.89615,14.7975,14.89615,2100
OIL,2024-07-15 07:53:00,14.89615,14.89615,14.89615,14.89615,2500
OIL,2024-07-15 07:54:00,14.89615,14.89615,14.7975,14.7975,10300
OIL,2024-07-15 07:55:00,14.7975,14.7975,14.7975,14.7975,300
OIL,2024-07-15 07:56:00,14.7975,14.7975,14.7975,14.7975,100
OIL,2024-07-15 07:57:00,14.7975,14.7975,14.7975,14.7975,3000
OIL,2024-07-15 07:58:00,14.7975,14.7975,14.7975,14.7975,14300
OIL,2024-07-15 07:59:00,14.7975,14.89615,14.7975,14.89615,1000
OIL,2024-07-16 02:00:00,14.89615,14.9948,14.89615,14.89615,1100
OIL,2024-07-16 02:02:00,14.9948,14.9948,14.9948,14.9948,4600
OIL,2024-07-16 02:03:00,15.09345,15.1921,15.09345,15.1921,16200
OIL,2024-07-16 02:04:00,15.1921,15.1921,15.09345,15.09345,32500
OIL,2024-07-16 02:05:00,15.09345,15.1921,15.09345,15.09345,11800
OIL,2024-07-16 02:06:00,15.09345,15.09345,14.9948,14.9948,12500
OIL,2024-07-16 02:07:00,15.09345,15.09345,14.9948,15.09345,1000
OIL,2024-07-16 02:08:00,15.09345,15.09345,14.9948,15.09345,5200
OIL,2024-07-16 02:09:00,14.9948,14.9948,14.9948,14.9948,100
OIL,2024-07-16 02:10:00,14.9948,14.9948,14.9948,14.9948,100
OIL,2024-07-16 02:12:00,14.9948,15.09345,14.9948,15.09345,6000
OIL,2024-07-16 02:14:00,15.09345,15.09345,14.9948,14.9948,27700
OIL,2024-07-16 02:15:00,15.09345,15.09345,14.9948,14.9948,14400
OIL,2024-07-16 02:16:00,14.9948,15.09345,14.9948,15.09345,600
OIL,2024-07-16 02:17:00,14.9948,14.9948,14.9948,14.9948,20100
OIL,2024-07-16 02:18:00,15.09345,15.09345,15.09345,15.09345,1800
OIL,2024-07-16 02:19:00,15.09345,15.09345,15.09345,15.09345,51500
OIL,2024-07-16 02:20:00,15.09345,15.09345,15.09345,15.09345,12200
OIL,2024-07-16 02:21:00,15.09345,15.09345,15.09345,15.09345,20200
OIL,2024-07-16 02:22:00,15.09345,15.1921,15.09345,15.1921,7500
OIL,2024-07-16 02:23:00,15.1921,15.1921,15.09345,15.09345,3700
OIL,2024-07-16 02:24:00,15.1921,15.1921,15.09345,15.09345,5100
OIL,2024-07-16 02:25:00,15.09345,15.09345,15.09345,15.09345,48000
OIL,2024-07-16 02:26:00,15.09345,15.09345,15.09345,15.09345,30000
OIL,2024-07-16 02:27:00,15.09345,15.09345,14.9948,14.9948,33200
OIL,2024-07-16 02:28:00,14.9948,14.9948,14.9948,14.9948,1700
OIL,2024-07-16 02:29:00,14.9948,14.9948,14.9948,14.9948,1500
OIL,2024-07-16 02:30:00,14.9948,14.9948,14.9948,14.9948,15300
OIL,2024-07-16 02:31:00,14.9948,14.9948,14.9948,14.9948,1200
OIL,2024-07-16 02:32:00,14.9948,14.9948,14.9948,14.9948,10000
OIL,2024-07-16 02:33:00,14.9948,14.9948,14.9948,14.9948,500
OIL,2024-07-16 02:34:00,14.9948,14.9948,14.9948,14.9948,300
OIL,2024-07-16 02:35:00,14.9948,15.09345,14.9948,15.09345,200
OIL,2024-07-16 02:36:00,15.09345,15.09345,14.9948,14.9948,1100
OIL,2024-07-16 02:38:00,14.9948,14.9948,14.9948,14.9948,500
OIL,2024-07-16 02:39:00,15.09345,15.09345,15.09345,15.09345,1000
OIL,2024-07-16 02:40:00,15.09345,15.09345,14.9948,14.9948,5200
OIL,2024-07-16 02:41:00,15.09345,15.09345,15.09345,15.09345,14800
OIL,2024-07-16 02:42:00,15.09345,15.1921,15.09345,15.1921,63300
OIL,2024-07-16 02:43:00,15.09345,15.1921,15.09345,15.1921,163900
OIL,2024-07-16 02:44:00,15.1921,15.1921,15.1921,15.1921,10100
OIL,2024-07-16 02:45:00,15.29075,15.29075,15.29075,15.29075,51400
OIL,2024-07-16 02:46:00,15.29075,15.29075,15.29075,15.29075,54200
OIL,2024-07-16 02:47:00,15.29075,15.29075,15.29075,15.29075,126400
OIL,2024-07-16 02:48:00,15.29075,15.3894,15.29075,15.3894,65500
OIL,2024-07-16 02:49:00,15.3894,15.48805,15.3894,15.48805,121500
OIL,2024-07-16 02:50:00,15.48805,15.5867,15.48805,15.5867,183800
OIL,2024-07-16 02:51:00,15.5867,15.68535,15.5867,15.68535,17900
OIL,2024-07-16 02:52:00,15.68535,15.68535,15.48805,15.48805,73600
OIL,2024-07-16 02:53:00,15.48805,15.48805,15.48805,15.48805,8800
OIL,2024-07-16 02:54:00,15.48805,15.48805,15.48805,15.48805,6400
OIL,2024-07-16 02:55:00,15.48805,15.48805,15.48805,15.48805,6200
OIL,2024-07-16 02:56:00,15.48805,15.48805,15.48805,15.48805,10400
OIL,2024-07-16 02:57:00,15.48805,15.48805,15.48805,15.48805,14700
OIL,2024-07-16 02:58:00,15.48805,15.48805,15.48805,15.48805,35900
OIL,2024-07-16 02:59:00,15.3894,15.48805,15.3894,15.48805,21900
OIL,2024-07-16 03:00:00,15.48805,15.48805,15.48805,15.48805,88300
OIL,2024-07-16 03:01:00,15.48805,15.48805,15.48805,15.48805,23700
OIL,2024-07-16 03:02:00,15.48805,15.5867,15.48805,15.5867,9800
OIL,2024-07-16 03:03:00,15.48805,15.48805,15.48805,15.48805,1500
OIL,2024-07-16 03:04:00,15.5867,15.5867,15.48805,15.5867,8900
OIL,2024-07-16 03:05:00,15.5867,15.5867,15.5867,15.5867,1600
OIL,2024-07-16 03:06:00,15.5867,15.5867,15.48805,15.5867,2700
OIL,2024-07-16 03:07:00,15.5867,15.5867,15.5867,15.5867,8000
OIL,2024-07-16 03:08:00,15.5867,15.5867,15.5867,15.5867,4300
OIL,2024-07-16 03:09:00,15.48805,15.5867,15.48805,15.48805,57400
OIL,2024-07-16 03:10:00,15.48805,15.48805,15.48805,15.48805,69500
OIL,2024-07-16 03:11:00,15.48805,15.48805,15.48805,15.48805,56700
OIL,2024-07-16 03:12:00,15.48805,15.48805,15.48805,15.48805,4900
OIL,2024-07-16 03:13:00,15.48805,15.48805,15.48805,15.48805,17000
OIL,2024-07-16 03:14:00,15.48805,15.48805,15.48805,15.48805,11600
OIL,2024-07-16 03:15:00,15.48805,15.48805,15.3894,15.3894,35400
OIL,2024-07-16 03:16:00,15.48805,15.48805,15.48805,15.48805,17300
OIL,2024-07-16 03:17:00,15.48805,15.48805,15.48805,15.48805,900
OIL,2024-07-16 03:18:00,15.48805,15.5867,15.48805,15.5867,5200
OIL,2024-07-16 03:19:00,15.48805,15.5867,15.48805,15.5867,29300
OIL,2024-07-16 03:20:00,15.5867,15.5867,15.48805,15.5867,109100
OIL,2024-07-16 03:21:00,15.5867,15.5867,15.5867,15.5867,13200
OIL,2024-07-16 03:22:00,15.5867,15.5867,15.5867,15.5867,9500
OIL,2024-07-16 03:23:00,15.5867,15.5867,15.5867,15.5867,9400
OIL,2024-07-16 03:24:00,15.5867,15.5867,15.5867,15.5867,33600
OIL,2024-07-16 03:25:00,15.5867,15.68535,15.5867,15.5867,28800
OIL,2024-07-16 03:26:00,15.5867,15.5867,15.5867,15.5867,1500
OIL,2024-07-16 03:27:00,15.5867,15.5867,15.5867,15.5867,15000
OIL,2024-07-16 03:28:00,15.5867,15.5867,15.5867,15.5867,2000
OIL,2024-07-16 03:29:00,15.5867,15.5867,15.5867,15.5867,11300
OIL,2024-07-16 03:30:00,15.48805,15.48805,15.48805,15.48805,5000
OIL,2024-07-16 03:31:00,15.48805,15.48805,15.48805,15.48805,50000
OIL,2024-07-16 03:32:00,15.48805,15.48805,15.48805,15.48805,42700
OIL,2024-07-16 03:33:00,15.3894,15.48805,15.3894,15.48805,5300
OIL,2024-07-16 03:35:00,15.48805,15.48805,15.48805,15.48805,700
OIL,2024-07-16 03:36:00,15.3894,15.3894,15.3894,15.3894,200
OIL,2024-07-16 03:37:00,15.3894,15.3894,15.3894,15.3894,5700
OIL,2024-07-16 03:38:00,15.48805,15.48805,15.48805,15.48805,300
OIL,2024-07-16 03:39:00,15.3894,15.3894,15.3894,15.3894,300
OIL,2024-07-16 03:40:00,15.3894,15.3894,15.3894,15.3894,21400
OIL,2024-07-16 03:41:00,15.3894,15.48805,15.3894,15.48805,22000
OIL,2024-07-16 03:42:00,15.3894,15.48805,15.3894,15.48805,99500
OIL,2024-07-16 03:43:00,15.48805,15.48805,15.48805,15.48805,1100
OIL,2024-07-16 03:45:00,15.48805,15.48805,15.48805,15.48805,32600
OIL,2024-07-16 03:46:00,15.48805,15.48805,15.48805,15.48805,18400
OIL,2024-07-16 03:47:00,15.48805,15.48805,15.48805,15.48805,30000
OIL,2024-07-16 03:48:00,15.48805,15.48805,15.48805,15.48805,600
OIL,2024-07-16 03:50:00,15.48805,15.48805,15.48805,15.48805,24800
OIL,2024-07-16 03:52:00,15.48805,15.48805,15.3894,15.3894,40900
OIL,2024-07-16 03:53:00,15.48805,15.48805,15.48805,15.48805,11800
OIL,2024-07-16 03:54:00,15.48805,15.5867,15.48805,15.48805,5800
OIL,2024-07-16 03:55:00,15.48805,15.48805,15.48805,15.48805,2200
OIL,2024-07-16 03:56:00,15.48805,15.48805,15.48805,15.48805,10100
OIL,2024-07-16 03:58:00,15.48805,15.48805,15.48805,15.48805,14100
OIL,2024-07-16 03:59:00,15.48805,15.48805,15.48805,15.48805,1000
OIL,2024-07-16 04:00:00,15.48805,15.48805,15.48805,15.48805,400
OIL,2024-07-16 04:01:00,15.48805,15.48805,15.3894,15.3894,500
OIL,2024-07-16 04:02:00,15.48805,15.48805,15.3894,15.48805,5100
OIL,2024-07-16 04:03:00,15.48805,15.48805,15.48805,15.48805,3000
OIL,2024-07-16 04:04:00,15.48805,15.48805,15.48805,15.48805,2100
OIL,2024-07-16 04:05:00,15.48805,15.48805,15.48805,15.48805,2700
OIL,2024-07-16 04:06:00,15.48805,15.48805,15.48805,15.48805,2100
OIL,2024-07-16 04:08:00,15.48805,15.48805,15.48805,15.48805,41400
OIL,2024-07-16 04:09:00,15.48805,15.48805,15.48805,15.48805,100
OIL,2024-07-16 04:10:00,15.48805,15.48805,15.48805,15.48805,21500
OIL,2024-07-16 04:11:00,15.48805,15.48805,15.48805,15.48805,1000
OIL,2024-07-16 04:12:00,15.48805,15.48805,15.48805,15.48805,100
OIL,2024-07-16 04:13:00,15.3894,15.48805,15.3894,15.48805,1200
OIL,2024-07-16 04:14:00,15.48805,15.48805,15.3894,15.3894,10000
OIL,2024-07-16 04:16:00,15.3894,15.3894,15.3894,15.3894,107500
OIL,2024-07-16 04:17:00,15.3894,15.3894,15.3894,15.3894,200
OIL,2024-07-16 04:18:00,15.3894,15.3894,15.3894,15.3894,100
OIL,2024-07-16 04:19:00,15.3894,15.3894,15.3894,15.3894,700
OIL,2024-07-16 04:20:00,15.3894,15.3894,15.3894,15.3894,3600
OIL,2024-07-16 04:21:00,15.48805,15.48805,15.3894,15.3894,1500
OIL,2024-07-16 04:22:00,15.48805,15.48805,15.48805,15.48805,1000
OIL,2024-07-16 04:24:00,15.48805,15.48805,15.3894,15.3894,23100
OIL,2024-07-16 04:25:00,15.3894,15.3894,15.3894,15.3894,34500
OIL,2024-07-16 04:27:00,15.3894,15.3894,15.3894,15.3894,12000
OIL,2024-07-16 04:29:00,15.3894,15.3894,15.3894,15.3894,600
OIL,2024-07-16 06:00:00,15.3894,15.3894,15.29075,15.3894,12400
OIL,2024-07-16 06:01:00,15.29075,15.29075,15.29075,15.29075,6100
OIL,2024-07-16 06:02:00,15.29075,15.29075,15.29075,15.29075,1100
OIL,2024-07-16 06:03:00,15.29075,15.29075,15.29075,15.29075,6900
OIL,2024-07-16 06:04:00,15.29075,15.29075,15.29075,15.29075,700
OIL,2024-07-16 06:05:00,15.29075,15.29075,15.29075,15.29075,10200
OIL,2024-07-16 06:06:00,15.29075,15.29075,15.29075,15.29075,600
OIL,2024-07-16 06:07:00,15.3894,15.3894,15.3894,15.3894,2000
OIL,2024-07-16 06:08:00,15.29075,15.3894,15.29075,15.3894,10600
OIL,2024-07-16 06:09:00,15.3894,15.3894,15.3894,15.3894,20700
OIL,2024-07-16 06:10:00,15.3894,15.48805,15.3894,15.48805,78400
OIL,2024-07-16 06:11:00,15.3894,15.3894,15.3894,15.3894,24100
OIL,2024-07-16 06:12:00,15.3894,15.3894,15.3894,15.3894,3000
OIL,2024-07-16 06:13:00,15.3894,15.3894,15.3894,15.3894,15900
OIL,2024-07-16 06:14:00,15.3894,15.3894,15.3894,15.3894,900
OIL,2024-07-16 06:15:00,15.3894,15.3894,15.3894,15.3894,3100
OIL,2024-07-16 06:16:00,15.3894,15.3894,15.3894,15.3894,8500
OIL,2024-07-16 06:17:00,15.3894,15.3894,15.3894,15.3894,7100
OIL,2024-07-16 06:18:00,15.3894,15.3894,15.3894,15.3894,5100
OIL,2024-07-16 06:19:00,15.3894,15.3894,15.3894,15.3894,1100
OIL,2024-07-16 06:20:00,15.3894,15.3894,15.3894,15.3894,1100
OIL,2024-07-16 06:21:00,15.3894,15.48805,15.3894,15.48805,1600
OIL,2024-07-16 06:22:00,15.3894,15.3894,15.3894,15.3894,5000
OIL,2024-07-16 06:24:00,15.3894,15.3894,15.3894,15.3894,300
OIL,2024-07-16 06:25:00,15.3894,15.48805,15.3894,15.3894,13400
OIL,2024-07-16 06:26:00,15.3894,15.3894,15.3894,15.3894,2100
OIL,2024-07-16 06:28:00,15.3894,15.48805,15.3894,15.48805,700
OIL,2024-07-16 06:29:00,15.48805,15.48805,15.48805,15.48805,21000
OIL,2024-07-16 06:30:00,15.48805,15.48805,15.48805,15.48805,2000
OIL,2024-07-16 06:31:00,15.48805,15.48805,15.3894,15.3894,34800
OIL,2024-07-16 06:32:00,15.3894,15.48805,15.3894,15.48805,3700
OIL,2024-07-16 06:33:00,15.48805,15.48805,15.48805,15.48805,10000
OIL,2024-07-16 06:34:00,15.3894,15.3894,15.3894,15.3894,5500
OIL,2024-07-16 06:35:00,15.3894,15.3894,15.3894,15.3894,56500
OIL,2024-07-16 06:36:00,15.3894,15.3894,15.3894,15.3894,9300
OIL,2024-07-16 06:37:00,15.3894,15.3894,15.3894,15.3894,2000
OIL,2024-07-16 06:38:00,15.3894,15.3894,15.29075,15.29075,233500
OIL,2024-07-16 06:39:00,15.29075,15.3894,15.29075,15.3894,11100
OIL,2024-07-16 06:40:00,15.3894,15.3894,15.3894,15.3894,26900
OIL,2024-07-16 06:41:00,15.3894,15.3894,15.3894,15.3894,17100
OIL,2024-07-16 06:42:00,15.3894,15.3894,15.3894,15.3894,21800
OIL,2024-07-16 06:43:00,15.3894,15.3894,15.29075,15.29075,400
OIL,2024-07-16 06:44:00,15.3894,15.3894,15.3894,15.3894,9400
OIL,2024-07-16 06:45:00,15.3894,15.3894,15.29075,15.29075,1700
OIL,2024-07-16 06:46:00,15.3894,15.3894,15.3894,15.3894,1100
OIL,2024-07-16 06:48:00,15.3894,15.3894,15.3894,15.3894,39400
OIL,2024-07-16 06:49:00,15.3894,15.3894,15.3894,15.3894,12100
OIL,2024-07-16 06:50:00,15.3894,15.3894,15.3894,15.3894,900
OIL,2024-07-16 06:51:00,15.3894,15.3894,15.3894,15.3894,21900
OIL,2024-07-16 06:52:00,15.3894,15.3894,15.3894,15.3894,1500
OIL,2024-07-16 06:53:00,15.3894,15.3894,15.3894,15.3894,200
OIL,2024-07-16 06:54:00,15.3894,15.3894,15.3894,15.3894,93500
OIL,2024-07-16 06:55:00,15.3894,15.3894,15.3894,15.3894,47500
OIL,2024-07-16 06:57:00,15.3894,15.3894,15.3894,15.3894,5700
OIL,2024-07-16 06:58:00,15.3894,15.3894,15.3894,15.3894,2000
OIL,2024-07-16 07:00:00,15.29075,15.3894,15.29075,15.3894,600
OIL,2024-07-16 07:01:00,15.3894,15.3894,15.29075,15.3894,40000
OIL,2024-07-16 07:02:00,15.29075,15.29075,15.29075,15.29075,700
OIL,2024-07-16 07:03:00,15.3894,15.3894,15.29075,15.29075,36500
OIL,2024-07-16 07:04:00,15.29075,15.3894,15.29075,15.3894,106000
OIL,2024-07-16 07:05:00,15.3894,15.3894,15.29075,15.29075,13600
OIL,2024-07-16 07:06:00,15.29075,15.29075,15.29075,15.29075,200
OIL,2024-07-16 07:07:00,15.29075,15.3894,15.29075,15.29075,37100
OIL,2024-07-16 07:08:00,15.3894,15.3894,15.3894,15.3894,6300
OIL,2024-07-16 07:09:00,15.3894,15.3894,15.3894,15.3894,24000
OIL,2024-07-16 07:10:00,15.3894,15.3894,15.3894,15.3894,900
OIL,2024-07-16 07:12:00,15.29075,15.29075,15.29075,15.29075,44100
OIL,2024-07-16 07:13:00,15.29075,15.29075,15.29075,15.29075,38200
OIL,2024-07-16 07:14:00,15.29075,15.3894,15.29075,15.3894,80100
OIL,2024-07-16 07:15:00,15.3894,15.3894,15.3894,15.3894,11300
OIL,2024-07-16 07:16:00,15.29075,15.3894,15.29075,15.29075,16800
OIL,2024-07-16 07:17:00,15.29075,15.29075,15.29075,15.29075,101300
OIL,2024-07-16 07:18:00,15.3894,15.3894,15.29075,15.29075,93300
OIL,2024-07-16 07:19:00,15.29075,15.29075,15.29075,15.29075,8000
OIL,2024-07-16 07:20:00,15.29075,15.29075,15.29075,15.29075,25800
OIL,2024-07-16 07:21:00,15.29075,15.3894,15.29075,15.3894,85600
OIL,2024-07-16 07:22:00,15.29075,15.29075,15.29075,15.29075,98000
OIL,2024-07-16 07:23:00,15.29075,15.29075,15.29075,15.29075,2000
OIL,2024-07-16 07:24:00,15.29075,15.29075,15.29075,15.29075,1000
OIL,2024-07-16 07:25:00,15.29075,15.3894,15.29075,15.3894,4000
OIL,2024-07-16 07:26:00,15.3894,15.3894,15.3894,15.3894,23000
OIL,2024-07-16 07:27:00,15.29075,15.29075,15.29075,15.29075,40000
OIL,2024-07-16 07:28:00,15.29075,15.29075,15.29075,15.29075,88000
OIL,2024-07-16 07:29:00,15.29075,15.29075,15.1921,15.29075,38600
OIL,2024-07-16 07:30:00,15.29075,15.29075,15.29075,15.29075,3000
OIL,2024-07-16 07:31:00,15.29075,15.29075,15.29075,15.29075,26900
OIL,2024-07-16 07:33:00,15.29075,15.29075,15.29075,15.29075,5000
OIL,2024-07-16 07:34:00,15.29075,15.29075,15.29075,15.29075,1200
OIL,2024-07-16 07:35:00,15.29075,15.29075,15.29075,15.29075,1000
OIL,2024-07-16 07:37:00,15.29075,15.29075,15.29075,15.29075,3300
OIL,2024-07-16 07:38:00,15.29075,15.29075,15.09345,15.09345,291500
OIL,2024-07-16 07:39:00,15.09345,15.09345,15.09345,15.09345,84600
OIL,2024-07-16 07:40:00,15.09345,15.1921,15.09345,15.09345,31400
OIL,2024-07-16 07:41:00,15.1921,15.29075,15.1921,15.29075,23100
OIL,2024-07-16 07:42:00,15.29075,15.29075,15.29075,15.29075,500
OIL,2024-07-16 07:44:00,15.29075,15.29075,15.29075,15.29075,1300
OIL,2024-07-16 07:46:00,15.29075,15.29075,15.1921,15.1921,2400
OIL,2024-07-16 07:47:00,15.1921,15.1921,15.1921,15.1921,22000
OIL,2024-07-16 07:48:00,15.1921,15.1921,15.1921,15.1921,34000
OIL,2024-07-16 07:49:00,15.1921,15.1921,15.1921,15.1921,1100
OIL,2024-07-16 07:50:00,15.1921,15.1921,15.1921,15.1921,400
OIL,2024-07-16 07:51:00,15.09345,15.1921,15.09345,15.1921,1600
OIL,2024-07-16 07:52:00,15.1921,15.1921,15.1921,15.1921,6600
OIL,2024-07-16 07:53:00,15.1921,15.1921,15.1921,15.1921,2300
OIL,2024-07-16 07:55:00,15.1921,15.1921,15.09345,15.09345,22100
OIL,2024-07-16 07:57:00,15.09345,15.09345,15.09345,15.09345,900
OIL,2024-07-16 07:58:00,15.1921,15.1921,15.09345,15.1921,62100
OIL,2024-07-16 07:59:00,15.1921,15.1921,15.09345,15.09345,4600
OIL,2024-07-16 08:00:00,15.1921,15.1921,15.1921,15.1921,200
OIL,2024-07-17 02:00:00,15.1921,15.3894,15.1921,15.3894,16600
OIL,2024-07-17 02:01:00,15.3894,15.3894,15.3894,15.3894,100
OIL,2024-07-17 02:02:00,15.3894,15.3894,15.3894,15.3894,19700
OIL,2024-07-17 02:03:00,15.3894,15.3894,15.3894,15.3894,7700
OIL,2024-07-17 02:04:00,15.3894,15.3894,15.3894,15.3894,200
OIL,2024-07-17 02:05:00,15.29075,15.29075,15.29075,15.29075,20500
OIL,2024-07-17 02:06:00,15.1921,15.1921,15.1921,15.1921,5800
OIL,2024-07-17 02:07:00,15.1921,15.1921,15.1921,15.1921,2300
OIL,2024-07-17 02:08:00,15.09345,15.09345,15.09345,15.09345,3300
OIL,2024-07-17 02:09:00,14.89615,14.89615,14.89615,14.89615,25400
OIL,2024-07-17 02:10:00,14.7975,14.89615,14.7975,14.89615,70500
OIL,2024-07-17 02:11:00,15.09345,15.09345,15.09345,15.09345,5700
OIL,2024-07-17 02:12:00,15.09345,15.09345,15.09345,15.09345,1000
OIL,2024-07-17 02:13:00,15.09345,15.09345,15.09345,15.09345,2000
OIL,2024-07-17 02:14:00,15.09345,15.09345,15.09345,15.09345,200
OIL,2024-07-17 02:16:00,14.9948,14.9948,14.9948,14.9948,1200
OIL,2024-07-17 02:17:00,14.9948,14.9948,14.9948,14.9948,1800
OIL,2024-07-17 02:18:00,14.9948,14.9948,14.9948,14.9948,1100
OIL,2024-07-17 02:19:00,14.9948,14.9948,14.9948,14.9948,1100
OIL,2024-07-17 02:20:00,14.9948,14.9948,14.89615,14.89615,130200
OIL,2024-07-17 02:21:00,14.9948,14.9948,14.9948,14.9948,2800
OIL,2024-07-17 02:22:00,14.9948,14.9948,14.9948,14.9948,5900
OIL,2024-07-17 02:23:00,14.9948,14.9948,14.9948,14.9948,1400
OIL,2024-07-17 02:24:00,14.9948,14.9948,14.89615,14.9948,41700
OIL,2024-07-17 02:25:00,14.9948,14.9948,14.89615,14.89615,42900
OIL,2024-07-17 02:26:00,14.89615,14.9948,14.7975,14.9948,36100
OIL,2024-07-17 02:27:00,14.9948,15.09345,14.9948,14.9948,7400
OIL,2024-07-17 02:28:00,14.9948,14.9948,14.9948,14.9948,19800
OIL,2024-07-17 02:29:00,14.89615,14.89615,14.89615,14.89615,11000
OIL,2024-07-17 02:30:00,14.89615,14.9948,14.89615,14.9948,45300
OIL,2024-07-17 02:31:00,14.9948,14.9948,14.9948,14.9948,6300
OIL,2024-07-17 02:32:00,14.9948,14.9948,14.9948,14.9948,2000
OIL,2024-07-17 02:34:00,15.09345,15.09345,15.09345,15.09345,5200
OIL,2024-07-17 02:35:00,15.09345,15.09345,15.09345,15.09345,900
OIL,2024-07-17 02:36:00,15.09345,15.09345,15.09345,15.09345,200
OIL,2024-07-17 02:37:00,15.09345,15.09345,15.09345,15.09345,5700
OIL,2024-07-17 02:38:00,15.09345,15.09345,15.09345,15.09345,17800
OIL,2024-07-17 02:39:00,15.09345,15.1921,15.09345,15.1921,10700
OIL,2024-07-17 02:40:00,15.1921,15.1921,15.1921,15.1921,200
OIL,2024-07-17 02:41:00,15.1921,15.1921,15.1921,15.1921,6700
OIL,2024-07-17 02:42:00,15.09345,15.09345,15.09345,15.09345,1000
OIL,2024-07-17 02:43:00,15.09345,15.09345,15.09345,15.09345,36700
OIL,2024-07-17 02:44:00,15.09345,15.09345,15.09345,15.09345,200
OIL,2024-07-17 02:45:00,15.09345,15.09345,14.9948,14.9948,1200
OIL,2024-07-17 02:47:00,14.9948,15.09345,14.9948,14.9948,2500
OIL,2024-07-17 02:48:00,14.9948,15.09345,14.9948,15.09345,3100
OIL,2024-07-17 02:50:00,14.9948,14.9948,14.89615,14.89615,109000
OIL,2024-07-17 02:51:00,14.89615,14.89615,14.89615,14.89615,1900
OIL,2024-07-17 02:52:00,14.89615,14.9948,14.89615,14.9948,33400
OIL,2024-07-17 02:53:00,14.9948,14.9948,14.9948,14.9948,100
OIL,2024-07-17 02:54:00,14.9948,14.9948,14.89615,14.89615,42500
OIL,2024-07-17 02:55:00,14.89615,14.89615,14.89615,14.89615,29700
OIL,2024-07-17 02:56:00,14.89615,14.89615,14.89615,14.89615,1900
OIL,2024-07-17 02:57:00,14.89615,14.89615,14.89615,14.89615,2100
OIL,2024-07-17 02:58:00,14.9948,14.9948,14.9948,14.9948,200
OIL,2024-07-17 03:00:00,14.9948,14.9948,14.9948,14.9948,800
OIL,2024-07-17 03:01:00,14.9948,14.9948,14.89615,14.89615,19900
OIL,2024-07-17 03:02:00,14.89615,14.89615,14.89615,14.89615,13300
OIL,2024-07-17 03:04:00,14.89615,14.89615,14.89615,14.89615,1300
OIL,2024-07-17 03:05:00,14.89615,14.9948,14.89615,14.9948,11900
OIL,2024-07-17 03:07:00,14.9948,14.9948,14.89615,14.89615,1900
OIL,2024-07-17 03:08:00,14.89615,14.89615,14.89615,14.89615,2600
OIL,2024-07-17 03:09:00,14.89615,14.89615,14.89615,14.89615,9000
OIL,2024-07-17 03:10:00,14.89615,14.89615,14.89615,14.89615,2000
OIL,2024-07-17 03:13:00,14.89615,14.9948,14.89615,14.9948,2000
OIL,2024-07-17 03:14:00,14.9948,14.9948,14.9948,14.9948,100
OIL,2024-07-17 03:15:00,14.9948,14.9948,14.9948,14.9948,100
OIL,2024-07-17 03:16:00,14.89615,14.89615,14.89615,14.89615,41100
OIL,2024-07-17 03:17:00,14.7975,14.7975,14.7975,14.7975,70800
OIL,2024-07-17 03:18:00,14.7975,14.7975,14.69885,14.69885,64600
OIL,2024-07-17 03:19:00,14.69885,14.69885,14.69885,14.69885,23900
OIL,2024-07-17 03:20:00,14.69885,14.7975,14.69885,14.7975,18200
OIL,2024-07-17 03:21:00,14.69885,14.69885,14.69885,14.69885,8600
OIL,2024-07-17 03:22:00,14.6002,14.69885,14.6002,14.69885,3800
OIL,2024-07-17 03:23:00,14.6002,14.6002,14.50155,14.50155,76500
OIL,2024-07-17 03:24:00,14.50155,14.6002,14.50155,14.6002,19700
OIL,2024-07-17 03:25:00,14.69885,14.69885,14.69885,14.69885,26600
OIL,2024-07-17 03:26:00,14.69885,14.69885,14.69885,14.69885,31000
OIL,2024-07-17 03:27:00,14.7975,14.7975,14.7975,14.7975,10500
OIL,2024-07-17 03:28:00,14.7975,14.7975,14.7975,14.7975,21700
OIL,2024-07-17 03:29:00,14.7975,14.89615,14.7975,14.7975,10300
OIL,2024-07-17 03:30:00,14.89615,14.89615,14.89615,14.89615,900
OIL,2024-07-17 03:31:00,14.89615,14.89615,14.7975,14.7975,21000
OIL,2024-07-17 03:32:00,14.7975,14.7975,14.7975,14.7975,21000
OIL,2024-07-17 03:33:00,14.7975,14.7975,14.7975,14.7975,2100
OIL,2024-07-17 03:34:00,14.7975,14.7975,14.7975,14.7975,1800
OIL,2024-07-17 03:35:00,14.7975,14.7975,14.7975,14.7975,200
OIL,2024-07-17 03:36:00,14.7975,14.7975,14.69885,14.69885,3400
OIL,2024-07-17 03:38:00,14.69885,14.69885,14.69885,14.69885,200
OIL,2024-07-17 03:39:00,14.69885,14.69885,14.69885,14.69885,9000
OIL,2024-07-17 03:40:00,14.69885,14.69885,14.69885,14.69885,10000
OIL,2024-07-17 03:41:00,14.69885,14.69885,14.69885,14.69885,4100
OIL,2024-07-17 03:42:00,14.69885,14.69885,14.69885,14.69885,19200
OIL,2024-07-17 03:43:00,14.69885,14.69885,14.69885,14.69885,3700
OIL,2024-07-17 03:44:00,14.69885,14.69885,14.69885,14.69885,7400
OIL,2024-07-17 03:45:00,14.69885,14.69885,14.69885,14.69885,4400
OIL,2024-07-17 03:46:00,14.69885,14.69885,14.69885,14.69885,11200
OIL,2024-07-17 03:47:00,14.69885,14.69885,14.69885,14.69885,10100
OIL,2024-07-17 03:49:00,14.69885,14.69885,14.69885,14.69885,5500
OIL,2024-07-17 03:50:00,14.69885,14.69885,14.69885,14.69885,27100
OIL,2024-07-17 03:51:00,14.69885,14.69885,14.6002,14.6002,3700
OIL,2024-07-17 03:52:00,14.69885,14.69885,14.69885,14.69885,100
OIL,2024-07-17 03:53:00,14.69885,14.69885,14.69885,14.69885,6000
OIL,2024-07-17 03:55:00,14.7975,14.7975,14.69885,14.69885,200
OIL,2024-07-17 03:56:00,14.69885,14.69885,14.69885,14.69885,3000
OIL,2024-07-17 03:57:00,14.7975,14.7975,14.7975,14.7975,200
OIL,2024-07-17 03:59:00,14.7975,14.7975,14.7975,14.7975,1500
OIL,2024-07-17 04:00:00,14.7975,14.7975,14.7975,14.7975,17500
OIL,2024-07-17 04:01:00,14.89615,14.89615,14.89615,14.89615,14500
OIL,2024-07-17 04:02:00,14.89615,14.89615,14.89615,14.89615,19100
OIL,2024-07-17 04:04:00,14.89615,14.89615,14.89615,14.89615,100
OIL,2024-07-17 04:05:00,14.89615,14.89615,14.89615,14.89615,8900
OIL,2024-07-17 04:07:00,14.89615,14.89615,14.89615,14.89615,9500
OIL,2024-07-17 04:08:00,14.89615,14.89615,14.89615,14.89615,700
OIL,2024-07-17 04:09:00,14.89615,14.89615,14.89615,14.89615,100
OIL,2024-07-17 04:10:00,14.89615,14.89615,14.89615,14.89615,1000
OIL,2024-07-17 04:11:00,14.89615,14.89615,14.89615,14.89615,8300
OIL,2024-07-17 04:13:00,14.9948,14.9948,14.9948,14.9948,2500
OIL,2024-07-17 04:16:00,14.89615,14.89615,14.89615,14.89615,2000
OIL,2024-07-17 04:18:00,14.89615,14.89615,14.89615,14.89615,57000
OIL,2024-07-17 04:20:00,14.89615,14.89615,14.89615,14.89615,100
OIL,2024-07-17 04:22:00,14.89615,14.89615,14.89615,14.89615,3700
OIL,2024-07-17 04:23:00,14.89615,14.89615,14.89615,14.89615,4000
OIL,2024-07-17 04:26:00,14.89615,14.89615,14.89615,14.89615,200
OIL,2024-07-17 04:28:00,14.89615,14.89615,14.89615,14.89615,5900
OIL,2024-07-17 06:00:00,14.89615,14.89615,14.7975,14.7975,100200
OIL,2024-07-17 06:01:00,14.7975,14.7975,14.7975,14.7975,500
OIL,2024-07-17 06:02:00,14.69885,14.69885,14.69885,14.69885,1000
OIL,2024-07-17 06:03:00,14.69885,14.69885,14.69885,14.69885,23100
OIL,2024-07-17 06:04:00,14.69885,14.69885,14.69885,14.69885,23400
OIL,2024-07-17 06:05:00,14.69885,14.69885,14.69885,14.69885,2000
OIL,2024-07-17 06:06:00,14.7975,14.7975,14.7975,14.7975,8000
OIL,2024-07-17 06:07:00,14.7975,14.7975,14.7975,14.7975,6000
OIL,2024-07-17 06:08:00,14.7975,14.7975,14.69885,14.69885,2100
OIL,2024-07-17 06:09:00,14.69885,14.69885,14.69885,14.69885,7000
OIL,2024-07-17 06:10:00,14.69885,14.69885,14.69885,14.69885,5000
OIL,2024-07-17 06:11:00,14.69885,14.69885,14.69885,14.69885,10000
OIL,2024-07-17 06:12:00,14.69885,14.69885,14.69885,14.69885,2000
OIL,2024-07-17 06:13:00,14.69885,14.69885,14.69885,14.69885,500
OIL,2024-07-17 06:14:00,14.69885,14.69885,14.69885,14.69885,400
OIL,2024-07-17 06:15:00,14.69885,14.69885,14.69885,14.69885,37300
OIL,2024-07-17 06:16:00,14.69885,14.69885,14.6002,14.6002,6000
OIL,2024-07-17 06:17:00,14.6002,14.6002,14.6002,14.6002,28700
OIL,2024-07-17 06:18:00,14.6002,14.6002,14.6002,14.6002,500
OIL,2024-07-17 06:19:00,14.69885,14.69885,14.69885,14.69885,32100
OIL,2024-07-17 06:20:00,14.69885,14.7975,14.69885,14.7975,2000
OIL,2024-07-17 06:21:00,14.69885,14.69885,14.69885,14.69885,6700
OIL,2024-07-17 06:22:00,14.69885,14.69885,14.6002,14.6002,23900
OIL,2024-07-17 06:23:00,14.69885,14.69885,14.69885,14.69885,7000
OIL,2024-07-17 06:24:00,14.69885,14.69885,14.69885,14.69885,7000
OIL,2024-07-17 06:25:00,14.69885,14.69885,14.69885,14.69885,800
OIL,2024-07-17 06:26:00,14.7975,14.7975,14.7975,14.7975,2400
OIL,2024-07-17 06:28:00,14.69885,14.69885,14.69885,14.69885,3000
OIL,2024-07-17 06:29:00,14.69885,14.69885,14.69885,14.69885,1000
OIL,2024-07-17 06:30:00,14.69885,14.69885,14.69885,14.69885,8800
OIL,2024-07-17 06:32:00,14.7975,14.7975,14.69885,14.69885,7200
OIL,2024-07-17 06:33:00,14.69885,14.69885,14.69885,14.69885,2600
OIL,2024-07-17 06:34:00,14.7975,14.7975,14.7975,14.7975,3500
OIL,2024-07-17 06:35:00,14.7975,14.7975,14.7975,14.7975,39600
OIL,2024-07-17 06:36:00,14.7975,14.7975,14.7975,14.7975,6900
OIL,2024-07-17 06:37:00,14.7975,14.7975,14.7975,14.7975,7500
OIL,2024-07-17 06:38:00,14.7975,14.7975,14.7975,14.7975,1200
OIL,2024-07-17 06:39:00,14.7975,14.7975,14.7975,14.7975,500
OIL,2024-07-17 06:40:00,14.69885,14.69885,14.69885,14.69885,2500
OIL,2024-07-17 06:41:00,14.69885,14.69885,14.69885,14.69885,20600
OIL,2024-07-17 06:42:00,14.69885,14.69885,14.69885,14.69885,5000
OIL,2024-07-17 06:43:00,14.69885,14.69885,14.69885,14.69885,2000
OIL,2024-07-17 06:44:00,14.69885,14.69885,14.69885,14.69885,7100
OIL,2024-07-17 06:45:00,14.69885,14.69885,14.69885,14.69885,200
OIL,2024-07-17 06:46:00,14.69885,14.69885,14.69885,14.69885,11200
OIL,2024-07-17 06:47:00,14.69885,14.69885,14.69885,14.69885,45700
OIL,2024-07-17 06:48:00,14.6002,14.69885,14.6002,14.69885,75500
OIL,2024-07-17 06:49:00,14.69885,14.69885,14.69885,14.69885,23700
OIL,2024-07-17 06:50:00,14.69885,14.69885,14.6002,14.6002,5000
OIL,2024-07-17 06:51:00,14.69885,14.69885,14.6002,14.6002,1900
OIL,2024-07-17 06:52:00,14.69885,14.69885,14.69885,14.69885,8100
OIL,2024-07-17 06:53:00,14.6002,14.69885,14.6002,14.69885,6500
OIL,2024-07-17 06:54:00,14.69885,14.69885,14.6002,14.6002,8900
OIL,2024-07-17 06:55:00,14.6002,14.6002,14.6002,14.6002,1300
OIL,2024-07-17 06:56:00,14.6002,14.69885,14.6002,14.69885,4900
OIL,2024-07-17 06:57:00,14.69885,14.69885,14.69885,14.69885,30100
OIL,2024-07-17 06:58:00,14.69885,14.69885,14.69885,14.69885,71300
OIL,2024-07-17 06:59:00,14.69885,14.69885,14.69885,14.69885,13700
OIL,2024-07-17 07:00:00,14.69885,14.69885,14.69885,14.69885,9600
OIL,2024-07-17 07:01:00,14.69885,14.69885,14.69885,14.69885,2600
OIL,2024-07-17 07:02:00,14.69885,14.69885,14.69885,14.69885,2300
OIL,2024-07-17 07:03:00,14.69885,14.69885,14.69885,14.69885,4200
OIL,2024-07-17 07:04:00,14.69885,14.69885,14.69885,14.69885,30800
OIL,2024-07-17 07:05:00,14.6002,14.69885,14.6002,14.69885,2600
OIL,2024-07-17 07:06:00,14.69885,14.69885,14.6002,14.69885,28000
OIL,2024-07-17 07:07:00,14.69885,14.7975,14.69885,14.7975,6700
OIL,2024-07-17 07:08:00,14.69885,14.69885,14.69885,14.69885,2400
OIL,2024-07-17 07:09:00,14.69885,14.69885,14.69885,14.69885,400
OIL,2024-07-17 07:10:00,14.69885,14.69885,14.69885,14.69885,7600
OIL,2024-07-17 07:11:00,14.69885,14.69885,14.69885,14.69885,9700
OIL,2024-07-17 07:12:00,14.69885,14.69885,14.69885,14.69885,200
OIL,2024-07-17 07:13:00,14.69885,14.69885,14.69885,14.69885,55000
OIL,2024-07-17 07:15:00,14.69885,14.69885,14.69885,14.69885,100
OIL,2024-07-17 07:16:00,14.69885,14.69885,14.69885,14.69885,45900
OIL,2024-07-17 07:17:00,14.69885,14.69885,14.6002,14.6002,107600
OIL,2024-07-17 07:18:00,14.6002,14.6002,14.6002,14.6002,45800
OIL,2024-07-17 07:19:00,14.50155,14.50155,14.4029,14.4029,307400
OIL,2024-07-17 07:20:00,14.30425,14.6002,14.30425,14.4029,188100
OIL,2024-07-17 07:21:00,14.4029,14.4029,14.30425,14.30425,119100
OIL,2024-07-17 07:22:00,14.2056,14.30425,13.90965,13.90965,51500
OIL,2024-07-17 07:23:00,13.90965,13.90965,13.811,13.811,70800
OIL,2024-07-17 07:24:00,13.811,13.90965,13.811,13.90965,93800
OIL,2024-07-17 07:25:00,13.811,13.90965,13.71235,13.71235,45300
OIL,2024-07-17 07:26:00,13.811,14.10695,13.811,14.10695,91000
OIL,2024-07-17 07:27:00,14.0083,14.2056,14.0083,14.10695,27200
OIL,2024-07-17 07:28:00,14.10695,14.2056,14.10695,14.10695,10700
OIL,2024-07-17 07:29:00,14.2056,14.2056,14.10695,14.2056,20800
OIL,2024-07-17 07:30:00,14.2056,14.2056,14.10695,14.10695,27200
OIL,2024-07-17 07:31:00,14.10695,14.2056,14.10695,14.2056,15000
OIL,2024-07-17 07:32:00,14.2056,14.2056,14.2056,14.2056,29800
OIL,2024-07-17 07:33:00,14.2056,14.30425,14.2056,14.30425,5400
OIL,2024-07-17 07:34:00,14.30425,14.30425,14.30425,14.30425,4500
OIL,2024-07-17 07:35:00,14.30425,14.30425,14.2056,14.2056,24600
OIL,2024-07-17 07:36:00,14.2056,14.2056,14.10695,14.2056,55500
OIL,2024-07-17 07:37:00,14.2056,14.2056,14.2056,14.2056,49300
OIL,2024-07-17 07:39:00,14.2056,14.30425,14.2056,14.2056,21600
OIL,2024-07-17 07:40:00,14.2056,14.30425,14.2056,14.2056,5400
OIL,2024-07-17 07:41:00,14.30425,14.30425,14.2056,14.30425,54000
OIL,2024-07-17 07:42:00,14.30425,14.30425,14.2056,14.30425,7300
OIL,2024-07-17 07:43:00,14.2056,14.2056,14.2056,14.2056,1000
OIL,2024-07-17 07:44:00,14.30425,14.30425,14.2056,14.30425,11500
OIL,2024-07-17 07:45:00,14.30425,14.30425,14.30425,14.30425,7300
OIL,2024-07-17 07:46:00,14.30425,14.30425,14.30425,14.30425,25200
OIL,2024-07-17 07:47:00,14.30425,14.4029,14.30425,14.4029,1600
OIL,2024-07-17 07:48:00,14.4029,14.4029,14.30425,14.4029,2100
OIL,2024-07-17 07:49:00,14.4029,14.50155,14.4029,14.50155,34700
OIL,2024-07-17 07:50:00,14.50155,14.50155,14.50155,14.50155,400
OIL,2024-07-17 07:51:00,14.50155,14.50155,14.50155,14.50155,3300
OIL,2024-07-17 07:52:00,14.50155,14.50155,14.50155,14.50155,700
OIL,2024-07-17 07:53:00,14.4029,14.50155,14.4029,14.50155,2100
OIL,2024-07-17 07:54:00,14.6002,14.6002,14.50155,14.6002,1100
OIL,2024-07-17 07:56:00,14.6002,14.6002,14.50155,14.50155,26800
OIL,2024-07-17 07:57:00,14.50155,14.50155,14.50155,14.50155,17300
OIL,2024-07-17 07:58:00,14.50155,14.6002,14.50155,14.6002,17800
OIL,2024-07-17 07:59:00,14.6002,14.6002,14.6002,14.6002,3200
OIL,2024-07-18 02:00:00,14.50155,14.6002,14.50155,14.6002,4400
OIL,2024-07-18 02:01:00,14.69885,14.69885,14.69885,14.69885,2800
OIL,2024-07-18 02:02:00,14.69885,14.69885,14.69885,14.69885,2200
OIL,2024-07-18 02:03:00,14.69885,14.69885,14.69885,14.69885,1000
OIL,2024-07-18 02:04:00,14.69885,14.7975,14.69885,14.7975,74300
OIL,2024-07-18 02:05:00,14.69885,14.69885,14.69885,14.69885,12900
OIL,2024-07-18 02:06:00,14.69885,14.69885,14.69885,14.69885,5100
OIL,2024-07-18 02:07:00,14.6002,14.6002,14.6002,14.6002,2000
OIL,2024-07-18 02:08:00,14.6002,14.6002,14.6002,14.6002,12100
OIL,2024-07-18 02:09:00,14.6002,14.6002,14.6002,14.6002,4200
OIL,2024-07-18 02:10:00,14.6002,14.6002,14.6002,14.6002,3000
OIL,2024-07-18 02:11:00,14.69885,14.69885,14.69885,14.69885,9000
OIL,2024-07-18 02:13:00,14.6002,14.6002,14.6002,14.6002,700
OIL,2024-07-18 02:14:00,14.6002,14.6002,14.6002,14.6002,300
OIL,2024-07-18 02:16:00,14.6002,14.6002,14.50155,14.50155,3200
OIL,2024-07-18 02:17:00,14.50155,14.50155,14.50155,14.50155,500
OIL,2024-07-18 02:18:00,14.4029,14.6002,14.4029,14.4029,10100
OIL,2024-07-18 02:20:00,14.50155,14.50155,14.50155,14.50155,200
OIL,2024-07-18 02:21:00,14.50155,14.50155,14.50155,14.50155,300
OIL,2024-07-18 02:22:00,14.50155,14.6002,14.50155,14.6002,5000
OIL,2024-07-18 02:23:00,14.50155,14.50155,14.50155,14.50155,6800
OIL,2024-07-18 02:24:00,14.50155,14.50155,14.50155,14.50155,8300
OIL,2024-07-18 02:26:00,14.50155,14.50155,14.50155,14.50155,14100
OIL,2024-07-18 02:27:00,14.50155,14.50155,14.50155,14.50155,200
OIL,2024-07-18 02:28:00,14.50155,14.50155,14.4029,14.4029,3700
OIL,2024-07-18 02:29:00,14.4029,14.4029,14.4029,14.4029,100
OIL,2024-07-18 02:30:00,14.4029,14.4029,14.4029,14.4029,6300
OIL,2024-07-18 02:32:00,14.4029,14.4029,14.4029,14.4029,23900
OIL,2024-07-18 02:33:00,14.4029,14.4029,14.4029,14.4029,4400
OIL,2024-07-18 02:34:00,14.4029,14.4029,14.4029,14.4029,1000
OIL,2024-07-18 02:36:00,14.4029,14.4029,14.4029,14.4029,900
OIL,2024-07-18 02:39:00,14.50155,14.50155,14.50155,14.50155,1000
OIL,2024-07-18 02:40:00,14.50155,14.50155,14.50155,14.50155,5200
OIL,2024-07-18 02:41:00,14.50155,14.50155,14.50155,14.50155,3100
OIL,2024-07-18 02:42:00,14.50155,14.50155,14.4029,14.4029,27600
OIL,2024-07-18 02:43:00,14.50155,14.50155,14.4029,14.4029,40100
OIL,2024-07-18 02:44:00,14.4029,14.4029,14.4029,14.4029,800
OIL,2024-07-18 02:46:00,14.4029,14.4029,14.4029,14.4029,10300
OIL,2024-07-18 02:48:00,14.4029,14.4029,14.4029,14.4029,7000
OIL,2024-07-18 02:49:00,14.4029,14.4029,14.4029,14.4029,1000
OIL,2024-07-18 02:50:00,14.4029,14.4029,14.30425,14.30425,8200
OIL,2024-07-18 02:53:00,14.30425,14.30425,14.30425,14.30425,11200
OIL,2024-07-18 02:54:00,14.30425,14.30425,14.30425,14.30425,500
OIL,2024-07-18 02:55:00,14.30425,14.30425,14.30425,14.30425,4800
OIL,2024-07-18 02:56:00,14.4029,14.4029,14.4029,14.4029,100
OIL,2024-07-18 02:57:00,14.4029,14.4029,14.4029,14.4029,100
OIL,2024-07-18 02:58:00,14.4029,14.4029,14.4029,14.4029,500
OIL,2024-07-18 02:59:00,14.4029,14.4029,14.4029,14.4029,300
OIL,2024-07-18 03:00:00,14.4029,14.4029,14.4029,14.4029,7000
OIL,2024-07-18 03:01:00,14.4029,14.4029,14.4029,14.4029,14800
OIL,2024-07-18 03:02:00,14.4029,14.50155,14.4029,14.50155,800
OIL,2024-07-18 03:06:00,14.4029,14.4029,14.4029,14.4029,9000
OIL,2024-07-18 03:07:00,14.4029,14.4029,14.4029,14.4029,3000
OIL,2024-07-18 03:08:00,14.4029,14.4029,14.4029,14.4029,9900
OIL,2024-07-18 03:09:00,14.4029,14.4029,14.4029,14.4029,200
OIL,2024-07-18 03:10:00,14.4029,14.4029,14.4029,14.4029,3600
OIL,2024-07-18 03:13:00,14.4029,14.4029,14.4029,14.4029,2500
OIL,2024-07-18 03:14:00,14.50155,14.50155,14.4029,14.4029,900
OIL,2024-07-18 03:15:00,14.4029,14.4029,14.4029,14.4029,1000
OIL,2024-07-18 03:17:00,14.50155,14.50155,14.50155,14.50155,100
OIL,2024-07-18 03:19:00,14.4029,14.4029,14.30425,14.30425,34900
OIL,2024-07-18 03:21:00,14.30425,14.30425,14.30425,14.30425,100
OIL,2024-07-18 03:22:00,14.4029,14.4029,14.30425,14.30425,7100
OIL,2024-07-18 03:23:00,14.30425,14.30425,14.30425,14.30425,600
OIL,2024-07-18 03:24:00,14.4029,14.4029,14.4029,14.4029,100
OIL,2024-07-18 03:25:00,14.30425,14.4029,14.30425,14.30425,30100
OIL,2024-07-18 03:26:00,14.30425,14.30425,14.2056,14.2056,3200
OIL,2024-07-18 03:27:00,14.30425,14.30425,14.30425,14.30425,100
OIL,2024-07-18 03:28:00,14.30425,14.30425,14.30425,14.30425,2500
OIL,2024-07-18 03:29:00,14.30425,14.30425,14.30425,14.30425,6600
OIL,2024-07-18 03:30:00,14.30425,14.30425,14.30425,14.30425,2300
OIL,2024-07-18 03:31:00,14.30425,14.30425,14.30425,14.30425,2400
OIL,2024-07-18 03:32:00,14.4029,14.4029,14.4029,14.4029,5600
OIL,2024-07-18 03:37:00,14.4029,14.4029,14.4029,14.4029,100
OIL,2024-07-18 03:38:00,14.4029,14.4029,14.4029,14.4029,400
OIL,2024-07-18 03:40:00,14.4029,14.4029,14.4029,14.4029,1000
OIL,2024-07-18 03:41:00,14.30425,14.30425,14.30425,14.30425,34600
OIL,2024-07-18 03:42:00,14.30425,14.30425,14.30425,14.30425,2100
OIL,2024-07-18 03:43:00,14.30425,14.30425,14.30425,14.30425,200
OIL,2024-07-18 03:45:00,14.30425,14.30425,14.30425,14.30425,1000
OIL,2024-07-18 03:47:00,14.30425,14.30425,14.30425,14.30425,200
OIL,2024-07-18 03:48:00,14.2056,14.2056,14.2056,14.2056,22300
OIL,2024-07-18 03:49:00,14.2056,14.2056,14.2056,14.2056,13500
OIL,2024-07-18 03:50:00,14.2056,14.2056,14.2056,14.2056,5100
OIL,2024-07-18 03:51:00,14.2056,14.2056,14.2056,14.2056,9800
OIL,2024-07-18 03:52:00,14.2056,14.2056,14.2056,14.2056,1600
OIL,2024-07-18 03:53:00,14.10695,14.10695,14.10695,14.10695,16000
OIL,2024-07-18 03:54:00,14.10695,14.2056,14.10695,14.10695,600
OIL,2024-07-18 03:55:00,14.2056,14.2056,14.2056,14.2056,2000
OIL,2024-07-18 03:56:00,14.2056,14.2056,14.2056,14.2056,2100
OIL,2024-07-18 03:57:00,14.2056,14.2056,14.2056,14.2056,1800
OIL,2024-07-18 04:00:00,14.2056,14.2056,14.2056,14.2056,500
OIL,2024-07-18 04:01:00,14.2056,14.2056,14.10695,14.10695,4100
OIL,2024-07-18 04:03:00,14.10695,14.10695,14.10695,14.10695,500
OIL,2024-07-18 04:04:00,14.10695,14.10695,14.10695,14.10695,800
OIL,2024-07-18 04:05:00,14.10695,14.10695,14.10695,14.10695,4000
OIL,2024-07-18 04:07:00,14.10695,14.10695,14.10695,14.10695,2800
OIL,2024-07-18 04:09:00,14.10695,14.2056,14.10695,14.10695,46200
OIL,2024-07-18 04:10:00,14.10695,14.10695,14.10695,14.10695,3700
OIL,2024-07-18 04:11:00,14.10695,14.10695,14.10695,14.10695,2000
OIL,2024-07-18 04:15:00,14.10695,14.10695,14.10695,14.10695,2300
OIL,2024-07-18 04:16:00,14.10695,14.10695,14.10695,14.10695,8000
OIL,2024-07-18 04:17:00,14.10695,14.10695,14.10695,14.10695,5000
OIL,2024-07-18 04:18:00,14.10695,14.10695,14.10695,14.10695,1500
OIL,2024-07-18 04:19:00,14.2056,14.2056,14.2056,14.2056,100
OIL,2024-07-18 04:24:00,14.2056,14.2056,14.2056,14.2056,45600
OIL,2024-07-18 04:26:00,14.2056,14.2056,14.2056,14.2056,8000
OIL,2024-07-18 04:27:00,14.2056,14.2056,14.10695,14.10695,2100
OIL,2024-07-18 04:28:00,14.2056,14.2056,14.2056,14.2056,200
OIL,2024-07-18 04:29:00,14.2056,14.2056,14.2056,14.2056,2000
OIL,2024-07-18 06:00:00,14.2056,14.2056,14.10695,14.10695,71400
OIL,2024-07-18 06:01:00,14.10695,14.10695,14.10695,14.10695,14400
OIL,2024-07-18 06:02:00,14.0083,14.10695,14.0083,14.0083,3500
OIL,2024-07-18 06:03:00,14.0083,14.0083,14.0083,14.0083,34800
OIL,2024-07-18 06:04:00,14.0083,14.2056,14.0083,14.2056,76000
OIL,2024-07-18 06:05:00,14.2056,14.2056,14.2056,14.2056,4800
OIL,2024-07-18 06:06:00,14.2056,14.2056,14.2056,14.2056,7700
OIL,2024-07-18 06:07:00,14.2056,14.30425,14.2056,14.2056,12100
OIL,2024-07-18 06:08:00,14.10695,14.10695,14.10695,14.10695,50600
OIL,2024-07-18 06:09:00,14.10695,14.10695,14.10695,14.10695,300
OIL,2024-07-18 06:10:00,14.2056,14.2056,14.10695,14.2056,14400
OIL,2024-07-18 06:11:00,14.2056,14.2056,14.2056,14.2056,3000
OIL,2024-07-18 06:12:00,14.2056,14.2056,14.2056,14.2056,21200
OIL,2024-07-18 06:13:00,14.2056,14.2056,14.2056,14.2056,800
OIL,2024-07-18 06:14:00,14.30425,14.30425,14.2056,14.2056,6900
OIL,2024-07-18 06:15:00,14.2056,14.30425,14.2056,14.30425,8500
OIL,2024-07-18 06:16:00,14.2056,14.2056,14.2056,14.2056,300
OIL,2024-07-18 06:17:00,14.30425,14.30425,14.30425,14.30425,400
OIL,2024-07-18 06:18:00,14.30425,14.30425,14.30425,14.30425,96000
OIL,2024-07-18 06:19:00,14.4029,14.4029,14.4029,14.4029,100
OIL,2024-07-18 06:20:00,14.4029,14.4029,14.4029,14.4029,15000
OIL,2024-07-18 06:21:00,14.4029,14.4029,14.4029,14.4029,25600
OIL,2024-07-18 06:22:00,14.4029,14.4029,14.4029,14.4029,37000
OIL,2024-07-18 06:23:00,14.4029,14.4029,14.4029,14.4029,100
OIL,2024-07-18 06:24:00,14.4029,14.50155,14.4029,14.4029,7200
OIL,2024-07-18 06:25:00,14.4029,14.4029,14.4029,14.4029,20600
OIL,2024-07-18 06:26:00,14.4029,14.4029,14.4029,14.4029,1900
OIL,2024-07-18 06:28:00,14.4029,14.4029,14.30425,14.30425,26100
OIL,2024-07-18 06:30:00,14.30425,14.30425,14.2056,14.2056,23800
OIL,2024-07-18 06:31:00,14.10695,14.10695,14.10695,14.10695,61400
OIL,2024-07-18 06:32:00,14.2056,14.2056,14.2056,14.2056,2500
OIL,2024-07-18 06:33:00,14.2056,14.30425,14.2056,14.30425,3400
OIL,2024-07-18 06:34:00,14.30425,14.30425,14.30425,14.30425,200
OIL,2024-07-18 06:35:00,14.30425,14.30425,14.30425,14.30425,2700
OIL,2024-07-18 06:36:00,14.2056,14.30425,14.2056,14.30425,2400
OIL,2024-07-18 06:37:00,14.30425,14.30425,14.30425,14.30425,100
OIL,2024-07-18 06:39:00,14.4029,14.4029,14.4029,14.4029,100
OIL,2024-07-18 06:40:00,14.4029,14.4029,14.4029,14.4029,2200
OIL,2024-07-18 06:41:00,14.4029,14.4029,14.4029,14.4029,2300
OIL,2024-07-18 06:42:00,14.30425,14.30425,14.2056,14.2056,59300
OIL,2024-07-18 06:43:00,14.30425,14.30425,14.30425,14.30425,30800
OIL,2024-07-18 06:44:00,14.2056,14.30425,14.2056,14.30425,500
OIL,2024-07-18 06:45:00,14.30425,14.30425,14.2056,14.2056,37300
OIL,2024-07-18 06:46:00,14.2056,14.2056,14.2056,14.2056,500
OIL,2024-07-18 06:47:00,14.2056,14.2056,14.2056,14.2056,6100
OIL,2024-07-18 06:48:00,14.2056,14.2056,14.10695,14.2056,9500
OIL,2024-07-18 06:49:00,14.2056,14.2056,14.2056,14.2056,5100
OIL,2024-07-18 06:50:00,14.2056,14.2056,14.2056,14.2056,20500
OIL,2024-07-18 06:51:00,14.2056,14.2056,14.2056,14.2056,15000
OIL,2024-07-18 06:52:00,14.30425,14.30425,14.2056,14.30425,22100
OIL,2024-07-18 06:53:00,14.30425,14.4029,14.30425,14.4029,16800
OIL,2024-07-18 06:54:00,14.30425,14.4029,14.30425,14.4029,900
OIL,2024-07-18 06:55:00,14.4029,14.4029,14.4029,14.4029,11900
OIL,2024-07-18 06:57:00,14.4029,14.4029,14.30425,14.30425,10200
OIL,2024-07-18 06:58:00,14.30425,14.30425,14.30425,14.30425,6600
OIL,2024-07-18 06:59:00,14.30425,14.30425,14.2056,14.2056,15100
OIL,2024-07-18 07:00:00,14.30425,14.30425,14.30425,14.30425,500
OIL,2024-07-18 07:01:00,14.30425,14.30425,14.2056,14.2056,20200
OIL,2024-07-18 07:02:00,14.2056,14.2056,14.2056,14.2056,14600
OIL,2024-07-18 07:03:00,14.2056,14.2056,14.2056,14.2056,50100
OIL,2024-07-18 07:04:00,14.10695,14.2056,14.10695,14.2056,60900
OIL,2024-07-18 07:05:00,14.30425,14.30425,14.30425,14.30425,5600
OIL,2024-07-18 07:06:00,14.30425,14.30425,14.30425,14.30425,11100
OIL,2024-07-18 07:07:00,14.30425,14.30425,14.30425,14.30425,1400
OIL,2024-07-18 07:09:00,14.30425,14.30425,14.30425,14.30425,16200
OIL,2024-07-18 07:10:00,14.30425,14.30425,14.30425,14.30425,1100
OIL,2024-07-18 07:11:00,14.2056,14.30425,14.2056,14.30425,36500
OIL,2024-07-18 07:13:00,14.4029,14.4029,14.30425,14.30425,3100
OIL,2024-07-18 07:14:00,14.30425,14.30425,14.30425,14.30425,6000
OIL,2024-07-18 07:15:00,14.4029,14.4029,14.4029,14.4029,60400
OIL,2024-07-18 07:16:00,14.4029,14.4029,14.4029,14.4029,900
OIL,2024-07-18 07:17:00,14.4029,14.4029,14.4029,14.4029,900
OIL,2024-07-18 07:18:00,14.4029,14.4029,14.4029,14.4029,6800
OIL,2024-07-18 07:19:00,14.4029,14.4029,14.4029,14.4029,17100
OIL,2024-07-18 07:20:00,14.4029,14.4029,14.4029,14.4029,300
OIL,2024-07-18 07:21:00,14.4029,14.50155,14.4029,14.50155,71900
OIL,2024-07-18 07:22:00,14.6002,14.6002,14.50155,14.6002,54500
OIL,2024-07-18 07:23:00,14.6002,14.6002,14.6002,14.6002,3200
OIL,2024-07-18 07:24:00,14.6002,14.6002,14.50155,14.6002,6800
OIL,2024-07-18 07:25:00,14.50155,14.6002,14.50155,14.6002,2000
OIL,2024-07-18 07:26:00,14.6002,14.6002,14.6002,14.6002,3000
OIL,2024-07-18 07:27:00,14.6002,14.6002,14.6002,14.6002,51100
OIL,2024-07-18 07:28:00,14.6002,14.69885,14.6002,14.69885,4000
OIL,2024-07-18 07:29:00,14.69885,14.69885,14.69885,14.69885,38400
OIL,2024-07-18 07:30:00,14.69885,14.69885,14.69885,14.69885,33500
OIL,2024-07-18 07:31:00,14.69885,14.69885,14.69885,14.69885,57800
OIL,2024-07-18 07:32:00,14.69885,14.69885,14.69885,14.69885,20700
OIL,2024-07-18 07:33:00,14.69885,14.69885,14.69885,14.69885,5000
OIL,2024-07-18 07:34:00,14.69885,14.69885,14.69885,14.69885,24900
OIL,2024-07-18 07:35:00,14.6002,14.6002,14.6002,14.6002,2000
OIL,2024-07-18 07:36:00,14.6002,14.6002,14.6002,14.6002,20000
OIL,2024-07-18 07:37:00,14.6002,14.6002,14.6002,14.6002,15500
OIL,2024-07-18 07:38:00,14.6002,14.6002,14.6002,14.6002,10100
OIL,2024-07-18 07:39:00,14.6002,14.6002,14.6002,14.6002,2100
OIL,2024-07-18 07:40:00,14.6002,14.6002,14.6002,14.6002,60000
OIL,2024-07-18 07:41:00,14.6002,14.6002,14.6002,14.6002,10100
OIL,2024-07-18 07:42:00,14.6002,14.6002,14.6002,14.6002,10000
OIL,2024-07-18 07:43:00,14.6002,14.6002,14.6002,14.6002,50000
OIL,2024-07-18 07:44:00,14.6002,14.69885,14.6002,14.69885,30500
OIL,2024-07-18 07:45:00,14.69885,14.69885,14.69885,14.69885,7700
OIL,2024-07-18 07:46:00,14.69885,14.69885,14.69885,14.69885,3100
OIL,2024-07-18 07:47:00,14.69885,14.69885,14.69885,14.69885,200
OIL,2024-07-18 07:48:00,14.7975,14.7975,14.7975,14.7975,2300
OIL,2024-07-18 07:49:00,14.7975,14.7975,14.7975,14.7975,1300
OIL,2024-07-18 07:50:00,14.69885,14.69885,14.69885,14.69885,11900
OIL,2024-07-18 07:51:00,14.69885,14.69885,14.69885,14.69885,200
OIL,2024-07-18 07:52:00,14.69885,14.69885,14.69885,14.69885,1700
OIL,2024-07-18 07:53:00,14.69885,14.69885,14.69885,14.69885,2400
OIL,2024-07-18 07:54:00,14.69885,14.69885,14.69885,14.69885,700
OIL,2024-07-18 07:55:00,14.69885,14.69885,14.6002,14.6002,2500
OIL,2024-07-18 07:56:00,14.6002,14.6002,14.6002,14.6002,12000
OIL,2024-07-18 07:57:00,14.69885,14.69885,14.69885,14.69885,12800
OIL,2024-07-18 07:58:00,14.69885,14.69885,14.69885,14.69885,16900
OIL,2024-07-18 07:59:00,14.69885,14.7975,14.69885,14.69885,1700
OIL,2024-07-19 02:00:00,14.89615,14.89615,14.6002,14.69885,3000
OIL,2024-07-19 02:01:00,14.69885,14.69885,14.69885,14.69885,400
OIL,2024-07-19 02:02:00,14.69885,14.69885,14.6002,14.6002,55000
OIL,2024-07-19 02:03:00,14.6002,14.69885,14.6002,14.69885,86200
OIL,2024-07-19 02:04:00,14.69885,14.69885,14.69885,14.69885,400
OIL,2024-07-19 02:07:00,14.69885,14.69885,14.69885,14.69885,400
OIL,2024-07-19 02:08:00,14.69885,14.69885,14.69885,14.69885,100
OIL,2024-07-19 02:09:00,14.69885,14.7975,14.69885,14.7975,1500
OIL,2024-07-19 02:10:00,14.69885,14.69885,14.69885,14.69885,4500
OIL,2024-07-19 02:11:00,14.69885,14.69885,14.69885,14.69885,700
OIL,2024-07-19 02:12:00,14.69885,14.69885,14.69885,14.69885,2000
OIL,2024-07-19 02:13:00,14.69885,14.69885,14.69885,14.69885,1700
OIL,2024-07-19 02:14:00,14.69885,14.69885,14.69885,14.69885,3700
OIL,2024-07-19 02:15:00,14.69885,14.69885,14.69885,14.69885,400
OIL,2024-07-19 02:16:00,14.69885,14.69885,14.69885,14.69885,11200
OIL,2024-07-19 02:17:00,14.69885,14.69885,14.6002,14.6002,22800
OIL,2024-07-19 02:18:00,14.6002,14.6002,14.6002,14.6002,100
OIL,2024-07-19 02:19:00,14.6002,14.6002,14.6002,14.6002,8000
OIL,2024-07-19 02:20:00,14.6002,14.6002,14.6002,14.6002,6000
OIL,2024-07-19 02:21:00,14.69885,14.69885,14.69885,14.69885,6600
OIL,2024-07-19 02:22:00,14.69885,14.69885,14.69885,14.69885,1900
OIL,2024-07-19 02:23:00,14.69885,14.69885,14.69885,14.69885,1000
OIL,2024-07-19 02:24:00,14.69885,14.69885,14.69885,14.69885,28400
OIL,2024-07-19 02:25:00,14.69885,14.69885,14.69885,14.69885,2100
OIL,2024-07-19 02:27:00,14.69885,14.69885,14.69885,14.69885,100
OIL,2024-07-19 02:28:00,14.69885,14.69885,14.69885,14.69885,17500
OIL,2024-07-19 02:29:00,14.69885,14.69885,14.69885,14.69885,4700
OIL,2024-07-19 02:30:00,14.69885,14.69885,14.69885,14.69885,1300
OIL,2024-07-19 02:31:00,14.6002,14.6002,14.6002,14.6002,2500
OIL,2024-07-19 02:32:00,14.6002,14.6002,14.6002,14.6002,40000
OIL,2024-07-19 02:33:00,14.6002,14.6002,14.6002,14.6002,2500
OIL,2024-07-19 02:34:00,14.6002,14.6002,14.6002,14.6002,5000
OIL,2024-07-19 02:36:00,14.6002,14.69885,14.6002,14.69885,30500
OIL,2024-07-19 02:37:00,14.69885,14.69885,14.69885,14.69885,2000
OIL,2024-07-19 02:38:00,14.69885,14.69885,14.69885,14.69885,3100
OIL,2024-07-19 02:39:00,14.69885,14.69885,14.69885,14.69885,100
OIL,2024-07-19 02:44:00,14.6002,14.6002,14.6002,14.6002,100
OIL,2024-07-19 02:45:00,14.6002,14.6002,14.6002,14.6002,2000
OIL,2024-07-19 02:47:00,14.6002,14.6002,14.6002,14.6002,400
OIL,2024-07-19 02:49:00,14.6002,14.69885,14.6002,14.69885,15500
OIL,2024-07-19 02:50:00,14.69885,14.69885,14.69885,14.69885,7800
OIL,2024-07-19 02:51:00,14.69885,14.69885,14.69885,14.69885,2000
OIL,2024-07-19 02:52:00,14.69885,14.69885,14.6002,14.6002,5500
OIL,2024-07-19 02:53:00,14.6002,14.6002,14.6002,14.6002,10000
OIL,2024-07-19 02:54:00,14.6002,14.6002,14.6002,14.6002,9000
OIL,2024-07-19 02:56:00,14.6002,14.6002,14.6002,14.6002,47000
OIL,2024-07-19 02:57:00,14.6002,14.6002,14.6002,14.6002,26000
OIL,2024-07-19 02:58:00,14.6002,14.6002,14.6002,14.6002,10100
OIL,2024-07-19 02:59:00,14.6002,14.6002,14.6002,14.6002,200
OIL,2024-07-19 03:00:00,14.6002,14.6002,14.6002,14.6002,2000
OIL,2024-07-19 03:02:00,14.6002,14.6002,14.6002,14.6002,3500
OIL,2024-07-19 03:03:00,14.6002,14.6002,14.6002,14.6002,1400
OIL,2024-07-19 03:04:00,14.6002,14.6002,14.6002,14.6002,200
OIL,2024-07-19 03:08:00,14.6002,14.6002,14.6002,14.6002,2600
OIL,2024-07-19 03:10:00,14.6002,14.6002,14.6002,14.6002,600
OIL,2024-07-19 03:11:00,14.6002,14.6002,14.6002,14.6002,1000
OIL,2024-07-19 03:13:00,14.6002,14.6002,14.6002,14.6002,34100
OIL,2024-07-19 03:15:00,14.6002,14.6002,14.6002,14.6002,17000
OIL,2024-07-19 03:16:00,14.6002,14.6002,14.6002,14.6002,100
OIL,2024-07-19 03:20:00,14.6002,14.6002,14.6002,14.6002,5000
OIL,2024-07-19 03:21:00,14.6002,14.6002,14.6002,14.6002,2400
OIL,2024-07-19 03:22:00,14.6002,14.6002,14.6002,14.6002,16400
OIL,2024-07-19 03:23:00,14.6002,14.6002,14.6002,14.6002,7700
OIL,2024-07-19 03:24:00,14.6002,14.6002,14.6002,14.6002,10700
OIL,2024-07-19 03:27:00,14.6002,14.6002,14.6002,14.6002,18500
OIL,2024-07-19 03:28:00,14.6002,14.6002,14.6002,14.6002,1500
OIL,2024-07-19 03:30:00,14.6002,14.6002,14.6002,14.6002,21100
OIL,2024-07-19 03:31:00,14.6002,14.6002,14.6002,14.6002,500
OIL,2024-07-19 03:32:00,14.6002,14.6002,14.6002,14.6002,700
OIL,2024-07-19 03:34:00,14.6002,14.6002,14.6002,14.6002,5500
OIL,2024-07-19 03:37:00,14.6002,14.6002,14.6002,14.6002,3600
OIL,2024-07-19 03:39:00,14.6002,14.6002,14.6002,14.6002,5000
OIL,2024-07-19 03:40:00,14.6002,14.6002,14.6002,14.6002,200
OIL,2024-07-19 03:41:00,14.6002,14.6002,14.6002,14.6002,8400
OIL,2024-07-19 03:42:00,14.6002,14.6002,14.6002,14.6002,400
OIL,2024-07-19 03:45:00,14.6002,14.6002,14.6002,14.6002,2200
OIL,2024-07-19 03:46:00,14.6002,14.6002,14.6002,14.6002,200
OIL,2024-07-19 03:48:00,14.6002,14.6002,14.6002,14.6002,28900
OIL,2024-07-19 03:49:00,14.6002,14.6002,14.6002,14.6002,1300
OIL,2024-07-19 03:50:00,14.6002,14.69885,14.6002,14.69885,12600
OIL,2024-07-19 03:51:00,14.6002,14.6002,14.6002,14.6002,2000
OIL,2024-07-19 03:52:00,14.69885,14.69885,14.69885,14.69885,11600
OIL,2024-07-19 03:54:00,14.69885,14.69885,14.69885,14.69885,11200
OIL,2024-07-19 03:55:00,14.6002,14.6002,14.6002,14.6002,1200
OIL,2024-07-19 03:56:00,14.6002,14.6002,14.6002,14.6002,1000
OIL,2024-07-19 03:57:00,14.6002,14.6002,14.50155,14.6002,76200
OIL,2024-07-19 03:58:00,14.6002,14.6002,14.6002,14.6002,18200
OIL,2024-07-19 03:59:00,14.6002,14.6002,14.6002,14.6002,300
OIL,2024-07-19 04:00:00,14.50155,14.50155,14.50155,14.50155,10400
OIL,2024-07-19 04:01:00,14.50155,14.50155,14.50155,14.50155,500
OIL,2024-07-19 04:03:00,14.50155,14.50155,14.50155,14.50155,100
OIL,2024-07-19 04:05:00,14.6002,14.6002,14.6002,14.6002,1000
OIL,2024-07-19 04:06:00,14.6002,14.6002,14.6002,14.6002,500
OIL,2024-07-19 04:07:00,14.50155,14.50155,14.50155,14.50155,20000
OIL,2024-07-19 04:09:00,14.50155,14.6002,14.50155,14.6002,3300
OIL,2024-07-19 04:10:00,14.50155,14.6002,14.50155,14.6002,5700
OIL,2024-07-19 04:11:00,14.50155,14.50155,14.50155,14.50155,15500
OIL,2024-07-19 04:12:00,14.50155,14.50155,14.50155,14.50155,300
OIL,2024-07-19 04:14:00,14.4029,14.4029,14.4029,14.4029,1000
OIL,2024-07-19 04:15:00,14.4029,14.4029,14.4029,14.4029,4100
OIL,2024-07-19 04:16:00,14.50155,14.50155,14.50155,14.50155,500
OIL,2024-07-19 04:18:00,14.50155,14.50155,14.50155,14.50155,5000
OIL,2024-07-19 04:20:00,14.50155,14.50155,14.50155,14.50155,6000
OIL,2024-07-19 04:21:00,14.50155,14.50155,14.50155,14.50155,2000
OIL,2024-07-19 04:25:00,14.50155,14.50155,14.50155,14.50155,9500
OIL,2024-07-19 04:26:00,14.50155,14.50155,14.50155,14.50155,43200
OIL,2024-07-19 04:27:00,14.50155,14.50155,14.50155,14.50155,5000
OIL,2024-07-19 04:28:00,14.50155,14.50155,14.50155,14.50155,600
OIL,2024-07-19 04:29:00,14.50155,14.50155,14.50155,14.50155,400
OIL,2024-07-19 06:00:00,14.50155,14.50155,14.4029,14.4029,1300
OIL,2024-07-19 06:01:00,14.4029,14.4029,14.4029,14.4029,400
OIL,2024-07-19 06:02:00,14.4029,14.4029,14.4029,14.4029,3700
OIL,2024-07-19 06:03:00,14.4029,14.4029,14.4029,14.4029,32000
OIL,2024-07-19 06:04:00,14.4029,14.4029,14.4029,14.4029,1100
OIL,2024-07-19 06:06:00,14.4029,14.50155,14.4029,14.50155,5100
OIL,2024-07-19 06:07:00,14.50155,14.50155,14.4029,14.4029,19300
OIL,2024-07-19 06:08:00,14.50155,14.50155,14.50155,14.50155,300
OIL,2024-07-19 06:09:00,14.50155,14.50155,14.50155,14.50155,11000
OIL,2024-07-19 06:10:00,14.50155,14.50155,14.50155,14.50155,1200
OIL,2024-07-19 06:11:00,14.50155,14.50155,14.50155,14.50155,2900
OIL,2024-07-19 06:12:00,14.50155,14.50155,14.50155,14.50155,11900
OIL,2024-07-19 06:13:00,14.50155,14.50155,14.50155,14.50155,6800
OIL,2024-07-19 06:15:00,14.50155,14.50155,14.50155,14.50155,500
OIL,2024-07-19 06:16:00,14.50155,14.50155,14.4029,14.4029,1700
OIL,2024-07-19 06:18:00,14.4029,14.50155,14.4029,14.50155,84700
OIL,2024-07-19 06:19:00,14.4029,14.4029,14.4029,14.4029,2700
OIL,2024-07-19 06:20:00,14.50155,14.50155,14.50155,14.50155,200
OIL,2024-07-19 06:21:00,14.50155,14.50155,14.4029,14.50155,7100
OIL,2024-07-19 06:22:00,14.50155,14.50155,14.50155,14.50155,5800
OIL,2024-07-19 06:23:00,14.50155,14.50155,14.50155,14.50155,5200
OIL,2024-07-19 06:24:00,14.50155,14.50155,14.50155,14.50155,2500
OIL,2024-07-19 06:25:00,14.50155,14.50155,14.4029,14.4029,700
OIL,2024-07-19 06:26:00,14.50155,14.50155,14.50155,14.50155,3000
OIL,2024-07-19 06:27:00,14.50155,14.50155,14.50155,14.50155,5800
OIL,2024-07-19 06:28:00,14.50155,14.50155,14.50155,14.50155,6600
OIL,2024-07-19 06:29:00,14.50155,14.50155,14.50155,14.50155,3000
OIL,2024-07-19 06:30:00,14.50155,14.50155,14.50155,14.50155,1100
OIL,2024-07-19 06:31:00,14.50155,14.50155,14.50155,14.50155,2200
OIL,2024-07-19 06:32:00,14.50155,14.50155,14.50155,14.50155,2100
OIL,2024-07-19 06:33:00,14.50155,14.50155,14.50155,14.50155,1000
OIL,2024-07-19 06:35:00,14.50155,14.50155,14.50155,14.50155,2500
OIL,2024-07-19 06:37:00,14.50155,14.50155,14.50155,14.50155,3000
OIL,2024-07-19 06:38:00,14.50155,14.50155,14.50155,14.50155,15100
OIL,2024-07-19 06:39:00,14.50155,14.50155,14.50155,14.50155,2800
OIL,2024-07-19 06:40:00,14.50155,14.50155,14.50155,14.50155,200
OIL,2024-07-19 06:41:00,14.50155,14.50155,14.50155,14.50155,2900
OIL,2024-07-19 06:42:00,14.50155,14.50155,14.50155,14.50155,3000
OIL,2024-07-19 06:43:00,14.50155,14.50155,14.50155,14.50155,35000
OIL,2024-07-19 06:44:00,14.50155,14.50155,14.50155,14.50155,2100
OIL,2024-07-19 06:45:00,14.50155,14.50155,14.50155,14.50155,100
OIL,2024-07-19 06:46:00,14.50155,14.50155,14.50155,14.50155,39000
OIL,2024-07-19 06:47:00,14.50155,14.50155,14.50155,14.50155,900
OIL,2024-07-19 06:49:00,14.50155,14.50155,14.50155,14.50155,34200
OIL,2024-07-19 06:51:00,14.50155,14.50155,14.50155,14.50155,29900
OIL,2024-07-19 06:52:00,14.50155,14.50155,14.50155,14.50155,2000
OIL,2024-07-19 06:53:00,14.50155,14.50155,14.50155,14.50155,100
OIL,2024-07-19 06:54:00,14.6002,14.6002,14.50155,14.6002,2200
OIL,2024-07-19 06:55:00,14.50155,14.50155,14.50155,14.50155,3000
OIL,2024-07-19 06:56:00,14.50155,14.50155,14.50155,14.50155,1000
OIL,2024-07-19 06:58:00,14.50155,14.50155,14.50155,14.50155,19000
OIL,2024-07-19 06:59:00,14.50155,14.50155,14.50155,14.50155,2600
OIL,2024-07-19 07:00:00,14.50155,14.50155,14.50155,14.50155,300
OIL,2024-07-19 07:01:00,14.50155,14.50155,14.50155,14.50155,100
OIL,2024-07-19 07:03:00,14.6002,14.6002,14.6002,14.6002,2000
OIL,2024-07-19 07:04:00,14.50155,14.50155,14.50155,14.50155,2200
OIL,2024-07-19 07:05:00,14.6002,14.6002,14.6002,14.6002,400
OIL,2024-07-19 07:07:00,14.50155,14.50155,14.50155,14.50155,500
OIL,2024-07-19 07:08:00,14.50155,14.50155,14.50155,14.50155,5600
OIL,2024-07-19 07:09:00,14.50155,14.6002,14.50155,14.6002,4900
OIL,2024-07-19 07:10:00,14.50155,14.50155,14.50155,14.50155,11400
OIL,2024-07-19 07:11:00,14.50155,14.50155,14.4029,14.4029,14500
OIL,2024-07-19 07:12:00,14.4029,14.4029,14.4029,14.4029,34300
OIL,2024-07-19 07:13:00,14.4029,14.4029,14.4029,14.4029,7200
OIL,2024-07-19 07:14:00,14.4029,14.50155,14.4029,14.50155,12800
OIL,2024-07-19 07:15:00,14.50155,14.50155,14.50155,14.50155,700
OIL,2024-07-19 07:16:00,14.50155,14.50155,14.50155,14.50155,9000
OIL,2024-07-19 07:17:00,14.50155,14.50155,14.50155,14.50155,10600
OIL,2024-07-19 07:18:00,14.50155,14.50155,14.4029,14.50155,5800
OIL,2024-07-19 07:19:00,14.50155,14.50155,14.50155,14.50155,3000
OIL,2024-07-19 07:20:00,14.50155,14.50155,14.50155,14.50155,9000
OIL,2024-07-19 07:21:00,14.50155,14.50155,14.50155,14.50155,100
OIL,2024-07-19 07:22:00,14.50155,14.50155,14.50155,14.50155,22800
OIL,2024-07-19 07:23:00,14.50155,14.50155,14.4029,14.4029,300
OIL,2024-07-19 07:25:00,14.50155,14.50155,14.4029,14.4029,33100
OIL,2024-07-19 07:26:00,14.4029,14.50155,14.4029,14.50155,5800
OIL,2024-07-19 07:27:00,14.50155,14.50155,14.50155,14.50155,4100
OIL,2024-07-19 07:28:00,14.50155,14.50155,14.50155,14.50155,3600
OIL,2024-07-19 07:29:00,14.50155,14.50155,14.4029,14.4029,2500
OIL,2024-07-19 07:32:00,14.50155,14.50155,14.50155,14.50155,1500
OIL,2024-07-19 07:33:00,14.50155,14.50155,14.4029,14.4029,25100
OIL,2024-07-19 07:35:00,14.50155,14.50155,14.50155,14.50155,15100
OIL,2024-07-19 07:36:00,14.50155,14.50155,14.50155,14.50155,4900
OIL,2024-07-19 07:40:00,14.50155,14.50155,14.50155,14.50155,25700
OIL,2024-07-19 07:41:00,14.50155,14.50155,14.50155,14.50155,1100
OIL,2024-07-19 07:43:00,14.50155,14.50155,14.50155,14.50155,11000
OIL,2024-07-19 07:45:00,14.50155,14.50155,14.50155,14.50155,5400
OIL,2024-07-19 07:47:00,14.50155,14.50155,14.50155,14.50155,10000
OIL,2024-07-19 07:50:00,14.50155,14.50155,14.50155,14.50155,20100
OIL,2024-07-19 07:51:00,14.50155,14.50155,14.50155,14.50155,300
OIL,2024-07-19 07:54:00,14.6002,14.6002,14.6002,14.6002,2900
OIL,2024-07-19 07:56:00,14.50155,14.50155,14.50155,14.50155,6900
OIL,2024-07-19 07:57:00,14.50155,14.6002,14.50155,14.50155,11300
OIL,2024-07-19 07:58:00,14.50155,14.50155,14.50155,14.50155,20900
OIL,2024-07-19 07:59:00,14.50155,14.50155,14.50155,14.50155,600
OIL,2024-07-22 02:00:00,14.50155,14.50155,14.4029,14.50155,10700
OIL,2024-07-22 02:04:00,14.6002,14.6002,14.6002,14.6002,13500
OIL,2024-07-22 02:10:00,14.50155,14.50155,14.50155,14.50155,1000
OIL,2024-07-22 02:12:00,14.50155,14.50155,14.50155,14.50155,100
OIL,2024-07-22 02:15:00,14.4029,14.4029,14.4029,14.4029,2000
OIL,2024-07-22 02:16:00,14.4029,14.4029,14.2056,14.2056,700
OIL,2024-07-22 02:17:00,14.0083,14.0083,13.811,13.811,130100
OIL,2024-07-22 02:18:00,13.811,13.811,13.811,13.811,11800
OIL,2024-07-22 02:19:00,13.811,14.0083,13.811,14.0083,7600
OIL,2024-07-22 02:20:00,13.90965,14.0083,13.90965,13.90965,10400
OIL,2024-07-22 02:22:00,13.90965,14.0083,13.90965,14.0083,39500
OIL,2024-07-22 02:23:00,13.90965,14.0083,13.90965,14.0083,22500
OIL,2024-07-22 02:24:00,14.0083,14.2056,14.0083,14.2056,6800
OIL,2024-07-22 02:25:00,14.2056,14.2056,14.2056,14.2056,3100
OIL,2024-07-22 02:26:00,14.2056,14.2056,14.2056,14.2056,2300
OIL,2024-07-22 02:27:00,14.2056,14.2056,14.2056,14.2056,100
OIL,2024-07-22 02:28:00,14.2056,14.2056,14.2056,14.2056,7300
OIL,2024-07-22 02:29:00,14.2056,14.2056,14.2056,14.2056,700
OIL,2024-07-22 02:30:00,14.2056,14.2056,14.2056,14.2056,3700
OIL,2024-07-22 02:31:00,14.2056,14.2056,14.2056,14.2056,3000
OIL,2024-07-22 02:32:00,14.2056,14.2056,14.2056,14.2056,700
OIL,2024-07-22 02:33:00,14.2056,14.2056,14.10695,14.10695,20400
OIL,2024-07-22 02:35:00,14.10695,14.10695,14.10695,14.10695,1000
OIL,2024-07-22 02:36:00,14.10695,14.10695,14.10695,14.10695,22400
OIL,2024-07-22 02:37:00,14.10695,14.10695,14.10695,14.10695,6600
OIL,2024-07-22 02:38:00,14.10695,14.10695,14.10695,14.10695,9900
OIL,2024-07-22 02:39:00,14.10695,14.10695,14.10695,14.10695,2000
OIL,2024-07-22 02:40:00,14.10695,14.10695,14.10695,14.10695,6100
OIL,2024-07-22 02:42:00,14.2056,14.2056,14.10695,14.2056,7500
OIL,2024-07-22 02:43:00,14.10695,14.2056,14.10695,14.2056,8300
OIL,2024-07-22 02:45:00,14.2056,14.2056,14.2056,14.2056,800
OIL,2024-07-22 02:46:00,14.2056,14.2056,14.10695,14.10695,2300
OIL,2024-07-22 02:48:00,14.2056,14.2056,14.2056,14.2056,3000
OIL,2024-07-22 02:49:00,14.2056,14.2056,14.2056,14.2056,2000
OIL,2024-07-22 02:51:00,14.2056,14.2056,14.2056,14.2056,700
OIL,2024-07-22 02:52:00,14.2056,14.2056,14.10695,14.10695,12500
OIL,2024-07-22 02:53:00,14.2056,14.2056,14.10695,14.10695,7500
OIL,2024-07-22 02:54:00,14.2056,14.2056,14.2056,14.2056,35400
OIL,2024-07-22 02:55:00,14.2056,14.2056,14.10695,14.2056,7000
OIL,2024-07-22 02:56:00,14.2056,14.2056,14.2056,14.2056,6200
OIL,2024-07-22 02:57:00,14.10695,14.10695,14.10695,14.10695,300
OIL,2024-07-22 02:58:00,14.2056,14.2056,14.2056,14.2056,9000
OIL,2024-07-22 02:59:00,14.2056,14.2056,14.2056,14.2056,20700
OIL,2024-07-22 03:00:00,14.30425,14.30425,14.30425,14.30425,10000
OIL,2024-07-22 03:01:00,14.30425,14.30425,14.30425,14.30425,1400
OIL,2024-07-22 03:02:00,14.30425,14.30425,14.30425,14.30425,100
OIL,2024-07-22 03:03:00,14.30425,14.30425,14.10695,14.30425,43700
OIL,2024-07-22 03:05:00,14.30425,14.30425,14.2056,14.2056,5500
OIL,2024-07-22 03:08:00,14.2056,14.2056,14.2056,14.2056,28400
OIL,2024-07-22 03:09:00,14.2056,14.2056,14.2056,14.2056,3000
OIL,2024-07-22 03:10:00,14.10695,14.10695,14.10695,14.10695,800
OIL,2024-07-22 03:12:00,14.2056,14.2056,14.2056,14.2056,7000
OIL,2024-07-22 03:13:00,14.2056,14.2056,14.2056,14.2056,5000
OIL,2024-07-22 03:14:00,14.2056,14.2056,14.2056,14.2056,20200
OIL,2024-07-22 03:18:00,14.2056,14.2056,14.2056,14.2056,34500
OIL,2024-07-22 03:19:00,14.2056,14.2056,14.2056,14.2056,1500
OIL,2024-07-22 03:20:00,14.2056,14.2056,14.2056,14.2056,7000
OIL,2024-07-22 03:21:00,14.2056,14.2056,14.2056,14.2056,200
OIL,2024-07-22 03:22:00,14.2056,14.2056,14.2056,14.2056,12200
OIL,2024-07-22 03:23:00,14.2056,14.2056,14.2056,14.2056,600
OIL,2024-07-22 03:24:00,14.2056,14.2056,14.10695,14.10695,26400
OIL,2024-07-22 03:25:00,14.2056,14.2056,14.2056,14.2056,20000
OIL,2024-07-22 03:26:00,14.10695,14.2056,14.10695,14.2056,9500
OIL,2024-07-22 03:27:00,14.10695,14.10695,14.10695,14.10695,56800
OIL,2024-07-22 03:28:00,14.10695,14.10695,14.10695,14.10695,27700
OIL,2024-07-22 03:29:00,14.0083,14.0083,14.0083,14.0083,4700
OIL,2024-07-22 03:30:00,14.0083,14.0083,14.0083,14.0083,10700
OIL,2024-07-22 03:31:00,14.0083,14.0083,14.0083,14.0083,12800
OIL,2024-07-22 03:32:00,14.10695,14.10695,14.10695,14.10695,23200
OIL,2024-07-22 03:33:00,14.10695,14.10695,14.10695,14.10695,9800
OIL,2024-07-22 03:34:00,14.10695,14.10695,14.10695,14.10695,100
OIL,2024-07-22 03:37:00,14.10695,14.10695,14.10695,14.10695,300
OIL,2024-07-22 03:38:00,14.10695,14.10695,14.10695,14.10695,700
OIL,2024-07-22 03:39:00,14.10695,14.10695,14.0083,14.0083,41200
OIL,2024-07-22 03:40:00,14.0083,14.0083,14.0083,14.0083,500
OIL,2024-07-22 03:41:00,14.0083,14.0083,14.0083,14.0083,1300
OIL,2024-07-22 03:42:00,14.0083,14.0083,14.0083,14.0083,10400
OIL,2024-07-22 03:43:00,14.0083,14.0083,14.0083,14.0083,300
OIL,2024-07-22 03:44:00,14.0083,14.0083,14.0083,14.0083,25500
OIL,2024-07-22 03:48:00,14.10695,14.10695,14.10695,14.10695,1000
OIL,2024-07-22 03:52:00,14.0083,14.0083,14.0083,14.0083,2200
OIL,2024-07-22 03:53:00,14.0083,14.0083,14.0083,14.0083,25300
OIL,2024-07-22 03:54:00,14.0083,14.0083,14.0083,14.0083,2100
OIL,2024-07-22 03:55:00,13.90965,13.90965,13.90965,13.90965,3000
OIL,2024-07-22 03:56:00,13.90965,13.90965,13.811,13.811,73400
OIL,2024-07-22 03:57:00,13.811,13.811,13.6137,13.71235,167600
OIL,2024-07-22 03:58:00,13.71235,13.71235,13.6137,13.6137,23600
OIL,2024-07-22 03:59:00,13.6137,13.6137,13.51505,13.51505,24100
OIL,2024-07-22 04:00:00,13.51505,13.811,13.51505,13.811,58200
OIL,2024-07-22 04:01:00,13.811,13.811,13.811,13.811,36700
OIL,2024-07-22 04:02:00,13.90965,13.90965,13.811,13.90965,45600
OIL,2024-07-22 04:03:00,13.90965,13.90965,13.90965,13.90965,2900
OIL,2024-07-22 04:04:00,13.90965,14.0083,13.90965,14.0083,700
OIL,2024-07-22 04:05:00,13.90965,14.0083,13.90965,14.0083,1600
OIL,2024-07-22 04:07:00,14.0083,14.0083,14.0083,14.0083,22300
OIL,2024-07-22 04:08:00,14.0083,14.0083,14.0083,14.0083,200
OIL,2024-07-22 04:09:00,14.0083,14.0083,14.0083,14.0083,7300
OIL,2024-07-22 04:10:00,14.0083,14.10695,14.0083,14.10695,13000
OIL,2024-07-22 04:11:00,14.0083,14.0083,14.0083,14.0083,32100
OIL,2024-07-22 04:12:00,14.0083,14.0083,14.0083,14.0083,5700
OIL,2024-07-22 04:13:00,13.90965,13.90965,13.811,13.811,32100
OIL,2024-07-22 04:14:00,13.811,13.811,13.811,13.811,5200
OIL,2024-07-22 04:15:00,13.811,13.811,13.811,13.811,19000
OIL,2024-07-22 04:16:00,13.811,13.90965,13.811,13.90965,2900
OIL,2024-07-22 04:18:00,13.811,13.811,13.811,13.811,4100
OIL,2024-07-22 04:19:00,13.811,13.811,13.811,13.811,8000
OIL,2024-07-22 04:20:00,13.811,13.811,13.811,13.811,16900
OIL,2024-07-22 04:21:00,13.811,13.811,13.71235,13.71235,7600
OIL,2024-07-22 04:22:00,13.71235,13.71235,13.71235,13.71235,5700
OIL,2024-07-22 04:23:00,13.71235,13.811,13.6137,13.811,29700
OIL,2024-07-22 04:24:00,13.6137,13.6137,13.6137,13.6137,3200
OIL,2024-07-22 04:25:00,13.6137,13.6137,13.6137,13.6137,48400
OIL,2024-07-22 04:26:00,13.6137,13.6137,13.51505,13.6137,8800
OIL,2024-07-22 04:27:00,13.6137,13.6137,13.6137,13.6137,12800
OIL,2024-07-22 04:28:00,13.6137,13.6137,13.6137,13.6137,500
OIL,2024-07-22 04:29:00,13.6137,13.6137,13.6137,13.6137,400
OIL,2024-07-22 04:30:00,13.6137,13.6137,13.6137,13.6137,7500
OIL,2024-07-22 06:00:00,13.6137,13.6137,13.51505,13.51505,35500
OIL,2024-07-22 06:01:00,13.51505,13.51505,13.51505,13.51505,29000
OIL,2024-07-22 06:02:00,13.4164,13.51505,13.4164,13.51505,8500
OIL,2024-07-22 06:03:00,13.51505,13.51505,13.51505,13.51505,11100
OIL,2024-07-22 06:04:00,13.51505,13.51505,13.51505,13.51505,1400
OIL,2024-07-22 06:05:00,13.51505,13.51505,13.51505,13.51505,79400
OIL,2024-07-22 06:06:00,13.51505,13.51505,13.51505,13.51505,10800
OIL,2024-07-22 06:07:00,13.51505,13.6137,13.4164,13.4164,64000
OIL,2024-07-22 06:08:00,13.6137,13.6137,13.6137,13.6137,17600
OIL,2024-07-22 06:09:00,13.71235,13.71235,13.6137,13.71235,21600
OIL,2024-07-22 06:10:00,13.71235,13.71235,13.6137,13.71235,9200
OIL,2024-07-22 06:11:00,13.71235,13.71235,13.71235,13.71235,1300
OIL,2024-07-22 06:12:00,13.71235,13.71235,13.6137,13.6137,27100
OIL,2024-07-22 06:13:00,13.6137,13.71235,13.6137,13.71235,46200
OIL,2024-07-22 06:14:00,13.6137,13.6137,13.6137,13.6137,4900
OIL,2024-07-22 06:15:00,13.6137,13.6137,13.6137,13.6137,4600
OIL,2024-07-22 06:16:00,13.6137,13.6137,13.6137,13.6137,1300
OIL,2024-07-22 06:17:00,13.6137,13.6137,13.6137,13.6137,11600
OIL,2024-07-22 06:19:00,13.6137,13.6137,13.6137,13.6137,3500
OIL,2024-07-22 06:20:00,13.51505,13.51505,13.51505,13.51505,8700
OIL,2024-07-22 06:21:00,13.6137,13.6137,13.51505,13.51505,16900
OIL,2024-07-22 06:22:00,13.51505,13.51505,13.51505,13.51505,23900
OIL,2024-07-22 06:23:00,13.51505,13.51505,13.51505,13.51505,16100
OIL,2024-07-22 06:25:00,13.4164,13.4164,13.4164,13.4164,1700
OIL,2024-07-22 06:26:00,13.51505,13.51505,13.4164,13.51505,58000
OIL,2024-07-22 06:27:00,13.51505,13.6137,13.51505,13.6137,6400
OIL,2024-07-22 06:28:00,13.6137,13.6137,13.51505,13.51505,5300
OIL,2024-07-22 06:29:00,13.6137,13.6137,13.6137,13.6137,500
OIL,2024-07-22 06:30:00,13.6137,13.6137,13.6137,13.6137,300
OIL,2024-07-22 06:31:00,13.6137,13.6137,13.6137,13.6137,7000
OIL,2024-07-22 06:32:00,13.6137,13.6137,13.6137,13.6137,19600
OIL,2024-07-22 06:34:00,13.6137,13.6137,13.6137,13.6137,15900
OIL,2024-07-22 06:35:00,13.6137,13.6137,13.6137,13.6137,8600
OIL,2024-07-22 06:36:00,13.6137,13.6137,13.6137,13.6137,11600
OIL,2024-07-22 06:37:00,13.6137,13.6137,13.6137,13.6137,6200
OIL,2024-07-22 06:38:00,13.6137,13.6137,13.6137,13.6137,500
OIL,2024-07-22 06:39:00,13.6137,13.6137,13.6137,13.6137,3100
OIL,2024-07-22 06:40:00,13.6137,13.6137,13.6137,13.6137,10600
OIL,2024-07-22 06:41:00,13.6137,13.6137,13.6137,13.6137,2900
OIL,2024-07-22 06:42:00,13.6137,13.6137,13.6137,13.6137,2900
OIL,2024-07-22 06:43:00,13.6137,13.6137,13.6137,13.6137,25900
OIL,2024-07-22 06:44:00,13.71235,13.71235,13.6137,13.6137,10200
OIL,2024-07-22 06:45:00,13.6137,13.6137,13.6137,13.6137,900
OIL,2024-07-22 06:46:00,13.6137,13.71235,13.6137,13.71235,7900
OIL,2024-07-22 06:47:00,13.6137,13.71235,13.6137,13.6137,4700
OIL,2024-07-22 06:48:00,13.71235,13.71235,13.71235,13.71235,9400
OIL,2024-07-22 06:49:00,13.71235,13.71235,13.71235,13.71235,500
OIL,2024-07-22 06:52:00,13.71235,13.71235,13.71235,13.71235,400
OIL,2024-07-22 06:53:00,13.71235,13.71235,13.6137,13.6137,2600
OIL,2024-07-22 06:54:00,13.71235,13.71235,13.71235,13.71235,500
OIL,2024-07-22 06:56:00,13.71235,13.71235,13.71235,13.71235,100
OIL,2024-07-22 06:57:00,13.71235,13.71235,13.71235,13.71235,200
OIL,2024-07-22 06:58:00,13.6137,13.6137,13.6137,13.6137,5000
OIL,2024-07-22 06:59:00,13.6137,13.6137,13.6137,13.6137,2100
OIL,2024-07-22 07:00:00,13.6137,13.6137,13.6137,13.6137,200
OIL,2024-07-22 07:01:00,13.6137,13.6137,13.6137,13.6137,10000
OIL,2024-07-22 07:02:00,13.6137,13.6137,13.6137,13.6137,1000
OIL,2024-07-22 07:03:00,13.6137,13.6137,13.6137,13.6137,15100
OIL,2024-07-22 07:04:00,13.6137,13.71235,13.6137,13.71235,1000
OIL,2024-07-22 07:05:00,13.71235,13.71235,13.71235,13.71235,500
OIL,2024-07-22 07:06:00,13.71235,13.71235,13.71235,13.71235,1000
OIL,2024-07-22 07:08:00,13.71235,13.71235,13.71235,13.71235,1000
OIL,2024-07-22 07:09:00,13.71235,13.71235,13.71235,13.71235,200
OIL,2024-07-22 07:11:00,13.71235,13.71235,13.71235,13.71235,3600
OIL,2024-07-22 07:12:00,13.71235,13.71235,13.71235,13.71235,200
OIL,2024-07-22 07:13:00,13.71235,13.71235,13.71235,13.71235,81800
OIL,2024-07-22 07:16:00,13.71235,13.71235,13.71235,13.71235,4700
OIL,2024-07-22 07:17:00,13.71235,13.811,13.71235,13.811,13800
OIL,2024-07-22 07:18:00,13.811,13.811,13.811,13.811,15000
OIL,2024-07-22 07:19:00,13.811,13.811,13.811,13.811,21700
OIL,2024-07-22 07:20:00,13.811,13.811,13.811,13.811,60100
OIL,2024-07-22 07:21:00,13.811,13.811,13.811,13.811,46000
OIL,2024-07-22 07:22:00,13.811,13.811,13.811,13.811,10200
OIL,2024-07-22 07:23:00,13.811,13.811,13.811,13.811,5500
OIL,2024-07-22 07:24:00,13.811,13.811,13.811,13.811,10200
OIL,2024-07-22 07:25:00,13.811,13.811,13.71235,13.71235,77100
OIL,2024-07-22 07:26:00,13.71235,13.71235,13.71235,13.71235,9000
OIL,2024-07-22 07:27:00,13.71235,13.811,13.71235,13.71235,7200
OIL,2024-07-22 07:28:00,13.71235,13.71235,13.71235,13.71235,5400
OIL,2024-07-22 07:29:00,13.6137,13.71235,13.6137,13.71235,22900
OIL,2024-07-22 07:30:00,13.6137,13.6137,13.6137,13.6137,100600
OIL,2024-07-22 07:31:00,13.6137,13.6137,13.6137,13.6137,2800
OIL,2024-07-22 07:32:00,13.6137,13.6137,13.6137,13.6137,6900
OIL,2024-07-22 07:34:00,13.6137,13.71235,13.6137,13.6137,1100
OIL,2024-07-22 07:35:00,13.6137,13.6137,13.51505,13.51505,4800
OIL,2024-07-22 07:36:00,13.51505,13.51505,13.51505,13.51505,23000
OIL,2024-07-22 07:37:00,13.51505,13.51505,13.51505,13.51505,12000
OIL,2024-07-22 07:38:00,13.6137,13.6137,13.6137,13.6137,1800
OIL,2024-07-22 07:39:00,13.6137,13.6137,13.6137,13.6137,2000
OIL,2024-07-22 07:41:00,13.6137,13.6137,13.6137,13.6137,11200
OIL,2024-07-22 07:44:00,13.6137,13.6137,13.51505,13.6137,6800
OIL,2024-07-22 07:45:00,13.6137,13.6137,13.6137,13.6137,700
OIL,2024-07-22 07:46:00,13.51505,13.51505,13.51505,13.51505,15000
OIL,2024-07-22 07:47:00,13.6137,13.6137,13.6137,13.6137,3500
OIL,2024-07-22 07:48:00,13.6137,13.6137,13.6137,13.6137,1600
OIL,2024-07-22 07:49:00,13.6137,13.6137,13.6137,13.6137,2000
OIL,2024-07-22 07:50:00,13.6137,13.6137,13.6137,13.6137,100
OIL,2024-07-22 07:51:00,13.6137,13.6137,13.6137,13.6137,4800
OIL,2024-07-22 07:52:00,13.6137,13.6137,13.6137,13.6137,2100
OIL,2024-07-22 07:53:00,13.6137,13.6137,13.6137,13.6137,300
OIL,2024-07-22 07:54:00,13.6137,13.6137,13.6137,13.6137,100
OIL,2024-07-22 07:56:00,13.6137,13.6137,13.6137,13.6137,2000
OIL,2024-07-22 07:57:00,13.6137,13.6137,13.6137,13.6137,1300
OIL,2024-07-22 07:58:00,13.6137,13.6137,13.6137,13.6137,5300
OIL,2024-07-22 07:59:00,13.6137,13.6137,13.51505,13.51505,10500
OIL,2024-07-23 02:00:00,13.51505,13.51505,13.51505,13.51505,1900
OIL,2024-07-23 02:01:00,13.811,13.811,13.811,13.811,200
OIL,2024-07-23 02:03:00,13.811,13.811,13.811,13.811,100
OIL,2024-07-23 02:07:00,13.71235,13.71235,13.71235,13.71235,400
OIL,2024-07-23 02:08:00,13.71235,13.71235,13.71235,13.71235,4000
OIL,2024-07-23 02:09:00,13.6137,13.6137,13.6137,13.6137,11400
OIL,2024-07-23 02:10:00,13.6137,13.6137,13.6137,13.6137,5200
OIL,2024-07-23 02:11:00,13.6137,13.6137,13.6137,13.6137,1000
OIL,2024-07-23 02:15:00,13.71235,13.71235,13.71235,13.71235,1000
OIL,2024-07-23 02:16:00,13.71235,13.71235,13.71235,13.71235,800
OIL,2024-07-23 02:17:00,13.71235,13.71235,13.71235,13.71235,100
OIL,2024-07-23 02:18:00,13.71235,13.71235,13.71235,13.71235,2200
OIL,2024-07-23 02:19:00,13.71235,13.71235,13.71235,13.71235,2000
OIL,2024-07-23 02:20:00,13.71235,13.71235,13.71235,13.71235,4800
OIL,2024-07-23 02:21:00,13.71235,13.71235,13.71235,13.71235,2000
OIL,2024-07-23 02:22:00,13.71235,13.71235,13.71235,13.71235,300
OIL,2024-07-23 02:23:00,13.71235,13.71235,13.71235,13.71235,400
OIL,2024-07-23 02:24:00,13.71235,13.71235,13.71235,13.71235,3000
OIL,2024-07-23 02:25:00,13.71235,13.71235,13.71235,13.71235,1600
OIL,2024-07-23 02:26:00,13.71235,13.71235,13.71235,13.71235,1100
OIL,2024-07-23 02:30:00,13.71235,13.71235,13.71235,13.71235,500
OIL,2024-07-23 02:31:00,13.71235,13.71235,13.71235,13.71235,700
OIL,2024-07-23 02:32:00,13.6137,13.6137,13.6137,13.6137,500
OIL,2024-07-23 02:34:00,13.6137,13.6137,13.51505,13.6137,114600
OIL,2024-07-23 02:35:00,13.51505,13.51505,13.51505,13.51505,6300
OIL,2024-07-23 02:36:00,13.51505,13.51505,13.51505,13.51505,9700
OIL,2024-07-23 02:37:00,13.51505,13.51505,13.4164,13.4164,40100
OIL,2024-07-23 02:38:00,13.4164,13.4164,13.4164,13.4164,200
OIL,2024-07-23 02:39:00,13.4164,13.4164,13.4164,13.4164,1800
OIL,2024-07-23 02:40:00,13.31775,13.31775,13.2191,13.2191,12000
OIL,2024-07-23 02:41:00,13.2191,13.31775,13.2191,13.31775,3300
OIL,2024-07-23 02:42:00,13.31775,13.31775,13.31775,13.31775,4000
OIL,2024-07-23 02:43:00,13.31775,13.31775,13.31775,13.31775,400
OIL,2024-07-23 02:44:00,13.31775,13.31775,13.31775,13.31775,1200
OIL,2024-07-23 02:45:00,13.31775,13.31775,13.2191,13.31775,29500
OIL,2024-07-23 02:46:00,13.2191,13.2191,13.12045,13.12045,31400
OIL,2024-07-23 02:47:00,13.12045,13.2191,13.12045,13.2191,15300
OIL,2024-07-23 02:48:00,13.2191,13.31775,13.2191,13.31775,14300
OIL,2024-07-23 02:49:00,13.2191,13.2191,13.2191,13.2191,13400
OIL,2024-07-23 02:50:00,13.31775,13.31775,13.2191,13.2191,3100
OIL,2024-07-23 02:51:00,13.31775,13.31775,13.31775,13.31775,5900
OIL,2024-07-23 02:52:00,13.31775,13.31775,13.31775,13.31775,3300
OIL,2024-07-23 02:53:00,13.31775,13.31775,13.31775,13.31775,3100
OIL,2024-07-23 02:54:00,13.4164,13.4164,13.4164,13.4164,900
OIL,2024-07-23 02:55:00,13.4164,13.4164,13.4164,13.4164,16000
OIL,2024-07-23 02:56:00,13.4164,13.4164,13.4164,13.4164,5000
OIL,2024-07-23 02:57:00,13.4164,13.4164,13.4164,13.4164,9000
OIL,2024-07-23 02:58:00,13.4164,13.4164,13.4164,13.4164,2100
OIL,2024-07-23 02:59:00,13.4164,13.4164,13.31775,13.31775,12000
OIL,2024-07-23 03:00:00,13.31775,13.31775,13.31775,13.31775,1300
OIL,2024-07-23 03:01:00,13.4164,13.4164,13.4164,13.4164,300
OIL,2024-07-23 03:04:00,13.4164,13.4164,13.4164,13.4164,200
OIL,2024-07-23 03:05:00,13.4164,13.4164,13.4164,13.4164,100
OIL,2024-07-23 03:07:00,13.4164,13.4164,13.4164,13.4164,45600
OIL,2024-07-23 03:09:00,13.4164,13.4164,13.4164,13.4164,500
OIL,2024-07-23 03:10:00,13.4164,13.4164,13.4164,13.4164,5000
OIL,2024-07-23 03:12:00,13.4164,13.4164,13.4164,13.4164,1200
OIL,2024-07-23 03:13:00,13.4164,13.4164,13.4164,13.4164,11100
OIL,2024-07-23 03:16:00,13.4164,13.4164,13.4164,13.4164,1900
OIL,2024-07-23 03:18:00,13.4164,13.4164,13.4164,13.4164,1500
OIL,2024-07-23 03:21:00,13.31775,13.4164,13.31775,13.4164,17500
OIL,2024-07-23 03:22:00,13.4164,13.4164,13.4164,13.4164,100
OIL,2024-07-23 03:23:00,13.4164,13.4164,13.4164,13.4164,41200
OIL,2024-07-23 03:24:00,13.4164,13.4164,13.31775,13.31775,3900
OIL,2024-07-23 03:25:00,13.4164,13.4164,13.4164,13.4164,1000
OIL,2024-07-23 03:27:00,13.31775,13.31775,13.31775,13.31775,12000
OIL,2024-07-23 03:28:00,13.31775,13.31775,13.31775,13.31775,100
OIL,2024-07-23 03:29:00,13.31775,13.31775,13.31775,13.31775,7500
OIL,2024-07-23 03:30:00,13.31775,13.31775,13.31775,13.31775,3300
OIL,2024-07-23 03:31:00,13.31775,13.31775,13.31775,13.31775,2000
OIL,2024-07-23 03:32:00,13.31775,13.31775,13.31775,13.31775,3100
OIL,2024-07-23 03:33:00,13.31775,13.31775,13.2191,13.2191,21200
OIL,2024-07-23 03:34:00,13.2191,13.2191,13.2191,13.2191,15700
OIL,2024-07-23 03:35:00,13.2191,13.2191,13.2191,13.2191,10000
OIL,2024-07-23 03:36:00,13.2191,13.2191,13.2191,13.2191,1000
OIL,2024-07-23 03:37:00,13.2191,13.2191,13.2191,13.2191,2000
OIL,2024-07-23 03:38:00,13.2191,13.2191,13.2191,13.2191,2900
OIL,2024-07-23 03:39:00,13.2191,13.2191,13.12045,13.12045,132500
OIL,2024-07-23 03:40:00,13.12045,13.12045,13.12045,13.12045,8300
OIL,2024-07-23 03:41:00,13.12045,13.12045,13.0218,13.0218,11100
OIL,2024-07-23 03:42:00,13.0218,13.12045,13.0218,13.12045,20200
OIL,2024-07-23 03:43:00,13.12045,13.12045,13.12045,13.12045,2300
OIL,2024-07-23 03:44:00,13.12045,13.2191,13.12045,13.2191,1000
OIL,2024-07-23 03:46:00,13.2191,13.2191,13.2191,13.2191,6900
OIL,2024-07-23 03:47:00,13.2191,13.2191,13.2191,13.2191,1500
OIL,2024-07-23 03:48:00,13.2191,13.2191,13.2191,13.2191,6600
OIL,2024-07-23 03:50:00,13.2191,13.2191,13.2191,13.2191,500
OIL,2024-07-23 03:51:00,13.2191,13.2191,13.2191,13.2191,1500
OIL,2024-07-23 03:53:00,13.31775,13.31775,13.31775,13.31775,8100
OIL,2024-07-23 03:54:00,13.31775,13.31775,13.31775,13.31775,22900
OIL,2024-07-23 03:56:00,13.31775,13.31775,13.31775,13.31775,5000
OIL,2024-07-23 03:57:00,13.4164,13.4164,13.4164,13.4164,500
OIL,2024-07-23 04:00:00,13.4164,13.4164,13.4164,13.4164,6600
OIL,2024-07-23 04:01:00,13.31775,13.31775,13.31775,13.31775,2000
OIL,2024-07-23 04:02:00,13.31775,13.31775,13.31775,13.31775,1800
OIL,2024-07-23 04:04:00,13.31775,13.31775,13.31775,13.31775,600
OIL,2024-07-23 04:07:00,13.31775,13.31775,13.31775,13.31775,2000
OIL,2024-07-23 04:10:00,13.31775,13.31775,13.31775,13.31775,2700
OIL,2024-07-23 04:11:00,13.31775,13.31775,13.31775,13.31775,3200
OIL,2024-07-23 04:12:00,13.31775,13.31775,13.31775,13.31775,400
OIL,2024-07-23 04:15:00,13.4164,13.4164,13.4164,13.4164,1000
OIL,2024-07-23 04:16:00,13.4164,13.4164,13.4164,13.4164,100
OIL,2024-07-23 04:17:00,13.4164,13.4164,13.4164,13.4164,1000
OIL,2024-07-23 04:21:00,13.4164,13.4164,13.4164,13.4164,800
OIL,2024-07-23 04:24:00,13.4164,13.4164,13.4164,13.4164,400
OIL,2024-07-23 06:00:00,13.4164,13.4164,13.31775,13.31775,800
OIL,2024-07-23 06:02:00,13.31775,13.31775,13.31775,13.31775,600
OIL,2024-07-23 06:03:00,13.31775,13.31775,13.31775,13.31775,3200
OIL,2024-07-23 06:04:00,13.31775,13.31775,13.31775,13.31775,1400
OIL,2024-07-23 06:06:00,13.31775,13.31775,13.31775,13.31775,1300
OIL,2024-07-23 06:07:00,13.31775,13.4164,13.31775,13.4164,200
OIL,2024-07-23 06:09:00,13.4164,13.4164,13.4164,13.4164,100
OIL,2024-07-23 06:11:00,13.4164,13.4164,13.4164,13.4164,100
OIL,2024-07-23 06:12:00,13.4164,13.4164,13.4164,13.4164,100
OIL,2024-07-23 06:14:00,13.31775,13.31775,13.31775,13.31775,100
OIL,2024-07-23 06:18:00,13.31775,13.31775,13.31775,13.31775,200
OIL,2024-07-23 06:19:00,13.31775,13.4164,13.31775,13.31775,8600
OIL,2024-07-23 06:20:00,13.31775,13.31775,13.31775,13.31775,600
OIL,2024-07-23 06:21:00,13.31775,13.31775,13.31775,13.31775,5500
OIL,2024-07-23 06:22:00,13.31775,13.31775,13.31775,13.31775,5200
OIL,2024-07-23 06:26:00,13.31775,13.4164,13.31775,13.4164,5400
OIL,2024-07-23 06:28:00,13.31775,13.4164,13.31775,13.4164,700
OIL,2024-07-23 06:29:00,13.4164,13.4164,13.4164,13.4164,100
OIL,2024-07-23 06:30:00,13.31775,13.31775,13.31775,13.31775,1200
OIL,2024-07-23 06:32:00,13.4164,13.4164,13.4164,13.4164,100
OIL,2024-07-23 06:33:00,13.4164,13.4164,13.4164,13.4164,200
OIL,2024-07-23 06:34:00,13.31775,13.31775,13.31775,13.31775,8100
OIL,2024-07-23 06:35:00,13.31775,13.31775,13.31775,13.31775,10800
OIL,2024-07-23 06:36:00,13.31775,13.31775,13.31775,13.31775,6100
OIL,2024-07-23 06:37:00,13.2191,13.2191,13.2191,13.2191,56400
OIL,2024-07-23 06:38:00,13.12045,13.2191,13.12045,13.2191,12500
OIL,2024-07-23 06:39:00,13.2191,13.2191,13.2191,13.2191,1200
OIL,2024-07-23 06:41:00,13.2191,13.2191,13.2191,13.2191,2000
OIL,2024-07-23 06:42:00,13.2191,13.31775,13.2191,13.31775,3100
OIL,2024-07-23 06:44:00,13.2191,13.2191,13.2191,13.2191,5200
OIL,2024-07-23 06:45:00,13.2191,13.2191,13.2191,13.2191,34800
OIL,2024-07-23 06:46:00,13.12045,13.12045,13.12045,13.12045,1100
OIL,2024-07-23 06:47:00,13.12045,13.12045,13.12045,13.12045,57100
OIL,2024-07-23 06:48:00,13.12045,13.2191,13.12045,13.12045,50300
OIL,2024-07-23 06:49:00,13.12045,13.2191,13.12045,13.2191,36200
OIL,2024-07-23 06:50:00,13.2191,13.2191,13.2191,13.2191,300
OIL,2024-07-23 06:51:00,13.2191,13.2191,13.2191,13.2191,8000
OIL,2024-07-23 06:52:00,13.31775,13.31775,13.31775,13.31775,200
OIL,2024-07-23 06:53:00,13.31775,13.31775,13.31775,13.31775,100
OIL,2024-07-23 06:54:00,13.2191,13.2191,13.2191,13.2191,9000
OIL,2024-07-23 06:55:00,13.2191,13.2191,13.2191,13.2191,2800
OIL,2024-07-23 06:57:00,13.2191,13.2191,13.2191,13.2191,100
OIL,2024-07-23 06:58:00,13.2191,13.2191,13.12045,13.12045,40300
OIL,2024-07-23 06:59:00,13.12045,13.12045,13.12045,13.12045,22900
OIL,2024-07-23 07:00:00,13.12045,13.2191,13.12045,13.2191,4700
OIL,2024-07-23 07:01:00,13.2191,13.2191,13.2191,13.2191,15000
OIL,2024-07-23 07:02:00,13.2191,13.2191,13.2191,13.2191,6900
OIL,2024-07-23 07:03:00,13.2191,13.31775,13.2191,13.31775,25000
OIL,2024-07-23 07:04:00,13.2191,13.2191,13.2191,13.2191,11200
OIL,2024-07-23 07:05:00,13.2191,13.2191,13.2191,13.2191,6700
OIL,2024-07-23 07:06:00,13.2191,13.2191,13.2191,13.2191,600
OIL,2024-07-23 07:08:00,13.2191,13.2191,13.2191,13.2191,300
OIL,2024-07-23 07:10:00,13.2191,13.2191,13.2191,13.2191,3800
OIL,2024-07-23 07:11:00,13.2191,13.2191,13.2191,13.2191,23000
OIL,2024-07-23 07:12:00,13.2191,13.2191,13.2191,13.2191,7400
OIL,2024-07-23 07:13:00,13.12045,13.2191,13.12045,13.2191,4400
OIL,2024-07-23 07:14:00,13.2191,13.2191,13.2191,13.2191,9000
OIL,2024-07-23 07:16:00,13.2191,13.2191,13.2191,13.2191,27000
OIL,2024-07-23 07:17:00,13.2191,13.2191,13.2191,13.2191,5000
OIL,2024-07-23 07:18:00,13.2191,13.2191,13.12045,13.12045,12800
OIL,2024-07-23 07:19:00,13.12045,13.2191,13.12045,13.12045,51300
OIL,2024-07-23 07:20:00,13.12045,13.12045,13.0218,13.12045,75700
OIL,2024-07-23 07:21:00,13.2191,13.2191,13.2191,13.2191,13300
OIL,2024-07-23 07:22:00,13.2191,13.2191,13.12045,13.2191,42800
OIL,2024-07-23 07:23:00,13.2191,13.2191,13.12045,13.2191,13500
OIL,2024-07-23 07:24:00,13.2191,13.2191,13.12045,13.12045,3900
OIL,2024-07-23 07:25:00,13.2191,13.2191,13.2191,13.2191,30300
OIL,2024-07-23 07:26:00,13.2191,13.2191,13.2191,13.2191,11100
OIL,2024-07-23 07:27:00,13.31775,13.31775,13.2191,13.2191,1400
OIL,2024-07-23 07:28:00,13.2191,13.2191,13.2191,13.2191,20400
OIL,2024-07-23 07:29:00,13.2191,13.2191,13.2191,13.2191,18200
OIL,2024-07-23 07:30:00,13.2191,13.2191,13.2191,13.2191,4300
OIL,2024-07-23 07:31:00,13.2191,13.2191,13.12045,13.12045,6000
OIL,2024-07-23 07:32:00,13.12045,13.12045,13.12045,13.12045,12800
OIL,2024-07-23 07:34:00,13.12045,13.12045,13.12045,13.12045,300
OIL,2024-07-23 07:35:00,13.12045,13.12045,13.12045,13.12045,10500
OIL,2024-07-23 07:36:00,13.12045,13.12045,13.12045,13.12045,200
OIL,2024-07-23 07:38:00,13.2191,13.2191,13.2191,13.2191,3000
OIL,2024-07-23 07:39:00,13.2191,13.2191,13.2191,13.2191,100
OIL,2024-07-23 07:40:00,13.12045,13.2191,13.12045,13.2191,5500
OIL,2024-07-23 07:41:00,13.12045,13.12045,13.12045,13.12045,13900
OIL,2024-07-23 07:42:00,13.12045,13.12045,13.12045,13.12045,118200
OIL,2024-07-23 07:43:00,13.0218,13.12045,13.0218,13.0218,9200
OIL,2024-07-23 07:44:00,13.0218,13.0218,13.0218,13.0218,56400
OIL,2024-07-23 07:45:00,13.0218,13.0218,13.0218,13.0218,500
OIL,2024-07-23 07:46:00,13.0218,13.0218,13.0218,13.0218,11300
OIL,2024-07-23 07:48:00,13.0218,13.0218,13.0218,13.0218,23100
OIL,2024-07-23 07:49:00,13.0218,13.0218,13.0218,13.0218,200
OIL,2024-07-23 07:50:00,12.92315,13.0218,12.92315,12.92315,6200
OIL,2024-07-23 07:52:00,12.92315,13.0218,12.92315,12.92315,4100
OIL,2024-07-23 07:53:00,13.0218,13.0218,13.0218,13.0218,2500
OIL,2024-07-23 07:54:00,13.0218,13.0218,13.0218,13.0218,500
OIL,2024-07-23 07:57:00,12.92315,13.0218,12.92315,13.0218,11500
OIL,2024-07-23 07:58:00,13.0218,13.0218,13.0218,13.0218,400
OIL,2024-07-23 07:59:00,13.0218,13.0218,12.92315,12.92315,20900
OIL,2024-07-23 08:00:00,12.92315,13.0218,12.92315,13.0218,400
OIL,2024-07-24 02:00:00,13.0218,13.0218,12.8245,12.8245,3800
OIL,2024-07-24 02:02:00,12.8245,12.8245,12.72585,12.72585,8300
OIL,2024-07-24 02:03:00,12.72585,12.8245,12.72585,12.8245,3400
OIL,2024-07-24 02:04:00,12.8245,12.8245,12.8245,12.8245,1300
OIL,2024-07-24 02:05:00,12.72585,12.8245,12.6272,12.72585,14300
OIL,2024-07-24 02:06:00,12.8245,12.8245,12.8245,12.8245,23000
OIL,2024-07-24 02:07:00,12.8245,12.92315,12.8245,12.92315,1800
OIL,2024-07-24 02:08:00,12.8245,12.8245,12.8245,12.8245,500
OIL,2024-07-24 02:09:00,12.8245,12.8245,12.8245,12.8245,500
OIL,2024-07-24 02:10:00,12.8245,12.8245,12.8245,12.8245,300
OIL,2024-07-24 02:11:00,12.8245,12.8245,12.8245,12.8245,3000
OIL,2024-07-24 02:12:00,12.8245,12.8245,12.8245,12.8245,20000
OIL,2024-07-24 02:13:00,12.8245,12.8245,12.8245,12.8245,9700
OIL,2024-07-24 02:14:00,12.8245,12.8245,12.8245,12.8245,12100
OIL,2024-07-24 02:15:00,12.8245,12.8245,12.8245,12.8245,600
OIL,2024-07-24 02:16:00,12.8245,12.8245,12.8245,12.8245,4400
OIL,2024-07-24 02:17:00,12.8245,12.8245,12.8245,12.8245,3100
OIL,2024-07-24 02:18:00,12.72585,12.72585,12.72585,12.72585,1200
OIL,2024-07-24 02:19:00,12.72585,12.72585,12.6272,12.6272,7500
OIL,2024-07-24 02:20:00,12.72585,12.8245,12.6272,12.8245,12500
OIL,2024-07-24 02:21:00,12.8245,12.8245,12.8245,12.8245,9300
OIL,2024-07-24 02:22:00,12.8245,12.8245,12.8245,12.8245,6100
OIL,2024-07-24 02:23:00,12.8245,12.8245,12.8245,12.8245,4000
OIL,2024-07-24 02:24:00,12.8245,12.8245,12.8245,12.8245,200
OIL,2024-07-24 02:25:00,12.8245,12.8245,12.72585,12.72585,13400
OIL,2024-07-24 02:26:00,12.72585,12.72585,12.72585,12.72585,500
OIL,2024-07-24 02:27:00,12.72585,12.72585,12.72585,12.72585,1500
OIL,2024-07-24 02:28:00,12.72585,12.72585,12.72585,12.72585,2000
OIL,2024-07-24 02:29:00,12.72585,12.72585,12.72585,12.72585,8600
OIL,2024-07-24 02:30:00,12.72585,12.72585,12.72585,12.72585,1300
OIL,2024-07-24 02:31:00,12.72585,12.72585,12.72585,12.72585,700
OIL,2024-07-24 02:32:00,12.72585,12.72585,12.72585,12.72585,6200
OIL,2024-07-24 02:34:00,12.72585,12.72585,12.72585,12.72585,200
OIL,2024-07-24 02:35:00,12.72585,12.72585,12.72585,12.72585,1100
OIL,2024-07-24 02:37:00,12.72585,12.72585,12.72585,12.72585,200
OIL,2024-07-24 02:38:00,12.8245,12.8245,12.8245,12.8245,48000
OIL,2024-07-24 02:39:00,12.8245,12.8245,12.8245,12.8245,34800
OIL,2024-07-24 02:40:00,12.8245,12.8245,12.8245,12.8245,300
OIL,2024-07-24 02:43:00,12.8245,12.8245,12.8245,12.8245,3000
OIL,2024-07-24 02:45:00,12.8245,12.8245,12.8245,12.8245,5400
OIL,2024-07-24 02:46:00,12.8245,12.8245,12.8245,12.8245,3000
OIL,2024-07-24 02:47:00,12.8245,12.8245,12.8245,12.8245,500
OIL,2024-07-24 02:49:00,12.8245,12.8245,12.8245,12.8245,100
OIL,2024-07-24 02:51:00,12.72585,12.72585,12.72585,12.72585,1000
OIL,2024-07-24 02:52:00,12.72585,12.72585,12.72585,12.72585,5700
OIL,2024-07-24 02:53:00,12.72585,12.72585,12.72585,12.72585,17800
OIL,2024-07-24 02:54:00,12.72585,12.72585,12.72585,12.72585,500
OIL,2024-07-24 02:55:00,12.6272,12.6272,12.6272,12.6272,1600
OIL,2024-07-24 02:56:00,12.6272,12.6272,12.6272,12.6272,50200
OIL,2024-07-24 02:57:00,12.6272,12.6272,12.52855,12.6272,12200
OIL,2024-07-24 02:58:00,12.6272,12.6272,12.6272,12.6272,2300
OIL,2024-07-24 02:59:00,12.6272,12.6272,12.6272,12.6272,100
OIL,2024-07-24 03:00:00,12.52855,12.52855,12.52855,12.52855,50400
OIL,2024-07-24 03:01:00,12.52855,12.52855,12.52855,12.52855,12400
OIL,2024-07-24 03:02:00,12.52855,12.52855,12.4299,12.4299,7700
OIL,2024-07-24 03:03:00,12.4299,12.52855,12.4299,12.4299,46400
OIL,2024-07-24 03:04:00,12.4299,12.4299,12.33125,12.4299,25900
OIL,2024-07-24 03:05:00,12.4299,12.4299,12.33125,12.4299,30300
OIL,2024-07-24 03:06:00,12.4299,12.4299,12.33125,12.4299,33000
OIL,2024-07-24 03:07:00,12.52855,12.52855,12.4299,12.52855,43700
OIL,2024-07-24 03:08:00,12.52855,12.52855,12.4299,12.52855,11900
OIL,2024-07-24 03:09:00,12.52855,12.6272,12.52855,12.6272,10100
OIL,2024-07-24 03:10:00,12.6272,12.6272,12.52855,12.6272,7700
OIL,2024-07-24 03:11:00,12.6272,12.72585,12.6272,12.6272,5200
OIL,2024-07-24 03:12:00,12.6272,12.72585,12.52855,12.72585,2700
OIL,2024-07-24 03:13:00,12.72585,12.72585,12.72585,12.72585,2100
OIL,2024-07-24 03:14:00,12.72585,12.72585,12.72585,12.72585,1500
OIL,2024-07-24 03:15:00,12.72585,12.72585,12.6272,12.72585,2900
OIL,2024-07-24 03:16:00,12.72585,12.72585,12.6272,12.6272,5300
OIL,2024-07-24 03:17:00,12.6272,12.6272,12.6272,12.6272,2100
OIL,2024-07-24 03:18:00,12.6272,12.6272,12.6272,12.6272,2100
OIL,2024-07-24 03:19:00,12.6272,12.6272,12.6272,12.6272,2200
OIL,2024-07-24 03:20:00,12.6272,12.6272,12.52855,12.52855,1700
OIL,2024-07-24 03:21:00,12.6272,12.6272,12.6272,12.6272,2100
OIL,2024-07-24 03:22:00,12.6272,12.6272,12.52855,12.6272,5200
OIL,2024-07-24 03:23:00,12.6272,12.6272,12.52855,12.52855,3100
OIL,2024-07-24 03:24:00,12.6272,12.6272,12.4299,12.6272,10300
OIL,2024-07-24 03:25:00,12.6272,12.6272,12.6272,12.6272,1400
OIL,2024-07-24 03:26:00,12.6272,12.6272,12.52855,12.52855,6100
OIL,2024-07-24 03:27:00,12.6272,12.6272,12.52855,12.52855,9200
OIL,2024-07-24 03:28:00,12.52855,12.6272,12.52855,12.6272,2100
OIL,2024-07-24 03:29:00,12.6272,12.6272,12.52855,12.6272,4100
OIL,2024-07-24 03:30:00,12.6272,12.6272,12.6272,12.6272,2100
OIL,2024-07-24 03:31:00,12.6272,12.6272,12.6272,12.6272,2100
OIL,2024-07-24 03:32:00,12.6272,12.6272,12.6272,12.6272,12400
OIL,2024-07-24 03:33:00,12.6272,12.6272,12.6272,12.6272,2900
OIL,2024-07-24 03:34:00,12.6272,12.72585,12.6272,12.72585,7700
OIL,2024-07-24 03:35:00,12.72585,12.72585,12.6272,12.72585,2600
OIL,2024-07-24 03:36:00,12.72585,12.72585,12.6272,12.72585,8600
OIL,2024-07-24 03:37:00,12.72585,12.72585,12.72585,12.72585,2100
OIL,2024-07-24 03:38:00,12.72585,12.72585,12.6272,12.6272,2100
OIL,2024-07-24 03:39:00,12.6272,12.6272,12.6272,12.6272,1700
OIL,2024-07-24 03:41:00,12.6272,12.6272,12.6272,12.6272,1100
OIL,2024-07-24 03:42:00,12.52855,12.52855,12.52855,12.52855,500
OIL,2024-07-24 03:43:00,12.6272,12.6272,12.6272,12.6272,400
OIL,2024-07-24 03:44:00,12.6272,12.6272,12.6272,12.6272,15300
OIL,2024-07-24 03:45:00,12.6272,12.6272,12.6272,12.6272,12200
OIL,2024-07-24 03:47:00,12.72585,12.72585,12.6272,12.72585,12900
OIL,2024-07-24 03:48:00,12.72585,12.72585,12.72585,12.72585,3300
OIL,2024-07-24 03:49:00,12.72585,12.72585,12.72585,12.72585,5200
OIL,2024-07-24 03:50:00,12.8245,12.8245,12.8245,12.8245,10000
OIL,2024-07-24 03:51:00,12.8245,12.8245,12.8245,12.8245,27000
OIL,2024-07-24 03:52:00,12.8245,12.8245,12.8245,12.8245,1500
OIL,2024-07-24 03:53:00,12.8245,12.8245,12.8245,12.8245,600
OIL,2024-07-24 03:54:00,12.8245,12.8245,12.8245,12.8245,1000
OIL,2024-07-24 03:55:00,12.72585,12.72585,12.72585,12.72585,10800
OIL,2024-07-24 03:56:00,12.72585,12.72585,12.72585,12.72585,37800
OIL,2024-07-24 03:57:00,12.72585,12.72585,12.72585,12.72585,1900
OIL,2024-07-24 03:58:00,12.72585,12.72585,12.72585,12.72585,500
OIL,2024-07-24 03:59:00,12.72585,12.72585,12.72585,12.72585,200
OIL,2024-07-24 04:00:00,12.72585,12.72585,12.72585,12.72585,8000
OIL,2024-07-24 04:01:00,12.6272,12.6272,12.6272,12.6272,100
OIL,2024-07-24 04:03:00,12.6272,12.6272,12.6272,12.6272,20000
OIL,2024-07-24 04:05:00,12.72585,12.72585,12.72585,12.72585,1000
OIL,2024-07-24 04:06:00,12.72585,12.72585,12.72585,12.72585,100
OIL,2024-07-24 04:07:00,12.72585,12.72585,12.72585,12.72585,8500
OIL,2024-07-24 04:09:00,12.72585,12.72585,12.72585,12.72585,18400
OIL,2024-07-24 04:11:00,12.72585,12.72585,12.72585,12.72585,2800
OIL,2024-07-24 04:12:00,12.72585,12.72585,12.72585,12.72585,700
OIL,2024-07-24 04:13:00,12.72585,12.8245,12.72585,12.8245,1500
OIL,2024-07-24 04:14:00,12.8245,12.8245,12.72585,12.72585,11600
OIL,2024-07-24 04:15:00,12.8245,12.8245,12.8245,12.8245,4300
OIL,2024-07-24 04:16:00,12.8245,12.8245,12.8245,12.8245,50000
OIL,2024-07-24 04:17:00,12.8245,12.8245,12.8245,12.8245,100
OIL,2024-07-24 04:18:00,12.8245,12.8245,12.8245,12.8245,200
OIL,2024-07-24 04:21:00,12.8245,12.8245,12.8245,12.8245,24000
OIL,2024-07-24 04:22:00,12.8245,12.8245,12.72585,12.72585,10200
OIL,2024-07-24 04:23:00,12.8245,12.8245,12.8245,12.8245,100
OIL,2024-07-24 06:00:00,12.8245,12.8245,12.8245,12.8245,15800
OIL,2024-07-24 06:01:00,12.72585,12.72585,12.72585,12.72585,600
OIL,2024-07-24 06:02:00,12.72585,12.72585,12.72585,12.72585,4500
OIL,2024-07-24 06:03:00,12.72585,12.72585,12.72585,12.72585,25800
OIL,2024-07-24 06:04:00,12.72585,12.72585,12.72585,12.72585,13400
OIL,2024-07-24 06:05:00,12.72585,12.72585,12.72585,12.72585,100
OIL,2024-07-24 06:07:00,12.72585,12.72585,12.72585,12.72585,3000
OIL,2024-07-24 06:08:00,12.72585,12.72585,12.72585,12.72585,1600
OIL,2024-07-24 06:11:00,12.8245,12.8245,12.8245,12.8245,2700
OIL,2024-07-24 06:13:00,12.72585,12.72585,12.72585,12.72585,10000
OIL,2024-07-24 06:14:00,12.72585,12.8245,12.72585,12.8245,300
OIL,2024-07-24 06:15:00,12.8245,12.8245,12.8245,12.8245,5000
OIL,2024-07-24 06:16:00,12.8245,12.8245,12.8245,12.8245,2700
OIL,2024-07-24 06:17:00,12.8245,12.8245,12.8245,12.8245,37900
OIL,2024-07-24 06:18:00,12.8245,12.8245,12.8245,12.8245,5600
OIL,2024-07-24 06:19:00,12.8245,12.92315,12.8245,12.92315,42900
OIL,2024-07-24 06:20:00,12.92315,12.92315,12.8245,12.8245,200
OIL,2024-07-24 06:21:00,12.92315,12.92315,12.92315,12.92315,7100
OIL,2024-07-24 06:22:00,12.92315,12.92315,12.92315,12.92315,8100
OIL,2024-07-24 06:23:00,12.92315,12.92315,12.92315,12.92315,2700
OIL,2024-07-24 06:24:00,12.92315,12.92315,12.92315,12.92315,7200
OIL,2024-07-24 06:25:00,12.92315,12.92315,12.92315,12.92315,9200
OIL,2024-07-24 06:26:00,12.92315,12.92315,12.92315,12.92315,12600
OIL,2024-07-24 06:27:00,12.92315,12.92315,12.92315,12.92315,3600
OIL,2024-07-24 06:28:00,12.92315,13.0218,12.92315,13.0218,87600
OIL,2024-07-24 06:29:00,13.0218,13.12045,13.0218,13.12045,25600
OIL,2024-07-24 06:30:00,13.0218,13.12045,13.0218,13.0218,65000
OIL,2024-07-24 06:31:00,13.12045,13.12045,13.0218,13.12045,72200
OIL,2024-07-24 06:32:00,13.12045,13.12045,13.12045,13.12045,18000
OIL,2024-07-24 06:33:00,13.12045,13.12045,13.12045,13.12045,8000
OIL,2024-07-24 06:34:00,13.12045,13.12045,13.12045,13.12045,22900
OIL,2024-07-24 06:35:00,13.12045,13.2191,13.12045,13.2191,108300
OIL,2024-07-24 06:36:00,13.12045,13.2191,13.12045,13.2191,10500
OIL,2024-07-24 06:37:00,13.2191,13.2191,13.12045,13.2191,6500
OIL,2024-07-24 06:38:00,13.2191,13.31775,13.2191,13.2191,60100
OIL,2024-07-24 06:39:00,13.2191,13.2191,13.2191,13.2191,6100
OIL,2024-07-24 06:40:00,13.2191,13.31775,13.2191,13.2191,34200
OIL,2024-07-24 06:41:00,13.2191,13.31775,13.2191,13.31775,19100
OIL,2024-07-24 06:42:00,13.31775,13.31775,13.31775,13.31775,3200
OIL,2024-07-24 06:43:00,13.31775,13.31775,13.31775,13.31775,16400
OIL,2024-07-24 06:44:00,13.31775,13.31775,13.31775,13.31775,10100
OIL,2024-07-24 06:45:00,13.31775,13.31775,13.31775,13.31775,300
OIL,2024-07-24 06:46:00,13.31775,13.31775,13.31775,13.31775,9400
OIL,2024-07-24 06:47:00,13.31775,13.31775,13.31775,13.31775,7000
OIL,2024-07-24 06:49:00,13.31775,13.31775,13.31775,13.31775,300
OIL,2024-07-24 06:51:00,13.31775,13.31775,13.2191,13.2191,15700
OIL,2024-07-24 06:52:00,13.2191,13.2191,13.2191,13.2191,700
OIL,2024-07-24 06:53:00,13.2191,13.2191,13.2191,13.2191,1500
OIL,2024-07-24 06:54:00,13.2191,13.2191,13.12045,13.2191,57400
OIL,2024-07-24 06:55:00,13.2191,13.2191,13.2191,13.2191,33400
OIL,2024-07-24 06:56:00,13.2191,13.2191,13.12045,13.2191,36000
OIL,2024-07-24 06:57:00,13.2191,13.2191,13.2191,13.2191,3000
OIL,2024-07-24 06:58:00,13.2191,13.2191,13.12045,13.2191,6200
OIL,2024-07-24 06:59:00,13.12045,13.12045,13.12045,13.12045,18000
OIL,2024-07-24 07:00:00,13.12045,13.2191,13.0218,13.0218,6500
OIL,2024-07-24 07:01:00,13.12045,13.2191,13.12045,13.2191,3100
OIL,2024-07-24 07:02:00,13.2191,13.2191,13.2191,13.2191,8000
OIL,2024-07-24 07:03:00,13.2191,13.2191,13.2191,13.2191,4000
OIL,2024-07-24 07:04:00,13.2191,13.2191,13.2191,13.2191,10200
OIL,2024-07-24 07:05:00,13.2191,13.2191,13.2191,13.2191,5000
OIL,2024-07-24 07:06:00,13.2191,13.2191,13.2191,13.2191,4800
OIL,2024-07-24 07:07:00,13.2191,13.2191,13.2191,13.2191,11800
OIL,2024-07-24 07:09:00,13.2191,13.2191,13.2191,13.2191,8100
OIL,2024-07-24 07:10:00,13.2191,13.31775,13.2191,13.31775,6100
OIL,2024-07-24 07:11:00,13.2191,13.2191,13.2191,13.2191,2000
OIL,2024-07-24 07:15:00,13.2191,13.31775,13.2191,13.31775,13000
OIL,2024-07-24 07:16:00,13.31775,13.31775,13.31775,13.31775,1000
OIL,2024-07-24 07:17:00,13.31775,13.31775,13.31775,13.31775,33400
OIL,2024-07-24 07:18:00,13.31775,13.31775,13.31775,13.31775,25000
OIL,2024-07-24 07:19:00,13.31775,13.31775,13.31775,13.31775,1600
OIL,2024-07-24 07:22:00,13.31775,13.31775,13.31775,13.31775,500
OIL,2024-07-24 07:24:00,13.4164,13.4164,13.31775,13.31775,17000
OIL,2024-07-24 07:25:00,13.31775,13.31775,13.31775,13.31775,5000
OIL,2024-07-24 07:26:00,13.31775,13.31775,13.31775,13.31775,11900
OIL,2024-07-24 07:27:00,13.31775,13.31775,13.31775,13.31775,4000
OIL,2024-07-24 07:28:00,13.31775,13.31775,13.31775,13.31775,3900
OIL,2024-07-24 07:29:00,13.31775,13.31775,13.31775,13.31775,10200
OIL,2024-07-24 07:30:00,13.31775,13.31775,13.31775,13.31775,17200
OIL,2024-07-24 07:32:00,13.31775,13.31775,13.31775,13.31775,600
OIL,2024-07-24 07:33:00,13.4164,13.4164,13.4164,13.4164,10500
OIL,2024-07-24 07:34:00,13.4164,13.4164,13.4164,13.4164,200
OIL,2024-07-24 07:36:00,13.4164,13.4164,13.4164,13.4164,1000
OIL,2024-07-24 07:40:00,13.31775,13.31775,13.31775,13.31775,7100
OIL,2024-07-24 07:41:00,13.31775,13.31775,13.31775,13.31775,12600
OIL,2024-07-24 07:42:00,13.31775,13.31775,13.31775,13.31775,200
OIL,2024-07-24 07:46:00,13.2191,13.2191,13.2191,13.2191,2000
OIL,2024-07-24 07:47:00,13.2191,13.31775,13.2191,13.31775,15900
OIL,2024-07-24 07:48:00,13.31775,13.31775,13.31775,13.31775,4400
OIL,2024-07-24 07:49:00,13.4164,13.4164,13.31775,13.31775,10300
OIL,2024-07-24 07:50:00,13.31775,13.31775,13.31775,13.31775,6700
OIL,2024-07-24 07:51:00,13.31775,13.31775,13.31775,13.31775,20000
OIL,2024-07-24 07:52:00,13.31775,13.31775,13.31775,13.31775,800
OIL,2024-07-24 07:53:00,13.31775,13.31775,13.31775,13.31775,4500
OIL,2024-07-24 07:54:00,13.31775,13.31775,13.31775,13.31775,8300
OIL,2024-07-24 07:55:00,13.31775,13.31775,13.31775,13.31775,2700
OIL,2024-07-24 07:56:00,13.31775,13.31775,13.31775,13.31775,1000
OIL,2024-07-24 07:57:00,13.2191,13.2191,13.2191,13.2191,105300
OIL,2024-07-24 07:58:00,13.2191,13.2191,13.2191,13.2191,200
OIL,2024-07-24 07:59:00,13.31775,13.4164,13.31775,13.4164,30000
OIL,2024-07-25 02:00:00,13.4164,13.4164,13.4164,13.4164,3600
OIL,2024-07-25 02:02:00,13.31775,13.31775,13.31775,13.31775,1000
OIL,2024-07-25 02:07:00,13.2191,13.2191,13.2191,13.2191,2000
OIL,2024-07-25 02:08:00,13.2191,13.2191,13.2191,13.2191,1100
OIL,2024-07-25 02:09:00,13.2191,13.2191,13.2191,13.2191,2700
OIL,2024-07-25 02:10:00,13.2191,13.2191,13.2191,13.2191,800
OIL,2024-07-25 02:12:00,13.2191,13.2191,13.2191,13.2191,10000
OIL,2024-07-25 02:13:00,13.2191,13.31775,13.2191,13.31775,900
OIL,2024-07-25 02:14:00,13.31775,13.31775,13.31775,13.31775,200
OIL,2024-07-25 02:16:00,13.2191,13.2191,13.2191,13.2191,300
OIL,2024-07-25 02:17:00,13.2191,13.2191,13.12045,13.12045,6700
OIL,2024-07-25 02:19:00,13.12045,13.2191,13.12045,13.2191,6300
OIL,2024-07-25 02:22:00,13.2191,13.2191,13.2191,13.2191,1800
OIL,2024-07-25 02:23:00,13.2191,13.2191,13.2191,13.2191,2500
OIL,2024-07-25 02:24:00,13.2191,13.2191,13.2191,13.2191,2000
OIL,2024-07-25 02:27:00,13.2191,13.2191,13.2191,13.2191,5000
OIL,2024-07-25 02:30:00,13.31775,13.31775,13.31775,13.31775,3300
OIL,2024-07-25 02:31:00,13.31775,13.4164,13.31775,13.4164,18600
OIL,2024-07-25 02:33:00,13.4164,13.4164,13.4164,13.4164,3100
OIL,2024-07-25 02:34:00,13.31775,13.31775,13.31775,13.31775,200
OIL,2024-07-25 02:36:00,13.31775,13.31775,13.31775,13.31775,100
OIL,2024-07-25 02:39:00,13.31775,13.31775,13.31775,13.31775,5100
OIL,2024-07-25 02:40:00,13.31775,13.31775,13.31775,13.31775,5100
OIL,2024-07-25 02:41:00,13.31775,13.31775,13.31775,13.31775,400
OIL,2024-07-25 02:42:00,13.31775,13.31775,13.31775,13.31775,2000
OIL,2024-07-25 02:43:00,13.31775,13.31775,13.31775,13.31775,5100
OIL,2024-07-25 02:44:00,13.31775,13.31775,13.31775,13.31775,1300
OIL,2024-07-25 02:45:00,13.31775,13.31775,13.31775,13.31775,3700
OIL,2024-07-25 02:46:00,13.31775,13.31775,13.31775,13.31775,500
OIL,2024-07-25 02:47:00,13.31775,13.31775,13.31775,13.31775,5600
OIL,2024-07-25 02:48:00,13.4164,13.51505,13.4164,13.51505,15700
OIL,2024-07-25 02:49:00,13.4164,13.51505,13.2191,13.51505,100600
OIL,2024-07-25 02:51:00,13.51505,13.51505,13.51505,13.51505,100
OIL,2024-07-25 02:52:00,13.51505,13.51505,13.51505,13.51505,2500
OIL,2024-07-25 02:54:00,13.51505,13.51505,13.51505,13.51505,100
OIL,2024-07-25 02:55:00,13.51505,13.51505,13.51505,13.51505,7900
OIL,2024-07-25 02:56:00,13.51505,13.51505,13.51505,13.51505,100
OIL,2024-07-25 02:57:00,13.4164,13.4164,13.4164,13.4164,2000
OIL,2024-07-25 02:59:00,13.4164,13.4164,13.4164,13.4164,3400
OIL,2024-07-25 03:00:00,13.4164,13.4164,13.4164,13.4164,10700
OIL,2024-07-25 03:01:00,13.4164,13.4164,13.4164,13.4164,400
OIL,2024-07-25 03:03:00,13.4164,13.4164,13.4164,13.4164,1500
OIL,2024-07-25 03:04:00,13.4164,13.4164,13.4164,13.4164,15600
OIL,2024-07-25 03:06:00,13.4164,13.4164,13.4164,13.4164,3100
OIL,2024-07-25 03:07:00,13.4164,13.4164,13.4164,13.4164,200
OIL,2024-07-25 03:10:00,13.51505,13.51505,13.51505,13.51505,200
OIL,2024-07-25 03:11:00,13.51505,13.51505,13.51505,13.51505,8500
OIL,2024-07-25 03:16:00,13.4164,13.4164,13.4164,13.4164,100
OIL,2024-07-25 03:17:00,13.4164,13.4164,13.4164,13.4164,1000
OIL,2024-07-25 03:18:00,13.4164,13.4164,13.4164,13.4164,2500
OIL,2024-07-25 03:19:00,13.4164,13.4164,13.4164,13.4164,500
OIL,2024-07-25 03:21:00,13.51505,13.51505,13.4164,13.4164,8700
OIL,2024-07-25 03:22:00,13.4164,13.4164,13.4164,13.4164,3700
OIL,2024-07-25 03:25:00,13.31775,13.31775,13.31775,13.31775,51600
OIL,2024-07-25 03:27:00,13.31775,13.31775,13.31775,13.31775,1400
OIL,2024-07-25 03:28:00,13.31775,13.31775,13.31775,13.31775,100
OIL,2024-07-25 03:29:00,13.31775,13.31775,13.31775,13.31775,2000
OIL,2024-07-25 03:31:00,13.31775,13.31775,13.31775,13.31775,2000
OIL,2024-07-25 03:38:00,13.31775,13.31775,13.31775,13.31775,100
OIL,2024-07-25 03:41:00,13.31775,13.31775,13.31775,13.31775,1300
OIL,2024-07-25 03:44:00,13.31775,13.31775,13.31775,13.31775,1000
OIL,2024-07-25 03:45:00,13.31775,13.31775,13.31775,13.31775,7000
OIL,2024-07-25 03:47:00,13.31775,13.31775,13.31775,13.31775,500
OIL,2024-07-25 03:48:00,13.2191,13.2191,13.2191,13.2191,1000
OIL,2024-07-25 03:49:00,13.2191,13.2191,13.2191,13.2191,200
OIL,2024-07-25 03:50:00,13.2191,13.2191,13.2191,13.2191,100
OIL,2024-07-25 03:51:00,13.2191,13.2191,13.2191,13.2191,37100
OIL,2024-07-25 03:53:00,13.2191,13.2191,13.2191,13.2191,3000
OIL,2024-07-25 03:54:00,13.2191,13.2191,13.2191,13.2191,11700
OIL,2024-07-25 03:55:00,13.2191,13.2191,13.2191,13.2191,9700
OIL,2024-07-25 03:56:00,13.2191,13.2191,13.2191,13.2191,9100
OIL,2024-07-25 03:57:00,13.2191,13.2191,13.2191,13.2191,5100
OIL,2024-07-25 03:58:00,13.2191,13.2191,13.2191,13.2191,200
OIL,2024-07-25 04:00:00,13.2191,13.2191,13.2191,13.2191,500
OIL,2024-07-25 04:02:00,13.2191,13.2191,13.2191,13.2191,6000
OIL,2024-07-25 04:03:00,13.2191,13.2191,13.2191,13.2191,1400
OIL,2024-07-25 04:04:00,13.2191,13.2191,13.2191,13.2191,1000
OIL,2024-07-25 04:05:00,13.31775,13.31775,13.31775,13.31775,200
OIL,2024-07-25 04:06:00,13.2191,13.2191,13.2191,13.2191,11700
OIL,2024-07-25 04:07:00,13.2191,13.2191,13.2191,13.2191,5400
OIL,2024-07-25 04:09:00,13.31775,13.31775,13.31775,13.31775,1500
OIL,2024-07-25 04:17:00,13.31775,13.31775,13.31775,13.31775,500
OIL,2024-07-25 04:18:00,13.31775,13.31775,13.31775,13.31775,500
OIL,2024-07-25 04:20:00,13.2191,13.2191,13.2191,13.2191,100
OIL,2024-07-25 04:22:00,13.2191,13.2191,13.2191,13.2191,35100
OIL,2024-07-25 04:23:00,13.2191,13.2191,13.2191,13.2191,100
OIL,2024-07-25 04:26:00,13.2191,13.2191,13.2191,13.2191,1000
OIL,2024-07-25 04:27:00,13.2191,13.2191,13.2191,13.2191,1000
OIL,2024-07-25 04:28:00,13.2191,13.2191,13.12045,13.12045,2300
OIL,2024-07-25 06:00:00,13.12045,13.2191,13.12045,13.12045,39900
OIL,2024-07-25 06:03:00,13.12045,13.12045,13.12045,13.12045,1200
OIL,2024-07-25 06:04:00,13.12045,13.12045,13.12045,13.12045,3000
OIL,2024-07-25 06:05:00,13.2191,13.2191,13.2191,13.2191,100
OIL,2024-07-25 06:06:00,13.12045,13.12045,13.12045,13.12045,2300
OIL,2024-07-25 06:07:00,13.2191,13.2191,13.2191,13.2191,400
OIL,2024-07-25 06:09:00,13.2191,13.2191,13.2191,13.2191,500
OIL,2024-07-25 06:10:00,13.2191,13.2191,13.2191,13.2191,1000
OIL,2024-07-25 06:11:00,13.2191,13.2191,13.12045,13.2191,13200
OIL,2024-07-25 06:12:00,13.2191,13.2191,13.2191,13.2191,13300
OIL,2024-07-25 06:13:00,13.12045,13.2191,13.12045,13.2191,43300
OIL,2024-07-25 06:14:00,13.2191,13.31775,13.2191,13.31775,10200
OIL,2024-07-25 06:15:00,13.31775,13.31775,13.31775,13.31775,3200
OIL,2024-07-25 06:16:00,13.31775,13.31775,13.2191,13.31775,2800
OIL,2024-07-25 06:17:00,13.31775,13.31775,13.31775,13.31775,2700
OIL,2024-07-25 06:18:00,13.31775,13.31775,13.31775,13.31775,8000
OIL,2024-07-25 06:19:00,13.31775,13.31775,13.31775,13.31775,22000
OIL,2024-07-25 06:20:00,13.31775,13.31775,13.31775,13.31775,2000
OIL,2024-07-25 06:21:00,13.31775,13.31775,13.31775,13.31775,2000
OIL,2024-07-25 06:22:00,13.31775,13.31775,13.31775,13.31775,3800
OIL,2024-07-25 06:23:00,13.31775,13.31775,13.31775,13.31775,10400
OIL,2024-07-25 06:24:00,13.31775,13.31775,13.2191,13.31775,4400
OIL,2024-07-25 06:25:00,13.31775,13.31775,13.31775,13.31775,5100
OIL,2024-07-25 06:26:00,13.2191,13.31775,13.2191,13.31775,8400
OIL,2024-07-25 06:27:00,13.31775,13.4164,13.31775,13.4164,15100
OIL,2024-07-25 06:28:00,13.4164,13.4164,13.4164,13.4164,3400
OIL,2024-07-25 06:29:00,13.4164,13.4164,13.31775,13.4164,4400
OIL,2024-07-25 06:30:00,13.4164,13.4164,13.4164,13.4164,3800
OIL,2024-07-25 06:31:00,13.4164,13.4164,13.31775,13.31775,9700
OIL,2024-07-25 06:32:00,13.4164,13.4164,13.31775,13.4164,7800
OIL,2024-07-25 06:33:00,13.4164,13.4164,13.31775,13.4164,7800
OIL,2024-07-25 06:34:00,13.4164,13.4164,13.31775,13.4164,5000
OIL,2024-07-25 06:35:00,13.4164,13.4164,13.31775,13.31775,3900
OIL,2024-07-25 06:36:00,13.4164,13.4164,13.4164,13.4164,3400
OIL,2024-07-25 06:37:00,13.4164,13.4164,13.4164,13.4164,3400
OIL,2024-07-25 06:38:00,13.4164,13.4164,13.4164,13.4164,3400
OIL,2024-07-25 06:39:00,13.31775,13.4164,13.31775,13.4164,6500
OIL,2024-07-25 06:40:00,13.4164,13.4164,13.4164,13.4164,3800
OIL,2024-07-25 06:41:00,13.4164,13.4164,13.4164,13.4164,35500
OIL,2024-07-25 06:42:00,13.4164,13.4164,13.4164,13.4164,4500
OIL,2024-07-25 06:43:00,13.4164,13.4164,13.4164,13.4164,48400
OIL,2024-07-25 06:45:00,13.51505,13.51505,13.51505,13.51505,11700
OIL,2024-07-25 06:46:00,13.4164,13.51505,13.4164,13.51505,1000
OIL,2024-07-25 06:47:00,13.51505,13.51505,13.51505,13.51505,23700
OIL,2024-07-25 06:48:00,13.51505,13.51505,13.51505,13.51505,7700
OIL,2024-07-25 06:49:00,13.51505,13.51505,13.51505,13.51505,6700
OIL,2024-07-25 06:50:00,13.51505,13.51505,13.51505,13.51505,11300
OIL,2024-07-25 06:51:00,13.51505,13.51505,13.51505,13.51505,9000
OIL,2024-07-25 06:52:00,13.4164,13.4164,13.4164,13.4164,2000
OIL,2024-07-25 06:53:00,13.51505,13.51505,13.4164,13.51505,7900
OIL,2024-07-25 06:55:00,13.4164,13.4164,13.4164,13.4164,600
OIL,2024-07-25 06:56:00,13.51505,13.51505,13.51505,13.51505,3900
OIL,2024-07-25 06:57:00,13.51505,13.51505,13.51505,13.51505,12100
OIL,2024-07-25 06:58:00,13.51505,13.51505,13.51505,13.51505,10700
OIL,2024-07-25 06:59:00,13.51505,13.51505,13.51505,13.51505,33200
OIL,2024-07-25 07:00:00,13.51505,13.51505,13.51505,13.51505,45300
OIL,2024-07-25 07:01:00,13.51505,13.51505,13.4164,13.51505,2500
OIL,2024-07-25 07:03:00,13.51505,13.51505,13.51505,13.51505,22000
OIL,2024-07-25 07:05:00,13.51505,13.51505,13.4164,13.4164,45200
OIL,2024-07-25 07:06:00,13.4164,13.4164,13.4164,13.4164,18900
OIL,2024-07-25 07:07:00,13.4164,13.4164,13.4164,13.4164,2600
OIL,2024-07-25 07:08:00,13.4164,13.4164,13.31775,13.31775,300
OIL,2024-07-25 07:09:00,13.31775,13.31775,13.31775,13.31775,7000
OIL,2024-07-25 07:10:00,13.4164,13.4164,13.4164,13.4164,3400
OIL,2024-07-25 07:11:00,13.4164,13.4164,13.31775,13.4164,10900
OIL,2024-07-25 07:12:00,13.4164,13.4164,13.4164,13.4164,500
OIL,2024-07-25 07:13:00,13.4164,13.4164,13.4164,13.4164,5500
OIL,2024-07-25 07:14:00,13.4164,13.4164,13.4164,13.4164,6600
OIL,2024-07-25 07:15:00,13.4164,13.4164,13.4164,13.4164,100
OIL,2024-07-25 07:16:00,13.4164,13.4164,13.4164,13.4164,400
OIL,2024-07-25 07:17:00,13.4164,13.4164,13.4164,13.4164,4700
OIL,2024-07-25 07:18:00,13.4164,13.4164,13.4164,13.4164,1000
OIL,2024-07-25 07:19:00,13.4164,13.4164,13.4164,13.4164,3400
OIL,2024-07-25 07:20:00,13.4164,13.4164,13.4164,13.4164,1000
OIL,2024-07-25 07:21:00,13.4164,13.4164,13.4164,13.4164,1000
OIL,2024-07-25 07:23:00,13.51505,13.51505,13.51505,13.51505,1700
OIL,2024-07-25 07:24:00,13.51505,13.51505,13.51505,13.51505,12400
OIL,2024-07-25 07:25:00,13.51505,13.51505,13.51505,13.51505,40100
OIL,2024-07-25 07:26:00,13.51505,13.51505,13.51505,13.51505,100
OIL,2024-07-25 07:27:00,13.51505,13.51505,13.51505,13.51505,1000
OIL,2024-07-25 07:28:00,13.51505,13.51505,13.51505,13.51505,2000
OIL,2024-07-25 07:29:00,13.51505,13.51505,13.51505,13.51505,8100
OIL,2024-07-25 07:30:00,13.4164,13.4164,13.4164,13.4164,3500
OIL,2024-07-25 07:31:00,13.4164,13.4164,13.4164,13.4164,2200
OIL,2024-07-25 07:32:00,13.4164,13.4164,13.4164,13.4164,3000
OIL,2024-07-25 07:33:00,13.4164,13.51505,13.4164,13.51505,12400
OIL,2024-07-25 07:36:00,13.51505,13.51505,13.51505,13.51505,5100
OIL,2024-07-25 07:37:00,13.51505,13.51505,13.51505,13.51505,700
OIL,2024-07-25 07:42:00,13.51505,13.51505,13.51505,13.51505,20400
OIL,2024-07-25 07:43:00,13.51505,13.51505,13.51505,13.51505,3500
OIL,2024-07-25 07:44:00,13.51505,13.51505,13.51505,13.51505,500
OIL,2024-07-25 07:45:00,13.51505,13.51505,13.51505,13.51505,10000
OIL,2024-07-25 07:46:00,13.51505,13.51505,13.51505,13.51505,20100
OIL,2024-07-25 07:49:00,13.6137,13.6137,13.6137,13.6137,200
OIL,2024-07-25 07:51:00,13.51505,13.6137,13.51505,13.51505,10400
OIL,2024-07-25 07:52:00,13.51505,13.6137,13.51505,13.6137,31000
OIL,2024-07-25 07:53:00,13.6137,13.6137,13.6137,13.6137,100
OIL,2024-07-25 07:55:00,13.6137,13.6137,13.6137,13.6137,100
OIL,2024-07-25 07:57:00,13.6137,13.6137,13.6137,13.6137,5400
OIL,2024-07-25 07:58:00,13.51505,13.51505,13.51505,13.51505,800
OIL,2024-07-25 07:59:00,13.51505,13.6137,13.51505,13.6137,43100
OIL,2024-07-26 02:00:00,13.6137,13.6137,13.4164,13.6137,1600
OIL,2024-07-26 02:01:00,13.51505,13.51505,13.51505,13.51505,100
OIL,2024-07-26 02:03:00,13.51505,13.51505,13.51505,13.51505,500
OIL,2024-07-26 02:07:00,13.6137,13.6137,13.6137,13.6137,100
OIL,2024-07-26 02:09:00,13.6137,13.6137,13.6137,13.6137,300
OIL,2024-07-26 02:10:00,13.6137,13.6137,13.6137,13.6137,2400
OIL,2024-07-26 02:12:00,13.6137,13.6137,13.6137,13.6137,7200
OIL,2024-07-26 02:13:00,13.6137,13.6137,13.6137,13.6137,400
OIL,2024-07-26 02:14:00,13.71235,13.71235,13.71235,13.71235,1200
OIL,2024-07-26 02:15:00,13.71235,13.71235,13.71235,13.71235,500
OIL,2024-07-26 02:16:00,13.71235,13.71235,13.71235,13.71235,200
OIL,2024-07-26 02:18:00,13.71235,13.71235,13.71235,13.71235,900
OIL,2024-07-26 02:20:00,13.71235,13.71235,13.71235,13.71235,2000
OIL,2024-07-26 02:22:00,13.71235,13.71235,13.71235,13.71235,20200
OIL,2024-07-26 02:23:00,13.71235,13.71235,13.71235,13.71235,12100
OIL,2024-07-26 02:24:00,13.71235,13.811,13.71235,13.71235,5500
OIL,2024-07-26 02:25:00,13.811,13.811,13.811,13.811,3100
OIL,2024-07-26 02:26:00,13.811,13.811,13.811,13.811,400
OIL,2024-07-26 02:27:00,13.811,13.811,13.71235,13.71235,7100
OIL,2024-07-26 02:28:00,13.71235,13.71235,13.71235,13.71235,1100
OIL,2024-07-26 02:29:00,13.71235,13.71235,13.71235,13.71235,11900
OIL,2024-07-26 02:30:00,13.71235,13.71235,13.71235,13.71235,2200
OIL,2024-07-26 02:31:00,13.71235,13.71235,13.71235,13.71235,100
OIL,2024-07-26 02:32:00,13.71235,13.71235,13.71235,13.71235,14000
OIL,2024-07-26 02:33:00,13.71235,13.71235,13.6137,13.71235,3400
OIL,2024-07-26 02:34:00,13.6137,13.6137,13.6137,13.6137,15000
OIL,2024-07-26 02:36:00,13.6137,13.6137,13.6137,13.6137,500
OIL,2024-07-26 02:38:00,13.6137,13.6137,13.6137,13.6137,12400
OIL,2024-07-26 02:41:00,13.51505,13.6137,13.51505,13.51505,27000
OIL,2024-07-26 02:46:00,13.51505,13.51505,13.51505,13.51505,10800
OIL,2024-07-26 02:48:00,13.51505,13.51505,13.51505,13.51505,1900
OIL,2024-07-26 02:49:00,13.6137,13.6137,13.6137,13.6137,100
OIL,2024-07-26 02:50:00,13.6137,13.6137,13.51505,13.6137,15900
OIL,2024-07-26 02:53:00,13.71235,13.71235,13.71235,13.71235,9800
OIL,2024-07-26 02:54:00,13.71235,13.71235,13.71235,13.71235,100
OIL,2024-07-26 02:55:00,13.71235,13.71235,13.71235,13.71235,21700
OIL,2024-07-26 02:56:00,13.71235,13.71235,13.71235,13.71235,200
OIL,2024-07-26 02:57:00,13.71235,13.71235,13.71235,13.71235,1200
OIL,2024-07-26 02:58:00,13.71235,13.71235,13.71235,13.71235,2000
OIL,2024-07-26 03:01:00,13.71235,13.71235,13.71235,13.71235,400
OIL,2024-07-26 03:04:00,13.71235,13.71235,13.71235,13.71235,1100
OIL,2024-07-26 03:05:00,13.71235,13.71235,13.71235,13.71235,500
OIL,2024-07-26 03:06:00,13.71235,13.71235,13.71235,13.71235,1600
OIL,2024-07-26 03:07:00,13.71235,13.71235,13.71235,13.71235,30800
OIL,2024-07-26 03:09:00,13.71235,13.71235,13.71235,13.71235,12200
OIL,2024-07-26 03:10:00,13.71235,13.71235,13.71235,13.71235,1300
OIL,2024-07-26 03:11:00,13.71235,13.71235,13.71235,13.71235,3200
OIL,2024-07-26 03:13:00,13.71235,13.71235,13.6137,13.6137,10500
OIL,2024-07-26 03:14:00,13.71235,13.71235,13.71235,13.71235,1000
OIL,2024-07-26 03:15:00,13.71235,13.71235,13.71235,13.71235,8700
OIL,2024-07-26 03:16:00,13.71235,13.71235,13.71235,13.71235,14000
OIL,2024-07-26 03:17:00,13.71235,13.71235,13.71235,13.71235,4000
OIL,2024-07-26 03:18:00,13.71235,13.71235,13.71235,13.71235,3200
OIL,2024-07-26 03:19:00,13.71235,13.71235,13.71235,13.71235,6000
OIL,2024-07-26 03:23:00,13.71235,13.71235,13.71235,13.71235,12900
OIL,2024-07-26 03:25:00,13.71235,13.71235,13.71235,13.71235,500
OIL,2024-07-26 03:26:00,13.71235,13.811,13.71235,13.811,3700
OIL,2024-07-26 03:27:00,13.811,13.811,13.71235,13.71235,200
OIL,2024-07-26 03:33:00,13.811,13.811,13.811,13.811,200
OIL,2024-07-26 03:34:00,13.71235,13.71235,13.71235,13.71235,2100
OIL,2024-07-26 03:36:00,13.811,13.811,13.811,13.811,500
OIL,2024-07-26 03:40:00,13.811,13.811,13.71235,13.71235,10000
OIL,2024-07-26 03:41:00,13.811,13.811,13.811,13.811,300
OIL,2024-07-26 03:44:00,13.811,13.811,13.811,13.811,5200
OIL,2024-07-26 03:45:00,13.811,13.811,13.811,13.811,5000
OIL,2024-07-26 03:46:00,13.71235,13.71235,13.71235,13.71235,3000
OIL,2024-07-26 03:47:00,13.71235,13.71235,13.71235,13.71235,17000
OIL,2024-07-26 03:49:00,13.71235,13.71235,13.71235,13.71235,400
OIL,2024-07-26 03:51:00,13.71235,13.71235,13.71235,13.71235,3000
OIL,2024-07-26 03:52:00,13.811,13.811,13.811,13.811,50000
OIL,2024-07-26 03:53:00,13.71235,13.71235,13.71235,13.71235,400
OIL,2024-07-26 03:56:00,13.811,13.811,13.811,13.811,300
OIL,2024-07-26 03:58:00,13.811,13.811,13.811,13.811,200
OIL,2024-07-26 03:59:00,13.71235,13.71235,13.71235,13.71235,200
OIL,2024-07-26 04:03:00,13.71235,13.71235,13.71235,13.71235,70200
OIL,2024-07-26 04:04:00,13.71235,13.71235,13.71235,13.71235,19000
OIL,2024-07-26 04:05:00,13.71235,13.71235,13.71235,13.71235,7500
OIL,2024-07-26 04:08:00,13.71235,13.71235,13.71235,13.71235,16500
OIL,2024-07-26 04:10:00,13.71235,13.71235,13.71235,13.71235,6100
OIL,2024-07-26 04:11:00,13.71235,13.71235,13.71235,13.71235,8000
OIL,2024-07-26 04:12:00,13.71235,13.71235,13.71235,13.71235,2400
OIL,2024-07-26 04:14:00,13.71235,13.71235,13.71235,13.71235,300
OIL,2024-07-26 04:16:00,13.71235,13.71235,13.71235,13.71235,200
OIL,2024-07-26 04:19:00,13.71235,13.71235,13.71235,13.71235,100
OIL,2024-07-26 04:20:00,13.71235,13.71235,13.71235,13.71235,10500
OIL,2024-07-26 04:21:00,13.71235,13.71235,13.71235,13.71235,5300
OIL,2024-07-26 04:22:00,13.71235,13.71235,13.71235,13.71235,2000
OIL,2024-07-26 04:25:00,13.811,13.811,13.811,13.811,300
OIL,2024-07-26 04:26:00,13.71235,13.811,13.71235,13.811,12300
OIL,2024-07-26 04:28:00,13.811,13.811,13.811,13.811,100
OIL,2024-07-26 05:59:00,13.71235,13.71235,13.71235,13.71235,100
OIL,2024-07-26 06:00:00,13.71235,13.71235,13.71235,13.71235,34700
OIL,2024-07-26 06:01:00,13.71235,13.71235,13.71235,13.71235,4500
OIL,2024-07-26 06:02:00,13.71235,13.71235,13.71235,13.71235,7000
OIL,2024-07-26 06:03:00,13.71235,13.71235,13.71235,13.71235,2000
OIL,2024-07-26 06:04:00,13.71235,13.71235,13.71235,13.71235,4000
OIL,2024-07-26 06:05:00,13.71235,13.71235,13.71235,13.71235,2000
OIL,2024-07-26 06:07:00,13.71235,13.71235,13.71235,13.71235,5700
OIL,2024-07-26 06:08:00,13.71235,13.71235,13.71235,13.71235,3300
OIL,2024-07-26 06:09:00,13.71235,13.71235,13.71235,13.71235,5500
OIL,2024-07-26 06:10:00,13.71235,13.71235,13.71235,13.71235,10000
OIL,2024-07-26 06:11:00,13.71235,13.71235,13.71235,13.71235,3700
OIL,2024-07-26 06:12:00,13.71235,13.71235,13.71235,13.71235,45200
OIL,2024-07-26 06:13:00,13.71235,13.71235,13.71235,13.71235,5400
OIL,2024-07-26 06:14:00,13.71235,13.71235,13.71235,13.71235,100
OIL,2024-07-26 06:15:00,13.71235,13.71235,13.71235,13.71235,1000
OIL,2024-07-26 06:16:00,13.811,13.811,13.811,13.811,92500
OIL,2024-07-26 06:17:00,13.90965,13.90965,13.811,13.90965,51700
OIL,2024-07-26 06:18:00,13.90965,14.0083,13.90965,13.90965,60100
OIL,2024-07-26 06:19:00,13.90965,13.90965,13.90965,13.90965,10300
OIL,2024-07-26 06:20:00,13.90965,13.90965,13.90965,13.90965,5300
OIL,2024-07-26 06:21:00,13.90965,13.90965,13.90965,13.90965,11800
OIL,2024-07-26 06:22:00,13.90965,13.90965,13.90965,13.90965,3200
OIL,2024-07-26 06:23:00,13.90965,13.90965,13.90965,13.90965,5600
OIL,2024-07-26 06:24:00,13.90965,13.90965,13.811,13.811,27800
OIL,2024-07-26 06:25:00,13.811,13.811,13.811,13.811,8800
OIL,2024-07-26 06:26:00,13.811,13.811,13.71235,13.71235,500
OIL,2024-07-26 06:27:00,13.811,13.811,13.811,13.811,800
OIL,2024-07-26 06:29:00,13.811,13.811,13.811,13.811,2000
OIL,2024-07-26 06:30:00,13.811,13.811,13.811,13.811,1900
OIL,2024-07-26 06:32:00,13.811,13.811,13.811,13.811,10000
OIL,2024-07-26 06:33:00,13.811,13.811,13.811,13.811,11500
OIL,2024-07-26 06:34:00,13.811,13.811,13.811,13.811,3400
OIL,2024-07-26 06:35:00,13.811,13.811,13.811,13.811,7100
OIL,2024-07-26 06:36:00,13.811,13.811,13.811,13.811,9500
OIL,2024-07-26 06:37:00,13.811,13.811,13.811,13.811,600
OIL,2024-07-26 06:39:00,13.811,13.811,13.811,13.811,500
OIL,2024-07-26 06:40:00,13.90965,13.90965,13.90965,13.90965,100
OIL,2024-07-26 06:44:00,13.811,13.811,13.811,13.811,1100
OIL,2024-07-26 06:45:00,13.811,13.811,13.811,13.811,35000
OIL,2024-07-26 06:46:00,13.811,13.811,13.811,13.811,2100
OIL,2024-07-26 06:47:00,13.811,13.811,13.811,13.811,10100
OIL,2024-07-26 06:48:00,13.811,13.811,13.811,13.811,24300
OIL,2024-07-26 06:49:00,13.811,13.811,13.811,13.811,300
OIL,2024-07-26 06:51:00,13.811,13.90965,13.71235,13.90965,35000
OIL,2024-07-26 06:52:00,13.811,13.811,13.811,13.811,10000
OIL,2024-07-26 06:53:00,13.811,13.811,13.811,13.811,2000
OIL,2024-07-26 06:54:00,13.811,13.811,13.811,13.811,2000
OIL,2024-07-26 06:55:00,13.811,13.811,13.811,13.811,1900
OIL,2024-07-26 06:58:00,13.811,13.811,13.811,13.811,1400
OIL,2024-07-26 06:59:00,13.811,13.811,13.811,13.811,5200
OIL,2024-07-26 07:00:00,13.71235,13.71235,13.71235,13.71235,10000
OIL,2024-07-26 07:01:00,13.71235,13.71235,13.71235,13.71235,4600
OIL,2024-07-26 07:03:00,13.71235,13.71235,13.71235,13.71235,700
OIL,2024-07-26 07:05:00,13.71235,13.71235,13.71235,13.71235,1500
OIL,2024-07-26 07:06:00,13.811,13.811,13.811,13.811,21000
OIL,2024-07-26 07:07:00,13.811,13.811,13.811,13.811,40300
OIL,2024-07-26 07:08:00,13.811,13.811,13.811,13.811,7900
OIL,2024-07-26 07:09:00,13.811,13.811,13.811,13.811,2000
OIL,2024-07-26 07:10:00,13.811,13.811,13.811,13.811,17500
OIL,2024-07-26 07:11:00,13.811,13.90965,13.811,13.90965,2300
OIL,2024-07-26 07:12:00,13.811,13.811,13.811,13.811,100
OIL,2024-07-26 07:13:00,13.90965,13.90965,13.811,13.811,21000
OIL,2024-07-26 07:14:00,13.811,13.811,13.811,13.811,400
OIL,2024-07-26 07:15:00,13.811,13.811,13.811,13.811,300
OIL,2024-07-26 07:17:00,13.811,13.811,13.811,13.811,10300
OIL,2024-07-26 07:18:00,13.811,13.811,13.811,13.811,100
OIL,2024-07-26 07:20:00,13.811,13.811,13.811,13.811,1600
OIL,2024-07-26 07:21:00,13.811,13.811,13.811,13.811,8500
OIL,2024-07-26 07:23:00,13.811,13.811,13.811,13.811,4000
OIL,2024-07-26 07:25:00,13.811,13.811,13.811,13.811,7100
OIL,2024-07-26 07:26:00,13.811,13.811,13.811,13.811,100
OIL,2024-07-26 07:27:00,13.811,13.811,13.811,13.811,1000
OIL,2024-07-26 07:28:00,13.90965,13.90965,13.90965,13.90965,200
OIL,2024-07-26 07:29:00,13.90965,13.90965,13.90965,13.90965,10600
OIL,2024-07-26 07:30:00,13.811,13.811,13.811,13.811,7000
OIL,2024-07-26 07:31:00,13.811,13.811,13.811,13.811,900
OIL,2024-07-26 07:32:00,13.811,13.811,13.811,13.811,100
OIL,2024-07-26 07:33:00,13.811,13.90965,13.811,13.90965,1100
OIL,2024-07-26 07:35:00,13.90965,13.90965,13.811,13.811,11300
OIL,2024-07-26 07:36:00,13.811,13.811,13.811,13.811,1000
OIL,2024-07-26 07:38:00,13.90965,13.90965,13.90965,13.90965,17100
OIL,2024-07-26 07:40:00,13.90965,13.90965,13.90965,13.90965,36300
OIL,2024-07-26 07:41:00,13.90965,13.90965,13.90965,13.90965,1900
OIL,2024-07-26 07:42:00,14.0083,14.0083,13.90965,14.0083,63100
OIL,2024-07-26 07:43:00,13.90965,14.0083,13.90965,14.0083,21800
OIL,2024-07-26 07:44:00,14.0083,14.10695,14.0083,14.10695,103500
OIL,2024-07-26 07:45:00,14.2056,14.2056,14.10695,14.2056,16300
OIL,2024-07-26 07:46:00,14.2056,14.2056,14.2056,14.2056,33800
OIL,2024-07-26 07:47:00,14.2056,14.2056,14.2056,14.2056,21600
OIL,2024-07-26 07:48:00,14.2056,14.2056,14.2056,14.2056,15500
OIL,2024-07-26 07:49:00,14.2056,14.2056,14.10695,14.10695,65800
OIL,2024-07-26 07:50:00,14.10695,14.2056,14.10695,14.2056,1400
OIL,2024-07-26 07:51:00,14.2056,14.2056,14.2056,14.2056,15000
OIL,2024-07-26 07:52:00,14.2056,14.2056,14.10695,14.10695,10100
OIL,2024-07-26 07:53:00,14.2056,14.2056,14.2056,14.2056,66500
OIL,2024-07-26 07:54:00,14.2056,14.30425,14.2056,14.30425,10100
OIL,2024-07-26 07:55:00,14.30425,14.30425,14.30425,14.30425,8800
OIL,2024-07-26 07:56:00,14.30425,14.30425,14.2056,14.2056,4400
OIL,2024-07-26 07:57:00,14.2056,14.2056,14.10695,14.2056,88100
OIL,2024-07-26 07:58:00,14.2056,14.2056,14.2056,14.2056,26100
OIL,2024-07-26 07:59:00,14.2056,14.30425,14.2056,14.30425,32100
OIL,2024-07-29 02:00:00,14.30425,14.50155,14.30425,14.50155,55500
OIL,2024-07-29 02:01:00,14.6002,14.6002,14.6002,14.6002,6800
OIL,2024-07-29 02:02:00,14.6002,14.69885,14.6002,14.69885,16100
OIL,2024-07-29 02:03:00,14.69885,14.69885,14.69885,14.69885,12100
OIL,2024-07-29 02:04:00,14.69885,14.69885,14.6002,14.6002,12800
OIL,2024-07-29 02:05:00,14.6002,14.6002,14.6002,14.6002,4600
OIL,2024-07-29 02:06:00,14.6002,14.6002,14.50155,14.50155,22300
OIL,2024-07-29 02:07:00,14.6002,14.6002,14.6002,14.6002,7400
OIL,2024-07-29 02:08:00,14.6002,14.6002,14.6002,14.6002,15600
OIL,2024-07-29 02:09:00,14.6002,14.6002,14.6002,14.6002,1500
OIL,2024-07-29 02:10:00,14.6002,14.6002,14.6002,14.6002,30300
OIL,2024-07-29 02:11:00,14.6002,14.6002,14.6002,14.6002,71200
OIL,2024-07-29 02:12:00,14.6002,14.69885,14.6002,14.69885,121600
OIL,2024-07-29 02:13:00,14.69885,14.7975,14.69885,14.7975,150800
OIL,2024-07-29 02:14:00,14.7975,15.09345,14.7975,14.9948,140300
OIL,2024-07-29 02:15:00,15.09345,15.3894,15.09345,15.3894,108000
OIL,2024-07-29 02:16:00,15.3894,15.3894,15.29075,15.3894,74800
OIL,2024-07-29 02:17:00,15.3894,15.3894,15.1921,15.29075,49900
OIL,2024-07-29 02:18:00,15.1921,15.1921,15.09345,15.09345,18700
OIL,2024-07-29 02:19:00,15.09345,15.09345,14.9948,14.9948,18900
OIL,2024-07-29 02:20:00,14.9948,14.9948,14.7975,14.7975,112200
OIL,2024-07-29 02:21:00,14.7975,14.9948,14.7975,14.89615,19700
OIL,2024-07-29 02:22:00,14.89615,14.9948,14.89615,14.89615,22300
OIL,2024-07-29 02:23:00,14.89615,14.9948,14.89615,14.9948,11200
OIL,2024-07-29 02:24:00,14.89615,14.9948,14.89615,14.89615,13900
OIL,2024-07-29 02:25:00,14.89615,14.89615,14.7975,14.89615,12700
OIL,2024-07-29 02:26:00,14.89615,14.89615,14.89615,14.89615,5400
OIL,2024-07-29 02:27:00,14.89615,14.9948,14.89615,14.89615,4200
OIL,2024-07-29 02:28:00,14.89615,14.9948,14.89615,14.89615,3900
OIL,2024-07-29 02:29:00,14.89615,14.89615,14.89615,14.89615,4400
OIL,2024-07-29 02:30:00,14.89615,14.89615,14.89615,14.89615,19500
OIL,2024-07-29 02:31:00,14.89615,14.9948,14.89615,14.89615,4300
OIL,2024-07-29 02:32:00,14.89615,14.9948,14.89615,14.89615,12200
OIL,2024-07-29 02:33:00,14.89615,14.9948,14.89615,14.89615,4300
OIL,2024-07-29 02:34:00,14.89615,14.89615,14.89615,14.89615,9400
OIL,2024-07-29 02:35:00,14.89615,14.89615,14.89615,14.89615,8800
OIL,2024-07-29 02:36:00,14.89615,14.89615,14.89615,14.89615,32400
OIL,2024-07-29 02:37:00,14.89615,14.89615,14.89615,14.89615,7100
OIL,2024-07-29 02:38:00,14.89615,14.89615,14.7975,14.7975,19000
OIL,2024-07-29 02:39:00,14.7975,14.7975,14.6002,14.6002,184200
OIL,2024-07-29 02:40:00,14.69885,14.69885,14.69885,14.69885,2500
OIL,2024-07-29 02:41:00,14.6002,14.69885,14.6002,14.69885,17500
OIL,2024-07-29 02:42:00,14.69885,14.69885,14.69885,14.69885,3600
OIL,2024-07-29 02:43:00,14.69885,14.69885,14.69885,14.69885,1900
OIL,2024-07-29 02:45:00,14.69885,14.69885,14.69885,14.69885,7200
OIL,2024-07-29 02:46:00,14.69885,14.69885,14.69885,14.69885,200
OIL,2024-07-29 02:48:00,14.69885,14.69885,14.69885,14.69885,1000
OIL,2024-07-29 02:49:00,14.7975,14.7975,14.7975,14.7975,44000
OIL,2024-07-29 02:51:00,14.89615,14.89615,14.89615,14.89615,1000
OIL,2024-07-29 02:52:00,14.7975,14.7975,14.7975,14.7975,500
OIL,2024-07-29 02:53:00,14.7975,14.7975,14.7975,14.7975,11000
OIL,2024-07-29 02:54:00,14.7975,14.7975,14.7975,14.7975,1100
OIL,2024-07-29 02:55:00,14.7975,14.7975,14.7975,14.7975,700
OIL,2024-07-29 02:56:00,14.7975,14.7975,14.7975,14.7975,2100
OIL,2024-07-29 02:57:00,14.7975,14.7975,14.7975,14.7975,2500
OIL,2024-07-29 02:58:00,14.7975,14.7975,14.7975,14.7975,600
OIL,2024-07-29 03:00:00,14.69885,14.69885,14.69885,14.69885,500
OIL,2024-07-29 03:03:00,14.69885,14.7975,14.69885,14.7975,1200
OIL,2024-07-29 03:04:00,14.7975,14.7975,14.69885,14.7975,3100
OIL,2024-07-29 03:05:00,14.7975,14.7975,14.69885,14.7975,6900
OIL,2024-07-29 03:06:00,14.7975,14.7975,14.69885,14.69885,2100
OIL,2024-07-29 03:11:00,14.7975,14.7975,14.7975,14.7975,1000
OIL,2024-07-29 03:12:00,14.7975,14.7975,14.7975,14.7975,2200
OIL,2024-07-29 03:14:00,14.7975,14.7975,14.7975,14.7975,15000
OIL,2024-07-29 03:17:00,14.7975,14.7975,14.69885,14.69885,3500
OIL,2024-07-29 03:18:00,14.69885,14.7975,14.69885,14.7975,9400
OIL,2024-07-29 03:19:00,14.69885,14.7975,14.69885,14.7975,4100
OIL,2024-07-29 03:20:00,14.7975,14.7975,14.7975,14.7975,2100
OIL,2024-07-29 03:21:00,14.7975,14.7975,14.7975,14.7975,5100
OIL,2024-07-29 03:24:00,14.7975,14.7975,14.7975,14.7975,200
OIL,2024-07-29 03:25:00,14.7975,14.7975,14.7975,14.7975,500
OIL,2024-07-29 03:26:00,14.7975,14.7975,14.7975,14.7975,73800
OIL,2024-07-29 03:27:00,14.7975,14.7975,14.7975,14.7975,1600
OIL,2024-07-29 03:28:00,14.7975,14.7975,14.7975,14.7975,900
OIL,2024-07-29 03:30:00,14.7975,14.7975,14.7975,14.7975,4000
OIL,2024-07-29 03:31:00,14.7975,14.7975,14.7975,14.7975,100
OIL,2024-07-29 03:32:00,14.7975,14.7975,14.7975,14.7975,900
OIL,2024-07-29 03:33:00,14.7975,14.7975,14.7975,14.7975,2200
OIL,2024-07-29 03:34:00,14.7975,14.89615,14.7975,14.7975,1500
OIL,2024-07-29 03:35:00,14.7975,14.7975,14.7975,14.7975,3700
OIL,2024-07-29 03:37:00,14.7975,14.7975,14.7975,14.7975,1500
OIL,2024-07-29 03:38:00,14.7975,14.7975,14.7975,14.7975,1000
OIL,2024-07-29 03:39:00,14.7975,14.7975,14.7975,14.7975,500
OIL,2024-07-29 03:43:00,14.7975,14.7975,14.7975,14.7975,100
OIL,2024-07-29 03:44:00,14.7975,14.7975,14.7975,14.7975,2100
OIL,2024-07-29 03:46:00,14.7975,14.7975,14.7975,14.7975,2000
OIL,2024-07-29 03:48:00,14.7975,14.7975,14.7975,14.7975,100
OIL,2024-07-29 03:49:00,14.69885,14.69885,14.69885,14.69885,20000
OIL,2024-07-29 03:50:00,14.69885,14.7975,14.69885,14.7975,10300
OIL,2024-07-29 03:53:00,14.7975,14.7975,14.7975,14.7975,1300
OIL,2024-07-29 03:56:00,14.69885,14.69885,14.69885,14.69885,100
OIL,2024-07-29 03:57:00,14.69885,14.7975,14.69885,14.7975,40500
OIL,2024-07-29 03:58:00,14.7975,14.7975,14.7975,14.7975,3800
OIL,2024-07-29 03:59:00,14.7975,14.7975,14.7975,14.7975,28900
OIL,2024-07-29 04:03:00,14.89615,14.89615,14.89615,14.89615,200
OIL,2024-07-29 04:04:00,14.89615,14.89615,14.7975,14.7975,10100
OIL,2024-07-29 04:05:00,14.7975,14.7975,14.7975,14.7975,700
OIL,2024-07-29 04:06:00,14.7975,14.7975,14.7975,14.7975,500
OIL,2024-07-29 04:07:00,14.7975,14.7975,14.7975,14.7975,500
OIL,2024-07-29 04:08:00,14.7975,14.7975,14.7975,14.7975,2500
OIL,2024-07-29 04:09:00,14.7975,14.7975,14.7975,14.7975,15100
OIL,2024-07-29 04:10:00,14.7975,14.7975,14.69885,14.69885,16400
OIL,2024-07-29 04:14:00,14.7975,14.7975,14.7975,14.7975,100
OIL,2024-07-29 04:15:00,14.7975,14.7975,14.7975,14.7975,500
OIL,2024-07-29 04:16:00,14.7975,14.7975,14.7975,14.7975,800
OIL,2024-07-29 04:19:00,14.7975,14.7975,14.7975,14.7975,5000
OIL,2024-07-29 04:21:00,14.7975,14.7975,14.7975,14.7975,300
OIL,2024-07-29 04:22:00,14.7975,14.7975,14.7975,14.7975,10000
OIL,2024-07-29 04:23:00,14.7975,14.7975,14.7975,14.7975,1500
OIL,2024-07-29 04:24:00,14.7975,14.7975,14.7975,14.7975,8400
OIL,2024-07-29 04:25:00,14.7975,14.7975,14.7975,14.7975,2000
OIL,2024-07-29 04:26:00,14.7975,14.7975,14.7975,14.7975,200
OIL,2024-07-29 06:00:00,14.69885,14.7975,14.69885,14.69885,47900
OIL,2024-07-29 06:01:00,14.69885,14.69885,14.69885,14.69885,5100
OIL,2024-07-29 06:02:00,14.69885,14.69885,14.69885,14.69885,3500
OIL,2024-07-29 06:03:00,14.69885,14.69885,14.69885,14.69885,2300
OIL,2024-07-29 06:04:00,14.69885,14.69885,14.69885,14.69885,200
OIL,2024-07-29 06:05:00,14.69885,14.69885,14.69885,14.69885,1100
OIL,2024-07-29 06:07:00,14.69885,14.69885,14.69885,14.69885,5600
OIL,2024-07-29 06:08:00,14.69885,14.69885,14.69885,14.69885,6300
OIL,2024-07-29 06:09:00,14.69885,14.69885,14.69885,14.69885,18500
OIL,2024-07-29 06:10:00,14.69885,14.69885,14.69885,14.69885,31000
OIL,2024-07-29 06:11:00,14.69885,14.69885,14.69885,14.69885,43200
OIL,2024-07-29 06:12:00,14.69885,14.69885,14.69885,14.69885,2800
OIL,2024-07-29 06:15:00,14.69885,14.69885,14.69885,14.69885,1600
OIL,2024-07-29 06:16:00,14.69885,14.69885,14.69885,14.69885,800
OIL,2024-07-29 06:19:00,14.7975,14.7975,14.7975,14.7975,3500
OIL,2024-07-29 06:20:00,14.7975,14.7975,14.7975,14.7975,2200
OIL,2024-07-29 06:21:00,14.7975,14.7975,14.69885,14.7975,2100
OIL,2024-07-29 06:22:00,14.69885,14.69885,14.69885,14.69885,100
OIL,2024-07-29 06:23:00,14.69885,14.69885,14.69885,14.69885,800
OIL,2024-07-29 06:24:00,14.69885,14.69885,14.69885,14.69885,100
OIL,2024-07-29 06:25:00,14.69885,14.69885,14.69885,14.69885,3000
OIL,2024-07-29 06:26:00,14.69885,14.7975,14.69885,14.69885,77400
OIL,2024-07-29 06:27:00,14.69885,14.69885,14.69885,14.69885,27000
OIL,2024-07-29 06:28:00,14.69885,14.69885,14.69885,14.69885,10300
OIL,2024-07-29 06:29:00,14.69885,14.69885,14.69885,14.69885,1000
OIL,2024-07-29 06:31:00,14.69885,14.69885,14.69885,14.69885,200
OIL,2024-07-29 06:32:00,14.69885,14.69885,14.69885,14.69885,3000
OIL,2024-07-29 06:33:00,14.7975,14.7975,14.69885,14.69885,700
OIL,2024-07-29 06:34:00,14.69885,14.69885,14.69885,14.69885,4500
OIL,2024-07-29 06:35:00,14.7975,14.7975,14.7975,14.7975,200
OIL,2024-07-29 06:36:00,14.69885,14.7975,14.69885,14.69885,7400
OIL,2024-07-29 06:38:00,14.7975,14.7975,14.7975,14.7975,500
OIL,2024-07-29 06:39:00,14.69885,14.69885,14.69885,14.69885,18800
OIL,2024-07-29 06:40:00,14.69885,14.69885,14.69885,14.69885,20200
OIL,2024-07-29 06:41:00,14.69885,14.69885,14.69885,14.69885,100
OIL,2024-07-29 06:42:00,14.69885,14.69885,14.69885,14.69885,1000
OIL,2024-07-29 06:44:00,14.69885,14.7975,14.69885,14.7975,10500
OIL,2024-07-29 06:45:00,14.7975,14.7975,14.7975,14.7975,21200
OIL,2024-07-29 06:46:00,14.69885,14.69885,14.69885,14.69885,500
OIL,2024-07-29 06:47:00,14.69885,14.69885,14.69885,14.69885,100
OIL,2024-07-29 06:48:00,14.69885,14.7975,14.69885,14.69885,23700
OIL,2024-07-29 06:50:00,14.69885,14.69885,14.69885,14.69885,1100
OIL,2024-07-29 06:51:00,14.69885,14.69885,14.69885,14.69885,1200
OIL,2024-07-29 06:52:00,14.69885,14.69885,14.69885,14.69885,10500
OIL,2024-07-29 06:53:00,14.69885,14.7975,14.69885,14.7975,4500
OIL,2024-07-29 06:54:00,14.7975,14.7975,14.7975,14.7975,1200
OIL,2024-07-29 06:55:00,14.69885,14.69885,14.69885,14.69885,12000
OIL,2024-07-29 06:56:00,14.69885,14.69885,14.69885,14.69885,3100
OIL,2024-07-29 06:57:00,14.69885,14.69885,14.69885,14.69885,14200
OIL,2024-07-29 06:59:00,14.7975,14.7975,14.7975,14.7975,500
OIL,2024-07-29 07:00:00,14.7975,14.7975,14.7975,14.7975,1000
OIL,2024-07-29 07:02:00,14.7975,14.7975,14.69885,14.69885,3100
OIL,2024-07-29 07:03:00,14.69885,14.69885,14.69885,14.69885,1000
OIL,2024-07-29 07:04:00,14.69885,14.69885,14.69885,14.69885,11200
OIL,2024-07-29 07:05:00,14.69885,14.7975,14.69885,14.7975,700
OIL,2024-07-29 07:06:00,14.69885,14.7975,14.69885,14.7975,17000
OIL,2024-07-29 07:08:00,14.7975,14.7975,14.7975,14.7975,6000
OIL,2024-07-29 07:09:00,14.7975,14.7975,14.69885,14.7975,2100
OIL,2024-07-29 07:10:00,14.7975,14.7975,14.69885,14.69885,3900
OIL,2024-07-29 07:11:00,14.69885,14.69885,14.69885,14.69885,200
OIL,2024-07-29 07:12:00,14.69885,14.69885,14.69885,14.69885,22200
OIL,2024-07-29 07:13:00,14.69885,14.69885,14.69885,14.69885,29200
OIL,2024-07-29 07:14:00,14.69885,14.69885,14.69885,14.69885,800
OIL,2024-07-29 07:16:00,14.69885,14.69885,14.69885,14.69885,20900
OIL,2024-07-29 07:17:00,14.69885,14.69885,14.69885,14.69885,62300
OIL,2024-07-29 07:18:00,14.69885,14.69885,14.69885,14.69885,19700
OIL,2024-07-29 07:19:00,14.69885,14.69885,14.69885,14.69885,300
OIL,2024-07-29 07:20:00,14.69885,14.7975,14.69885,14.69885,1700
OIL,2024-07-29 07:21:00,14.7975,14.7975,14.69885,14.69885,18000
OIL,2024-07-29 07:22:00,14.69885,14.69885,14.69885,14.69885,5000
OIL,2024-07-29 07:23:00,14.69885,14.69885,14.6002,14.69885,22100
OIL,2024-07-29 07:24:00,14.69885,14.69885,14.69885,14.69885,23900
OIL,2024-07-29 07:25:00,14.69885,14.69885,14.69885,14.69885,13100
OIL,2024-07-29 07:26:00,14.69885,14.69885,14.69885,14.69885,12600
OIL,2024-07-29 07:27:00,14.69885,14.69885,14.69885,14.69885,3300
OIL,2024-07-29 07:28:00,14.69885,14.7975,14.69885,14.7975,3600
OIL,2024-07-29 07:29:00,14.7975,14.7975,14.7975,14.7975,6300
OIL,2024-07-29 07:32:00,14.7975,14.7975,14.7975,14.7975,2000
OIL,2024-07-29 07:33:00,14.7975,14.7975,14.7975,14.7975,200
OIL,2024-07-29 07:34:00,14.7975,14.7975,14.7975,14.7975,100
OIL,2024-07-29 07:35:00,14.7975,14.7975,14.7975,14.7975,3000
OIL,2024-07-29 07:36:00,14.7975,14.7975,14.7975,14.7975,1000
OIL,2024-07-29 07:37:00,14.7975,14.7975,14.7975,14.7975,3000
OIL,2024-07-29 07:38:00,14.7975,14.7975,14.69885,14.69885,8900
OIL,2024-07-29 07:39:00,14.69885,14.69885,14.69885,14.69885,500
OIL,2024-07-29 07:41:00,14.69885,14.69885,14.69885,14.69885,23900
OIL,2024-07-29 07:42:00,14.69885,14.69885,14.69885,14.69885,19200
OIL,2024-07-29 07:43:00,14.69885,14.69885,14.69885,14.69885,1900
OIL,2024-07-29 07:44:00,14.69885,14.69885,14.69885,14.69885,16600
OIL,2024-07-29 07:45:00,14.69885,14.69885,14.69885,14.69885,17900
OIL,2024-07-29 07:46:00,14.69885,14.69885,14.69885,14.69885,300
OIL,2024-07-29 07:47:00,14.69885,14.69885,14.69885,14.69885,700
OIL,2024-07-29 07:48:00,14.69885,14.69885,14.69885,14.69885,15200
OIL,2024-07-29 07:49:00,14.69885,14.69885,14.69885,14.69885,24500
OIL,2024-07-29 07:50:00,14.69885,14.7975,14.69885,14.7975,7400
OIL,2024-07-29 07:52:00,14.7975,14.7975,14.69885,14.69885,3500
OIL,2024-07-29 07:53:00,14.7975,14.7975,14.7975,14.7975,4400
OIL,2024-07-29 07:54:00,14.69885,14.7975,14.69885,14.69885,2100
OIL,2024-07-29 07:55:00,14.7975,14.7975,14.7975,14.7975,12000
OIL,2024-07-29 07:57:00,14.7975,14.7975,14.7975,14.7975,2000
OIL,2024-07-29 07:58:00,14.7975,14.7975,14.7975,14.7975,1000
OIL,2024-07-29 07:59:00,14.7975,14.7975,14.7975,14.7975,500
OIL,2024-07-30 02:00:00,14.7975,15.09345,14.7975,14.7975,3800
OIL,2024-07-30 02:01:00,14.7975,14.7975,14.7975,14.7975,500
OIL,2024-07-30 02:02:00,14.7975,14.7975,14.7975,14.7975,4300
OIL,2024-07-30 02:06:00,14.69885,14.69885,14.69885,14.69885,500
OIL,2024-07-30 02:07:00,14.69885,14.89615,14.69885,14.89615,1500
OIL,2024-07-30 02:11:00,14.7975,14.7975,14.7975,14.7975,500
OIL,2024-07-30 02:12:00,14.69885,14.69885,14.69885,14.69885,1500
OIL,2024-07-30 02:13:00,14.69885,14.69885,14.69885,14.69885,1700
OIL,2024-07-30 02:14:00,14.69885,14.69885,14.69885,14.69885,1200
OIL,2024-07-30 02:15:00,14.69885,14.69885,14.69885,14.69885,3100
OIL,2024-07-30 02:16:00,14.69885,14.69885,14.69885,14.69885,9800
OIL,2024-07-30 02:17:00,14.69885,14.69885,14.69885,14.69885,700
OIL,2024-07-30 02:18:00,14.69885,14.69885,14.69885,14.69885,6500
OIL,2024-07-30 02:19:00,14.6002,14.6002,14.6002,14.6002,500
OIL,2024-07-30 02:20:00,14.6002,14.6002,14.6002,14.6002,10100
OIL,2024-07-30 02:21:00,14.6002,14.6002,14.6002,14.6002,6100
OIL,2024-07-30 02:22:00,14.50155,14.6002,14.50155,14.50155,24300
OIL,2024-07-30 02:23:00,14.50155,14.50155,14.4029,14.4029,46200
OIL,2024-07-30 02:24:00,14.4029,14.4029,14.4029,14.4029,10100
OIL,2024-07-30 02:25:00,14.4029,14.4029,14.4029,14.4029,11000
OIL,2024-07-30 02:26:00,14.50155,14.6002,14.50155,14.6002,28000
OIL,2024-07-30 02:27:00,14.6002,14.6002,14.6002,14.6002,2500
OIL,2024-07-30 02:28:00,14.6002,14.6002,14.6002,14.6002,200
OIL,2024-07-30 02:29:00,14.6002,14.6002,14.6002,14.6002,3000
OIL,2024-07-30 02:30:00,14.6002,14.6002,14.6002,14.6002,7900
OIL,2024-07-30 02:31:00,14.6002,14.6002,14.6002,14.6002,7000
OIL,2024-07-30 02:33:00,14.6002,14.6002,14.50155,14.6002,1900
OIL,2024-07-30 02:34:00,14.6002,14.6002,14.50155,14.50155,7900
OIL,2024-07-30 02:35:00,14.6002,14.6002,14.6002,14.6002,100
OIL,2024-07-30 02:36:00,14.6002,14.6002,14.50155,14.50155,8700
OIL,2024-07-30 02:37:00,14.50155,14.50155,14.50155,14.50155,2000
OIL,2024-07-30 02:39:00,14.50155,14.50155,14.4029,14.4029,13200
OIL,2024-07-30 02:40:00,14.50155,14.50155,14.50155,14.50155,1100
OIL,2024-07-30 02:41:00,14.50155,14.50155,14.50155,14.50155,5700
OIL,2024-07-30 02:42:00,14.50155,14.50155,14.50155,14.50155,800
OIL,2024-07-30 02:43:00,14.50155,14.50155,14.50155,14.50155,300
OIL,2024-07-30 02:44:00,14.50155,14.6002,14.50155,14.6002,1500
OIL,2024-07-30 02:45:00,14.50155,14.6002,14.50155,14.6002,9900
OIL,2024-07-30 02:46:00,14.6002,14.6002,14.6002,14.6002,700
OIL,2024-07-30 02:47:00,14.6002,14.6002,14.6002,14.6002,200
OIL,2024-07-30 02:48:00,14.6002,14.6002,14.6002,14.6002,9600
OIL,2024-07-30 02:49:00,14.6002,14.6002,14.6002,14.6002,1000
OIL,2024-07-30 02:50:00,14.6002,14.6002,14.6002,14.6002,1700
OIL,2024-07-30 02:51:00,14.6002,14.6002,14.6002,14.6002,700
OIL,2024-07-30 02:52:00,14.6002,14.6002,14.6002,14.6002,500
OIL,2024-07-30 02:53:00,14.6002,14.6002,14.6002,14.6002,2000
OIL,2024-07-30 02:54:00,14.6002,14.6002,14.6002,14.6002,5000
OIL,2024-07-30 02:57:00,14.6002,14.6002,14.6002,14.6002,200
OIL,2024-07-30 02:58:00,14.6002,14.6002,14.6002,14.6002,5000
OIL,2024-07-30 03:00:00,14.6002,14.6002,14.6002,14.6002,5000
OIL,2024-07-30 03:02:00,14.6002,14.6002,14.50155,14.50155,21000
OIL,2024-07-30 03:03:00,14.6002,14.6002,14.6002,14.6002,200
OIL,2024-07-30 03:04:00,14.6002,14.6002,14.6002,14.6002,1500
OIL,2024-07-30 03:06:00,14.6002,14.6002,14.50155,14.50155,4900
OIL,2024-07-30 03:09:00,14.50155,14.6002,14.50155,14.6002,5100
OIL,2024-07-30 03:11:00,14.50155,14.50155,14.50155,14.50155,5000
OIL,2024-07-30 03:15:00,14.6002,14.6002,14.6002,14.6002,2000
OIL,2024-07-30 03:16:00,14.6002,14.6002,14.6002,14.6002,1000
OIL,2024-07-30 03:17:00,14.6002,14.6002,14.6002,14.6002,700
OIL,2024-07-30 03:18:00,14.50155,14.6002,14.50155,14.50155,29500
OIL,2024-07-30 03:20:00,14.50155,14.50155,14.50155,14.50155,1000
OIL,2024-07-30 03:21:00,14.50155,14.50155,14.50155,14.50155,1000
OIL,2024-07-30 03:22:00,14.50155,14.50155,14.50155,14.50155,8000
OIL,2024-07-30 03:23:00,14.50155,14.6002,14.50155,14.6002,6500
OIL,2024-07-30 03:24:00,14.6002,14.6002,14.6002,14.6002,1000
OIL,2024-07-30 03:27:00,14.6002,14.6002,14.6002,14.6002,4000
OIL,2024-07-30 03:28:00,14.6002,14.6002,14.6002,14.6002,1200
OIL,2024-07-30 03:30:00,14.6002,14.6002,14.50155,14.50155,5600
OIL,2024-07-30 03:31:00,14.6002,14.6002,14.6002,14.6002,5000
OIL,2024-07-30 03:32:00,14.50155,14.50155,14.50155,14.50155,500
OIL,2024-07-30 03:33:00,14.6002,14.6002,14.6002,14.6002,1000
OIL,2024-07-30 03:35:00,14.6002,14.6002,14.6002,14.6002,11300
OIL,2024-07-30 03:36:00,14.6002,14.6002,14.6002,14.6002,200
OIL,2024-07-30 03:37:00,14.6002,14.6002,14.6002,14.6002,200
OIL,2024-07-30 03:39:00,14.6002,14.6002,14.6002,14.6002,9700
OIL,2024-07-30 03:43:00,14.6002,14.6002,14.6002,14.6002,300
OIL,2024-07-30 03:47:00,14.50155,14.50155,14.50155,14.50155,500
OIL,2024-07-30 03:48:00,14.50155,14.50155,14.50155,14.50155,900
OIL,2024-07-30 03:49:00,14.50155,14.6002,14.50155,14.6002,10100
OIL,2024-07-30 03:50:00,14.50155,14.50155,14.50155,14.50155,2100
OIL,2024-07-30 03:59:00,14.50155,14.50155,14.50155,14.50155,6900
OIL,2024-07-30 04:00:00,14.50155,14.50155,14.50155,14.50155,6000
OIL,2024-07-30 04:01:00,14.6002,14.6002,14.6002,14.6002,10000
OIL,2024-07-30 04:04:00,14.6002,14.6002,14.6002,14.6002,3400
OIL,2024-07-30 04:06:00,14.6002,14.6002,14.6002,14.6002,10000
OIL,2024-07-30 04:07:00,14.6002,14.6002,14.6002,14.6002,10000
OIL,2024-07-30 04:11:00,14.6002,14.6002,14.6002,14.6002,20500
OIL,2024-07-30 04:12:00,14.6002,14.6002,14.6002,14.6002,5000
OIL,2024-07-30 04:14:00,14.6002,14.6002,14.6002,14.6002,24200
OIL,2024-07-30 04:16:00,14.69885,14.69885,14.69885,14.69885,100
OIL,2024-07-30 04:17:00,14.69885,14.69885,14.69885,14.69885,3000
OIL,2024-07-30 04:20:00,14.69885,14.69885,14.69885,14.69885,20000
OIL,2024-07-30 04:21:00,14.69885,14.69885,14.69885,14.69885,1000
OIL,2024-07-30 04:22:00,14.6002,14.69885,14.6002,14.69885,8000
OIL,2024-07-30 04:23:00,14.69885,14.69885,14.69885,14.69885,30200
OIL,2024-07-30 04:25:00,14.69885,14.69885,14.69885,14.69885,100
OIL,2024-07-30 04:27:00,14.69885,14.69885,14.69885,14.69885,500
OIL,2024-07-30 04:28:00,14.69885,14.69885,14.6002,14.69885,9100
OIL,2024-07-30 04:30:00,14.69885,14.69885,14.69885,14.69885,1000
OIL,2024-07-30 06:00:00,14.6002,14.69885,14.6002,14.6002,32400
OIL,2024-07-30 06:01:00,14.6002,14.6002,14.6002,14.6002,1000
OIL,2024-07-30 06:03:00,14.6002,14.6002,14.50155,14.6002,6300
OIL,2024-07-30 06:04:00,14.6002,14.6002,14.6002,14.6002,6000
OIL,2024-07-30 06:05:00,14.6002,14.6002,14.6002,14.6002,500
OIL,2024-07-30 06:06:00,14.6002,14.6002,14.6002,14.6002,100
OIL,2024-07-30 06:07:00,14.50155,14.50155,14.50155,14.50155,600
OIL,2024-07-30 06:08:00,14.50155,14.50155,14.50155,14.50155,7500
OIL,2024-07-30 06:09:00,14.50155,14.50155,14.50155,14.50155,7600
OIL,2024-07-30 06:10:00,14.50155,14.50155,14.50155,14.50155,1200
OIL,2024-07-30 06:12:00,14.50155,14.50155,14.50155,14.50155,8300
OIL,2024-07-30 06:13:00,14.50155,14.50155,14.50155,14.50155,2100
OIL,2024-07-30 06:14:00,14.50155,14.50155,14.50155,14.50155,700
OIL,2024-07-30 06:15:00,14.50155,14.50155,14.50155,14.50155,5200
OIL,2024-07-30 06:17:00,14.50155,14.50155,14.50155,14.50155,2000
OIL,2024-07-30 06:18:00,14.50155,14.6002,14.50155,14.6002,20000
OIL,2024-07-30 06:19:00,14.50155,14.50155,14.50155,14.50155,1200
OIL,2024-07-30 06:20:00,14.50155,14.50155,14.50155,14.50155,1000
OIL,2024-07-30 06:22:00,14.6002,14.6002,14.6002,14.6002,34500
OIL,2024-07-30 06:23:00,14.6002,14.6002,14.6002,14.6002,2300
OIL,2024-07-30 06:24:00,14.6002,14.6002,14.6002,14.6002,500
OIL,2024-07-30 06:25:00,14.6002,14.6002,14.6002,14.6002,8600
OIL,2024-07-30 06:26:00,14.6002,14.6002,14.6002,14.6002,13200
OIL,2024-07-30 06:27:00,14.6002,14.6002,14.6002,14.6002,4800
OIL,2024-07-30 06:28:00,14.6002,14.6002,14.6002,14.6002,5700
OIL,2024-07-30 06:29:00,14.6002,14.6002,14.6002,14.6002,17400
OIL,2024-07-30 06:32:00,14.6002,14.6002,14.6002,14.6002,20100
OIL,2024-07-30 06:33:00,14.6002,14.6002,14.6002,14.6002,10000
OIL,2024-07-30 06:34:00,14.6002,14.6002,14.50155,14.6002,700
OIL,2024-07-30 06:35:00,14.50155,14.50155,14.50155,14.50155,400
OIL,2024-07-30 06:36:00,14.50155,14.50155,14.50155,14.50155,200
OIL,2024-07-30 06:37:00,14.50155,14.50155,14.50155,14.50155,20600
OIL,2024-07-30 06:38:00,14.50155,14.50155,14.50155,14.50155,2000
OIL,2024-07-30 06:39:00,14.50155,14.50155,14.50155,14.50155,1700
OIL,2024-07-30 06:40:00,14.50155,14.50155,14.50155,14.50155,18700
OIL,2024-07-30 06:41:00,14.50155,14.50155,14.4029,14.4029,14200
OIL,2024-07-30 06:42:00,14.4029,14.50155,14.4029,14.50155,10800
OIL,2024-07-30 06:43:00,14.50155,14.50155,14.50155,14.50155,10600
OIL,2024-07-30 06:44:00,14.50155,14.50155,14.50155,14.50155,11600
OIL,2024-07-30 06:45:00,14.4029,14.50155,14.4029,14.50155,20500
OIL,2024-07-30 06:46:00,14.50155,14.50155,14.50155,14.50155,1000
OIL,2024-07-30 06:47:00,14.50155,14.50155,14.50155,14.50155,10000
OIL,2024-07-30 06:48:00,14.50155,14.50155,14.50155,14.50155,700
OIL,2024-07-30 06:49:00,14.50155,14.50155,14.50155,14.50155,8800
OIL,2024-07-30 06:50:00,14.50155,14.50155,14.50155,14.50155,13000
OIL,2024-07-30 06:51:00,14.50155,14.50155,14.50155,14.50155,1900
OIL,2024-07-30 06:52:00,14.50155,14.50155,14.4029,14.50155,14500
OIL,2024-07-30 06:53:00,14.50155,14.6002,14.50155,14.6002,10300
OIL,2024-07-30 06:54:00,14.50155,14.50155,14.50155,14.50155,25000
OIL,2024-07-30 06:57:00,14.6002,14.6002,14.6002,14.6002,5800
OIL,2024-07-30 06:58:00,14.50155,14.50155,14.50155,14.50155,5000
OIL,2024-07-30 06:59:00,14.50155,14.50155,14.50155,14.50155,3400
OIL,2024-07-30 07:00:00,14.50155,14.50155,14.50155,14.50155,1600
OIL,2024-07-30 07:01:00,14.50155,14.50155,14.4029,14.4029,29500
OIL,2024-07-30 07:02:00,14.4029,14.4029,14.4029,14.4029,13600
OIL,2024-07-30 07:03:00,14.4029,14.4029,14.4029,14.4029,29700
OIL,2024-07-30 07:04:00,14.4029,14.4029,14.30425,14.30425,23300
OIL,2024-07-30 07:05:00,14.30425,14.30425,14.30425,14.30425,5600
OIL,2024-07-30 07:06:00,14.30425,14.4029,14.30425,14.30425,2800
OIL,2024-07-30 07:07:00,14.4029,14.4029,14.4029,14.4029,12500
OIL,2024-07-30 07:09:00,14.50155,14.50155,14.50155,14.50155,20200
OIL,2024-07-30 07:10:00,14.50155,14.50155,14.50155,14.50155,200
OIL,2024-07-30 07:11:00,14.6002,14.6002,14.50155,14.50155,23200
OIL,2024-07-30 07:12:00,14.50155,14.50155,14.50155,14.50155,5000
OIL,2024-07-30 07:15:00,14.50155,14.50155,14.50155,14.50155,12500
OIL,2024-07-30 07:16:00,14.50155,14.50155,14.50155,14.50155,2000
OIL,2024-07-30 07:17:00,14.4029,14.50155,14.4029,14.4029,20300
OIL,2024-07-30 07:18:00,14.4029,14.4029,14.4029,14.4029,11200
OIL,2024-07-30 07:20:00,14.4029,14.4029,14.4029,14.4029,1000
OIL,2024-07-30 07:21:00,14.50155,14.50155,14.4029,14.50155,21200
OIL,2024-07-30 07:22:00,14.50155,14.50155,14.50155,14.50155,13200
OIL,2024-07-30 07:23:00,14.50155,14.50155,14.50155,14.50155,100
OIL,2024-07-30 07:24:00,14.6002,14.6002,14.50155,14.50155,2100
OIL,2024-07-30 07:25:00,14.6002,14.6002,14.6002,14.6002,5500
OIL,2024-07-30 07:26:00,14.6002,14.6002,14.50155,14.6002,32300
OIL,2024-07-30 07:27:00,14.6002,14.6002,14.6002,14.6002,4000
OIL,2024-07-30 07:28:00,14.6002,14.6002,14.6002,14.6002,10700
OIL,2024-07-30 07:29:00,14.6002,14.6002,14.6002,14.6002,800
OIL,2024-07-30 07:31:00,14.6002,14.6002,14.6002,14.6002,4000
OIL,2024-07-30 07:32:00,14.6002,14.6002,14.6002,14.6002,10000
OIL,2024-07-30 07:38:00,14.6002,14.6002,14.6002,14.6002,10000
OIL,2024-07-30 07:39:00,14.6002,14.6002,14.6002,14.6002,5000
OIL,2024-07-30 07:43:00,14.6002,14.6002,14.6002,14.6002,2000
OIL,2024-07-30 07:44:00,14.6002,14.6002,14.50155,14.50155,8000
OIL,2024-07-30 07:47:00,14.6002,14.6002,14.6002,14.6002,5500
OIL,2024-07-30 07:48:00,14.6002,14.6002,14.6002,14.6002,6300
OIL,2024-07-30 07:49:00,14.6002,14.6002,14.6002,14.6002,2000
OIL,2024-07-30 07:51:00,14.6002,14.6002,14.6002,14.6002,1000
OIL,2024-07-30 07:53:00,14.6002,14.6002,14.6002,14.6002,3000
OIL,2024-07-30 07:55:00,14.69885,14.69885,14.69885,14.69885,200
OIL,2024-07-30 07:58:00,14.50155,14.50155,14.50155,14.50155,13300
OIL,2024-07-31 02:00:00,14.50155,14.50155,14.50155,14.50155,200
OIL,2024-07-31 02:01:00,14.50155,14.50155,14.50155,14.50155,100
OIL,2024-07-31 02:03:00,14.4029,14.4029,14.4029,14.4029,1000
OIL,2024-07-31 02:04:00,14.4029,14.4029,14.4029,14.4029,700
OIL,2024-07-31 02:05:00,14.4029,14.4029,14.4029,14.4029,7600
OIL,2024-07-31 02:06:00,14.4029,14.4029,14.4029,14.4029,5900
OIL,2024-07-31 02:08:00,14.30425,14.30425,14.30425,14.30425,11100
OIL,2024-07-31 02:09:00,14.30425,14.30425,14.30425,14.30425,10300
OIL,2024-07-31 02:10:00,14.30425,14.30425,14.30425,14.30425,3100
OIL,2024-07-31 02:11:00,14.4029,14.4029,14.4029,14.4029,200
OIL,2024-07-31 02:13:00,14.50155,14.50155,14.50155,14.50155,10100
OIL,2024-07-31 02:16:00,14.50155,14.50155,14.50155,14.50155,8300
OIL,2024-07-31 02:20:00,14.6002,14.6002,14.6002,14.6002,6000
OIL,2024-07-31 02:21:00,14.69885,14.69885,14.69885,14.69885,1000
OIL,2024-07-31 02:22:00,14.69885,14.69885,14.69885,14.69885,1100
OIL,2024-07-31 02:23:00,14.6002,14.6002,14.6002,14.6002,1500
OIL,2024-07-31 02:24:00,14.6002,14.6002,14.6002,14.6002,8900
OIL,2024-07-31 02:25:00,14.6002,14.6002,14.6002,14.6002,100
OIL,2024-07-31 02:26:00,14.6002,14.6002,14.6002,14.6002,3200
OIL,2024-07-31 02:27:00,14.6002,14.6002,14.6002,14.6002,200
OIL,2024-07-31 02:28:00,14.6002,14.6002,14.6002,14.6002,2100
OIL,2024-07-31 02:31:00,14.50155,14.50155,14.50155,14.50155,10100
OIL,2024-07-31 02:32:00,14.6002,14.6002,14.6002,14.6002,500
OIL,2024-07-31 02:35:00,14.6002,14.6002,14.6002,14.6002,100
OIL,2024-07-31 02:39:00,14.50155,14.50155,14.50155,14.50155,9500
OIL,2024-07-31 02:41:00,14.50155,14.50155,14.50155,14.50155,400
OIL,2024-07-31 02:43:00,14.6002,14.6002,14.6002,14.6002,200
OIL,2024-07-31 02:45:00,14.6002,14.6002,14.6002,14.6002,400
OIL,2024-07-31 02:46:00,14.6002,14.6002,14.6002,14.6002,1400
OIL,2024-07-31 02:47:00,14.6002,14.6002,14.6002,14.6002,500
OIL,2024-07-31 02:48:00,14.50155,14.50155,14.50155,14.50155,10000
OIL,2024-07-31 02:49:00,14.50155,14.50155,14.50155,14.50155,6000
OIL,2024-07-31 02:50:00,14.50155,14.50155,14.50155,14.50155,6600
OIL,2024-07-31 02:51:00,14.50155,14.50155,14.50155,14.50155,23300
OIL,2024-07-31 02:54:00,14.50155,14.50155,14.50155,14.50155,2000
OIL,2024-07-31 02:55:00,14.50155,14.50155,14.50155,14.50155,1000
OIL,2024-07-31 03:00:00,14.4029,14.4029,14.4029,14.4029,6000
OIL,2024-07-31 03:02:00,14.4029,14.4029,14.4029,14.4029,20100
OIL,2024-07-31 03:04:00,14.4029,14.4029,14.30425,14.30425,700
OIL,2024-07-31 03:05:00,14.30425,14.30425,14.30425,14.30425,75400
OIL,2024-07-31 03:06:00,14.30425,14.30425,14.2056,14.2056,6200
OIL,2024-07-31 03:07:00,14.30425,14.30425,14.30425,14.30425,1000
OIL,2024-07-31 03:08:00,14.30425,14.30425,14.30425,14.30425,8100
OIL,2024-07-31 03:09:00,14.30425,14.30425,14.30425,14.30425,2400
OIL,2024-07-31 03:10:00,14.30425,14.30425,14.30425,14.30425,2100
OIL,2024-07-31 03:13:00,14.30425,14.30425,14.30425,14.30425,300
OIL,2024-07-31 03:19:00,14.30425,14.30425,14.30425,14.30425,600
OIL,2024-07-31 03:22:00,14.30425,14.30425,14.30425,14.30425,12700
OIL,2024-07-31 03:24:00,14.2056,14.2056,14.2056,14.2056,20000
OIL,2024-07-31 03:25:00,14.2056,14.2056,14.2056,14.2056,10000
OIL,2024-07-31 03:27:00,14.2056,14.2056,14.2056,14.2056,3800
OIL,2024-07-31 03:28:00,14.30425,14.50155,14.30425,14.50155,102000
OIL,2024-07-31 03:32:00,14.4029,14.50155,14.4029,14.4029,2700
OIL,2024-07-31 03:34:00,14.4029,14.50155,14.4029,14.50155,2900
OIL,2024-07-31 03:35:00,14.4029,14.50155,14.4029,14.50155,5500
OIL,2024-07-31 03:36:00,14.50155,14.50155,14.4029,14.50155,34500
OIL,2024-07-31 03:37:00,14.50155,14.50155,14.50155,14.50155,3000
OIL,2024-07-31 03:41:00,14.50155,14.50155,14.50155,14.50155,7000
OIL,2024-07-31 03:42:00,14.50155,14.50155,14.50155,14.50155,5100
OIL,2024-07-31 03:43:00,14.50155,14.50155,14.50155,14.50155,2000
OIL,2024-07-31 03:44:00,14.50155,14.50155,14.50155,14.50155,2500
OIL,2024-07-31 03:45:00,14.50155,14.50155,14.50155,14.50155,45800
OIL,2024-07-31 03:46:00,14.50155,14.6002,14.50155,14.50155,38400
OIL,2024-07-31 03:47:00,14.50155,14.50155,14.50155,14.50155,500
OIL,2024-07-31 03:48:00,14.50155,14.50155,14.50155,14.50155,23200
OIL,2024-07-31 03:49:00,14.50155,14.50155,14.50155,14.50155,100
OIL,2024-07-31 03:50:00,14.50155,14.50155,14.50155,14.50155,500
OIL,2024-07-31 03:51:00,14.50155,14.50155,14.50155,14.50155,19300
OIL,2024-07-31 03:53:00,14.6002,14.6002,14.50155,14.6002,4200
OIL,2024-07-31 03:54:00,14.6002,14.6002,14.6002,14.6002,3300
OIL,2024-07-31 03:55:00,14.6002,14.6002,14.6002,14.6002,46000
OIL,2024-07-31 03:56:00,14.69885,14.69885,14.69885,14.69885,300
OIL,2024-07-31 03:57:00,14.69885,14.69885,14.6002,14.69885,24400
OIL,2024-07-31 04:00:00,14.69885,14.69885,14.69885,14.69885,4600
OIL,2024-07-31 04:01:00,14.6002,14.69885,14.6002,14.6002,13700
OIL,2024-07-31 04:02:00,14.69885,14.69885,14.69885,14.69885,1000
OIL,2024-07-31 04:03:00,14.69885,14.69885,14.6002,14.6002,14500
OIL,2024-07-31 04:04:00,14.6002,14.6002,14.6002,14.6002,2000
OIL,2024-07-31 04:05:00,14.6002,14.6002,14.6002,14.6002,4000
OIL,2024-07-31 04:07:00,14.6002,14.6002,14.6002,14.6002,300
OIL,2024-07-31 04:09:00,14.6002,14.6002,14.6002,14.6002,600
OIL,2024-07-31 04:10:00,14.6002,14.6002,14.6002,14.6002,3800
OIL,2024-07-31 04:11:00,14.6002,14.6002,14.6002,14.6002,3000
OIL,2024-07-31 04:12:00,14.6002,14.6002,14.6002,14.6002,2000
OIL,2024-07-31 04:13:00,14.69885,14.69885,14.69885,14.69885,200
OIL,2024-07-31 04:16:00,14.6002,14.6002,14.6002,14.6002,1000
OIL,2024-07-31 04:17:00,14.69885,14.69885,14.69885,14.69885,100
OIL,2024-07-31 04:18:00,14.6002,14.6002,14.6002,14.6002,200
OIL,2024-07-31 04:21:00,14.6002,14.69885,14.6002,14.69885,12900
OIL,2024-07-31 04:22:00,14.6002,14.6002,14.6002,14.6002,1600
OIL,2024-07-31 04:23:00,14.6002,14.6002,14.6002,14.6002,8000
OIL,2024-07-31 04:24:00,14.6002,14.6002,14.6002,14.6002,1000
OIL,2024-07-31 04:25:00,14.6002,14.6002,14.6002,14.6002,7000
OIL,2024-07-31 04:28:00,14.6002,14.6002,14.6002,14.6002,4100
OIL,2024-07-31 06:00:00,14.6002,14.6002,14.6002,14.6002,13100
OIL,2024-07-31 06:05:00,14.6002,14.6002,14.6002,14.6002,3100
OIL,2024-07-31 06:06:00,14.6002,14.6002,14.6002,14.6002,8100
OIL,2024-07-31 06:07:00,14.6002,14.6002,14.6002,14.6002,2600
OIL,2024-07-31 06:08:00,14.6002,14.6002,14.6002,14.6002,4700
OIL,2024-07-31 06:09:00,14.69885,14.69885,14.69885,14.69885,5300
OIL,2024-07-31 06:10:00,14.69885,14.69885,14.69885,14.69885,38800
OIL,2024-07-31 06:11:00,14.69885,14.69885,14.69885,14.69885,9200
OIL,2024-07-31 06:12:00,14.69885,14.7975,14.69885,14.7975,22700
OIL,2024-07-31 06:13:00,14.7975,14.7975,14.7975,14.7975,51100
OIL,2024-07-31 06:14:00,14.7975,14.7975,14.7975,14.7975,4300
OIL,2024-07-31 06:15:00,14.7975,14.7975,14.7975,14.7975,13000
OIL,2024-07-31 06:16:00,14.7975,14.7975,14.69885,14.69885,15200
OIL,2024-07-31 06:17:00,14.69885,14.7975,14.69885,14.7975,16200
OIL,2024-07-31 06:18:00,14.69885,14.69885,14.69885,14.69885,3000
OIL,2024-07-31 06:19:00,14.69885,14.7975,14.69885,14.69885,5200
OIL,2024-07-31 06:20:00,14.69885,14.69885,14.69885,14.69885,12300
OIL,2024-07-31 06:21:00,14.69885,14.69885,14.69885,14.69885,4900
OIL,2024-07-31 06:22:00,14.6002,14.6002,14.6002,14.6002,6000
OIL,2024-07-31 06:23:00,14.6002,14.6002,14.6002,14.6002,3000
OIL,2024-07-31 06:25:00,14.6002,14.6002,14.6002,14.6002,16800
OIL,2024-07-31 06:26:00,14.6002,14.6002,14.6002,14.6002,3900
OIL,2024-07-31 06:28:00,14.6002,14.6002,14.6002,14.6002,1600
OIL,2024-07-31 06:29:00,14.6002,14.6002,14.6002,14.6002,2100
OIL,2024-07-31 06:30:00,14.6002,14.69885,14.6002,14.69885,2400
OIL,2024-07-31 06:31:00,14.69885,14.69885,14.69885,14.69885,5400
OIL,2024-07-31 06:32:00,14.69885,14.69885,14.69885,14.69885,56500
OIL,2024-07-31 06:33:00,14.69885,14.69885,14.69885,14.69885,20200
OIL,2024-07-31 06:34:00,14.7975,14.7975,14.7975,14.7975,29700
OIL,2024-07-31 06:35:00,14.7975,14.7975,14.69885,14.7975,21000
OIL,2024-07-31 06:36:00,14.69885,14.69885,14.69885,14.69885,12100
OIL,2024-07-31 06:37:00,14.69885,14.69885,14.69885,14.69885,6100
OIL,2024-07-31 06:38:00,14.69885,14.69885,14.69885,14.69885,10300
OIL,2024-07-31 06:39:00,14.69885,14.69885,14.69885,14.69885,1800
OIL,2024-07-31 06:41:00,14.69885,14.69885,14.69885,14.69885,100
OIL,2024-07-31 06:42:00,14.69885,14.69885,14.6002,14.6002,5200
OIL,2024-07-31 06:43:00,14.6002,14.6002,14.6002,14.6002,24100
OIL,2024-07-31 06:44:00,14.6002,14.6002,14.6002,14.6002,3100
OIL,2024-07-31 06:45:00,14.6002,14.6002,14.6002,14.6002,2000
OIL,2024-07-31 06:46:00,14.6002,14.6002,14.6002,14.6002,8700
OIL,2024-07-31 06:47:00,14.6002,14.6002,14.6002,14.6002,4700
OIL,2024-07-31 06:48:00,14.6002,14.6002,14.6002,14.6002,8600
OIL,2024-07-31 06:49:00,14.6002,14.6002,14.6002,14.6002,1000
OIL,2024-07-31 06:50:00,14.6002,14.6002,14.6002,14.6002,2000
OIL,2024-07-31 06:51:00,14.6002,14.6002,14.6002,14.6002,2900
OIL,2024-07-31 06:52:00,14.6002,14.6002,14.6002,14.6002,5500
OIL,2024-07-31 06:53:00,14.6002,14.6002,14.6002,14.6002,2900
OIL,2024-07-31 06:54:00,14.6002,14.6002,14.6002,14.6002,4300
OIL,2024-07-31 06:55:00,14.6002,14.6002,14.6002,14.6002,5500
OIL,2024-07-31 06:56:00,14.6002,14.6002,14.50155,14.50155,2100
OIL,2024-07-31 06:57:00,14.50155,14.50155,14.50155,14.50155,100
OIL,2024-07-31 06:58:00,14.50155,14.50155,14.50155,14.50155,39900
OIL,2024-07-31 06:59:00,14.50155,14.50155,14.50155,14.50155,18000
OIL,2024-07-31 07:00:00,14.50155,14.50155,14.50155,14.50155,4000
OIL,2024-07-31 07:01:00,14.50155,14.50155,14.50155,14.50155,6000
OIL,2024-07-31 07:02:00,14.50155,14.6002,14.50155,14.6002,3200
OIL,2024-07-31 07:05:00,14.6002,14.6002,14.6002,14.6002,6800
OIL,2024-07-31 07:06:00,14.6002,14.6002,14.6002,14.6002,9300
OIL,2024-07-31 07:07:00,14.6002,14.6002,14.6002,14.6002,1200
OIL,2024-07-31 07:08:00,14.69885,14.69885,14.69885,14.69885,300
OIL,2024-07-31 07:09:00,14.6002,14.6002,14.6002,14.6002,3100
OIL,2024-07-31 07:10:00,14.6002,14.6002,14.6002,14.6002,5300
OIL,2024-07-31 07:11:00,14.6002,14.6002,14.6002,14.6002,7100
OIL,2024-07-31 07:12:00,14.6002,14.6002,14.6002,14.6002,5500
OIL,2024-07-31 07:13:00,14.6002,14.6002,14.6002,14.6002,400
OIL,2024-07-31 07:14:00,14.6002,14.69885,14.6002,14.69885,3300
OIL,2024-07-31 07:15:00,14.6002,14.6002,14.6002,14.6002,1800
OIL,2024-07-31 07:17:00,14.6002,14.6002,14.6002,14.6002,3800
OIL,2024-07-31 07:18:00,14.6002,14.6002,14.6002,14.6002,11100
OIL,2024-07-31 07:19:00,14.6002,14.6002,14.50155,14.50155,21800
OIL,2024-07-31 07:21:00,14.4029,14.4029,14.4029,14.4029,50100
OIL,2024-07-31 07:22:00,14.4029,14.4029,14.4029,14.4029,7500
OIL,2024-07-31 07:23:00,14.4029,14.4029,14.4029,14.4029,2000
OIL,2024-07-31 07:24:00,14.4029,14.4029,14.4029,14.4029,1800
OIL,2024-07-31 07:25:00,14.4029,14.4029,14.4029,14.4029,16100
OIL,2024-07-31 07:26:00,14.4029,14.4029,14.4029,14.4029,200
OIL,2024-07-31 07:27:00,14.30425,14.30425,14.30425,14.30425,5100
OIL,2024-07-31 07:28:00,14.30425,14.4029,14.30425,14.4029,4600
OIL,2024-07-31 07:29:00,14.4029,14.4029,14.4029,14.4029,19500
OIL,2024-07-31 07:30:00,14.50155,14.50155,14.50155,14.50155,15200
OIL,2024-07-31 07:31:00,14.50155,14.50155,14.4029,14.50155,2100
OIL,2024-07-31 07:32:00,14.50155,14.50155,14.50155,14.50155,24800
OIL,2024-07-31 07:33:00,14.50155,14.50155,14.50155,14.50155,4800
OIL,2024-07-31 07:34:00,14.50155,14.50155,14.50155,14.50155,2600
OIL,2024-07-31 07:35:00,14.50155,14.50155,14.50155,14.50155,1000
OIL,2024-07-31 07:36:00,14.50155,14.50155,14.50155,14.50155,100
OIL,2024-07-31 07:37:00,14.4029,14.4029,14.4029,14.4029,2000
OIL,2024-07-31 07:38:00,14.50155,14.50155,14.50155,14.50155,1800
OIL,2024-07-31 07:39:00,14.4029,14.4029,14.4029,14.4029,1200
OIL,2024-07-31 07:40:00,14.4029,14.4029,14.4029,14.4029,10500
OIL,2024-07-31 07:41:00,14.4029,14.4029,14.4029,14.4029,500
OIL,2024-07-31 07:42:00,14.4029,14.4029,14.4029,14.4029,1000
OIL,2024-07-31 07:43:00,14.4029,14.4029,14.4029,14.4029,6000
OIL,2024-07-31 07:44:00,14.4029,14.4029,14.4029,14.4029,100
OIL,2024-07-31 07:46:00,14.4029,14.4029,14.4029,14.4029,1000
OIL,2024-07-31 07:47:00,14.4029,14.4029,14.4029,14.4029,23000
OIL,2024-07-31 07:48:00,14.4029,14.50155,14.4029,14.50155,8500
OIL,2024-07-31 07:53:00,14.50155,14.50155,14.50155,14.50155,1500
OIL,2024-07-31 07:54:00,14.4029,14.4029,14.4029,14.4029,200
OIL,2024-07-31 07:55:00,14.4029,14.4029,14.4029,14.4029,1000
OIL,2024-07-31 07:56:00,14.50155,14.50155,14.50155,14.50155,6600
OIL,2024-07-31 07:57:00,14.50155,14.50155,14.50155,14.50155,300
OIL,2024-07-31 07:59:00,14.50155,14.50155,14.4029,14.4029,300
