ticker,time,open,high,low,close,volume
DBC,2025-02-03 02:15:00,22.26176,22.30524,22.26176,22.26176,63600
DBC,2025-02-03 02:16:00,22.26176,22.34872,22.21828,22.34872,36300
DBC,2025-02-03 02:17:00,22.34872,22.3922,22.34872,22.3922,15400
DBC,2025-02-03 02:18:00,22.3922,22.6096,22.3922,22.47916,78100
DBC,2025-02-03 02:19:00,22.47916,22.65308,22.47916,22.65308,42200
DBC,2025-02-03 02:20:00,22.65308,22.69656,22.6096,22.65308,10900
DBC,2025-02-03 02:21:00,22.65308,22.69656,22.6096,22.65308,39200
DBC,2025-02-03 02:22:00,22.65308,22.65308,22.6096,22.6096,150200
DBC,2025-02-03 02:23:00,22.6096,22.6096,22.6096,22.6096,34900
DBC,2025-02-03 02:24:00,22.6096,22.6096,22.56612,22.56612,3700
DBC,2025-02-03 02:25:00,22.56612,22.56612,22.52264,22.52264,7200
DBC,2025-02-03 02:26:00,22.52264,22.56612,22.52264,22.56612,5100
DBC,2025-02-03 02:27:00,22.56612,22.56612,22.56612,22.56612,9400
DBC,2025-02-03 02:28:00,22.56612,22.56612,22.56612,22.56612,7700
DBC,2025-02-03 02:29:00,22.56612,22.56612,22.56612,22.56612,11000
DBC,2025-02-03 02:30:00,22.56612,22.56612,22.52264,22.56612,15300
DBC,2025-02-03 02:31:00,22.56612,22.56612,22.56612,22.56612,9800
DBC,2025-02-03 02:32:00,22.56612,22.56612,22.56612,22.56612,13100
DBC,2025-02-03 02:33:00,22.56612,22.56612,22.56612,22.56612,1400
DBC,2025-02-03 02:34:00,22.56612,22.56612,22.56612,22.56612,8100
DBC,2025-02-03 02:35:00,22.56612,22.56612,22.56612,22.56612,100
DBC,2025-02-03 02:36:00,22.56612,22.56612,22.56612,22.56612,36100
DBC,2025-02-03 02:37:00,22.56612,22.6096,22.56612,22.6096,200
DBC,2025-02-03 02:38:00,22.6096,22.6096,22.56612,22.56612,6100
DBC,2025-02-03 02:39:00,22.56612,22.6096,22.56612,22.6096,8400
DBC,2025-02-03 02:40:00,22.6096,22.6096,22.6096,22.6096,38600
DBC,2025-02-03 02:41:00,22.6096,22.6096,22.56612,22.56612,29800
DBC,2025-02-03 02:42:00,22.56612,22.56612,22.56612,22.56612,3100
DBC,2025-02-03 02:43:00,22.56612,22.56612,22.56612,22.56612,16000
DBC,2025-02-03 02:44:00,22.56612,22.56612,22.56612,22.56612,7600
DBC,2025-02-03 02:45:00,22.56612,22.56612,22.52264,22.52264,11500
DBC,2025-02-03 02:46:00,22.52264,22.52264,22.52264,22.52264,3600
DBC,2025-02-03 02:47:00,22.52264,22.56612,22.52264,22.56612,15000
DBC,2025-02-03 02:48:00,22.56612,22.56612,22.52264,22.52264,81400
DBC,2025-02-03 02:49:00,22.52264,22.52264,22.52264,22.52264,7800
DBC,2025-02-03 02:50:00,22.52264,22.52264,22.43568,22.43568,29800
DBC,2025-02-03 02:51:00,22.43568,22.43568,22.3922,22.3922,44700
DBC,2025-02-03 02:52:00,22.3922,22.3922,22.3922,22.3922,10000
DBC,2025-02-03 02:53:00,22.3922,22.3922,22.3922,22.3922,5800
DBC,2025-02-03 02:54:00,22.3922,22.43568,22.3922,22.43568,34200
DBC,2025-02-03 02:55:00,22.43568,22.43568,22.43568,22.43568,9500
DBC,2025-02-03 02:56:00,22.43568,22.43568,22.43568,22.43568,12000
DBC,2025-02-03 02:58:00,22.43568,22.47916,22.43568,22.47916,2500
DBC,2025-02-03 02:59:00,22.47916,22.47916,22.43568,22.43568,53900
DBC,2025-02-03 03:00:00,22.43568,22.52264,22.43568,22.52264,1600
DBC,2025-02-03 03:01:00,22.52264,22.52264,22.52264,22.52264,10600
DBC,2025-02-03 03:02:00,22.52264,22.52264,22.52264,22.52264,9900
DBC,2025-02-03 03:03:00,22.52264,22.52264,22.52264,22.52264,4500
DBC,2025-02-03 03:04:00,22.52264,22.52264,22.52264,22.52264,6500
DBC,2025-02-03 03:05:00,22.52264,22.52264,22.47916,22.52264,5300
DBC,2025-02-03 03:06:00,22.52264,22.52264,22.47916,22.47916,50700
DBC,2025-02-03 03:07:00,22.47916,22.52264,22.47916,22.47916,2100
DBC,2025-02-03 03:08:00,22.47916,22.52264,22.47916,22.52264,5200
DBC,2025-02-03 03:09:00,22.52264,22.52264,22.52264,22.52264,20000
DBC,2025-02-03 03:10:00,22.52264,22.52264,22.52264,22.52264,1500
DBC,2025-02-03 03:11:00,22.52264,22.52264,22.52264,22.52264,100
DBC,2025-02-03 03:12:00,22.52264,22.52264,22.52264,22.52264,2300
DBC,2025-02-03 03:13:00,22.52264,22.52264,22.47916,22.47916,45200
DBC,2025-02-03 03:14:00,22.47916,22.47916,22.47916,22.47916,10000
DBC,2025-02-03 03:15:00,22.47916,22.47916,22.43568,22.43568,40400
DBC,2025-02-03 03:16:00,22.43568,22.43568,22.43568,22.43568,2600
DBC,2025-02-03 03:17:00,22.43568,22.43568,22.43568,22.43568,1000
DBC,2025-02-03 03:18:00,22.43568,22.43568,22.43568,22.43568,200
DBC,2025-02-03 03:19:00,22.43568,22.43568,22.43568,22.43568,1100
DBC,2025-02-03 03:20:00,22.43568,22.43568,22.43568,22.43568,2700
DBC,2025-02-03 03:22:00,22.43568,22.43568,22.43568,22.43568,4000
DBC,2025-02-03 03:24:00,22.43568,22.47916,22.43568,22.47916,700
DBC,2025-02-03 03:25:00,22.47916,22.47916,22.47916,22.47916,1100
DBC,2025-02-03 03:26:00,22.47916,22.47916,22.47916,22.47916,7700
DBC,2025-02-03 03:27:00,22.47916,22.52264,22.47916,22.52264,1800
DBC,2025-02-03 03:28:00,22.52264,22.52264,22.52264,22.52264,700
DBC,2025-02-03 03:29:00,22.52264,22.52264,22.47916,22.52264,9800
DBC,2025-02-03 03:32:00,22.52264,22.52264,22.52264,22.52264,3800
DBC,2025-02-03 03:33:00,22.52264,22.52264,22.52264,22.52264,4500
DBC,2025-02-03 03:34:00,22.52264,22.52264,22.52264,22.52264,700
DBC,2025-02-03 03:35:00,22.52264,22.52264,22.52264,22.52264,5400
DBC,2025-02-03 03:36:00,22.52264,22.52264,22.52264,22.52264,9600
DBC,2025-02-03 03:37:00,22.52264,22.52264,22.52264,22.52264,100
DBC,2025-02-03 03:42:00,22.52264,22.56612,22.52264,22.52264,1100
DBC,2025-02-03 03:44:00,22.52264,22.52264,22.52264,22.52264,900
DBC,2025-02-03 03:45:00,22.52264,22.52264,22.52264,22.52264,200
DBC,2025-02-03 03:46:00,22.52264,22.52264,22.52264,22.52264,5800
DBC,2025-02-03 03:47:00,22.52264,22.52264,22.52264,22.52264,16000
DBC,2025-02-03 03:48:00,22.52264,22.52264,22.52264,22.52264,1900
DBC,2025-02-03 03:49:00,22.52264,22.56612,22.52264,22.52264,9100
DBC,2025-02-03 03:50:00,22.52264,22.56612,22.52264,22.52264,6300
DBC,2025-02-03 03:51:00,22.52264,22.56612,22.52264,22.52264,1600
DBC,2025-02-03 03:52:00,22.52264,22.52264,22.52264,22.52264,400
DBC,2025-02-03 03:53:00,22.52264,22.52264,22.52264,22.52264,5100
DBC,2025-02-03 03:55:00,22.52264,22.52264,22.52264,22.52264,200
DBC,2025-02-03 03:56:00,22.52264,22.56612,22.52264,22.56612,1000
DBC,2025-02-03 03:57:00,22.56612,22.56612,22.56612,22.56612,700
DBC,2025-02-03 03:58:00,22.56612,22.56612,22.56612,22.56612,300
DBC,2025-02-03 03:59:00,22.56612,22.56612,22.56612,22.56612,2300
DBC,2025-02-03 04:00:00,22.56612,22.56612,22.56612,22.56612,2000
DBC,2025-02-03 04:01:00,22.56612,22.56612,22.56612,22.56612,100
DBC,2025-02-03 04:02:00,22.56612,22.56612,22.52264,22.56612,5900
DBC,2025-02-03 04:03:00,22.56612,22.56612,22.56612,22.56612,2400
DBC,2025-02-03 04:04:00,22.56612,22.56612,22.56612,22.56612,700
DBC,2025-02-03 04:05:00,22.56612,22.6096,22.56612,22.56612,15400
DBC,2025-02-03 04:06:00,22.56612,22.6096,22.56612,22.56612,1100
DBC,2025-02-03 04:07:00,22.56612,22.56612,22.56612,22.56612,500
DBC,2025-02-03 04:08:00,22.56612,22.6096,22.56612,22.6096,2500
DBC,2025-02-03 04:09:00,22.6096,22.6096,22.56612,22.56612,1100
DBC,2025-02-03 04:10:00,22.56612,22.6096,22.56612,22.56612,4500
DBC,2025-02-03 04:12:00,22.56612,22.56612,22.56612,22.56612,10700
DBC,2025-02-03 04:13:00,22.56612,22.56612,22.52264,22.52264,3400
DBC,2025-02-03 04:20:00,22.52264,22.52264,22.52264,22.52264,9000
DBC,2025-02-03 04:21:00,22.52264,22.52264,22.52264,22.52264,1000
DBC,2025-02-03 04:22:00,22.52264,22.56612,22.52264,22.56612,300
DBC,2025-02-03 04:24:00,22.56612,22.56612,22.56612,22.56612,1100
DBC,2025-02-03 04:25:00,22.56612,22.56612,22.56612,22.56612,600
DBC,2025-02-03 04:26:00,22.56612,22.56612,22.52264,22.56612,6300
DBC,2025-02-03 04:27:00,22.56612,22.56612,22.56612,22.56612,600
DBC,2025-02-03 04:28:00,22.56612,22.56612,22.52264,22.52264,4800
DBC,2025-02-03 04:29:00,22.52264,22.52264,22.52264,22.52264,2000
DBC,2025-02-03 06:00:00,22.52264,22.56612,22.52264,22.52264,34500
DBC,2025-02-03 06:02:00,22.52264,22.52264,22.52264,22.52264,700
DBC,2025-02-03 06:03:00,22.52264,22.52264,22.52264,22.52264,100
DBC,2025-02-03 06:04:00,22.52264,22.52264,22.47916,22.52264,13400
DBC,2025-02-03 06:05:00,22.52264,22.52264,22.52264,22.52264,1500
DBC,2025-02-03 06:06:00,22.52264,22.52264,22.47916,22.52264,11200
DBC,2025-02-03 06:07:00,22.52264,22.52264,22.52264,22.52264,3000
DBC,2025-02-03 06:09:00,22.52264,22.52264,22.47916,22.47916,10000
DBC,2025-02-03 06:11:00,22.47916,22.47916,22.47916,22.47916,5800
DBC,2025-02-03 06:12:00,22.47916,22.47916,22.47916,22.47916,17800
DBC,2025-02-03 06:13:00,22.47916,22.47916,22.47916,22.47916,39300
DBC,2025-02-03 06:14:00,22.47916,22.47916,22.47916,22.47916,12800
DBC,2025-02-03 06:15:00,22.47916,22.47916,22.47916,22.47916,2900
DBC,2025-02-03 06:17:00,22.47916,22.47916,22.47916,22.47916,35600
DBC,2025-02-03 06:18:00,22.47916,22.47916,22.47916,22.47916,12300
DBC,2025-02-03 06:19:00,22.47916,22.47916,22.47916,22.47916,12300
DBC,2025-02-03 06:20:00,22.47916,22.47916,22.47916,22.47916,5400
DBC,2025-02-03 06:21:00,22.47916,22.47916,22.47916,22.47916,2700
DBC,2025-02-03 06:22:00,22.47916,22.47916,22.47916,22.47916,5500
DBC,2025-02-03 06:24:00,22.47916,22.47916,22.47916,22.47916,900
DBC,2025-02-03 06:25:00,22.47916,22.47916,22.47916,22.47916,500
DBC,2025-02-03 06:26:00,22.47916,22.47916,22.47916,22.47916,7100
DBC,2025-02-03 06:27:00,22.47916,22.47916,22.47916,22.47916,5000
DBC,2025-02-03 06:28:00,22.47916,22.47916,22.47916,22.47916,8600
DBC,2025-02-03 06:29:00,22.47916,22.47916,22.47916,22.47916,4600
DBC,2025-02-03 06:30:00,22.47916,22.47916,22.47916,22.47916,2900
DBC,2025-02-03 06:31:00,22.47916,22.47916,22.47916,22.47916,2000
DBC,2025-02-03 06:32:00,22.47916,22.47916,22.47916,22.47916,200
DBC,2025-02-03 06:33:00,22.47916,22.47916,22.47916,22.47916,1200
DBC,2025-02-03 06:34:00,22.47916,22.47916,22.47916,22.47916,2100
DBC,2025-02-03 06:35:00,22.47916,22.47916,22.47916,22.47916,13000
DBC,2025-02-03 06:36:00,22.47916,22.47916,22.47916,22.47916,2500
DBC,2025-02-03 06:37:00,22.47916,22.47916,22.47916,22.47916,1600
DBC,2025-02-03 06:38:00,22.47916,22.47916,22.47916,22.47916,3900
DBC,2025-02-03 06:39:00,22.47916,22.47916,22.47916,22.47916,3500
DBC,2025-02-03 06:40:00,22.47916,22.52264,22.47916,22.47916,2500
DBC,2025-02-03 06:41:00,22.47916,22.52264,22.47916,22.47916,1600
DBC,2025-02-03 06:42:00,22.47916,22.47916,22.47916,22.47916,2900
DBC,2025-02-03 06:43:00,22.47916,22.47916,22.47916,22.47916,3600
DBC,2025-02-03 06:44:00,22.47916,22.52264,22.47916,22.52264,5200
DBC,2025-02-03 06:45:00,22.52264,22.52264,22.47916,22.47916,1800
DBC,2025-02-03 06:46:00,22.47916,22.47916,22.47916,22.47916,3800
DBC,2025-02-03 06:48:00,22.47916,22.47916,22.47916,22.47916,18600
DBC,2025-02-03 06:49:00,22.47916,22.47916,22.47916,22.47916,4000
DBC,2025-02-03 06:50:00,22.47916,22.52264,22.47916,22.52264,1700
DBC,2025-02-03 06:51:00,22.52264,22.52264,22.52264,22.52264,5600
DBC,2025-02-03 06:52:00,22.52264,22.52264,22.52264,22.52264,100
DBC,2025-02-03 06:53:00,22.52264,22.52264,22.47916,22.47916,3300
DBC,2025-02-03 06:54:00,22.47916,22.52264,22.47916,22.47916,5500
DBC,2025-02-03 06:55:00,22.47916,22.47916,22.47916,22.47916,800
DBC,2025-02-03 06:56:00,22.47916,22.47916,22.47916,22.47916,6000
DBC,2025-02-03 06:57:00,22.47916,22.47916,22.47916,22.47916,3700
DBC,2025-02-03 06:58:00,22.47916,22.47916,22.43568,22.43568,4600
DBC,2025-02-03 07:00:00,22.43568,22.47916,22.43568,22.47916,5600
DBC,2025-02-03 07:01:00,22.47916,22.47916,22.47916,22.47916,12200
DBC,2025-02-03 07:02:00,22.47916,22.47916,22.47916,22.47916,600
DBC,2025-02-03 07:03:00,22.47916,22.47916,22.47916,22.47916,2700
DBC,2025-02-03 07:05:00,22.47916,22.47916,22.47916,22.47916,10000
DBC,2025-02-03 07:06:00,22.47916,22.47916,22.43568,22.43568,4000
DBC,2025-02-03 07:07:00,22.43568,22.47916,22.43568,22.43568,1900
DBC,2025-02-03 07:08:00,22.43568,22.47916,22.43568,22.47916,2500
DBC,2025-02-03 07:09:00,22.47916,22.47916,22.47916,22.47916,400
DBC,2025-02-03 07:10:00,22.47916,22.47916,22.43568,22.47916,9300
DBC,2025-02-03 07:11:00,22.47916,22.47916,22.43568,22.43568,1000
DBC,2025-02-03 07:13:00,22.43568,22.47916,22.43568,22.47916,3000
DBC,2025-02-03 07:14:00,22.47916,22.47916,22.43568,22.43568,200
DBC,2025-02-03 07:15:00,22.43568,22.43568,22.43568,22.43568,3200
DBC,2025-02-03 07:16:00,22.43568,22.47916,22.43568,22.47916,5000
DBC,2025-02-03 07:17:00,22.47916,22.47916,22.47916,22.47916,600
DBC,2025-02-03 07:18:00,22.47916,22.47916,22.43568,22.43568,31600
DBC,2025-02-03 07:19:00,22.43568,22.47916,22.43568,22.43568,86700
DBC,2025-02-03 07:20:00,22.43568,22.43568,22.43568,22.43568,25500
DBC,2025-02-03 07:21:00,22.43568,22.43568,22.3922,22.3922,22400
DBC,2025-02-03 07:22:00,22.3922,22.43568,22.3922,22.43568,5500
DBC,2025-02-03 07:23:00,22.43568,22.43568,22.43568,22.43568,1200
DBC,2025-02-03 07:24:00,22.43568,22.43568,22.3922,22.43568,15200
DBC,2025-02-03 07:25:00,22.43568,22.43568,22.43568,22.43568,10700
DBC,2025-02-03 07:26:00,22.43568,22.47916,22.43568,22.43568,25100
DBC,2025-02-03 07:27:00,22.43568,22.43568,22.43568,22.43568,4500
DBC,2025-02-03 07:28:00,22.43568,22.43568,22.3922,22.3922,1300
DBC,2025-02-03 07:29:00,22.3922,22.43568,22.3922,22.3922,13800
DBC,2025-02-03 07:45:00,22.3922,22.3922,22.3922,22.3922,151200
DBC,2025-02-04 02:15:00,22.6096,22.6096,22.52264,22.52264,24600
DBC,2025-02-04 02:16:00,22.52264,22.56612,22.52264,22.56612,10900
DBC,2025-02-04 02:17:00,22.56612,22.6096,22.56612,22.6096,800
DBC,2025-02-04 02:18:00,22.6096,22.65308,22.6096,22.6096,20900
DBC,2025-02-04 02:19:00,22.6096,22.65308,22.6096,22.65308,32200
DBC,2025-02-04 02:20:00,22.65308,22.65308,22.65308,22.65308,14000
DBC,2025-02-04 02:21:00,22.65308,22.65308,22.6096,22.65308,26700
DBC,2025-02-04 02:22:00,22.65308,22.69656,22.65308,22.69656,67800
DBC,2025-02-04 02:23:00,22.69656,22.69656,22.69656,22.69656,31800
DBC,2025-02-04 02:24:00,22.69656,22.74004,22.69656,22.69656,24100
DBC,2025-02-04 02:25:00,22.69656,22.74004,22.69656,22.69656,10800
DBC,2025-02-04 02:26:00,22.69656,22.69656,22.69656,22.69656,22700
DBC,2025-02-04 02:27:00,22.69656,22.69656,22.65308,22.65308,5000
DBC,2025-02-04 02:28:00,22.65308,22.69656,22.65308,22.69656,7000
DBC,2025-02-04 02:29:00,22.69656,22.69656,22.69656,22.69656,4900
DBC,2025-02-04 02:30:00,22.69656,22.69656,22.65308,22.65308,2300
DBC,2025-02-04 02:31:00,22.65308,22.65308,22.65308,22.65308,5700
DBC,2025-02-04 02:32:00,22.65308,22.65308,22.65308,22.65308,6700
DBC,2025-02-04 02:33:00,22.65308,22.69656,22.65308,22.65308,3700
DBC,2025-02-04 02:34:00,22.65308,22.65308,22.65308,22.65308,45100
DBC,2025-02-04 02:35:00,22.65308,22.65308,22.6096,22.65308,22000
DBC,2025-02-04 02:36:00,22.65308,22.65308,22.6096,22.6096,12100
DBC,2025-02-04 02:37:00,22.6096,22.65308,22.6096,22.6096,17400
DBC,2025-02-04 02:38:00,22.6096,22.6096,22.6096,22.6096,10400
DBC,2025-02-04 02:39:00,22.6096,22.6096,22.6096,22.6096,17400
DBC,2025-02-04 02:40:00,22.6096,22.65308,22.6096,22.6096,1800
DBC,2025-02-04 02:41:00,22.6096,22.65308,22.6096,22.65308,6400
DBC,2025-02-04 02:42:00,22.65308,22.65308,22.65308,22.65308,27900
DBC,2025-02-04 02:43:00,22.65308,22.69656,22.65308,22.69656,2200
DBC,2025-02-04 02:44:00,22.69656,22.69656,22.65308,22.69656,27500
DBC,2025-02-04 02:45:00,22.69656,22.69656,22.65308,22.69656,203600
DBC,2025-02-04 02:46:00,22.69656,22.69656,22.69656,22.69656,14800
DBC,2025-02-04 02:47:00,22.69656,22.74004,22.69656,22.69656,6600
DBC,2025-02-04 02:48:00,22.69656,22.87048,22.69656,22.827,263600
DBC,2025-02-04 02:49:00,22.827,22.91396,22.827,22.91396,150500
DBC,2025-02-04 02:50:00,22.91396,22.91396,22.827,22.827,42600
DBC,2025-02-04 02:51:00,22.827,22.91396,22.827,22.87048,68300
DBC,2025-02-04 02:52:00,22.87048,23.00092,22.87048,23.00092,234400
DBC,2025-02-04 02:53:00,23.00092,23.13136,23.00092,23.08788,229900
DBC,2025-02-04 02:54:00,23.08788,23.13136,23.0444,23.13136,79900
DBC,2025-02-04 02:55:00,23.13136,23.13136,23.08788,23.08788,155400
DBC,2025-02-04 02:56:00,23.08788,23.08788,23.0444,23.0444,28000
DBC,2025-02-04 02:57:00,23.0444,23.08788,23.00092,23.0444,48200
DBC,2025-02-04 02:58:00,23.0444,23.0444,23.00092,23.00092,28400
DBC,2025-02-04 02:59:00,23.00092,23.08788,23.00092,23.08788,34400
DBC,2025-02-04 03:00:00,23.08788,23.08788,23.0444,23.0444,74000
DBC,2025-02-04 03:01:00,23.0444,23.0444,23.0444,23.0444,9200
DBC,2025-02-04 03:02:00,23.0444,23.0444,23.00092,23.0444,48400
DBC,2025-02-04 03:03:00,23.0444,23.0444,23.0444,23.0444,17900
DBC,2025-02-04 03:04:00,23.0444,23.0444,23.00092,23.00092,25100
DBC,2025-02-04 03:05:00,23.00092,23.0444,23.00092,23.0444,2800
DBC,2025-02-04 03:06:00,23.0444,23.0444,23.00092,23.00092,7500
DBC,2025-02-04 03:07:00,23.00092,23.00092,23.00092,23.00092,10400
DBC,2025-02-04 03:08:00,23.00092,23.0444,23.00092,23.00092,1800
DBC,2025-02-04 03:09:00,23.00092,23.0444,23.00092,23.0444,5600
DBC,2025-02-04 03:10:00,23.0444,23.0444,23.00092,23.00092,7500
DBC,2025-02-04 03:11:00,23.00092,23.0444,23.00092,23.0444,11300
DBC,2025-02-04 03:12:00,23.0444,23.0444,23.00092,23.00092,24600
DBC,2025-02-04 03:13:00,23.00092,23.0444,23.00092,23.00092,14000
DBC,2025-02-04 03:14:00,23.00092,23.00092,23.00092,23.00092,17400
DBC,2025-02-04 03:15:00,23.00092,23.00092,22.95744,22.95744,73000
DBC,2025-02-04 03:16:00,22.95744,23.00092,22.95744,23.00092,600
DBC,2025-02-04 03:17:00,23.00092,23.00092,22.95744,22.95744,2000
DBC,2025-02-04 03:18:00,22.95744,22.95744,22.95744,22.95744,35900
DBC,2025-02-04 03:19:00,22.95744,22.95744,22.95744,22.95744,3200
DBC,2025-02-04 03:20:00,22.95744,22.95744,22.95744,22.95744,5300
DBC,2025-02-04 03:21:00,22.95744,22.95744,22.95744,22.95744,13300
DBC,2025-02-04 03:22:00,22.95744,22.95744,22.95744,22.95744,6100
DBC,2025-02-04 03:23:00,22.95744,22.95744,22.95744,22.95744,900
DBC,2025-02-04 03:24:00,22.95744,22.95744,22.95744,22.95744,8500
DBC,2025-02-04 03:25:00,22.95744,22.95744,22.95744,22.95744,10000
DBC,2025-02-04 03:26:00,22.95744,22.95744,22.95744,22.95744,12200
DBC,2025-02-04 03:27:00,22.95744,22.95744,22.95744,22.95744,8200
DBC,2025-02-04 03:28:00,22.95744,23.00092,22.95744,22.95744,20900
DBC,2025-02-04 03:29:00,22.95744,22.95744,22.95744,22.95744,2200
DBC,2025-02-04 03:30:00,22.95744,22.95744,22.95744,22.95744,3000
DBC,2025-02-04 03:31:00,22.95744,22.95744,22.95744,22.95744,3100
DBC,2025-02-04 03:32:00,22.95744,23.00092,22.95744,22.95744,14300
DBC,2025-02-04 03:33:00,22.95744,22.95744,22.95744,22.95744,6400
DBC,2025-02-04 03:34:00,22.95744,22.95744,22.95744,22.95744,3500
DBC,2025-02-04 03:35:00,22.95744,22.95744,22.91396,22.91396,28000
DBC,2025-02-04 03:37:00,22.91396,22.95744,22.91396,22.95744,5100
DBC,2025-02-04 03:38:00,22.95744,22.95744,22.91396,22.91396,1300
DBC,2025-02-04 03:39:00,22.91396,22.91396,22.91396,22.91396,300
DBC,2025-02-04 03:40:00,22.91396,22.91396,22.91396,22.91396,63800
DBC,2025-02-04 03:41:00,22.91396,22.91396,22.91396,22.91396,1100
DBC,2025-02-04 03:42:00,22.91396,22.91396,22.91396,22.91396,400
DBC,2025-02-04 03:43:00,22.91396,22.91396,22.91396,22.91396,1500
DBC,2025-02-04 03:44:00,22.91396,22.91396,22.91396,22.91396,700
DBC,2025-02-04 03:45:00,22.91396,22.91396,22.91396,22.91396,1200
DBC,2025-02-04 03:46:00,22.91396,22.91396,22.91396,22.91396,6300
DBC,2025-02-04 03:47:00,22.91396,22.91396,22.91396,22.91396,100
DBC,2025-02-04 03:48:00,22.91396,22.91396,22.91396,22.91396,9100
DBC,2025-02-04 03:49:00,22.91396,22.91396,22.91396,22.91396,2800
DBC,2025-02-04 03:50:00,22.91396,22.91396,22.87048,22.87048,100
DBC,2025-02-04 03:51:00,22.87048,22.87048,22.87048,22.87048,1000
DBC,2025-02-04 03:52:00,22.87048,22.87048,22.87048,22.87048,1000
DBC,2025-02-04 03:53:00,22.87048,22.91396,22.87048,22.87048,14400
DBC,2025-02-04 03:55:00,22.87048,22.87048,22.87048,22.87048,2200
DBC,2025-02-04 03:58:00,22.87048,22.87048,22.87048,22.87048,1000
DBC,2025-02-04 03:59:00,22.87048,22.91396,22.87048,22.91396,20000
DBC,2025-02-04 04:01:00,22.91396,22.95744,22.91396,22.95744,500
DBC,2025-02-04 04:02:00,22.95744,22.95744,22.95744,22.95744,300
DBC,2025-02-04 04:03:00,22.95744,22.95744,22.91396,22.95744,76400
DBC,2025-02-04 04:04:00,22.95744,23.00092,22.95744,23.00092,300
DBC,2025-02-04 04:05:00,23.00092,23.00092,22.95744,23.00092,3800
DBC,2025-02-04 04:06:00,23.00092,23.00092,22.95744,22.95744,34200
DBC,2025-02-04 04:07:00,22.95744,22.95744,22.95744,22.95744,100
DBC,2025-02-04 04:08:00,22.95744,22.95744,22.95744,22.95744,5500
DBC,2025-02-04 04:09:00,22.95744,22.95744,22.91396,22.95744,1300
DBC,2025-02-04 04:10:00,22.95744,22.95744,22.95744,22.95744,2300
DBC,2025-02-04 04:11:00,22.95744,22.95744,22.95744,22.95744,600
DBC,2025-02-04 04:12:00,22.95744,22.95744,22.95744,22.95744,200
DBC,2025-02-04 04:13:00,22.95744,22.95744,22.91396,22.91396,21200
DBC,2025-02-04 04:14:00,22.91396,22.95744,22.91396,22.91396,1600
DBC,2025-02-04 04:15:00,22.91396,22.91396,22.91396,22.91396,1000
DBC,2025-02-04 04:16:00,22.91396,22.95744,22.91396,22.91396,47500
DBC,2025-02-04 04:17:00,22.91396,22.91396,22.91396,22.91396,3100
DBC,2025-02-04 04:18:00,22.91396,22.91396,22.91396,22.91396,14900
DBC,2025-02-04 04:20:00,22.91396,22.95744,22.91396,22.95744,15000
DBC,2025-02-04 04:21:00,22.95744,23.00092,22.95744,22.95744,21100
DBC,2025-02-04 04:22:00,22.95744,23.00092,22.95744,22.95744,15000
DBC,2025-02-04 04:23:00,22.95744,22.95744,22.95744,22.95744,2400
DBC,2025-02-04 04:24:00,22.95744,22.95744,22.95744,22.95744,10300
DBC,2025-02-04 04:25:00,22.95744,22.95744,22.95744,22.95744,7500
DBC,2025-02-04 04:26:00,22.95744,23.00092,22.95744,23.00092,2200
DBC,2025-02-04 04:27:00,23.00092,23.00092,22.95744,22.95744,15300
DBC,2025-02-04 04:28:00,22.95744,22.95744,22.91396,22.91396,800
DBC,2025-02-04 04:29:00,22.91396,22.95744,22.91396,22.91396,60000
DBC,2025-02-04 06:00:00,22.91396,22.95744,22.91396,22.91396,23400
DBC,2025-02-04 06:01:00,22.91396,22.91396,22.91396,22.91396,2600
DBC,2025-02-04 06:02:00,22.91396,22.91396,22.91396,22.91396,1100
DBC,2025-02-04 06:03:00,22.91396,22.91396,22.91396,22.91396,2600
DBC,2025-02-04 06:04:00,22.91396,22.91396,22.91396,22.91396,1200
DBC,2025-02-04 06:05:00,22.91396,22.91396,22.91396,22.91396,4200
DBC,2025-02-04 06:07:00,22.91396,22.91396,22.91396,22.91396,3800
DBC,2025-02-04 06:09:00,22.91396,22.91396,22.91396,22.91396,13600
DBC,2025-02-04 06:10:00,22.91396,22.91396,22.91396,22.91396,2700
DBC,2025-02-04 06:11:00,22.91396,22.91396,22.91396,22.91396,5000
DBC,2025-02-04 06:12:00,22.91396,22.91396,22.91396,22.91396,1500
DBC,2025-02-04 06:13:00,22.91396,22.95744,22.91396,22.91396,3300
DBC,2025-02-04 06:14:00,22.91396,22.95744,22.91396,22.95744,64600
DBC,2025-02-04 06:15:00,22.95744,23.00092,22.95744,23.00092,22200
DBC,2025-02-04 06:16:00,23.00092,23.00092,22.95744,22.95744,100
DBC,2025-02-04 06:18:00,22.95744,22.95744,22.95744,22.95744,24700
DBC,2025-02-04 06:19:00,22.95744,22.95744,22.95744,22.95744,1700
DBC,2025-02-04 06:20:00,22.95744,22.95744,22.95744,22.95744,400
DBC,2025-02-04 06:21:00,22.95744,22.95744,22.95744,22.95744,9600
DBC,2025-02-04 06:22:00,22.95744,22.95744,22.95744,22.95744,300
DBC,2025-02-04 06:23:00,22.95744,22.95744,22.95744,22.95744,40300
DBC,2025-02-04 06:24:00,22.95744,22.95744,22.95744,22.95744,16900
DBC,2025-02-04 06:25:00,22.95744,22.95744,22.95744,22.95744,700
DBC,2025-02-04 06:26:00,22.95744,22.95744,22.91396,22.95744,3600
DBC,2025-02-04 06:27:00,22.95744,22.95744,22.95744,22.95744,12800
DBC,2025-02-04 06:28:00,22.95744,22.95744,22.91396,22.91396,14200
DBC,2025-02-04 06:29:00,22.91396,22.91396,22.91396,22.91396,100
DBC,2025-02-04 06:30:00,22.91396,22.95744,22.91396,22.95744,9300
DBC,2025-02-04 06:33:00,22.95744,22.95744,22.91396,22.91396,400
DBC,2025-02-04 06:34:00,22.91396,22.91396,22.91396,22.91396,200
DBC,2025-02-04 06:35:00,22.91396,22.95744,22.91396,22.95744,200
DBC,2025-02-04 06:36:00,22.95744,22.95744,22.91396,22.91396,500
DBC,2025-02-04 06:37:00,22.91396,22.95744,22.91396,22.95744,23100
DBC,2025-02-04 06:38:00,22.95744,22.95744,22.91396,22.95744,17200
DBC,2025-02-04 06:40:00,22.95744,22.95744,22.95744,22.95744,400
DBC,2025-02-04 06:41:00,22.95744,22.95744,22.95744,22.95744,24800
DBC,2025-02-04 06:42:00,22.95744,23.00092,22.95744,22.95744,22300
DBC,2025-02-04 06:43:00,22.95744,23.00092,22.95744,23.00092,10700
DBC,2025-02-04 06:44:00,23.00092,23.00092,22.95744,23.00092,53400
DBC,2025-02-04 06:45:00,23.00092,23.00092,23.00092,23.00092,5800
DBC,2025-02-04 06:46:00,23.00092,23.00092,23.00092,23.00092,17100
DBC,2025-02-04 06:47:00,23.00092,23.00092,23.00092,23.00092,6300
DBC,2025-02-04 06:48:00,23.00092,23.00092,23.00092,23.00092,30700
DBC,2025-02-04 06:49:00,23.00092,23.00092,22.95744,23.00092,1600
DBC,2025-02-04 06:51:00,23.00092,23.00092,23.00092,23.00092,21900
DBC,2025-02-04 06:52:00,23.00092,23.00092,23.00092,23.00092,10400
DBC,2025-02-04 06:53:00,23.00092,23.00092,23.00092,23.00092,900
DBC,2025-02-04 06:54:00,23.00092,23.00092,23.00092,23.00092,20200
DBC,2025-02-04 06:55:00,23.00092,23.00092,23.00092,23.00092,500
DBC,2025-02-04 06:56:00,23.00092,23.00092,23.00092,23.00092,10600
DBC,2025-02-04 06:57:00,23.00092,23.00092,23.00092,23.00092,1100
DBC,2025-02-04 06:58:00,23.00092,23.00092,22.95744,23.00092,30500
DBC,2025-02-04 06:59:00,23.00092,23.00092,23.00092,23.00092,100
DBC,2025-02-04 07:00:00,23.00092,23.00092,23.00092,23.00092,4000
DBC,2025-02-04 07:01:00,23.00092,23.00092,23.00092,23.00092,200
DBC,2025-02-04 07:02:00,23.00092,23.00092,23.00092,23.00092,6300
DBC,2025-02-04 07:03:00,23.00092,23.0444,23.00092,23.00092,132000
DBC,2025-02-04 07:04:00,23.00092,23.0444,23.00092,23.00092,17800
DBC,2025-02-04 07:05:00,23.00092,23.08788,23.00092,23.08788,6300
DBC,2025-02-04 07:06:00,23.08788,23.08788,23.00092,23.0444,105000
DBC,2025-02-04 07:07:00,23.0444,23.0444,23.00092,23.00092,3400
DBC,2025-02-04 07:08:00,23.00092,23.0444,23.00092,23.0444,7000
DBC,2025-02-04 07:10:00,23.0444,23.0444,23.00092,23.00092,39400
DBC,2025-02-04 07:11:00,23.00092,23.00092,23.00092,23.00092,3100
DBC,2025-02-04 07:12:00,23.00092,23.00092,22.95744,22.95744,1100
DBC,2025-02-04 07:13:00,22.95744,23.00092,22.95744,22.95744,700
DBC,2025-02-04 07:14:00,22.95744,23.00092,22.95744,23.00092,7500
DBC,2025-02-04 07:15:00,23.00092,23.00092,22.95744,22.95744,6100
DBC,2025-02-04 07:16:00,22.95744,23.00092,22.95744,23.00092,34200
DBC,2025-02-04 07:17:00,23.00092,23.00092,23.00092,23.00092,25200
DBC,2025-02-04 07:18:00,23.00092,23.00092,22.95744,22.95744,3100
DBC,2025-02-04 07:19:00,22.95744,23.00092,22.95744,23.00092,1700
DBC,2025-02-04 07:20:00,23.00092,23.00092,22.95744,23.00092,53900
DBC,2025-02-04 07:21:00,23.00092,23.00092,23.00092,23.00092,8500
DBC,2025-02-04 07:22:00,23.00092,23.00092,23.00092,23.00092,6000
DBC,2025-02-04 07:23:00,23.00092,23.00092,23.00092,23.00092,2200
DBC,2025-02-04 07:24:00,23.00092,23.00092,23.00092,23.00092,13300
DBC,2025-02-04 07:25:00,23.00092,23.00092,23.00092,23.00092,17600
DBC,2025-02-04 07:26:00,23.00092,23.00092,22.95744,22.95744,37800
DBC,2025-02-04 07:27:00,22.95744,23.00092,22.95744,23.00092,15800
DBC,2025-02-04 07:28:00,23.00092,23.00092,22.95744,23.00092,7300
DBC,2025-02-04 07:29:00,23.00092,23.00092,22.95744,23.00092,10300
DBC,2025-02-04 07:45:00,23.0444,23.0444,23.0444,23.0444,156500
DBC,2025-02-05 02:15:00,23.21832,23.21832,23.13136,23.13136,18600
DBC,2025-02-05 02:16:00,23.13136,23.21832,23.13136,23.21832,6300
DBC,2025-02-05 02:17:00,23.21832,23.21832,23.17484,23.17484,7000
DBC,2025-02-05 02:18:00,23.17484,23.17484,23.13136,23.17484,4700
DBC,2025-02-05 02:19:00,23.17484,23.17484,23.17484,23.17484,1000
DBC,2025-02-05 02:20:00,23.17484,23.17484,23.13136,23.17484,11500
DBC,2025-02-05 02:21:00,23.17484,23.17484,23.13136,23.17484,10500
DBC,2025-02-05 02:22:00,23.17484,23.17484,23.17484,23.17484,13500
DBC,2025-02-05 02:23:00,23.17484,23.21832,23.17484,23.21832,58400
DBC,2025-02-05 02:24:00,23.21832,23.21832,23.17484,23.17484,12400
DBC,2025-02-05 02:25:00,23.17484,23.17484,23.13136,23.13136,1900
DBC,2025-02-05 02:26:00,23.13136,23.17484,23.13136,23.13136,54600
DBC,2025-02-05 02:27:00,23.13136,23.13136,23.08788,23.08788,4300
DBC,2025-02-05 02:28:00,23.08788,23.13136,23.08788,23.08788,32200
DBC,2025-02-05 02:29:00,23.08788,23.08788,23.0444,23.0444,5000
DBC,2025-02-05 02:30:00,23.0444,23.0444,23.0444,23.0444,5000
DBC,2025-02-05 02:31:00,23.0444,23.0444,22.95744,22.95744,92300
DBC,2025-02-05 02:32:00,22.95744,23.00092,22.95744,23.00092,12600
DBC,2025-02-05 02:33:00,23.00092,23.00092,23.00092,23.00092,1000
DBC,2025-02-05 02:34:00,23.00092,23.00092,23.00092,23.00092,10000
DBC,2025-02-05 02:35:00,23.00092,23.00092,22.95744,22.95744,18700
DBC,2025-02-05 02:36:00,22.95744,22.95744,22.95744,22.95744,14000
DBC,2025-02-05 02:37:00,22.95744,23.00092,22.95744,23.00092,7900
DBC,2025-02-05 02:38:00,23.00092,23.00092,22.95744,22.95744,8400
DBC,2025-02-05 02:39:00,22.95744,23.00092,22.95744,23.00092,79100
DBC,2025-02-05 02:40:00,23.00092,23.0444,23.00092,23.0444,17100
DBC,2025-02-05 02:41:00,23.0444,23.0444,23.0444,23.0444,13000
DBC,2025-02-05 02:42:00,23.0444,23.0444,23.0444,23.0444,500
DBC,2025-02-05 02:43:00,23.0444,23.0444,23.0444,23.0444,10200
DBC,2025-02-05 02:44:00,23.0444,23.0444,23.00092,23.0444,22200
DBC,2025-02-05 02:45:00,23.0444,23.0444,23.0444,23.0444,100
DBC,2025-02-05 02:46:00,23.0444,23.0444,23.00092,23.0444,400
DBC,2025-02-05 02:47:00,23.0444,23.0444,23.00092,23.00092,14300
DBC,2025-02-05 02:48:00,23.00092,23.00092,23.00092,23.00092,1900
DBC,2025-02-05 02:49:00,23.00092,23.00092,22.95744,22.95744,4000
DBC,2025-02-05 02:50:00,22.95744,23.00092,22.95744,23.00092,21800
DBC,2025-02-05 02:51:00,23.00092,23.0444,23.00092,23.0444,100
DBC,2025-02-05 02:52:00,23.0444,23.0444,23.0444,23.0444,16200
DBC,2025-02-05 02:53:00,23.0444,23.0444,23.0444,23.0444,1400
DBC,2025-02-05 02:54:00,23.0444,23.08788,23.0444,23.0444,1100
DBC,2025-02-05 02:55:00,23.0444,23.08788,23.0444,23.08788,5700
DBC,2025-02-05 02:56:00,23.08788,23.08788,23.0444,23.0444,100
DBC,2025-02-05 02:57:00,23.0444,23.08788,23.0444,23.08788,79100
DBC,2025-02-05 02:58:00,23.08788,23.08788,23.0444,23.0444,1000
DBC,2025-02-05 03:00:00,23.0444,23.0444,23.0444,23.0444,1000
DBC,2025-02-05 03:01:00,23.0444,23.08788,23.0444,23.0444,3000
DBC,2025-02-05 03:02:00,23.0444,23.0444,23.0444,23.0444,100
DBC,2025-02-05 03:03:00,23.0444,23.08788,23.0444,23.08788,500
DBC,2025-02-05 03:04:00,23.08788,23.08788,23.08788,23.08788,36500
DBC,2025-02-05 03:05:00,23.08788,23.13136,23.08788,23.13136,44300
DBC,2025-02-05 03:06:00,23.13136,23.13136,23.13136,23.13136,37600
DBC,2025-02-05 03:07:00,23.13136,23.13136,23.13136,23.13136,44100
DBC,2025-02-05 03:08:00,23.13136,23.17484,23.13136,23.13136,74100
DBC,2025-02-05 03:09:00,23.13136,23.17484,23.13136,23.13136,27200
DBC,2025-02-05 03:10:00,23.13136,23.13136,23.13136,23.13136,2700
DBC,2025-02-05 03:11:00,23.13136,23.13136,23.13136,23.13136,12100
DBC,2025-02-05 03:12:00,23.13136,23.17484,23.13136,23.17484,800
DBC,2025-02-05 03:13:00,23.17484,23.17484,23.13136,23.13136,39900
DBC,2025-02-05 03:14:00,23.13136,23.13136,23.13136,23.13136,1100
DBC,2025-02-05 03:15:00,23.13136,23.13136,23.13136,23.13136,13000
DBC,2025-02-05 03:16:00,23.13136,23.17484,23.13136,23.13136,14500
DBC,2025-02-05 03:17:00,23.13136,23.13136,23.08788,23.13136,600
DBC,2025-02-05 03:18:00,23.13136,23.13136,23.13136,23.13136,10700
DBC,2025-02-05 03:19:00,23.13136,23.13136,23.13136,23.13136,800
DBC,2025-02-05 03:20:00,23.13136,23.13136,23.13136,23.13136,4600
DBC,2025-02-05 03:21:00,23.13136,23.13136,23.08788,23.13136,4400
DBC,2025-02-05 03:22:00,23.13136,23.17484,23.13136,23.13136,16100
DBC,2025-02-05 03:23:00,23.13136,23.13136,23.13136,23.13136,1000
DBC,2025-02-05 03:24:00,23.13136,23.13136,23.13136,23.13136,100
DBC,2025-02-05 03:27:00,23.13136,23.13136,23.08788,23.08788,11000
DBC,2025-02-05 03:28:00,23.08788,23.08788,23.08788,23.08788,11500
DBC,2025-02-05 03:29:00,23.08788,23.08788,23.08788,23.08788,6400
DBC,2025-02-05 03:30:00,23.08788,23.08788,23.08788,23.08788,3000
DBC,2025-02-05 03:31:00,23.08788,23.08788,23.08788,23.08788,6200
DBC,2025-02-05 03:33:00,23.08788,23.08788,23.08788,23.08788,5800
DBC,2025-02-05 03:34:00,23.08788,23.08788,23.0444,23.0444,3200
DBC,2025-02-05 03:35:00,23.0444,23.0444,23.0444,23.0444,21900
DBC,2025-02-05 03:36:00,23.0444,23.0444,23.0444,23.0444,33000
DBC,2025-02-05 03:37:00,23.0444,23.08788,23.0444,23.08788,1800
DBC,2025-02-05 03:38:00,23.08788,23.08788,23.0444,23.08788,4600
DBC,2025-02-05 03:40:00,23.08788,23.08788,23.0444,23.08788,23000
DBC,2025-02-05 03:41:00,23.08788,23.08788,23.0444,23.08788,1700
DBC,2025-02-05 03:43:00,23.08788,23.08788,23.0444,23.08788,1300
DBC,2025-02-05 03:44:00,23.08788,23.08788,23.08788,23.08788,2800
DBC,2025-02-05 03:45:00,23.08788,23.08788,23.08788,23.08788,5500
DBC,2025-02-05 03:46:00,23.08788,23.08788,23.08788,23.08788,2800
DBC,2025-02-05 03:47:00,23.08788,23.08788,23.08788,23.08788,1000
DBC,2025-02-05 03:48:00,23.08788,23.08788,23.0444,23.08788,3000
DBC,2025-02-05 03:49:00,23.08788,23.08788,23.08788,23.08788,1300
DBC,2025-02-05 03:51:00,23.08788,23.08788,23.08788,23.08788,1000
DBC,2025-02-05 03:52:00,23.08788,23.08788,23.0444,23.0444,7000
DBC,2025-02-05 03:53:00,23.0444,23.08788,23.0444,23.08788,10900
DBC,2025-02-05 03:54:00,23.08788,23.08788,23.0444,23.0444,3500
DBC,2025-02-05 03:56:00,23.0444,23.0444,23.0444,23.0444,600
DBC,2025-02-05 03:57:00,23.0444,23.0444,23.0444,23.0444,200
DBC,2025-02-05 03:58:00,23.0444,23.0444,23.0444,23.0444,900
DBC,2025-02-05 04:01:00,23.0444,23.0444,23.0444,23.0444,2600
DBC,2025-02-05 04:03:00,23.0444,23.0444,23.0444,23.0444,700
DBC,2025-02-05 04:04:00,23.0444,23.0444,23.0444,23.0444,500
DBC,2025-02-05 04:05:00,23.0444,23.0444,23.0444,23.0444,500
DBC,2025-02-05 04:06:00,23.0444,23.0444,23.0444,23.0444,3700
DBC,2025-02-05 04:07:00,23.0444,23.0444,23.0444,23.0444,200
DBC,2025-02-05 04:08:00,23.0444,23.0444,23.0444,23.0444,3000
DBC,2025-02-05 04:09:00,23.0444,23.0444,23.0444,23.0444,55200
DBC,2025-02-05 04:10:00,23.0444,23.0444,23.0444,23.0444,200
DBC,2025-02-05 04:15:00,23.0444,23.0444,23.00092,23.00092,17300
DBC,2025-02-05 04:16:00,23.00092,23.0444,23.00092,23.00092,17000
DBC,2025-02-05 04:18:00,23.00092,23.00092,23.00092,23.00092,35700
DBC,2025-02-05 04:19:00,23.00092,23.00092,23.00092,23.00092,1000
DBC,2025-02-05 04:20:00,23.00092,23.00092,23.00092,23.00092,400
DBC,2025-02-05 04:21:00,23.00092,23.00092,23.00092,23.00092,100
DBC,2025-02-05 04:22:00,23.00092,23.00092,23.00092,23.00092,1200
DBC,2025-02-05 04:23:00,23.00092,23.00092,23.00092,23.00092,2700
DBC,2025-02-05 04:24:00,23.00092,23.00092,23.00092,23.00092,400
DBC,2025-02-05 04:25:00,23.00092,23.00092,22.95744,23.00092,1600
DBC,2025-02-05 04:26:00,23.00092,23.00092,23.00092,23.00092,12100
DBC,2025-02-05 04:27:00,23.00092,23.00092,23.00092,23.00092,5200
DBC,2025-02-05 04:28:00,23.00092,23.00092,23.00092,23.00092,800
DBC,2025-02-05 06:00:00,23.00092,23.00092,23.00092,23.00092,8600
DBC,2025-02-05 06:01:00,23.00092,23.00092,23.00092,23.00092,100
DBC,2025-02-05 06:02:00,23.00092,23.00092,23.00092,23.00092,100
DBC,2025-02-05 06:03:00,23.00092,23.00092,22.95744,22.95744,7500
DBC,2025-02-05 06:04:00,22.95744,22.95744,22.95744,22.95744,7200
DBC,2025-02-05 06:05:00,22.95744,23.00092,22.95744,23.00092,17100
DBC,2025-02-05 06:06:00,23.00092,23.00092,23.00092,23.00092,31600
DBC,2025-02-05 06:07:00,23.00092,23.00092,23.00092,23.00092,900
DBC,2025-02-05 06:09:00,23.00092,23.00092,23.00092,23.00092,11400
DBC,2025-02-05 06:10:00,23.00092,23.00092,23.00092,23.00092,6100
DBC,2025-02-05 06:11:00,23.00092,23.00092,23.00092,23.00092,14100
DBC,2025-02-05 06:12:00,23.00092,23.00092,23.00092,23.00092,1000
DBC,2025-02-05 06:13:00,23.00092,23.00092,23.00092,23.00092,6700
DBC,2025-02-05 06:14:00,23.00092,23.00092,22.95744,22.95744,300
DBC,2025-02-05 06:15:00,22.95744,23.00092,22.95744,23.00092,500
DBC,2025-02-05 06:16:00,23.00092,23.00092,23.00092,23.00092,11800
DBC,2025-02-05 06:17:00,23.00092,23.00092,23.00092,23.00092,2600
DBC,2025-02-05 06:18:00,23.00092,23.00092,23.00092,23.00092,1000
DBC,2025-02-05 06:19:00,23.00092,23.00092,23.00092,23.00092,20000
DBC,2025-02-05 06:20:00,23.00092,23.00092,23.00092,23.00092,900
DBC,2025-02-05 06:21:00,23.00092,23.00092,23.00092,23.00092,9200
DBC,2025-02-05 06:22:00,23.00092,23.00092,23.00092,23.00092,2100
DBC,2025-02-05 06:23:00,23.00092,23.00092,22.95744,22.95744,2100
DBC,2025-02-05 06:25:00,22.95744,23.00092,22.95744,23.00092,20500
DBC,2025-02-05 06:26:00,23.00092,23.0444,23.00092,23.00092,13300
DBC,2025-02-05 06:27:00,23.00092,23.00092,23.00092,23.00092,2000
DBC,2025-02-05 06:28:00,23.00092,23.00092,23.00092,23.00092,1400
DBC,2025-02-05 06:29:00,23.00092,23.00092,22.95744,22.95744,11900
DBC,2025-02-05 06:30:00,22.95744,23.00092,22.95744,23.00092,1500
DBC,2025-02-05 06:31:00,23.00092,23.00092,23.00092,23.00092,200
DBC,2025-02-05 06:32:00,23.00092,23.00092,22.95744,22.95744,15600
DBC,2025-02-05 06:34:00,22.95744,22.95744,22.95744,22.95744,10100
DBC,2025-02-05 06:35:00,22.95744,23.00092,22.95744,23.00092,10400
DBC,2025-02-05 06:36:00,23.00092,23.00092,23.00092,23.00092,6000
DBC,2025-02-05 06:37:00,23.00092,23.00092,23.00092,23.00092,1600
DBC,2025-02-05 06:38:00,23.00092,23.00092,23.00092,23.00092,100
DBC,2025-02-05 06:39:00,23.00092,23.00092,23.00092,23.00092,6100
DBC,2025-02-05 06:40:00,23.00092,23.00092,23.00092,23.00092,21500
DBC,2025-02-05 06:42:00,23.00092,23.00092,23.00092,23.00092,11500
DBC,2025-02-05 06:43:00,23.00092,23.00092,23.00092,23.00092,1200
DBC,2025-02-05 06:44:00,23.00092,23.00092,22.95744,23.00092,51100
DBC,2025-02-05 06:45:00,23.00092,23.00092,22.95744,22.95744,400
DBC,2025-02-05 06:46:00,22.95744,23.00092,22.95744,22.95744,6000
DBC,2025-02-05 06:48:00,22.95744,23.00092,22.95744,23.00092,108000
DBC,2025-02-05 06:49:00,23.00092,23.00092,23.00092,23.00092,7900
DBC,2025-02-05 06:50:00,23.00092,23.00092,22.95744,23.00092,8200
DBC,2025-02-05 06:51:00,23.00092,23.00092,23.00092,23.00092,5900
DBC,2025-02-05 06:52:00,23.00092,23.00092,23.00092,23.00092,4600
DBC,2025-02-05 06:53:00,23.00092,23.0444,23.00092,23.0444,1900
DBC,2025-02-05 06:55:00,23.0444,23.0444,23.0444,23.0444,20000
DBC,2025-02-05 06:57:00,23.0444,23.0444,23.0444,23.0444,100
DBC,2025-02-05 06:58:00,23.0444,23.0444,23.0444,23.0444,20200
DBC,2025-02-05 06:59:00,23.0444,23.0444,23.0444,23.0444,2200
DBC,2025-02-05 07:00:00,23.0444,23.0444,23.0444,23.0444,5100
DBC,2025-02-05 07:01:00,23.0444,23.0444,23.0444,23.0444,4700
DBC,2025-02-05 07:02:00,23.0444,23.0444,23.0444,23.0444,9300
DBC,2025-02-05 07:03:00,23.0444,23.0444,23.0444,23.0444,1200
DBC,2025-02-05 07:05:00,23.0444,23.0444,23.00092,23.00092,28200
DBC,2025-02-05 07:06:00,23.00092,23.00092,23.00092,23.00092,4000
DBC,2025-02-05 07:07:00,23.00092,23.00092,23.00092,23.00092,11000
DBC,2025-02-05 07:08:00,23.00092,23.00092,23.00092,23.00092,3400
DBC,2025-02-05 07:09:00,23.00092,23.00092,23.00092,23.00092,51200
DBC,2025-02-05 07:10:00,23.00092,23.00092,23.00092,23.00092,5800
DBC,2025-02-05 07:11:00,23.00092,23.00092,23.00092,23.00092,2500
DBC,2025-02-05 07:12:00,23.00092,23.00092,23.00092,23.00092,1500
DBC,2025-02-05 07:13:00,23.00092,23.00092,22.95744,22.95744,4500
DBC,2025-02-05 07:14:00,22.95744,23.00092,22.95744,23.00092,1400
DBC,2025-02-05 07:15:00,23.00092,23.00092,22.95744,22.95744,3100
DBC,2025-02-05 07:17:00,22.95744,23.00092,22.95744,22.95744,5500
DBC,2025-02-05 07:18:00,22.95744,23.00092,22.95744,23.00092,18300
DBC,2025-02-05 07:19:00,23.00092,23.00092,22.95744,22.95744,5800
DBC,2025-02-05 07:20:00,22.95744,23.00092,22.95744,23.00092,3000
DBC,2025-02-05 07:21:00,23.00092,23.00092,22.95744,23.00092,15800
DBC,2025-02-05 07:22:00,23.00092,23.00092,22.95744,23.00092,4000
DBC,2025-02-05 07:23:00,23.00092,23.00092,23.00092,23.00092,24500
DBC,2025-02-05 07:24:00,23.00092,23.00092,23.00092,23.00092,29000
DBC,2025-02-05 07:25:00,23.00092,23.00092,23.00092,23.00092,17300
DBC,2025-02-05 07:26:00,23.00092,23.00092,22.95744,23.00092,41200
DBC,2025-02-05 07:27:00,23.00092,23.00092,23.00092,23.00092,8000
DBC,2025-02-05 07:28:00,23.00092,23.00092,23.00092,23.00092,20800
DBC,2025-02-05 07:29:00,23.00092,23.00092,23.00092,23.00092,24300
DBC,2025-02-05 07:45:00,22.91396,22.91396,22.91396,22.91396,233500
DBC,2025-02-06 02:15:00,23.00092,23.0444,23.00092,23.0444,12800
DBC,2025-02-06 02:16:00,23.0444,23.0444,23.0444,23.0444,3900
DBC,2025-02-06 02:17:00,23.0444,23.08788,23.0444,23.08788,3200
DBC,2025-02-06 02:18:00,23.08788,23.08788,23.0444,23.0444,25800
DBC,2025-02-06 02:19:00,23.0444,23.0444,23.00092,23.00092,52400
DBC,2025-02-06 02:20:00,23.00092,23.00092,22.95744,22.95744,1400
DBC,2025-02-06 02:21:00,22.95744,23.00092,22.95744,23.00092,16300
DBC,2025-02-06 02:22:00,23.00092,23.00092,22.95744,23.00092,12500
DBC,2025-02-06 02:23:00,23.00092,23.00092,23.00092,23.00092,4500
DBC,2025-02-06 02:24:00,23.00092,23.00092,23.00092,23.00092,3100
DBC,2025-02-06 02:25:00,23.00092,23.00092,23.00092,23.00092,10700
DBC,2025-02-06 02:26:00,23.00092,23.00092,23.00092,23.00092,16100
DBC,2025-02-06 02:27:00,23.00092,23.00092,23.00092,23.00092,7500
DBC,2025-02-06 02:28:00,23.00092,23.00092,23.00092,23.00092,5000
DBC,2025-02-06 02:29:00,23.00092,23.00092,22.95744,22.95744,14100
DBC,2025-02-06 02:30:00,22.95744,23.00092,22.95744,23.00092,12900
DBC,2025-02-06 02:31:00,23.00092,23.00092,23.00092,23.00092,8200
DBC,2025-02-06 02:32:00,23.00092,23.00092,22.95744,22.95744,15300
DBC,2025-02-06 02:33:00,22.95744,22.95744,22.95744,22.95744,3000
DBC,2025-02-06 02:34:00,22.95744,22.95744,22.95744,22.95744,50200
DBC,2025-02-06 02:35:00,22.95744,22.95744,22.95744,22.95744,9100
DBC,2025-02-06 02:36:00,22.95744,22.95744,22.91396,22.95744,1500
DBC,2025-02-06 02:37:00,22.95744,22.95744,22.95744,22.95744,300
DBC,2025-02-06 02:38:00,22.95744,22.95744,22.91396,22.95744,3200
DBC,2025-02-06 02:39:00,22.95744,22.95744,22.91396,22.95744,39600
DBC,2025-02-06 02:40:00,22.95744,22.95744,22.91396,22.95744,7600
DBC,2025-02-06 02:41:00,22.95744,22.95744,22.95744,22.95744,500
DBC,2025-02-06 02:42:00,22.95744,22.95744,22.91396,22.91396,1500
DBC,2025-02-06 02:43:00,22.91396,22.95744,22.91396,22.95744,1200
DBC,2025-02-06 02:44:00,22.95744,22.95744,22.95744,22.95744,300
DBC,2025-02-06 02:45:00,22.95744,22.95744,22.95744,22.95744,22900
DBC,2025-02-06 02:46:00,22.95744,22.95744,22.95744,22.95744,3800
DBC,2025-02-06 02:47:00,22.95744,22.95744,22.95744,22.95744,1000
DBC,2025-02-06 02:49:00,22.95744,22.95744,22.95744,22.95744,500
DBC,2025-02-06 02:50:00,22.95744,22.95744,22.91396,22.91396,600
DBC,2025-02-06 02:51:00,22.91396,22.91396,22.91396,22.91396,100
DBC,2025-02-06 02:52:00,22.91396,22.91396,22.91396,22.91396,8300
DBC,2025-02-06 02:54:00,22.91396,22.91396,22.91396,22.91396,1200
DBC,2025-02-06 02:55:00,22.91396,22.91396,22.91396,22.91396,2200
DBC,2025-02-06 02:56:00,22.91396,22.91396,22.91396,22.91396,38100
DBC,2025-02-06 02:57:00,22.91396,22.91396,22.91396,22.91396,9800
DBC,2025-02-06 02:58:00,22.91396,22.91396,22.91396,22.91396,2400
DBC,2025-02-06 02:59:00,22.91396,22.91396,22.87048,22.91396,12500
DBC,2025-02-06 03:00:00,22.91396,22.91396,22.91396,22.91396,7200
DBC,2025-02-06 03:01:00,22.91396,22.91396,22.87048,22.91396,24700
DBC,2025-02-06 03:02:00,22.91396,22.91396,22.91396,22.91396,3500
DBC,2025-02-06 03:03:00,22.91396,22.91396,22.91396,22.91396,1600
DBC,2025-02-06 03:04:00,22.91396,22.95744,22.91396,22.91396,4000
DBC,2025-02-06 03:05:00,22.91396,22.95744,22.91396,22.95744,13400
DBC,2025-02-06 03:06:00,22.95744,22.95744,22.95744,22.95744,100
DBC,2025-02-06 03:07:00,22.95744,22.95744,22.95744,22.95744,10100
DBC,2025-02-06 03:08:00,22.95744,22.95744,22.95744,22.95744,6700
DBC,2025-02-06 03:09:00,22.95744,22.95744,22.95744,22.95744,24800
DBC,2025-02-06 03:10:00,22.95744,22.95744,22.95744,22.95744,11300
DBC,2025-02-06 03:11:00,22.95744,22.95744,22.95744,22.95744,5000
DBC,2025-02-06 03:14:00,22.95744,22.95744,22.91396,22.95744,29600
DBC,2025-02-06 03:15:00,22.95744,22.95744,22.91396,22.91396,8100
DBC,2025-02-06 03:16:00,22.91396,22.95744,22.91396,22.91396,300
DBC,2025-02-06 03:18:00,22.91396,22.91396,22.91396,22.91396,400
DBC,2025-02-06 03:19:00,22.91396,22.91396,22.91396,22.91396,2100
DBC,2025-02-06 03:20:00,22.91396,22.91396,22.91396,22.91396,4500
DBC,2025-02-06 03:21:00,22.91396,22.91396,22.91396,22.91396,1100
DBC,2025-02-06 03:22:00,22.91396,22.95744,22.91396,22.95744,52100
DBC,2025-02-06 03:23:00,22.95744,22.95744,22.91396,22.91396,4800
DBC,2025-02-06 03:24:00,22.91396,22.91396,22.91396,22.91396,3700
DBC,2025-02-06 03:25:00,22.91396,22.91396,22.91396,22.91396,12400
DBC,2025-02-06 03:26:00,22.91396,22.95744,22.91396,22.91396,3000
DBC,2025-02-06 03:27:00,22.91396,22.91396,22.91396,22.91396,100
DBC,2025-02-06 03:30:00,22.91396,22.91396,22.91396,22.91396,200
DBC,2025-02-06 03:31:00,22.91396,22.91396,22.91396,22.91396,100
DBC,2025-02-06 03:33:00,22.91396,22.91396,22.91396,22.91396,51400
DBC,2025-02-06 03:34:00,22.91396,22.91396,22.91396,22.91396,300
DBC,2025-02-06 03:35:00,22.91396,22.91396,22.91396,22.91396,1100
DBC,2025-02-06 03:36:00,22.91396,22.95744,22.91396,22.91396,9100
DBC,2025-02-06 03:37:00,22.91396,22.91396,22.91396,22.91396,2000
DBC,2025-02-06 03:38:00,22.91396,22.91396,22.91396,22.91396,500
DBC,2025-02-06 03:39:00,22.91396,22.91396,22.91396,22.91396,15500
DBC,2025-02-06 03:40:00,22.91396,22.91396,22.91396,22.91396,15800
DBC,2025-02-06 03:41:00,22.91396,22.91396,22.91396,22.91396,6000
DBC,2025-02-06 03:42:00,22.91396,22.91396,22.91396,22.91396,32300
DBC,2025-02-06 03:43:00,22.91396,22.91396,22.91396,22.91396,1000
DBC,2025-02-06 03:44:00,22.91396,22.91396,22.91396,22.91396,2000
DBC,2025-02-06 03:46:00,22.91396,22.91396,22.91396,22.91396,30000
DBC,2025-02-06 03:47:00,22.91396,22.91396,22.91396,22.91396,6400
DBC,2025-02-06 03:48:00,22.91396,22.91396,22.87048,22.91396,45000
DBC,2025-02-06 03:50:00,22.91396,22.91396,22.87048,22.87048,5400
DBC,2025-02-06 03:51:00,22.87048,22.87048,22.87048,22.87048,3600
DBC,2025-02-06 03:52:00,22.87048,22.91396,22.87048,22.87048,1700
DBC,2025-02-06 03:53:00,22.87048,22.91396,22.87048,22.91396,4700
DBC,2025-02-06 03:54:00,22.91396,22.91396,22.87048,22.91396,400
DBC,2025-02-06 03:55:00,22.91396,22.91396,22.87048,22.87048,400
DBC,2025-02-06 03:56:00,22.87048,22.87048,22.87048,22.87048,1600
DBC,2025-02-06 03:57:00,22.87048,22.87048,22.87048,22.87048,1200
DBC,2025-02-06 03:58:00,22.87048,22.87048,22.87048,22.87048,800
DBC,2025-02-06 03:59:00,22.87048,22.91396,22.87048,22.87048,23300
DBC,2025-02-06 04:00:00,22.87048,22.91396,22.87048,22.87048,4800
DBC,2025-02-06 04:01:00,22.87048,22.91396,22.87048,22.91396,3100
DBC,2025-02-06 04:02:00,22.91396,22.91396,22.87048,22.87048,100
DBC,2025-02-06 04:03:00,22.87048,22.91396,22.87048,22.91396,12600
DBC,2025-02-06 04:04:00,22.91396,22.91396,22.91396,22.91396,7200
DBC,2025-02-06 04:05:00,22.91396,22.91396,22.91396,22.91396,1300
DBC,2025-02-06 04:06:00,22.91396,22.91396,22.91396,22.91396,4100
DBC,2025-02-06 04:07:00,22.91396,22.91396,22.91396,22.91396,1000
DBC,2025-02-06 04:08:00,22.91396,22.91396,22.91396,22.91396,400
DBC,2025-02-06 04:09:00,22.91396,22.91396,22.91396,22.91396,300
DBC,2025-02-06 04:11:00,22.91396,22.91396,22.91396,22.91396,600
DBC,2025-02-06 04:12:00,22.91396,22.91396,22.87048,22.87048,1300
DBC,2025-02-06 04:13:00,22.87048,22.91396,22.87048,22.91396,7500
DBC,2025-02-06 04:14:00,22.91396,22.91396,22.87048,22.87048,200
DBC,2025-02-06 04:17:00,22.87048,22.87048,22.87048,22.87048,600
DBC,2025-02-06 04:19:00,22.87048,22.91396,22.87048,22.91396,5400
DBC,2025-02-06 04:20:00,22.91396,22.91396,22.91396,22.91396,7500
DBC,2025-02-06 04:21:00,22.91396,22.91396,22.91396,22.91396,1700
DBC,2025-02-06 04:22:00,22.91396,22.91396,22.91396,22.91396,17600
DBC,2025-02-06 04:23:00,22.91396,22.91396,22.91396,22.91396,700
DBC,2025-02-06 04:24:00,22.91396,22.91396,22.91396,22.91396,1400
DBC,2025-02-06 04:25:00,22.91396,22.91396,22.91396,22.91396,2000
DBC,2025-02-06 04:26:00,22.91396,22.95744,22.91396,22.91396,3100
DBC,2025-02-06 04:29:00,22.91396,22.95744,22.91396,22.91396,3000
DBC,2025-02-06 06:00:00,22.91396,22.95744,22.91396,22.95744,7200
DBC,2025-02-06 06:01:00,22.95744,22.95744,22.91396,22.91396,200
DBC,2025-02-06 06:02:00,22.91396,22.91396,22.87048,22.87048,32400
DBC,2025-02-06 06:03:00,22.87048,22.91396,22.87048,22.91396,14000
DBC,2025-02-06 06:04:00,22.91396,22.91396,22.87048,22.87048,5800
DBC,2025-02-06 06:05:00,22.87048,22.91396,22.87048,22.91396,6500
DBC,2025-02-06 06:06:00,22.91396,22.91396,22.91396,22.91396,100
DBC,2025-02-06 06:07:00,22.91396,22.91396,22.87048,22.87048,1700
DBC,2025-02-06 06:08:00,22.87048,22.87048,22.87048,22.87048,500
DBC,2025-02-06 06:09:00,22.87048,22.87048,22.87048,22.87048,1000
DBC,2025-02-06 06:10:00,22.87048,22.87048,22.87048,22.87048,20700
DBC,2025-02-06 06:11:00,22.87048,22.91396,22.87048,22.87048,6800
DBC,2025-02-06 06:12:00,22.87048,22.87048,22.87048,22.87048,100
DBC,2025-02-06 06:13:00,22.87048,22.87048,22.87048,22.87048,1500
DBC,2025-02-06 06:14:00,22.87048,22.91396,22.87048,22.87048,5100
DBC,2025-02-06 06:15:00,22.87048,22.87048,22.87048,22.87048,100
DBC,2025-02-06 06:16:00,22.87048,22.87048,22.827,22.827,103900
DBC,2025-02-06 06:17:00,22.827,22.827,22.827,22.827,300
DBC,2025-02-06 06:18:00,22.827,22.87048,22.827,22.87048,9000
DBC,2025-02-06 06:19:00,22.87048,22.87048,22.827,22.87048,800
DBC,2025-02-06 06:20:00,22.87048,22.87048,22.827,22.87048,16700
DBC,2025-02-06 06:21:00,22.87048,22.87048,22.87048,22.87048,2600
DBC,2025-02-06 06:22:00,22.87048,22.87048,22.827,22.827,1500
DBC,2025-02-06 06:23:00,22.827,22.87048,22.827,22.87048,4100
DBC,2025-02-06 06:24:00,22.87048,22.87048,22.827,22.87048,3200
DBC,2025-02-06 06:25:00,22.87048,22.87048,22.827,22.827,5000
DBC,2025-02-06 06:26:00,22.827,22.827,22.827,22.827,100
DBC,2025-02-06 06:27:00,22.827,22.87048,22.827,22.827,9500
DBC,2025-02-06 06:28:00,22.827,22.87048,22.827,22.827,6500
DBC,2025-02-06 06:29:00,22.827,22.87048,22.827,22.827,5500
DBC,2025-02-06 06:30:00,22.827,22.87048,22.827,22.827,2900
DBC,2025-02-06 06:31:00,22.827,22.827,22.827,22.827,2000
DBC,2025-02-06 06:32:00,22.827,22.827,22.827,22.827,6100
DBC,2025-02-06 06:33:00,22.827,22.827,22.827,22.827,3400
DBC,2025-02-06 06:34:00,22.827,22.827,22.827,22.827,22200
DBC,2025-02-06 06:35:00,22.827,22.827,22.827,22.827,14400
DBC,2025-02-06 06:36:00,22.827,22.827,22.827,22.827,15100
DBC,2025-02-06 06:37:00,22.827,22.827,22.827,22.827,18300
DBC,2025-02-06 06:38:00,22.827,22.827,22.827,22.827,28500
DBC,2025-02-06 06:39:00,22.827,22.827,22.78352,22.827,41300
DBC,2025-02-06 06:40:00,22.827,22.827,22.78352,22.78352,55000
DBC,2025-02-06 06:41:00,22.78352,22.827,22.78352,22.827,6600
DBC,2025-02-06 06:42:00,22.827,22.827,22.827,22.827,3000
DBC,2025-02-06 06:43:00,22.827,22.827,22.78352,22.78352,3700
DBC,2025-02-06 06:44:00,22.78352,22.827,22.78352,22.78352,29800
DBC,2025-02-06 06:45:00,22.78352,22.827,22.78352,22.827,49800
DBC,2025-02-06 06:46:00,22.827,22.827,22.827,22.827,31500
DBC,2025-02-06 06:47:00,22.827,22.87048,22.827,22.87048,5300
DBC,2025-02-06 06:48:00,22.87048,22.87048,22.827,22.87048,3000
DBC,2025-02-06 06:49:00,22.87048,22.87048,22.87048,22.87048,900
DBC,2025-02-06 06:50:00,22.87048,22.87048,22.87048,22.87048,100
DBC,2025-02-06 06:51:00,22.87048,22.87048,22.827,22.87048,6600
DBC,2025-02-06 06:52:00,22.87048,22.91396,22.87048,22.91396,50200
DBC,2025-02-06 06:53:00,22.91396,22.91396,22.87048,22.87048,13800
DBC,2025-02-06 06:54:00,22.87048,22.87048,22.87048,22.87048,4300
DBC,2025-02-06 06:55:00,22.87048,22.87048,22.87048,22.87048,2000
DBC,2025-02-06 06:56:00,22.87048,22.91396,22.87048,22.87048,18300
DBC,2025-02-06 06:57:00,22.87048,22.87048,22.827,22.827,8400
DBC,2025-02-06 06:58:00,22.827,22.827,22.827,22.827,1200
DBC,2025-02-06 06:59:00,22.827,22.827,22.827,22.827,12300
DBC,2025-02-06 07:00:00,22.827,22.827,22.827,22.827,41000
DBC,2025-02-06 07:01:00,22.827,22.827,22.78352,22.827,10200
DBC,2025-02-06 07:02:00,22.827,22.827,22.827,22.827,200
DBC,2025-02-06 07:03:00,22.827,22.827,22.827,22.827,800
DBC,2025-02-06 07:04:00,22.827,22.827,22.827,22.827,42800
DBC,2025-02-06 07:05:00,22.827,22.87048,22.827,22.827,20400
DBC,2025-02-06 07:06:00,22.827,22.827,22.827,22.827,2700
DBC,2025-02-06 07:07:00,22.827,22.87048,22.827,22.827,1500
DBC,2025-02-06 07:08:00,22.827,22.87048,22.827,22.827,13100
DBC,2025-02-06 07:10:00,22.827,22.87048,22.827,22.87048,2800
DBC,2025-02-06 07:11:00,22.87048,22.91396,22.87048,22.91396,46400
DBC,2025-02-06 07:12:00,22.91396,22.91396,22.87048,22.87048,1100
DBC,2025-02-06 07:13:00,22.87048,22.87048,22.87048,22.87048,13800
DBC,2025-02-06 07:14:00,22.87048,22.87048,22.87048,22.87048,16400
DBC,2025-02-06 07:15:00,22.87048,22.87048,22.87048,22.87048,8000
DBC,2025-02-06 07:16:00,22.87048,22.87048,22.87048,22.87048,2300
DBC,2025-02-06 07:17:00,22.87048,22.87048,22.87048,22.87048,6100
DBC,2025-02-06 07:18:00,22.87048,22.87048,22.827,22.87048,17200
DBC,2025-02-06 07:19:00,22.87048,22.87048,22.827,22.827,41000
DBC,2025-02-06 07:20:00,22.827,22.827,22.78352,22.78352,21500
DBC,2025-02-06 07:21:00,22.78352,22.827,22.78352,22.827,32000
DBC,2025-02-06 07:22:00,22.827,22.827,22.78352,22.827,21100
DBC,2025-02-06 07:23:00,22.827,22.827,22.827,22.827,20200
DBC,2025-02-06 07:24:00,22.827,22.827,22.78352,22.78352,4900
DBC,2025-02-06 07:25:00,22.78352,22.827,22.78352,22.827,6800
DBC,2025-02-06 07:26:00,22.827,22.827,22.827,22.827,6300
DBC,2025-02-06 07:27:00,22.827,22.827,22.827,22.827,31300
DBC,2025-02-06 07:28:00,22.827,22.827,22.827,22.827,7100
DBC,2025-02-06 07:29:00,22.827,22.827,22.827,22.827,23700
DBC,2025-02-06 07:45:00,22.827,22.827,22.827,22.827,149800
DBC,2025-02-07 02:15:00,22.827,22.87048,22.827,22.87048,14500
DBC,2025-02-07 02:16:00,22.87048,22.87048,22.87048,22.87048,4400
DBC,2025-02-07 02:17:00,22.87048,22.91396,22.87048,22.87048,1700
DBC,2025-02-07 02:18:00,22.87048,22.87048,22.87048,22.87048,1900
DBC,2025-02-07 02:19:00,22.87048,22.87048,22.78352,22.78352,17000
DBC,2025-02-07 02:20:00,22.78352,22.78352,22.78352,22.78352,2000
DBC,2025-02-07 02:21:00,22.78352,22.78352,22.78352,22.78352,5100
DBC,2025-02-07 02:22:00,22.78352,22.827,22.78352,22.78352,3100
DBC,2025-02-07 02:23:00,22.78352,22.78352,22.78352,22.78352,3400
DBC,2025-02-07 02:24:00,22.78352,22.827,22.78352,22.78352,300
DBC,2025-02-07 02:25:00,22.78352,22.827,22.78352,22.78352,3200
DBC,2025-02-07 02:26:00,22.78352,22.78352,22.78352,22.78352,3900
DBC,2025-02-07 02:27:00,22.78352,22.78352,22.78352,22.78352,9900
DBC,2025-02-07 02:28:00,22.78352,22.78352,22.78352,22.78352,5000
DBC,2025-02-07 02:29:00,22.78352,22.78352,22.78352,22.78352,18800
DBC,2025-02-07 02:30:00,22.78352,22.78352,22.74004,22.78352,7400
DBC,2025-02-07 02:31:00,22.78352,22.78352,22.74004,22.74004,55600
DBC,2025-02-07 02:32:00,22.74004,22.827,22.74004,22.78352,7300
DBC,2025-02-07 02:33:00,22.78352,22.78352,22.78352,22.78352,5400
DBC,2025-02-07 02:34:00,22.78352,22.78352,22.74004,22.74004,6800
DBC,2025-02-07 02:35:00,22.74004,22.78352,22.74004,22.78352,500
DBC,2025-02-07 02:36:00,22.78352,22.78352,22.78352,22.78352,2900
DBC,2025-02-07 02:37:00,22.78352,22.78352,22.78352,22.78352,15300
DBC,2025-02-07 02:38:00,22.78352,22.78352,22.74004,22.78352,10400
DBC,2025-02-07 02:39:00,22.78352,22.78352,22.78352,22.78352,9200
DBC,2025-02-07 02:40:00,22.78352,22.78352,22.78352,22.78352,7500
DBC,2025-02-07 02:41:00,22.78352,22.78352,22.78352,22.78352,3600
DBC,2025-02-07 02:43:00,22.78352,22.827,22.78352,22.827,30200
DBC,2025-02-07 02:44:00,22.827,22.827,22.78352,22.78352,300
DBC,2025-02-07 02:45:00,22.78352,22.827,22.78352,22.827,17300
DBC,2025-02-07 02:46:00,22.827,22.827,22.78352,22.827,2300
DBC,2025-02-07 02:47:00,22.827,22.827,22.827,22.827,1000
DBC,2025-02-07 02:48:00,22.827,22.827,22.827,22.827,9500
DBC,2025-02-07 02:49:00,22.827,22.827,22.78352,22.78352,200
DBC,2025-02-07 02:50:00,22.78352,22.827,22.78352,22.78352,700
DBC,2025-02-07 02:51:00,22.78352,22.78352,22.78352,22.78352,13000
DBC,2025-02-07 02:52:00,22.78352,22.78352,22.78352,22.78352,15800
DBC,2025-02-07 02:53:00,22.78352,22.78352,22.78352,22.78352,6900
DBC,2025-02-07 02:54:00,22.78352,22.827,22.78352,22.78352,1500
DBC,2025-02-07 02:55:00,22.78352,22.78352,22.78352,22.78352,5500
DBC,2025-02-07 02:56:00,22.78352,22.78352,22.78352,22.78352,8400
DBC,2025-02-07 02:57:00,22.78352,22.78352,22.78352,22.78352,25000
DBC,2025-02-07 02:58:00,22.78352,22.78352,22.78352,22.78352,2000
DBC,2025-02-07 02:59:00,22.78352,22.78352,22.78352,22.78352,500
DBC,2025-02-07 03:01:00,22.78352,22.78352,22.78352,22.78352,13100
DBC,2025-02-07 03:02:00,22.78352,22.78352,22.78352,22.78352,4600
DBC,2025-02-07 03:03:00,22.78352,22.78352,22.78352,22.78352,1200
DBC,2025-02-07 03:04:00,22.78352,22.827,22.78352,22.827,600
DBC,2025-02-07 03:05:00,22.827,22.827,22.78352,22.78352,3000
DBC,2025-02-07 03:06:00,22.78352,22.78352,22.78352,22.78352,400
DBC,2025-02-07 03:07:00,22.78352,22.78352,22.78352,22.78352,14400
DBC,2025-02-07 03:08:00,22.78352,22.78352,22.78352,22.78352,100
DBC,2025-02-07 03:09:00,22.78352,22.78352,22.78352,22.78352,5000
DBC,2025-02-07 03:10:00,22.78352,22.78352,22.78352,22.78352,10400
DBC,2025-02-07 03:11:00,22.78352,22.78352,22.78352,22.78352,100
DBC,2025-02-07 03:13:00,22.78352,22.827,22.78352,22.78352,12100
DBC,2025-02-07 03:14:00,22.78352,22.827,22.78352,22.827,20300
DBC,2025-02-07 03:15:00,22.827,22.827,22.827,22.827,5100
DBC,2025-02-07 03:16:00,22.827,22.87048,22.827,22.87048,7200
DBC,2025-02-07 03:17:00,22.87048,22.87048,22.87048,22.87048,100
DBC,2025-02-07 03:18:00,22.87048,22.87048,22.87048,22.87048,6200
DBC,2025-02-07 03:19:00,22.87048,22.87048,22.827,22.827,11700
DBC,2025-02-07 03:20:00,22.827,22.87048,22.827,22.827,7200
DBC,2025-02-07 03:21:00,22.827,22.827,22.78352,22.78352,13300
DBC,2025-02-07 03:22:00,22.78352,22.827,22.78352,22.827,2800
DBC,2025-02-07 03:23:00,22.827,22.827,22.827,22.827,2100
DBC,2025-02-07 03:24:00,22.827,22.827,22.827,22.827,2000
DBC,2025-02-07 03:25:00,22.827,22.827,22.827,22.827,13500
DBC,2025-02-07 03:26:00,22.827,22.827,22.827,22.827,500
DBC,2025-02-07 03:27:00,22.827,22.827,22.827,22.827,5200
DBC,2025-02-07 03:28:00,22.827,22.827,22.78352,22.78352,500
DBC,2025-02-07 03:29:00,22.78352,22.827,22.78352,22.827,3300
DBC,2025-02-07 03:30:00,22.827,22.827,22.78352,22.827,3000
DBC,2025-02-07 03:31:00,22.827,22.827,22.78352,22.827,27100
DBC,2025-02-07 03:32:00,22.827,22.827,22.827,22.827,12400
DBC,2025-02-07 03:33:00,22.827,22.827,22.827,22.827,1900
DBC,2025-02-07 03:34:00,22.827,22.827,22.827,22.827,1000
DBC,2025-02-07 03:35:00,22.827,22.827,22.827,22.827,200
DBC,2025-02-07 03:37:00,22.827,22.827,22.827,22.827,13000
DBC,2025-02-07 03:38:00,22.827,22.827,22.827,22.827,1900
DBC,2025-02-07 03:39:00,22.827,22.827,22.78352,22.78352,500
DBC,2025-02-07 03:40:00,22.78352,22.78352,22.78352,22.78352,2800
DBC,2025-02-07 03:42:00,22.78352,22.78352,22.78352,22.78352,2300
DBC,2025-02-07 03:44:00,22.78352,22.827,22.78352,22.827,100
DBC,2025-02-07 03:47:00,22.827,22.827,22.827,22.827,200
DBC,2025-02-07 03:48:00,22.827,22.827,22.78352,22.78352,500
DBC,2025-02-07 03:49:00,22.78352,22.78352,22.78352,22.78352,54200
DBC,2025-02-07 03:50:00,22.78352,22.78352,22.74004,22.74004,10000
DBC,2025-02-07 03:51:00,22.74004,22.78352,22.74004,22.78352,2100
DBC,2025-02-07 03:52:00,22.78352,22.78352,22.78352,22.78352,1000
DBC,2025-02-07 03:53:00,22.78352,22.78352,22.78352,22.78352,1500
DBC,2025-02-07 03:54:00,22.78352,22.78352,22.78352,22.78352,10300
DBC,2025-02-07 03:55:00,22.78352,22.78352,22.78352,22.78352,5600
DBC,2025-02-07 03:57:00,22.78352,22.78352,22.74004,22.78352,1900
DBC,2025-02-07 03:58:00,22.78352,22.78352,22.74004,22.78352,2000
DBC,2025-02-07 03:59:00,22.78352,22.78352,22.78352,22.78352,8900
DBC,2025-02-07 04:00:00,22.78352,22.78352,22.78352,22.78352,6400
DBC,2025-02-07 04:01:00,22.78352,22.78352,22.78352,22.78352,300
DBC,2025-02-07 04:02:00,22.78352,22.827,22.78352,22.78352,2100
DBC,2025-02-07 04:03:00,22.78352,22.827,22.78352,22.78352,3200
DBC,2025-02-07 04:05:00,22.78352,22.827,22.78352,22.827,100
DBC,2025-02-07 04:06:00,22.827,22.827,22.78352,22.78352,19800
DBC,2025-02-07 04:07:00,22.78352,22.78352,22.78352,22.78352,1000
DBC,2025-02-07 04:08:00,22.78352,22.78352,22.78352,22.78352,200
DBC,2025-02-07 04:09:00,22.78352,22.78352,22.78352,22.78352,200
DBC,2025-02-07 04:11:00,22.78352,22.78352,22.78352,22.78352,200
DBC,2025-02-07 04:13:00,22.78352,22.78352,22.78352,22.78352,2000
DBC,2025-02-07 04:14:00,22.78352,22.78352,22.74004,22.74004,1000
DBC,2025-02-07 04:16:00,22.74004,22.78352,22.74004,22.78352,5100
DBC,2025-02-07 04:17:00,22.78352,22.78352,22.78352,22.78352,24000
DBC,2025-02-07 04:18:00,22.78352,22.78352,22.78352,22.78352,20000
DBC,2025-02-07 04:19:00,22.78352,22.78352,22.78352,22.78352,100
DBC,2025-02-07 04:20:00,22.78352,22.78352,22.78352,22.78352,900
DBC,2025-02-07 04:22:00,22.78352,22.827,22.74004,22.827,5900
DBC,2025-02-07 04:23:00,22.827,22.827,22.827,22.827,100
DBC,2025-02-07 04:24:00,22.827,22.827,22.78352,22.78352,8100
DBC,2025-02-07 04:25:00,22.78352,22.78352,22.78352,22.78352,7000
DBC,2025-02-07 04:28:00,22.78352,22.78352,22.78352,22.78352,800
DBC,2025-02-07 04:29:00,22.78352,22.78352,22.74004,22.74004,400
DBC,2025-02-07 06:00:00,22.74004,22.78352,22.74004,22.78352,8200
DBC,2025-02-07 06:02:00,22.78352,22.78352,22.78352,22.78352,2000
DBC,2025-02-07 06:03:00,22.78352,22.827,22.78352,22.827,20500
DBC,2025-02-07 06:04:00,22.827,22.827,22.78352,22.78352,11700
DBC,2025-02-07 06:06:00,22.78352,22.78352,22.74004,22.74004,5000
DBC,2025-02-07 06:07:00,22.74004,22.827,22.74004,22.827,3200
DBC,2025-02-07 06:08:00,22.827,22.827,22.78352,22.78352,9100
DBC,2025-02-07 06:09:00,22.78352,22.827,22.78352,22.78352,22200
DBC,2025-02-07 06:10:00,22.78352,22.78352,22.78352,22.78352,21300
DBC,2025-02-07 06:11:00,22.78352,22.78352,22.78352,22.78352,2500
DBC,2025-02-07 06:12:00,22.78352,22.78352,22.69656,22.74004,193500
DBC,2025-02-07 06:13:00,22.74004,22.78352,22.74004,22.74004,7800
DBC,2025-02-07 06:14:00,22.74004,22.74004,22.69656,22.69656,8900
DBC,2025-02-07 06:16:00,22.69656,22.74004,22.69656,22.74004,9500
DBC,2025-02-07 06:17:00,22.74004,22.74004,22.74004,22.74004,2900
DBC,2025-02-07 06:19:00,22.74004,22.78352,22.74004,22.74004,7100
DBC,2025-02-07 06:20:00,22.74004,22.78352,22.74004,22.78352,30100
DBC,2025-02-07 06:21:00,22.78352,22.78352,22.78352,22.78352,4800
DBC,2025-02-07 06:22:00,22.78352,22.78352,22.74004,22.74004,40900
DBC,2025-02-07 06:23:00,22.74004,22.78352,22.74004,22.78352,15900
DBC,2025-02-07 06:24:00,22.78352,22.78352,22.74004,22.74004,17800
DBC,2025-02-07 06:25:00,22.74004,22.78352,22.74004,22.74004,14600
DBC,2025-02-07 06:26:00,22.74004,22.74004,22.74004,22.74004,5300
DBC,2025-02-07 06:27:00,22.74004,22.74004,22.74004,22.74004,20500
DBC,2025-02-07 06:28:00,22.74004,22.74004,22.74004,22.74004,11300
DBC,2025-02-07 06:29:00,22.74004,22.74004,22.74004,22.74004,27200
DBC,2025-02-07 06:30:00,22.74004,22.74004,22.69656,22.74004,22000
DBC,2025-02-07 06:31:00,22.74004,22.74004,22.69656,22.74004,8500
DBC,2025-02-07 06:32:00,22.74004,22.78352,22.74004,22.78352,198100
DBC,2025-02-07 06:33:00,22.78352,22.91396,22.78352,22.91396,253000
DBC,2025-02-07 06:34:00,22.91396,23.0444,22.91396,23.0444,83000
DBC,2025-02-07 06:35:00,23.0444,23.0444,22.91396,22.91396,123600
DBC,2025-02-07 06:36:00,22.91396,23.00092,22.91396,22.95744,31000
DBC,2025-02-07 06:37:00,22.95744,22.95744,22.91396,22.95744,38400
DBC,2025-02-07 06:38:00,22.95744,22.95744,22.91396,22.91396,7100
DBC,2025-02-07 06:39:00,22.91396,22.95744,22.87048,22.91396,29100
DBC,2025-02-07 06:40:00,22.91396,22.95744,22.91396,22.95744,51500
DBC,2025-02-07 06:41:00,22.95744,22.95744,22.91396,22.91396,69700
DBC,2025-02-07 06:42:00,22.91396,22.95744,22.91396,22.91396,1600
DBC,2025-02-07 06:43:00,22.91396,22.95744,22.91396,22.95744,81800
DBC,2025-02-07 06:44:00,22.95744,22.95744,22.95744,22.95744,18400
DBC,2025-02-07 06:45:00,22.95744,22.95744,22.91396,22.95744,5300
DBC,2025-02-07 06:46:00,22.95744,22.95744,22.91396,22.91396,10700
DBC,2025-02-07 06:47:00,22.91396,22.91396,22.87048,22.87048,77900
DBC,2025-02-07 06:48:00,22.87048,22.87048,22.87048,22.87048,3300
DBC,2025-02-07 06:49:00,22.87048,22.91396,22.87048,22.91396,1700
DBC,2025-02-07 06:50:00,22.91396,22.91396,22.91396,22.91396,5200
DBC,2025-02-07 06:51:00,22.91396,22.91396,22.87048,22.87048,68100
DBC,2025-02-07 06:52:00,22.87048,22.87048,22.87048,22.87048,8100
DBC,2025-02-07 06:53:00,22.87048,22.87048,22.87048,22.87048,1500
DBC,2025-02-07 06:54:00,22.87048,22.87048,22.827,22.827,400
DBC,2025-02-07 06:55:00,22.827,22.827,22.827,22.827,700
DBC,2025-02-07 06:56:00,22.827,22.827,22.827,22.827,37000
DBC,2025-02-07 06:57:00,22.827,22.827,22.827,22.827,3100
DBC,2025-02-07 06:58:00,22.827,22.827,22.78352,22.827,10500
DBC,2025-02-07 06:59:00,22.827,22.827,22.78352,22.827,9500
DBC,2025-02-07 07:00:00,22.827,22.827,22.827,22.827,5500
DBC,2025-02-07 07:01:00,22.827,22.827,22.78352,22.78352,13500
DBC,2025-02-07 07:02:00,22.78352,22.78352,22.78352,22.78352,5000
DBC,2025-02-07 07:03:00,22.78352,22.78352,22.78352,22.78352,300
DBC,2025-02-07 07:04:00,22.78352,22.827,22.78352,22.827,2000
DBC,2025-02-07 07:05:00,22.827,22.827,22.827,22.827,2100
DBC,2025-02-07 07:06:00,22.827,22.827,22.827,22.827,1200
DBC,2025-02-07 07:08:00,22.827,22.827,22.827,22.827,41200
DBC,2025-02-07 07:09:00,22.827,22.827,22.827,22.827,12700
DBC,2025-02-07 07:10:00,22.827,22.827,22.827,22.827,3000
DBC,2025-02-07 07:11:00,22.827,22.827,22.78352,22.78352,5000
DBC,2025-02-07 07:12:00,22.78352,22.827,22.78352,22.78352,22500
DBC,2025-02-07 07:13:00,22.78352,22.78352,22.78352,22.78352,500
DBC,2025-02-07 07:14:00,22.78352,22.78352,22.74004,22.74004,35200
DBC,2025-02-07 07:15:00,22.74004,22.74004,22.69656,22.74004,88900
DBC,2025-02-07 07:16:00,22.74004,22.74004,22.69656,22.69656,91100
DBC,2025-02-07 07:17:00,22.69656,22.74004,22.69656,22.69656,12100
DBC,2025-02-07 07:18:00,22.69656,22.74004,22.69656,22.74004,40000
DBC,2025-02-07 07:19:00,22.74004,22.74004,22.74004,22.74004,1200
DBC,2025-02-07 07:20:00,22.74004,22.78352,22.74004,22.78352,41300
DBC,2025-02-07 07:21:00,22.78352,22.78352,22.78352,22.78352,16100
DBC,2025-02-07 07:22:00,22.78352,22.78352,22.78352,22.78352,18500
DBC,2025-02-07 07:23:00,22.78352,22.78352,22.78352,22.78352,24400
DBC,2025-02-07 07:24:00,22.78352,22.827,22.78352,22.78352,9300
DBC,2025-02-07 07:25:00,22.78352,22.78352,22.78352,22.78352,38400
DBC,2025-02-07 07:26:00,22.78352,22.827,22.78352,22.827,5500
DBC,2025-02-07 07:27:00,22.827,22.827,22.78352,22.827,36300
DBC,2025-02-07 07:28:00,22.827,22.827,22.78352,22.78352,13600
DBC,2025-02-07 07:29:00,22.78352,22.827,22.78352,22.827,34800
DBC,2025-02-07 07:45:00,22.827,22.827,22.827,22.827,153000
DBC,2025-02-10 02:15:00,23.00092,23.00092,22.827,22.827,23400
DBC,2025-02-10 02:16:00,22.827,22.87048,22.827,22.827,3400
DBC,2025-02-10 02:17:00,22.827,22.87048,22.827,22.827,1500
DBC,2025-02-10 02:18:00,22.827,22.827,22.827,22.827,10400
DBC,2025-02-10 02:19:00,22.827,22.827,22.74004,22.74004,39000
DBC,2025-02-10 02:20:00,22.74004,22.78352,22.74004,22.78352,11900
DBC,2025-02-10 02:21:00,22.78352,22.78352,22.74004,22.78352,56100
DBC,2025-02-10 02:22:00,22.78352,22.78352,22.78352,22.78352,14300
DBC,2025-02-10 02:23:00,22.78352,22.78352,22.74004,22.78352,25400
DBC,2025-02-10 02:24:00,22.78352,22.78352,22.74004,22.78352,11100
DBC,2025-02-10 02:25:00,22.78352,22.78352,22.78352,22.78352,21200
DBC,2025-02-10 02:26:00,22.78352,22.827,22.78352,22.827,18800
DBC,2025-02-10 02:27:00,22.827,22.95744,22.827,22.91396,48700
DBC,2025-02-10 02:28:00,22.91396,22.95744,22.91396,22.95744,70900
DBC,2025-02-10 02:29:00,22.95744,23.0444,22.95744,23.0444,105300
DBC,2025-02-10 02:30:00,23.0444,23.08788,23.00092,23.0444,84800
DBC,2025-02-10 02:31:00,23.0444,23.13136,23.0444,23.13136,122000
DBC,2025-02-10 02:32:00,23.13136,23.13136,23.08788,23.13136,121900
DBC,2025-02-10 02:33:00,23.13136,23.13136,23.0444,23.08788,54300
DBC,2025-02-10 02:34:00,23.08788,23.08788,23.0444,23.08788,18900
DBC,2025-02-10 02:35:00,23.08788,23.08788,23.0444,23.08788,27800
DBC,2025-02-10 02:36:00,23.08788,23.08788,23.00092,23.0444,64800
DBC,2025-02-10 02:37:00,23.0444,23.0444,23.0444,23.0444,18600
DBC,2025-02-10 02:38:00,23.0444,23.0444,23.0444,23.0444,44900
DBC,2025-02-10 02:39:00,23.0444,23.08788,23.00092,23.0444,26200
DBC,2025-02-10 02:40:00,23.0444,23.08788,23.0444,23.0444,22300
DBC,2025-02-10 02:41:00,23.0444,23.0444,23.00092,23.0444,54500
DBC,2025-02-10 02:42:00,23.0444,23.0444,23.00092,23.0444,17900
DBC,2025-02-10 02:43:00,23.0444,23.0444,23.00092,23.00092,31300
DBC,2025-02-10 02:44:00,23.00092,23.00092,22.95744,23.00092,14700
DBC,2025-02-10 02:45:00,23.00092,23.00092,22.95744,23.00092,2200
DBC,2025-02-10 02:46:00,23.00092,23.00092,22.95744,22.95744,700
DBC,2025-02-10 02:47:00,22.95744,23.00092,22.95744,22.95744,1000
DBC,2025-02-10 02:48:00,22.95744,23.00092,22.95744,23.00092,19700
DBC,2025-02-10 02:49:00,23.00092,23.0444,23.00092,23.0444,47400
DBC,2025-02-10 02:50:00,23.0444,23.0444,23.00092,23.0444,3300
DBC,2025-02-10 02:51:00,23.0444,23.0444,23.00092,23.0444,2600
DBC,2025-02-10 02:52:00,23.0444,23.08788,23.0444,23.08788,50100
DBC,2025-02-10 02:53:00,23.08788,23.08788,23.0444,23.08788,11400
DBC,2025-02-10 02:54:00,23.08788,23.08788,23.0444,23.08788,1500
DBC,2025-02-10 02:55:00,23.08788,23.08788,23.0444,23.08788,25700
DBC,2025-02-10 02:56:00,23.08788,23.08788,23.0444,23.0444,20800
DBC,2025-02-10 02:57:00,23.0444,23.08788,23.0444,23.08788,2300
DBC,2025-02-10 02:58:00,23.08788,23.08788,23.0444,23.08788,60600
DBC,2025-02-10 02:59:00,23.08788,23.08788,23.0444,23.0444,60800
DBC,2025-02-10 03:00:00,23.0444,23.08788,23.0444,23.0444,5700
DBC,2025-02-10 03:01:00,23.0444,23.08788,23.0444,23.08788,2600
DBC,2025-02-10 03:02:00,23.08788,23.08788,23.0444,23.08788,6300
DBC,2025-02-10 03:03:00,23.08788,23.08788,23.0444,23.0444,18200
DBC,2025-02-10 03:04:00,23.0444,23.08788,23.0444,23.08788,23800
DBC,2025-02-10 03:05:00,23.08788,23.08788,23.00092,23.0444,73400
DBC,2025-02-10 03:06:00,23.0444,23.0444,23.00092,23.0444,6400
DBC,2025-02-10 03:07:00,23.0444,23.0444,23.00092,23.0444,2100
DBC,2025-02-10 03:08:00,23.0444,23.08788,23.0444,23.0444,25600
DBC,2025-02-10 03:09:00,23.0444,23.08788,23.0444,23.0444,6900
DBC,2025-02-10 03:10:00,23.0444,23.08788,23.0444,23.0444,30100
DBC,2025-02-10 03:11:00,23.0444,23.08788,23.0444,23.0444,48100
DBC,2025-02-10 03:12:00,23.0444,23.08788,23.0444,23.0444,37900
DBC,2025-02-10 03:13:00,23.0444,23.13136,23.0444,23.13136,71800
DBC,2025-02-10 03:14:00,23.13136,23.13136,23.08788,23.08788,5800
DBC,2025-02-10 03:15:00,23.08788,23.08788,23.08788,23.08788,200
DBC,2025-02-10 03:16:00,23.08788,23.08788,23.08788,23.08788,4000
DBC,2025-02-10 03:17:00,23.08788,23.08788,23.0444,23.08788,95300
DBC,2025-02-10 03:18:00,23.08788,23.08788,23.0444,23.08788,7200
DBC,2025-02-10 03:19:00,23.08788,23.08788,23.08788,23.08788,4400
DBC,2025-02-10 03:20:00,23.08788,23.08788,23.0444,23.08788,26700
DBC,2025-02-10 03:21:00,23.08788,23.08788,23.0444,23.08788,13700
DBC,2025-02-10 03:22:00,23.08788,23.08788,23.0444,23.0444,6600
DBC,2025-02-10 03:23:00,23.0444,23.08788,23.0444,23.08788,9600
DBC,2025-02-10 03:24:00,23.08788,23.08788,23.0444,23.0444,11900
DBC,2025-02-10 03:25:00,23.0444,23.0444,23.0444,23.0444,11600
DBC,2025-02-10 03:26:00,23.0444,23.0444,23.00092,23.00092,79000
DBC,2025-02-10 03:27:00,23.00092,23.00092,23.00092,23.00092,3600
DBC,2025-02-10 03:28:00,23.00092,23.0444,23.00092,23.00092,400
DBC,2025-02-10 03:29:00,23.00092,23.0444,23.00092,23.0444,5100
DBC,2025-02-10 03:30:00,23.0444,23.0444,23.0444,23.0444,3800
DBC,2025-02-10 03:31:00,23.0444,23.0444,23.00092,23.0444,2600
DBC,2025-02-10 03:32:00,23.0444,23.0444,23.00092,23.00092,2500
DBC,2025-02-10 03:33:00,23.00092,23.00092,23.00092,23.00092,9400
DBC,2025-02-10 03:34:00,23.00092,23.0444,23.00092,23.00092,5300
DBC,2025-02-10 03:35:00,23.00092,23.00092,23.00092,23.00092,6000
DBC,2025-02-10 03:36:00,23.00092,23.00092,22.95744,22.95744,1800
DBC,2025-02-10 03:37:00,22.95744,23.00092,22.95744,23.00092,1500
DBC,2025-02-10 03:38:00,23.00092,23.00092,22.95744,23.00092,5300
DBC,2025-02-10 03:39:00,23.00092,23.00092,22.95744,22.95744,1200
DBC,2025-02-10 03:40:00,22.95744,23.00092,22.95744,22.95744,1100
DBC,2025-02-10 03:41:00,22.95744,23.00092,22.95744,23.00092,1800
DBC,2025-02-10 03:42:00,23.00092,23.00092,23.00092,23.00092,100
DBC,2025-02-10 03:43:00,23.00092,23.0444,23.00092,23.00092,200
DBC,2025-02-10 03:44:00,23.00092,23.00092,23.00092,23.00092,800
DBC,2025-02-10 03:45:00,23.00092,23.00092,23.00092,23.00092,100
DBC,2025-02-10 03:46:00,23.00092,23.0444,23.00092,23.0444,3800
DBC,2025-02-10 03:47:00,23.0444,23.0444,23.00092,23.00092,1600
DBC,2025-02-10 03:48:00,23.00092,23.00092,23.00092,23.00092,11200
DBC,2025-02-10 03:49:00,23.00092,23.0444,23.00092,23.0444,4600
DBC,2025-02-10 03:50:00,23.0444,23.0444,23.00092,23.00092,20500
DBC,2025-02-10 03:51:00,23.00092,23.0444,23.00092,23.00092,11000
DBC,2025-02-10 03:52:00,23.00092,23.0444,23.00092,23.00092,13100
DBC,2025-02-10 03:53:00,23.00092,23.00092,22.95744,23.00092,15400
DBC,2025-02-10 03:54:00,23.00092,23.0444,22.95744,23.00092,12700
DBC,2025-02-10 03:56:00,23.00092,23.00092,23.00092,23.00092,2100
DBC,2025-02-10 03:57:00,23.00092,23.00092,23.00092,23.00092,8100
DBC,2025-02-10 03:58:00,23.00092,23.00092,23.00092,23.00092,3800
DBC,2025-02-10 03:59:00,23.00092,23.00092,22.95744,22.95744,400
DBC,2025-02-10 04:00:00,22.95744,23.00092,22.95744,23.00092,2100
DBC,2025-02-10 04:01:00,23.00092,23.00092,22.95744,22.95744,2100
DBC,2025-02-10 04:02:00,22.95744,23.00092,22.95744,23.00092,9700
DBC,2025-02-10 04:03:00,23.00092,23.00092,23.00092,23.00092,3200
DBC,2025-02-10 04:04:00,23.00092,23.00092,22.95744,23.00092,14600
DBC,2025-02-10 04:05:00,23.00092,23.00092,22.95744,22.95744,10100
DBC,2025-02-10 04:06:00,22.95744,22.95744,22.95744,22.95744,100
DBC,2025-02-10 04:07:00,22.95744,22.95744,22.95744,22.95744,100
DBC,2025-02-10 04:08:00,22.95744,22.95744,22.95744,22.95744,100
DBC,2025-02-10 04:10:00,22.95744,23.00092,22.95744,23.00092,1400
DBC,2025-02-10 04:11:00,23.00092,23.00092,22.95744,22.95744,300
DBC,2025-02-10 04:12:00,22.95744,22.95744,22.95744,22.95744,400
DBC,2025-02-10 04:13:00,22.95744,23.00092,22.95744,22.95744,400
DBC,2025-02-10 04:14:00,22.95744,22.95744,22.95744,22.95744,100
DBC,2025-02-10 04:15:00,22.95744,22.95744,22.95744,22.95744,3300
DBC,2025-02-10 04:16:00,22.95744,22.95744,22.95744,22.95744,2100
DBC,2025-02-10 04:17:00,22.95744,23.00092,22.95744,22.95744,800
DBC,2025-02-10 04:18:00,22.95744,23.00092,22.95744,23.00092,5100
DBC,2025-02-10 04:19:00,23.00092,23.00092,22.95744,22.95744,1500
DBC,2025-02-10 04:20:00,22.95744,23.00092,22.95744,22.95744,5000
DBC,2025-02-10 04:21:00,22.95744,23.00092,22.95744,22.95744,1300
DBC,2025-02-10 04:22:00,22.95744,22.95744,22.95744,22.95744,14000
DBC,2025-02-10 04:23:00,22.95744,22.95744,22.95744,22.95744,5100
DBC,2025-02-10 04:24:00,22.95744,22.95744,22.95744,22.95744,100
DBC,2025-02-10 04:25:00,22.95744,22.95744,22.95744,22.95744,100
DBC,2025-02-10 04:26:00,22.95744,22.95744,22.95744,22.95744,200
DBC,2025-02-10 04:27:00,22.95744,23.00092,22.95744,23.00092,200
DBC,2025-02-10 04:28:00,23.00092,23.00092,23.00092,23.00092,2500
DBC,2025-02-10 04:29:00,23.00092,23.00092,23.00092,23.00092,16700
DBC,2025-02-10 06:00:00,23.00092,23.00092,23.00092,23.00092,23300
DBC,2025-02-10 06:01:00,23.00092,23.00092,22.95744,22.95744,9400
DBC,2025-02-10 06:02:00,22.95744,22.95744,22.95744,22.95744,300
DBC,2025-02-10 06:03:00,22.95744,23.00092,22.95744,22.95744,16000
DBC,2025-02-10 06:04:00,22.95744,22.95744,22.95744,22.95744,10900
DBC,2025-02-10 06:05:00,22.95744,22.95744,22.95744,22.95744,800
DBC,2025-02-10 06:06:00,22.95744,22.95744,22.95744,22.95744,100
DBC,2025-02-10 06:07:00,22.95744,22.95744,22.95744,22.95744,700
DBC,2025-02-10 06:08:00,22.95744,23.00092,22.95744,23.00092,3100
DBC,2025-02-10 06:09:00,23.00092,23.00092,22.95744,22.95744,100
DBC,2025-02-10 06:10:00,22.95744,22.95744,22.95744,22.95744,200
DBC,2025-02-10 06:11:00,22.95744,23.00092,22.95744,22.95744,24400
DBC,2025-02-10 06:12:00,22.95744,23.00092,22.95744,22.95744,5700
DBC,2025-02-10 06:13:00,22.95744,22.95744,22.95744,22.95744,13100
DBC,2025-02-10 06:14:00,22.95744,23.00092,22.95744,22.95744,6200
DBC,2025-02-10 06:15:00,22.95744,23.00092,22.95744,23.00092,3000
DBC,2025-02-10 06:16:00,23.00092,23.00092,22.95744,22.95744,1800
DBC,2025-02-10 06:17:00,22.95744,22.95744,22.95744,22.95744,200
DBC,2025-02-10 06:18:00,22.95744,22.95744,22.95744,22.95744,100
DBC,2025-02-10 06:19:00,22.95744,23.00092,22.95744,23.00092,5200
DBC,2025-02-10 06:20:00,23.00092,23.00092,22.95744,22.95744,2800
DBC,2025-02-10 06:21:00,22.95744,22.95744,22.95744,22.95744,19600
DBC,2025-02-10 06:22:00,22.95744,23.00092,22.95744,23.00092,400
DBC,2025-02-10 06:23:00,23.00092,23.00092,22.95744,23.00092,1700
DBC,2025-02-10 06:24:00,23.00092,23.00092,22.95744,22.95744,600
DBC,2025-02-10 06:25:00,22.95744,23.00092,22.95744,23.00092,7100
DBC,2025-02-10 06:26:00,23.00092,23.00092,22.95744,22.95744,5100
DBC,2025-02-10 06:27:00,22.95744,22.95744,22.95744,22.95744,5200
DBC,2025-02-10 06:28:00,22.95744,22.95744,22.95744,22.95744,16100
DBC,2025-02-10 06:29:00,22.95744,23.00092,22.95744,22.95744,13300
DBC,2025-02-10 06:30:00,22.95744,23.00092,22.95744,23.00092,2900
DBC,2025-02-10 06:31:00,23.00092,23.00092,22.95744,22.95744,18400
DBC,2025-02-10 06:32:00,22.95744,22.95744,22.95744,22.95744,5200
DBC,2025-02-10 06:33:00,22.95744,22.95744,22.91396,22.95744,15500
DBC,2025-02-10 06:34:00,22.95744,22.95744,22.91396,22.91396,1000
DBC,2025-02-10 06:35:00,22.91396,22.91396,22.91396,22.91396,1100
DBC,2025-02-10 06:36:00,22.91396,22.91396,22.91396,22.91396,600
DBC,2025-02-10 06:37:00,22.91396,22.91396,22.91396,22.91396,5400
DBC,2025-02-10 06:38:00,22.91396,22.91396,22.91396,22.91396,1100
DBC,2025-02-10 06:39:00,22.91396,22.91396,22.91396,22.91396,200
DBC,2025-02-10 06:40:00,22.91396,22.95744,22.91396,22.95744,21900
DBC,2025-02-10 06:41:00,22.95744,22.95744,22.95744,22.95744,10100
DBC,2025-02-10 06:42:00,22.95744,22.95744,22.91396,22.91396,14500
DBC,2025-02-10 06:43:00,22.91396,22.95744,22.91396,22.91396,13200
DBC,2025-02-10 06:44:00,22.91396,22.91396,22.91396,22.91396,100
DBC,2025-02-10 06:45:00,22.91396,22.95744,22.91396,22.91396,28100
DBC,2025-02-10 06:46:00,22.91396,22.91396,22.827,22.827,110100
DBC,2025-02-10 06:47:00,22.827,22.87048,22.827,22.87048,10300
DBC,2025-02-10 06:48:00,22.87048,22.91396,22.87048,22.91396,4300
DBC,2025-02-10 06:49:00,22.91396,22.91396,22.87048,22.87048,5700
DBC,2025-02-10 06:50:00,22.87048,22.87048,22.87048,22.87048,5300
DBC,2025-02-10 06:51:00,22.87048,22.87048,22.87048,22.87048,2800
DBC,2025-02-10 06:52:00,22.87048,22.91396,22.87048,22.87048,9700
DBC,2025-02-10 06:53:00,22.87048,22.87048,22.87048,22.87048,8100
DBC,2025-02-10 06:54:00,22.87048,22.87048,22.87048,22.87048,19400
DBC,2025-02-10 06:55:00,22.87048,22.87048,22.87048,22.87048,200
DBC,2025-02-10 06:56:00,22.87048,22.87048,22.87048,22.87048,300
DBC,2025-02-10 06:57:00,22.87048,22.87048,22.87048,22.87048,2600
DBC,2025-02-10 06:58:00,22.87048,22.87048,22.87048,22.87048,20100
DBC,2025-02-10 06:59:00,22.87048,22.87048,22.827,22.87048,5400
DBC,2025-02-10 07:00:00,22.87048,22.87048,22.87048,22.87048,600
DBC,2025-02-10 07:01:00,22.87048,22.87048,22.87048,22.87048,600
DBC,2025-02-10 07:02:00,22.87048,22.87048,22.87048,22.87048,10100
DBC,2025-02-10 07:03:00,22.87048,22.87048,22.87048,22.87048,4100
DBC,2025-02-10 07:04:00,22.87048,22.91396,22.87048,22.87048,7900
DBC,2025-02-10 07:05:00,22.87048,22.91396,22.87048,22.87048,15100
DBC,2025-02-10 07:06:00,22.87048,22.87048,22.87048,22.87048,600
DBC,2025-02-10 07:07:00,22.87048,22.91396,22.87048,22.87048,3000
DBC,2025-02-10 07:08:00,22.87048,22.91396,22.87048,22.91396,5100
DBC,2025-02-10 07:09:00,22.91396,22.91396,22.87048,22.91396,14000
DBC,2025-02-10 07:10:00,22.91396,22.91396,22.87048,22.91396,5800
DBC,2025-02-10 07:11:00,22.91396,22.95744,22.91396,22.95744,43200
DBC,2025-02-10 07:12:00,22.95744,22.95744,22.91396,22.91396,9300
DBC,2025-02-10 07:13:00,22.91396,22.95744,22.91396,22.91396,11600
DBC,2025-02-10 07:14:00,22.91396,22.95744,22.91396,22.91396,2200
DBC,2025-02-10 07:15:00,22.91396,22.95744,22.91396,22.91396,16200
DBC,2025-02-10 07:16:00,22.91396,22.91396,22.91396,22.91396,10000
DBC,2025-02-10 07:17:00,22.91396,22.91396,22.87048,22.87048,500
DBC,2025-02-10 07:18:00,22.87048,22.91396,22.87048,22.91396,18500
DBC,2025-02-10 07:20:00,22.91396,22.91396,22.91396,22.91396,500
DBC,2025-02-10 07:21:00,22.91396,22.91396,22.87048,22.87048,5000
DBC,2025-02-10 07:22:00,22.87048,22.87048,22.87048,22.87048,19800
DBC,2025-02-10 07:23:00,22.87048,22.87048,22.87048,22.87048,200
DBC,2025-02-10 07:24:00,22.87048,22.87048,22.827,22.827,31500
DBC,2025-02-10 07:25:00,22.827,22.87048,22.78352,22.78352,116700
DBC,2025-02-10 07:26:00,22.78352,22.78352,22.74004,22.74004,22700
DBC,2025-02-10 07:27:00,22.74004,22.78352,22.74004,22.78352,26300
DBC,2025-02-10 07:28:00,22.78352,22.827,22.74004,22.78352,36700
DBC,2025-02-10 07:29:00,22.78352,22.87048,22.78352,22.78352,12900
DBC,2025-02-10 07:45:00,22.78352,22.78352,22.78352,22.78352,226600
DBC,2025-02-11 02:15:00,22.95744,22.95744,22.91396,22.95744,38100
DBC,2025-02-11 02:16:00,22.95744,23.08788,22.91396,23.08788,122500
DBC,2025-02-11 02:17:00,23.08788,23.17484,23.08788,23.17484,151800
DBC,2025-02-11 02:18:00,23.17484,23.17484,23.13136,23.13136,65500
DBC,2025-02-11 02:19:00,23.13136,23.13136,23.0444,23.08788,35700
DBC,2025-02-11 02:20:00,23.08788,23.13136,23.08788,23.08788,45500
DBC,2025-02-11 02:21:00,23.08788,23.08788,23.0444,23.08788,31200
DBC,2025-02-11 02:22:00,23.08788,23.08788,23.0444,23.0444,27600
DBC,2025-02-11 02:23:00,23.0444,23.08788,23.0444,23.0444,55300
DBC,2025-02-11 02:24:00,23.0444,23.13136,23.0444,23.13136,195600
DBC,2025-02-11 02:25:00,23.13136,23.17484,23.13136,23.17484,68800
DBC,2025-02-11 02:26:00,23.17484,23.30528,23.13136,23.30528,399300
DBC,2025-02-11 02:27:00,23.30528,23.34876,23.2618,23.2618,85800
DBC,2025-02-11 02:28:00,23.2618,23.2618,23.21832,23.21832,74700
DBC,2025-02-11 02:29:00,23.21832,23.21832,23.21832,23.21832,129000
DBC,2025-02-11 02:30:00,23.21832,23.2618,23.21832,23.2618,34400
DBC,2025-02-11 02:31:00,23.2618,23.34876,23.21832,23.34876,273500
DBC,2025-02-11 02:32:00,23.34876,23.34876,23.34876,23.34876,180700
DBC,2025-02-11 02:33:00,23.34876,23.34876,23.30528,23.34876,124600
DBC,2025-02-11 02:34:00,23.34876,23.39224,23.34876,23.39224,95600
DBC,2025-02-11 02:35:00,23.39224,23.39224,23.34876,23.34876,30900
DBC,2025-02-11 02:36:00,23.34876,23.39224,23.30528,23.30528,125700
DBC,2025-02-11 02:37:00,23.30528,23.34876,23.30528,23.30528,74600
DBC,2025-02-11 02:38:00,23.30528,23.34876,23.30528,23.30528,52900
DBC,2025-02-11 02:39:00,23.30528,23.34876,23.30528,23.30528,38000
DBC,2025-02-11 02:40:00,23.30528,23.34876,23.30528,23.30528,63700
DBC,2025-02-11 02:41:00,23.30528,23.30528,23.2618,23.30528,85000
DBC,2025-02-11 02:42:00,23.30528,23.30528,23.2618,23.30528,13300
DBC,2025-02-11 02:43:00,23.30528,23.34876,23.2618,23.30528,90300
DBC,2025-02-11 02:44:00,23.30528,23.39224,23.30528,23.39224,94400
DBC,2025-02-11 02:45:00,23.39224,23.39224,23.34876,23.34876,14100
DBC,2025-02-11 02:46:00,23.34876,23.39224,23.34876,23.34876,82200
DBC,2025-02-11 02:47:00,23.34876,23.39224,23.34876,23.34876,35000
DBC,2025-02-11 02:48:00,23.34876,23.43572,23.34876,23.43572,213200
DBC,2025-02-11 02:49:00,23.43572,23.43572,23.39224,23.39224,28200
DBC,2025-02-11 02:50:00,23.39224,23.39224,23.39224,23.39224,30600
DBC,2025-02-11 02:51:00,23.39224,23.39224,23.34876,23.39224,99100
DBC,2025-02-11 02:52:00,23.39224,23.39224,23.39224,23.39224,17700
DBC,2025-02-11 02:53:00,23.39224,23.39224,23.34876,23.39224,55400
DBC,2025-02-11 02:54:00,23.39224,23.39224,23.34876,23.39224,26300
DBC,2025-02-11 02:55:00,23.39224,23.39224,23.39224,23.39224,24900
DBC,2025-02-11 02:56:00,23.39224,23.39224,23.39224,23.39224,59400
DBC,2025-02-11 02:57:00,23.39224,23.39224,23.39224,23.39224,27000
DBC,2025-02-11 02:58:00,23.39224,23.39224,23.39224,23.39224,2700
DBC,2025-02-11 02:59:00,23.39224,23.39224,23.34876,23.39224,26300
DBC,2025-02-11 03:00:00,23.39224,23.39224,23.34876,23.34876,4300
DBC,2025-02-11 03:01:00,23.34876,23.39224,23.34876,23.34876,33100
DBC,2025-02-11 03:02:00,23.34876,23.34876,23.30528,23.30528,36300
DBC,2025-02-11 03:03:00,23.30528,23.34876,23.30528,23.34876,17100
DBC,2025-02-11 03:04:00,23.34876,23.34876,23.30528,23.34876,31000
DBC,2025-02-11 03:05:00,23.34876,23.34876,23.30528,23.34876,24000
DBC,2025-02-11 03:06:00,23.34876,23.34876,23.34876,23.34876,21400
DBC,2025-02-11 03:07:00,23.34876,23.34876,23.34876,23.34876,28900
DBC,2025-02-11 03:08:00,23.34876,23.34876,23.34876,23.34876,8400
DBC,2025-02-11 03:09:00,23.34876,23.34876,23.34876,23.34876,23500
DBC,2025-02-11 03:10:00,23.34876,23.34876,23.34876,23.34876,2400
DBC,2025-02-11 03:11:00,23.34876,23.34876,23.34876,23.34876,1500
DBC,2025-02-11 03:12:00,23.34876,23.34876,23.34876,23.34876,11500
DBC,2025-02-11 03:13:00,23.34876,23.34876,23.34876,23.34876,6200
DBC,2025-02-11 03:14:00,23.34876,23.34876,23.34876,23.34876,3200
DBC,2025-02-11 03:15:00,23.34876,23.34876,23.34876,23.34876,3100
DBC,2025-02-11 03:16:00,23.34876,23.34876,23.30528,23.34876,400
DBC,2025-02-11 03:17:00,23.34876,23.34876,23.34876,23.34876,3300
DBC,2025-02-11 03:18:00,23.34876,23.34876,23.34876,23.34876,3000
DBC,2025-02-11 03:19:00,23.34876,23.34876,23.30528,23.34876,22700
DBC,2025-02-11 03:20:00,23.34876,23.34876,23.34876,23.34876,42400
DBC,2025-02-11 03:21:00,23.34876,23.39224,23.34876,23.34876,23000
DBC,2025-02-11 03:22:00,23.34876,23.39224,23.34876,23.34876,7100
DBC,2025-02-11 03:23:00,23.34876,23.39224,23.34876,23.34876,5100
DBC,2025-02-11 03:24:00,23.34876,23.39224,23.34876,23.34876,22500
DBC,2025-02-11 03:25:00,23.34876,23.34876,23.34876,23.34876,3300
DBC,2025-02-11 03:26:00,23.34876,23.39224,23.34876,23.39224,77300
DBC,2025-02-11 03:27:00,23.39224,23.39224,23.34876,23.34876,29400
DBC,2025-02-11 03:28:00,23.34876,23.34876,23.30528,23.34876,11600
DBC,2025-02-11 03:29:00,23.34876,23.34876,23.34876,23.34876,4100
DBC,2025-02-11 03:30:00,23.34876,23.34876,23.34876,23.34876,8100
DBC,2025-02-11 03:31:00,23.34876,23.34876,23.34876,23.34876,19700
DBC,2025-02-11 03:32:00,23.34876,23.34876,23.34876,23.34876,7500
DBC,2025-02-11 03:33:00,23.34876,23.34876,23.34876,23.34876,8500
DBC,2025-02-11 03:34:00,23.34876,23.34876,23.34876,23.34876,3800
DBC,2025-02-11 03:35:00,23.34876,23.34876,23.34876,23.34876,4000
DBC,2025-02-11 03:36:00,23.34876,23.34876,23.34876,23.34876,3100
DBC,2025-02-11 03:37:00,23.34876,23.34876,23.34876,23.34876,8600
DBC,2025-02-11 03:38:00,23.34876,23.34876,23.34876,23.34876,24100
DBC,2025-02-11 03:39:00,23.34876,23.34876,23.30528,23.34876,4400
DBC,2025-02-11 03:40:00,23.34876,23.34876,23.34876,23.34876,23100
DBC,2025-02-11 03:41:00,23.34876,23.34876,23.34876,23.34876,9100
DBC,2025-02-11 03:42:00,23.34876,23.34876,23.34876,23.34876,3400
DBC,2025-02-11 03:43:00,23.34876,23.34876,23.30528,23.34876,5800
DBC,2025-02-11 03:44:00,23.34876,23.34876,23.34876,23.34876,4400
DBC,2025-02-11 03:45:00,23.34876,23.34876,23.34876,23.34876,3000
DBC,2025-02-11 03:46:00,23.34876,23.34876,23.34876,23.34876,7900
DBC,2025-02-11 03:47:00,23.34876,23.34876,23.34876,23.34876,3100
DBC,2025-02-11 03:48:00,23.34876,23.34876,23.34876,23.34876,18500
DBC,2025-02-11 03:49:00,23.34876,23.34876,23.34876,23.34876,300
DBC,2025-02-11 03:50:00,23.34876,23.34876,23.30528,23.34876,19600
DBC,2025-02-11 03:51:00,23.34876,23.34876,23.34876,23.34876,17500
DBC,2025-02-11 03:52:00,23.34876,23.34876,23.34876,23.34876,3600
DBC,2025-02-11 03:53:00,23.34876,23.34876,23.34876,23.34876,5100
DBC,2025-02-11 03:54:00,23.34876,23.34876,23.34876,23.34876,23600
DBC,2025-02-11 03:55:00,23.34876,23.34876,23.30528,23.34876,5500
DBC,2025-02-11 03:56:00,23.34876,23.34876,23.34876,23.34876,3500
DBC,2025-02-11 03:57:00,23.34876,23.34876,23.34876,23.34876,4800
DBC,2025-02-11 03:58:00,23.34876,23.34876,23.30528,23.30528,400
DBC,2025-02-11 03:59:00,23.30528,23.34876,23.30528,23.34876,4700
DBC,2025-02-11 04:00:00,23.34876,23.39224,23.30528,23.39224,120800
DBC,2025-02-11 04:01:00,23.39224,23.39224,23.34876,23.39224,303100
DBC,2025-02-11 04:02:00,23.39224,23.43572,23.39224,23.39224,7400
DBC,2025-02-11 04:03:00,23.39224,23.43572,23.39224,23.43572,30100
DBC,2025-02-11 04:04:00,23.43572,23.43572,23.39224,23.39224,11600
DBC,2025-02-11 04:05:00,23.39224,23.43572,23.39224,23.39224,51500
DBC,2025-02-11 04:06:00,23.39224,23.43572,23.39224,23.39224,88600
DBC,2025-02-11 04:07:00,23.39224,23.39224,23.39224,23.39224,4200
DBC,2025-02-11 04:08:00,23.39224,23.39224,23.39224,23.39224,24900
DBC,2025-02-11 04:09:00,23.39224,23.43572,23.39224,23.39224,30200
DBC,2025-02-11 04:10:00,23.39224,23.43572,23.39224,23.39224,11500
DBC,2025-02-11 04:11:00,23.39224,23.43572,23.39224,23.39224,1500
DBC,2025-02-11 04:12:00,23.39224,23.39224,23.39224,23.39224,20000
DBC,2025-02-11 04:13:00,23.39224,23.43572,23.39224,23.43572,3400
DBC,2025-02-11 04:14:00,23.43572,23.43572,23.39224,23.39224,8100
DBC,2025-02-11 04:15:00,23.39224,23.43572,23.39224,23.43572,31100
DBC,2025-02-11 04:16:00,23.43572,23.43572,23.43572,23.43572,98100
DBC,2025-02-11 04:17:00,23.43572,23.43572,23.43572,23.43572,77500
DBC,2025-02-11 04:18:00,23.43572,23.4792,23.43572,23.4792,51700
DBC,2025-02-11 04:19:00,23.4792,23.52268,23.43572,23.4792,342000
DBC,2025-02-11 04:20:00,23.4792,23.4792,23.4792,23.4792,25900
DBC,2025-02-11 04:21:00,23.4792,23.4792,23.4792,23.4792,7300
DBC,2025-02-11 04:22:00,23.4792,23.4792,23.43572,23.43572,20800
DBC,2025-02-11 04:23:00,23.43572,23.43572,23.43572,23.43572,13500
DBC,2025-02-11 04:24:00,23.43572,23.4792,23.43572,23.4792,1200
DBC,2025-02-11 04:26:00,23.4792,23.4792,23.43572,23.4792,5600
DBC,2025-02-11 04:27:00,23.4792,23.4792,23.43572,23.4792,31200
DBC,2025-02-11 04:28:00,23.4792,23.4792,23.4792,23.4792,32400
DBC,2025-02-11 04:29:00,23.4792,23.4792,23.4792,23.4792,59700
DBC,2025-02-11 06:00:00,23.4792,23.52268,23.4792,23.52268,128600
DBC,2025-02-11 06:01:00,23.52268,23.52268,23.4792,23.4792,1300
DBC,2025-02-11 06:02:00,23.4792,23.4792,23.43572,23.43572,51200
DBC,2025-02-11 06:03:00,23.43572,23.4792,23.43572,23.43572,19600
DBC,2025-02-11 06:04:00,23.43572,23.43572,23.43572,23.43572,10700
DBC,2025-02-11 06:05:00,23.43572,23.43572,23.43572,23.43572,9100
DBC,2025-02-11 06:06:00,23.43572,23.4792,23.43572,23.4792,11800
DBC,2025-02-11 06:07:00,23.4792,23.4792,23.43572,23.43572,5000
DBC,2025-02-11 06:08:00,23.43572,23.4792,23.43572,23.43572,5400
DBC,2025-02-11 06:09:00,23.43572,23.4792,23.43572,23.4792,13900
DBC,2025-02-11 06:10:00,23.4792,23.4792,23.43572,23.43572,6600
DBC,2025-02-11 06:11:00,23.43572,23.4792,23.43572,23.43572,6000
DBC,2025-02-11 06:12:00,23.43572,23.4792,23.43572,23.4792,14400
DBC,2025-02-11 06:13:00,23.4792,23.4792,23.43572,23.4792,8400
DBC,2025-02-11 06:14:00,23.4792,23.4792,23.39224,23.43572,27900
DBC,2025-02-11 06:15:00,23.43572,23.43572,23.43572,23.43572,3100
DBC,2025-02-11 06:16:00,23.43572,23.43572,23.43572,23.43572,3900
DBC,2025-02-11 06:17:00,23.43572,23.43572,23.39224,23.39224,83600
DBC,2025-02-11 06:18:00,23.39224,23.43572,23.39224,23.39224,9600
DBC,2025-02-11 06:19:00,23.39224,23.43572,23.39224,23.39224,8300
DBC,2025-02-11 06:20:00,23.39224,23.39224,23.39224,23.39224,9700
DBC,2025-02-11 06:21:00,23.39224,23.39224,23.39224,23.39224,29800
DBC,2025-02-11 06:22:00,23.39224,23.43572,23.39224,23.43572,3800
DBC,2025-02-11 06:23:00,23.43572,23.43572,23.39224,23.43572,4100
DBC,2025-02-11 06:24:00,23.43572,23.43572,23.39224,23.43572,4800
DBC,2025-02-11 06:25:00,23.43572,23.43572,23.39224,23.39224,31000
DBC,2025-02-11 06:26:00,23.39224,23.43572,23.39224,23.39224,4300
DBC,2025-02-11 06:27:00,23.39224,23.43572,23.39224,23.39224,3900
DBC,2025-02-11 06:28:00,23.39224,23.43572,23.39224,23.39224,17300
DBC,2025-02-11 06:29:00,23.39224,23.43572,23.39224,23.43572,5600
DBC,2025-02-11 06:30:00,23.43572,23.43572,23.39224,23.39224,8300
DBC,2025-02-11 06:31:00,23.39224,23.43572,23.39224,23.39224,68600
DBC,2025-02-11 06:32:00,23.39224,23.43572,23.34876,23.34876,113800
DBC,2025-02-11 06:33:00,23.34876,23.39224,23.34876,23.39224,3700
DBC,2025-02-11 06:34:00,23.39224,23.39224,23.39224,23.39224,8900
DBC,2025-02-11 06:35:00,23.39224,23.39224,23.34876,23.34876,35900
DBC,2025-02-11 06:36:00,23.34876,23.34876,23.34876,23.34876,24900
DBC,2025-02-11 06:37:00,23.34876,23.39224,23.34876,23.39224,26200
DBC,2025-02-11 06:38:00,23.39224,23.39224,23.34876,23.34876,25000
DBC,2025-02-11 06:39:00,23.34876,23.39224,23.34876,23.39224,9500
DBC,2025-02-11 06:40:00,23.39224,23.39224,23.34876,23.39224,50000
DBC,2025-02-11 06:41:00,23.39224,23.39224,23.39224,23.39224,19000
DBC,2025-02-11 06:42:00,23.39224,23.39224,23.39224,23.39224,23100
DBC,2025-02-11 06:43:00,23.39224,23.39224,23.39224,23.39224,1100
DBC,2025-02-11 06:44:00,23.39224,23.43572,23.39224,23.43572,2800
DBC,2025-02-11 06:45:00,23.43572,23.43572,23.39224,23.39224,4000
DBC,2025-02-11 06:46:00,23.39224,23.39224,23.39224,23.39224,67700
DBC,2025-02-11 06:47:00,23.39224,23.39224,23.39224,23.39224,93100
DBC,2025-02-11 06:48:00,23.39224,23.43572,23.39224,23.39224,5500
DBC,2025-02-11 06:49:00,23.39224,23.43572,23.39224,23.39224,13500
DBC,2025-02-11 06:50:00,23.39224,23.43572,23.39224,23.43572,6800
DBC,2025-02-11 06:51:00,23.43572,23.43572,23.43572,23.43572,10000
DBC,2025-02-11 06:52:00,23.43572,23.43572,23.43572,23.43572,46400
DBC,2025-02-11 06:53:00,23.43572,23.43572,23.39224,23.43572,19100
DBC,2025-02-11 06:54:00,23.43572,23.4792,23.39224,23.43572,280600
DBC,2025-02-11 06:55:00,23.43572,23.4792,23.43572,23.4792,29900
DBC,2025-02-11 06:56:00,23.4792,23.4792,23.4792,23.4792,60600
DBC,2025-02-11 06:57:00,23.4792,23.4792,23.43572,23.43572,30200
DBC,2025-02-11 06:58:00,23.43572,23.4792,23.43572,23.43572,6200
DBC,2025-02-11 06:59:00,23.43572,23.43572,23.43572,23.43572,4000
DBC,2025-02-11 07:00:00,23.43572,23.4792,23.43572,23.4792,6800
DBC,2025-02-11 07:01:00,23.4792,23.4792,23.4792,23.4792,15300
DBC,2025-02-11 07:02:00,23.4792,23.4792,23.4792,23.4792,900
DBC,2025-02-11 07:03:00,23.4792,23.4792,23.43572,23.4792,7200
DBC,2025-02-11 07:04:00,23.4792,23.4792,23.43572,23.43572,38800
DBC,2025-02-11 07:05:00,23.43572,23.4792,23.43572,23.43572,57900
DBC,2025-02-11 07:06:00,23.43572,23.43572,23.43572,23.43572,31500
DBC,2025-02-11 07:07:00,23.43572,23.4792,23.43572,23.43572,22300
DBC,2025-02-11 07:08:00,23.43572,23.4792,23.43572,23.43572,9600
DBC,2025-02-11 07:09:00,23.43572,23.4792,23.43572,23.43572,21300
DBC,2025-02-11 07:10:00,23.43572,23.43572,23.39224,23.43572,37400
DBC,2025-02-11 07:11:00,23.43572,23.43572,23.43572,23.43572,5000
DBC,2025-02-11 07:12:00,23.43572,23.43572,23.39224,23.39224,16000
DBC,2025-02-11 07:13:00,23.39224,23.43572,23.39224,23.43572,13200
DBC,2025-02-11 07:14:00,23.43572,23.43572,23.39224,23.39224,4400
DBC,2025-02-11 07:15:00,23.39224,23.43572,23.39224,23.43572,71700
DBC,2025-02-11 07:16:00,23.43572,23.43572,23.39224,23.39224,3800
DBC,2025-02-11 07:17:00,23.39224,23.43572,23.39224,23.39224,5600
DBC,2025-02-11 07:18:00,23.39224,23.39224,23.39224,23.39224,300
DBC,2025-02-11 07:19:00,23.39224,23.39224,23.39224,23.39224,6400
DBC,2025-02-11 07:20:00,23.39224,23.39224,23.39224,23.39224,4200
DBC,2025-02-11 07:21:00,23.39224,23.43572,23.39224,23.39224,9300
DBC,2025-02-11 07:22:00,23.39224,23.39224,23.39224,23.39224,600
DBC,2025-02-11 07:23:00,23.39224,23.39224,23.39224,23.39224,1400
DBC,2025-02-11 07:24:00,23.39224,23.39224,23.39224,23.39224,1600
DBC,2025-02-11 07:25:00,23.39224,23.39224,23.39224,23.39224,26800
DBC,2025-02-11 07:26:00,23.39224,23.39224,23.39224,23.39224,74300
DBC,2025-02-11 07:27:00,23.39224,23.39224,23.39224,23.39224,12000
DBC,2025-02-11 07:28:00,23.39224,23.39224,23.39224,23.39224,9700
DBC,2025-02-11 07:29:00,23.39224,23.39224,23.39224,23.39224,23700
DBC,2025-02-11 07:45:00,23.4792,23.4792,23.4792,23.4792,273600
DBC,2025-02-12 02:15:00,23.65312,23.65312,23.60964,23.60964,14000
DBC,2025-02-12 02:16:00,23.60964,23.60964,23.52268,23.56616,112700
DBC,2025-02-12 02:17:00,23.56616,23.56616,23.4792,23.4792,9600
DBC,2025-02-12 02:18:00,23.4792,23.4792,23.43572,23.43572,4000
DBC,2025-02-12 02:19:00,23.43572,23.4792,23.43572,23.4792,3300
DBC,2025-02-12 02:20:00,23.4792,23.4792,23.43572,23.4792,20100
DBC,2025-02-12 02:21:00,23.4792,23.4792,23.43572,23.4792,16600
DBC,2025-02-12 02:22:00,23.4792,23.4792,23.4792,23.4792,3200
DBC,2025-02-12 02:23:00,23.4792,23.4792,23.4792,23.4792,1000
DBC,2025-02-12 02:24:00,23.4792,23.4792,23.4792,23.4792,500
DBC,2025-02-12 02:25:00,23.4792,23.4792,23.4792,23.4792,5500
DBC,2025-02-12 02:26:00,23.4792,23.4792,23.4792,23.4792,700
DBC,2025-02-12 02:27:00,23.4792,23.4792,23.43572,23.4792,33500
DBC,2025-02-12 02:28:00,23.4792,23.4792,23.43572,23.43572,900
DBC,2025-02-12 02:29:00,23.43572,23.43572,23.43572,23.43572,200
DBC,2025-02-12 02:30:00,23.43572,23.43572,23.43572,23.43572,1700
DBC,2025-02-12 02:31:00,23.43572,23.43572,23.43572,23.43572,7600
DBC,2025-02-12 02:32:00,23.43572,23.43572,23.43572,23.43572,8700
DBC,2025-02-12 02:33:00,23.43572,23.43572,23.43572,23.43572,6400
DBC,2025-02-12 02:34:00,23.43572,23.43572,23.39224,23.39224,2500
DBC,2025-02-12 02:35:00,23.39224,23.39224,23.39224,23.39224,5000
DBC,2025-02-12 02:36:00,23.39224,23.39224,23.39224,23.39224,6400
DBC,2025-02-12 02:37:00,23.39224,23.43572,23.39224,23.39224,20300
DBC,2025-02-12 02:38:00,23.39224,23.43572,23.39224,23.39224,7500
DBC,2025-02-12 02:39:00,23.39224,23.43572,23.39224,23.43572,43100
DBC,2025-02-12 02:40:00,23.43572,23.43572,23.43572,23.43572,2100
DBC,2025-02-12 02:41:00,23.43572,23.43572,23.43572,23.43572,15000
DBC,2025-02-12 02:42:00,23.43572,23.43572,23.43572,23.43572,1100
DBC,2025-02-12 02:43:00,23.43572,23.4792,23.43572,23.4792,21000
DBC,2025-02-12 02:44:00,23.4792,23.4792,23.43572,23.43572,2200
DBC,2025-02-12 02:45:00,23.43572,23.52268,23.43572,23.52268,69300
DBC,2025-02-12 02:46:00,23.52268,23.52268,23.52268,23.52268,1200
DBC,2025-02-12 02:47:00,23.52268,23.52268,23.52268,23.52268,24400
DBC,2025-02-12 02:48:00,23.52268,23.52268,23.52268,23.52268,6500
DBC,2025-02-12 02:49:00,23.52268,23.52268,23.4792,23.4792,51800
DBC,2025-02-12 02:50:00,23.4792,23.4792,23.4792,23.4792,100
DBC,2025-02-12 02:51:00,23.4792,23.4792,23.4792,23.4792,1300
DBC,2025-02-12 02:52:00,23.4792,23.4792,23.43572,23.43572,400
DBC,2025-02-12 02:53:00,23.43572,23.43572,23.43572,23.43572,400
DBC,2025-02-12 02:55:00,23.43572,23.4792,23.43572,23.4792,15400
DBC,2025-02-12 02:56:00,23.4792,23.4792,23.4792,23.4792,16000
DBC,2025-02-12 02:57:00,23.4792,23.52268,23.4792,23.52268,7400
DBC,2025-02-12 02:58:00,23.52268,23.52268,23.4792,23.4792,10000
DBC,2025-02-12 02:59:00,23.4792,23.4792,23.4792,23.4792,1400
DBC,2025-02-12 03:00:00,23.4792,23.4792,23.4792,23.4792,100
DBC,2025-02-12 03:01:00,23.4792,23.4792,23.4792,23.4792,700
DBC,2025-02-12 03:02:00,23.4792,23.52268,23.4792,23.52268,14600
DBC,2025-02-12 03:03:00,23.52268,23.52268,23.52268,23.52268,1200
DBC,2025-02-12 03:04:00,23.52268,23.52268,23.52268,23.52268,10000
DBC,2025-02-12 03:05:00,23.52268,23.52268,23.4792,23.4792,1600
DBC,2025-02-12 03:06:00,23.4792,23.52268,23.4792,23.52268,2600
DBC,2025-02-12 03:08:00,23.52268,23.52268,23.4792,23.4792,21100
DBC,2025-02-12 03:09:00,23.4792,23.56616,23.4792,23.56616,25800
DBC,2025-02-12 03:10:00,23.56616,23.56616,23.52268,23.52268,2400
DBC,2025-02-12 03:11:00,23.52268,23.56616,23.52268,23.56616,16700
DBC,2025-02-12 03:12:00,23.56616,23.56616,23.56616,23.56616,1300
DBC,2025-02-12 03:13:00,23.56616,23.56616,23.56616,23.56616,31800
DBC,2025-02-12 03:14:00,23.56616,23.56616,23.56616,23.56616,3600
DBC,2025-02-12 03:15:00,23.56616,23.56616,23.52268,23.52268,47100
DBC,2025-02-12 03:18:00,23.52268,23.52268,23.52268,23.52268,10100
DBC,2025-02-12 03:19:00,23.52268,23.52268,23.52268,23.52268,1200
DBC,2025-02-12 03:20:00,23.52268,23.52268,23.52268,23.52268,2300
DBC,2025-02-12 03:22:00,23.52268,23.52268,23.52268,23.52268,200
DBC,2025-02-12 03:23:00,23.52268,23.52268,23.4792,23.4792,13900
DBC,2025-02-12 03:24:00,23.4792,23.52268,23.4792,23.4792,12400
DBC,2025-02-12 03:25:00,23.4792,23.4792,23.4792,23.4792,85900
DBC,2025-02-12 03:26:00,23.4792,23.4792,23.4792,23.4792,15900
DBC,2025-02-12 03:27:00,23.4792,23.4792,23.4792,23.4792,3800
DBC,2025-02-12 03:28:00,23.4792,23.4792,23.4792,23.4792,26400
DBC,2025-02-12 03:29:00,23.4792,23.4792,23.43572,23.43572,27800
DBC,2025-02-12 03:30:00,23.43572,23.43572,23.43572,23.43572,22100
DBC,2025-02-12 03:31:00,23.43572,23.4792,23.43572,23.4792,10000
DBC,2025-02-12 03:32:00,23.4792,23.4792,23.4792,23.4792,100
DBC,2025-02-12 03:34:00,23.4792,23.4792,23.43572,23.43572,9500
DBC,2025-02-12 03:36:00,23.43572,23.43572,23.43572,23.43572,5000
DBC,2025-02-12 03:37:00,23.43572,23.43572,23.43572,23.43572,15300
DBC,2025-02-12 03:39:00,23.43572,23.43572,23.43572,23.43572,12000
DBC,2025-02-12 03:40:00,23.43572,23.43572,23.43572,23.43572,6200
DBC,2025-02-12 03:41:00,23.43572,23.43572,23.43572,23.43572,300
DBC,2025-02-12 03:42:00,23.43572,23.43572,23.43572,23.43572,5100
DBC,2025-02-12 03:43:00,23.43572,23.4792,23.43572,23.4792,16900
DBC,2025-02-12 03:44:00,23.4792,23.52268,23.4792,23.4792,11500
DBC,2025-02-12 03:45:00,23.4792,23.52268,23.4792,23.52268,28300
DBC,2025-02-12 03:46:00,23.52268,23.52268,23.4792,23.4792,100
DBC,2025-02-12 03:47:00,23.4792,23.4792,23.4792,23.4792,600
DBC,2025-02-12 03:48:00,23.4792,23.4792,23.4792,23.4792,3300
DBC,2025-02-12 03:49:00,23.4792,23.4792,23.4792,23.4792,100
DBC,2025-02-12 03:50:00,23.4792,23.4792,23.4792,23.4792,600
DBC,2025-02-12 03:51:00,23.4792,23.4792,23.4792,23.4792,100
DBC,2025-02-12 03:52:00,23.4792,23.52268,23.4792,23.4792,8500
DBC,2025-02-12 03:54:00,23.4792,23.4792,23.4792,23.4792,200
DBC,2025-02-12 03:56:00,23.4792,23.4792,23.4792,23.4792,46900
DBC,2025-02-12 03:57:00,23.4792,23.4792,23.43572,23.4792,20200
DBC,2025-02-12 03:58:00,23.4792,23.4792,23.43572,23.43572,16000
DBC,2025-02-12 03:59:00,23.43572,23.43572,23.43572,23.43572,200
DBC,2025-02-12 04:00:00,23.43572,23.43572,23.43572,23.43572,30000
DBC,2025-02-12 04:01:00,23.43572,23.43572,23.43572,23.43572,32600
DBC,2025-02-12 04:02:00,23.43572,23.43572,23.43572,23.43572,37500
DBC,2025-02-12 04:03:00,23.43572,23.43572,23.43572,23.43572,8400
DBC,2025-02-12 04:04:00,23.43572,23.43572,23.43572,23.43572,10100
DBC,2025-02-12 04:05:00,23.43572,23.43572,23.43572,23.43572,300
DBC,2025-02-12 04:07:00,23.43572,23.43572,23.43572,23.43572,5500
DBC,2025-02-12 04:08:00,23.43572,23.43572,23.43572,23.43572,700
DBC,2025-02-12 04:09:00,23.43572,23.43572,23.39224,23.39224,6700
DBC,2025-02-12 04:11:00,23.39224,23.43572,23.39224,23.43572,5500
DBC,2025-02-12 04:12:00,23.43572,23.43572,23.39224,23.43572,18800
DBC,2025-02-12 04:13:00,23.43572,23.43572,23.43572,23.43572,43500
DBC,2025-02-12 04:14:00,23.43572,23.43572,23.43572,23.43572,5200
DBC,2025-02-12 04:15:00,23.43572,23.43572,23.43572,23.43572,10000
DBC,2025-02-12 04:18:00,23.43572,23.43572,23.43572,23.43572,3000
DBC,2025-02-12 04:20:00,23.43572,23.43572,23.43572,23.43572,2000
DBC,2025-02-12 04:21:00,23.43572,23.43572,23.43572,23.43572,4000
DBC,2025-02-12 04:22:00,23.43572,23.43572,23.43572,23.43572,2000
DBC,2025-02-12 04:23:00,23.43572,23.43572,23.43572,23.43572,1100
DBC,2025-02-12 04:24:00,23.43572,23.43572,23.43572,23.43572,300
DBC,2025-02-12 04:25:00,23.43572,23.43572,23.43572,23.43572,1400
DBC,2025-02-12 04:28:00,23.43572,23.4792,23.43572,23.4792,15000
DBC,2025-02-12 04:29:00,23.4792,23.4792,23.4792,23.4792,500
DBC,2025-02-12 06:00:00,23.4792,23.4792,23.39224,23.39224,35200
DBC,2025-02-12 06:01:00,23.39224,23.43572,23.39224,23.39224,41200
DBC,2025-02-12 06:02:00,23.39224,23.39224,23.39224,23.39224,3100
DBC,2025-02-12 06:03:00,23.39224,23.39224,23.39224,23.39224,1000
DBC,2025-02-12 06:04:00,23.39224,23.39224,23.39224,23.39224,2000
DBC,2025-02-12 06:07:00,23.39224,23.43572,23.39224,23.43572,3200
DBC,2025-02-12 06:08:00,23.43572,23.43572,23.39224,23.39224,1500
DBC,2025-02-12 06:09:00,23.39224,23.39224,23.39224,23.39224,5700
DBC,2025-02-12 06:10:00,23.39224,23.39224,23.39224,23.39224,4000
DBC,2025-02-12 06:11:00,23.39224,23.43572,23.39224,23.43572,5000
DBC,2025-02-12 06:12:00,23.43572,23.43572,23.43572,23.43572,3000
DBC,2025-02-12 06:13:00,23.43572,23.43572,23.43572,23.43572,31400
DBC,2025-02-12 06:14:00,23.43572,23.43572,23.43572,23.43572,1600
DBC,2025-02-12 06:15:00,23.43572,23.43572,23.39224,23.39224,7100
DBC,2025-02-12 06:17:00,23.39224,23.39224,23.39224,23.39224,1200
DBC,2025-02-12 06:18:00,23.39224,23.39224,23.39224,23.39224,100
DBC,2025-02-12 06:19:00,23.39224,23.39224,23.39224,23.39224,79600
DBC,2025-02-12 06:20:00,23.39224,23.39224,23.34876,23.39224,2500
DBC,2025-02-12 06:21:00,23.39224,23.39224,23.39224,23.39224,1300
DBC,2025-02-12 06:22:00,23.39224,23.39224,23.39224,23.39224,4000
DBC,2025-02-12 06:23:00,23.39224,23.39224,23.39224,23.39224,4000
DBC,2025-02-12 06:24:00,23.39224,23.39224,23.34876,23.39224,10300
DBC,2025-02-12 06:25:00,23.39224,23.39224,23.39224,23.39224,2500
DBC,2025-02-12 06:26:00,23.39224,23.39224,23.34876,23.34876,5200
DBC,2025-02-12 06:27:00,23.34876,23.34876,23.34876,23.34876,4000
DBC,2025-02-12 06:29:00,23.34876,23.39224,23.34876,23.39224,8700
DBC,2025-02-12 06:30:00,23.39224,23.39224,23.34876,23.34876,2500
DBC,2025-02-12 06:31:00,23.34876,23.34876,23.34876,23.34876,400
DBC,2025-02-12 06:32:00,23.34876,23.39224,23.34876,23.39224,5200
DBC,2025-02-12 06:33:00,23.39224,23.39224,23.39224,23.39224,15000
DBC,2025-02-12 06:34:00,23.39224,23.39224,23.39224,23.39224,26600
DBC,2025-02-12 06:35:00,23.39224,23.39224,23.39224,23.39224,12300
DBC,2025-02-12 06:36:00,23.39224,23.39224,23.39224,23.39224,4600
DBC,2025-02-12 06:37:00,23.39224,23.39224,23.39224,23.39224,100
DBC,2025-02-12 06:38:00,23.39224,23.39224,23.39224,23.39224,500
DBC,2025-02-12 06:39:00,23.39224,23.39224,23.39224,23.39224,17700
DBC,2025-02-12 06:41:00,23.39224,23.39224,23.39224,23.39224,30000
DBC,2025-02-12 06:42:00,23.39224,23.43572,23.39224,23.43572,2100
DBC,2025-02-12 06:43:00,23.43572,23.43572,23.39224,23.43572,2200
DBC,2025-02-12 06:44:00,23.43572,23.43572,23.43572,23.43572,5000
DBC,2025-02-12 06:45:00,23.43572,23.43572,23.39224,23.39224,3200
DBC,2025-02-12 06:47:00,23.39224,23.39224,23.39224,23.39224,7000
DBC,2025-02-12 06:49:00,23.39224,23.39224,23.39224,23.39224,100
DBC,2025-02-12 06:50:00,23.39224,23.39224,23.34876,23.34876,200
DBC,2025-02-12 06:51:00,23.34876,23.34876,23.34876,23.34876,10400
DBC,2025-02-12 06:52:00,23.34876,23.39224,23.34876,23.39224,13100
DBC,2025-02-12 06:53:00,23.39224,23.39224,23.34876,23.34876,76300
DBC,2025-02-12 06:54:00,23.34876,23.34876,23.30528,23.30528,16800
DBC,2025-02-12 06:55:00,23.30528,23.34876,23.30528,23.30528,56200
DBC,2025-02-12 06:56:00,23.30528,23.30528,23.30528,23.30528,1600
DBC,2025-02-12 06:57:00,23.30528,23.30528,23.30528,23.30528,17600
DBC,2025-02-12 06:58:00,23.30528,23.30528,23.30528,23.30528,11800
DBC,2025-02-12 06:59:00,23.30528,23.30528,23.30528,23.30528,5200
DBC,2025-02-12 07:00:00,23.30528,23.30528,23.30528,23.30528,15300
DBC,2025-02-12 07:01:00,23.30528,23.30528,23.30528,23.30528,10200
DBC,2025-02-12 07:02:00,23.30528,23.30528,23.2618,23.2618,10100
DBC,2025-02-12 07:03:00,23.2618,23.30528,23.2618,23.30528,13200
DBC,2025-02-12 07:04:00,23.30528,23.30528,23.30528,23.30528,1000
DBC,2025-02-12 07:05:00,23.30528,23.30528,23.30528,23.30528,4100
DBC,2025-02-12 07:06:00,23.30528,23.30528,23.30528,23.30528,4000
DBC,2025-02-12 07:08:00,23.30528,23.39224,23.30528,23.34876,53000
DBC,2025-02-12 07:09:00,23.34876,23.39224,23.34876,23.39224,16000
DBC,2025-02-12 07:10:00,23.39224,23.39224,23.39224,23.39224,2200
DBC,2025-02-12 07:11:00,23.39224,23.39224,23.39224,23.39224,1500
DBC,2025-02-12 07:12:00,23.39224,23.39224,23.34876,23.34876,10000
DBC,2025-02-12 07:13:00,23.34876,23.34876,23.34876,23.34876,400
DBC,2025-02-12 07:14:00,23.34876,23.34876,23.34876,23.34876,600
DBC,2025-02-12 07:15:00,23.34876,23.34876,23.34876,23.34876,2000
DBC,2025-02-12 07:16:00,23.34876,23.39224,23.34876,23.39224,1000
DBC,2025-02-12 07:17:00,23.39224,23.39224,23.34876,23.34876,5500
DBC,2025-02-12 07:18:00,23.34876,23.39224,23.34876,23.39224,1200
DBC,2025-02-12 07:19:00,23.39224,23.39224,23.39224,23.39224,500
DBC,2025-02-12 07:20:00,23.39224,23.39224,23.34876,23.34876,31500
DBC,2025-02-12 07:21:00,23.34876,23.34876,23.34876,23.34876,9400
DBC,2025-02-12 07:22:00,23.34876,23.34876,23.34876,23.34876,7400
DBC,2025-02-12 07:23:00,23.34876,23.34876,23.34876,23.34876,100
DBC,2025-02-12 07:24:00,23.34876,23.34876,23.30528,23.30528,10500
DBC,2025-02-12 07:25:00,23.30528,23.30528,23.30528,23.30528,9500
DBC,2025-02-12 07:26:00,23.30528,23.30528,23.30528,23.30528,13300
DBC,2025-02-12 07:27:00,23.30528,23.30528,23.30528,23.30528,30600
DBC,2025-02-12 07:28:00,23.30528,23.34876,23.30528,23.30528,71400
DBC,2025-02-12 07:29:00,23.30528,23.30528,23.2618,23.2618,9700
DBC,2025-02-12 07:45:00,23.2618,23.2618,23.2618,23.2618,183500
DBC,2025-02-13 02:15:00,23.39224,23.39224,23.34876,23.39224,2300
DBC,2025-02-13 02:16:00,23.39224,23.39224,23.34876,23.34876,1500
DBC,2025-02-13 02:17:00,23.34876,23.39224,23.34876,23.34876,3600
DBC,2025-02-13 02:18:00,23.34876,23.34876,23.34876,23.34876,14200
DBC,2025-02-13 02:19:00,23.34876,23.39224,23.34876,23.39224,22300
DBC,2025-02-13 02:22:00,23.39224,23.39224,23.34876,23.34876,8200
DBC,2025-02-13 02:23:00,23.34876,23.34876,23.34876,23.34876,1100
DBC,2025-02-13 02:24:00,23.34876,23.39224,23.34876,23.39224,3700
DBC,2025-02-13 02:25:00,23.39224,23.39224,23.39224,23.39224,9600
DBC,2025-02-13 02:26:00,23.39224,23.39224,23.39224,23.39224,16600
DBC,2025-02-13 02:27:00,23.39224,23.39224,23.39224,23.39224,12500
DBC,2025-02-13 02:28:00,23.39224,23.39224,23.39224,23.39224,300
DBC,2025-02-13 02:29:00,23.39224,23.39224,23.39224,23.39224,500
DBC,2025-02-13 02:30:00,23.39224,23.39224,23.34876,23.34876,28300
DBC,2025-02-13 02:31:00,23.34876,23.34876,23.34876,23.34876,1300
DBC,2025-02-13 02:32:00,23.34876,23.34876,23.34876,23.34876,1000
DBC,2025-02-13 02:33:00,23.34876,23.39224,23.34876,23.39224,500
DBC,2025-02-13 02:34:00,23.39224,23.39224,23.34876,23.39224,1500
DBC,2025-02-13 02:35:00,23.39224,23.39224,23.39224,23.39224,4700
DBC,2025-02-13 02:36:00,23.39224,23.39224,23.34876,23.39224,17800
DBC,2025-02-13 02:38:00,23.39224,23.39224,23.34876,23.39224,24000
DBC,2025-02-13 02:39:00,23.39224,23.39224,23.39224,23.39224,12000
DBC,2025-02-13 02:40:00,23.39224,23.39224,23.39224,23.39224,2300
DBC,2025-02-13 02:41:00,23.39224,23.39224,23.39224,23.39224,6100
DBC,2025-02-13 02:42:00,23.39224,23.39224,23.39224,23.39224,10700
DBC,2025-02-13 02:43:00,23.39224,23.39224,23.39224,23.39224,5000
DBC,2025-02-13 02:44:00,23.39224,23.4792,23.39224,23.4792,118100
DBC,2025-02-13 02:45:00,23.4792,23.52268,23.4792,23.52268,31700
DBC,2025-02-13 02:46:00,23.52268,23.52268,23.4792,23.4792,1500
DBC,2025-02-13 02:47:00,23.4792,23.52268,23.4792,23.52268,19600
DBC,2025-02-13 02:48:00,23.52268,23.52268,23.4792,23.52268,20100
DBC,2025-02-13 02:49:00,23.52268,23.52268,23.4792,23.4792,2100
DBC,2025-02-13 02:50:00,23.4792,23.4792,23.4792,23.4792,1500
DBC,2025-02-13 02:51:00,23.4792,23.52268,23.4792,23.52268,4500
DBC,2025-02-13 02:52:00,23.52268,23.52268,23.52268,23.52268,1000
DBC,2025-02-13 02:53:00,23.52268,23.52268,23.4792,23.4792,16600
DBC,2025-02-13 02:54:00,23.4792,23.56616,23.4792,23.56616,51500
DBC,2025-02-13 02:55:00,23.56616,23.56616,23.56616,23.56616,2600
DBC,2025-02-13 02:56:00,23.56616,23.56616,23.56616,23.56616,75500
DBC,2025-02-13 02:57:00,23.56616,23.60964,23.56616,23.56616,10800
DBC,2025-02-13 02:58:00,23.56616,23.56616,23.56616,23.56616,11900
DBC,2025-02-13 02:59:00,23.56616,23.56616,23.52268,23.52268,13400
DBC,2025-02-13 03:00:00,23.52268,23.56616,23.52268,23.56616,11400
DBC,2025-02-13 03:01:00,23.56616,23.56616,23.56616,23.56616,11200
DBC,2025-02-13 03:02:00,23.56616,23.56616,23.56616,23.56616,1100
DBC,2025-02-13 03:03:00,23.56616,23.56616,23.56616,23.56616,27700
DBC,2025-02-13 03:04:00,23.56616,23.56616,23.52268,23.52268,11500
DBC,2025-02-13 03:05:00,23.52268,23.52268,23.52268,23.52268,15800
DBC,2025-02-13 03:06:00,23.52268,23.52268,23.4792,23.4792,100
DBC,2025-02-13 03:07:00,23.4792,23.52268,23.4792,23.52268,15700
DBC,2025-02-13 03:08:00,23.52268,23.52268,23.52268,23.52268,200
DBC,2025-02-13 03:09:00,23.52268,23.52268,23.4792,23.4792,16000
DBC,2025-02-13 03:10:00,23.4792,23.4792,23.4792,23.4792,25900
DBC,2025-02-13 03:11:00,23.4792,23.4792,23.4792,23.4792,15600
DBC,2025-02-13 03:12:00,23.4792,23.4792,23.4792,23.4792,3600
DBC,2025-02-13 03:13:00,23.4792,23.4792,23.4792,23.4792,10400
DBC,2025-02-13 03:14:00,23.4792,23.4792,23.43572,23.43572,11200
DBC,2025-02-13 03:15:00,23.43572,23.43572,23.43572,23.43572,500
DBC,2025-02-13 03:16:00,23.43572,23.43572,23.43572,23.43572,1400
DBC,2025-02-13 03:17:00,23.43572,23.43572,23.43572,23.43572,100
DBC,2025-02-13 03:18:00,23.43572,23.43572,23.43572,23.43572,20900
DBC,2025-02-13 03:19:00,23.43572,23.43572,23.43572,23.43572,13800
DBC,2025-02-13 03:20:00,23.43572,23.43572,23.43572,23.43572,17500
DBC,2025-02-13 03:21:00,23.43572,23.43572,23.39224,23.39224,17900
DBC,2025-02-13 03:22:00,23.39224,23.43572,23.39224,23.39224,8100
DBC,2025-02-13 03:23:00,23.39224,23.39224,23.39224,23.39224,100
DBC,2025-02-13 03:24:00,23.39224,23.43572,23.39224,23.39224,500
DBC,2025-02-13 03:25:00,23.39224,23.43572,23.39224,23.39224,1100
DBC,2025-02-13 03:26:00,23.39224,23.43572,23.39224,23.43572,9700
DBC,2025-02-13 03:27:00,23.43572,23.43572,23.43572,23.43572,12500
DBC,2025-02-13 03:28:00,23.43572,23.43572,23.43572,23.43572,9000
DBC,2025-02-13 03:29:00,23.43572,23.43572,23.43572,23.43572,100
DBC,2025-02-13 03:30:00,23.43572,23.43572,23.43572,23.43572,13600
DBC,2025-02-13 03:31:00,23.43572,23.43572,23.43572,23.43572,5100
DBC,2025-02-13 03:32:00,23.43572,23.43572,23.43572,23.43572,1000
DBC,2025-02-13 03:33:00,23.43572,23.43572,23.43572,23.43572,5100
DBC,2025-02-13 03:34:00,23.43572,23.43572,23.43572,23.43572,12100
DBC,2025-02-13 03:35:00,23.43572,23.43572,23.43572,23.43572,1400
DBC,2025-02-13 03:36:00,23.43572,23.43572,23.39224,23.43572,5400
DBC,2025-02-13 03:37:00,23.43572,23.43572,23.43572,23.43572,500
DBC,2025-02-13 03:38:00,23.43572,23.4792,23.43572,23.4792,18500
DBC,2025-02-13 03:39:00,23.4792,23.4792,23.43572,23.4792,4200
DBC,2025-02-13 03:40:00,23.4792,23.52268,23.4792,23.52268,67900
DBC,2025-02-13 03:41:00,23.52268,23.56616,23.52268,23.52268,7200
DBC,2025-02-13 03:42:00,23.52268,23.52268,23.52268,23.52268,11300
DBC,2025-02-13 03:43:00,23.52268,23.52268,23.52268,23.52268,21700
DBC,2025-02-13 03:44:00,23.52268,23.52268,23.4792,23.52268,400
DBC,2025-02-13 03:45:00,23.52268,23.52268,23.52268,23.52268,400
DBC,2025-02-13 03:46:00,23.52268,23.52268,23.4792,23.4792,2400
DBC,2025-02-13 03:47:00,23.4792,23.52268,23.4792,23.52268,100
DBC,2025-02-13 03:48:00,23.52268,23.52268,23.52268,23.52268,4800
DBC,2025-02-13 03:49:00,23.52268,23.52268,23.4792,23.4792,600
DBC,2025-02-13 03:50:00,23.4792,23.4792,23.4792,23.4792,800
DBC,2025-02-13 03:51:00,23.4792,23.4792,23.4792,23.4792,100
DBC,2025-02-13 03:52:00,23.4792,23.4792,23.43572,23.43572,22200
DBC,2025-02-13 03:53:00,23.43572,23.43572,23.43572,23.43572,4000
DBC,2025-02-13 03:54:00,23.43572,23.43572,23.43572,23.43572,100
DBC,2025-02-13 03:55:00,23.43572,23.43572,23.43572,23.43572,1500
DBC,2025-02-13 03:56:00,23.43572,23.43572,23.43572,23.43572,1300
DBC,2025-02-13 03:57:00,23.43572,23.43572,23.43572,23.43572,200
DBC,2025-02-13 03:58:00,23.43572,23.43572,23.43572,23.43572,700
DBC,2025-02-13 03:59:00,23.43572,23.43572,23.43572,23.43572,100
DBC,2025-02-13 04:00:00,23.43572,23.4792,23.43572,23.4792,800
DBC,2025-02-13 04:01:00,23.4792,23.4792,23.43572,23.43572,200
DBC,2025-02-13 04:03:00,23.43572,23.4792,23.43572,23.4792,400
DBC,2025-02-13 04:04:00,23.4792,23.4792,23.43572,23.4792,8800
DBC,2025-02-13 04:05:00,23.4792,23.4792,23.43572,23.43572,3800
DBC,2025-02-13 04:06:00,23.43572,23.43572,23.43572,23.43572,100
DBC,2025-02-13 04:07:00,23.43572,23.43572,23.43572,23.43572,100
DBC,2025-02-13 04:08:00,23.43572,23.43572,23.43572,23.43572,100
DBC,2025-02-13 04:09:00,23.43572,23.4792,23.43572,23.4792,5700
DBC,2025-02-13 04:11:00,23.4792,23.4792,23.43572,23.43572,1000
DBC,2025-02-13 04:12:00,23.43572,23.43572,23.43572,23.43572,2300
DBC,2025-02-13 04:13:00,23.43572,23.43572,23.43572,23.43572,300
DBC,2025-02-13 04:14:00,23.43572,23.43572,23.43572,23.43572,100
DBC,2025-02-13 04:16:00,23.43572,23.4792,23.43572,23.4792,100
DBC,2025-02-13 04:17:00,23.4792,23.4792,23.4792,23.4792,200
DBC,2025-02-13 04:18:00,23.4792,23.4792,23.43572,23.43572,8100
DBC,2025-02-13 04:19:00,23.43572,23.4792,23.43572,23.4792,3200
DBC,2025-02-13 04:20:00,23.4792,23.4792,23.43572,23.4792,2000
DBC,2025-02-13 04:21:00,23.4792,23.4792,23.43572,23.43572,5100
DBC,2025-02-13 04:23:00,23.43572,23.43572,23.43572,23.43572,2600
DBC,2025-02-13 04:24:00,23.43572,23.4792,23.43572,23.43572,22500
DBC,2025-02-13 04:25:00,23.43572,23.43572,23.43572,23.43572,1100
DBC,2025-02-13 04:26:00,23.43572,23.4792,23.43572,23.4792,20100
DBC,2025-02-13 04:27:00,23.4792,23.4792,23.4792,23.4792,6300
DBC,2025-02-13 04:28:00,23.4792,23.4792,23.4792,23.4792,8000
DBC,2025-02-13 04:29:00,23.4792,23.4792,23.4792,23.4792,600
DBC,2025-02-13 06:00:00,23.4792,23.4792,23.39224,23.43572,80500
DBC,2025-02-13 06:01:00,23.43572,23.4792,23.43572,23.43572,2900
DBC,2025-02-13 06:02:00,23.43572,23.4792,23.43572,23.43572,13200
DBC,2025-02-13 06:03:00,23.43572,23.4792,23.43572,23.4792,400
DBC,2025-02-13 06:04:00,23.4792,23.4792,23.43572,23.43572,10800
DBC,2025-02-13 06:05:00,23.43572,23.43572,23.43572,23.43572,3000
DBC,2025-02-13 06:06:00,23.43572,23.43572,23.43572,23.43572,19300
DBC,2025-02-13 06:07:00,23.43572,23.43572,23.43572,23.43572,1400
DBC,2025-02-13 06:08:00,23.43572,23.43572,23.43572,23.43572,18000
DBC,2025-02-13 06:09:00,23.43572,23.43572,23.39224,23.39224,22000
DBC,2025-02-13 06:10:00,23.39224,23.39224,23.39224,23.39224,12200
DBC,2025-02-13 06:11:00,23.39224,23.39224,23.39224,23.39224,500
DBC,2025-02-13 06:12:00,23.39224,23.43572,23.39224,23.39224,5600
DBC,2025-02-13 06:13:00,23.39224,23.43572,23.39224,23.39224,21100
DBC,2025-02-13 06:14:00,23.39224,23.39224,23.39224,23.39224,16500
DBC,2025-02-13 06:15:00,23.39224,23.39224,23.34876,23.34876,3600
DBC,2025-02-13 06:16:00,23.34876,23.39224,23.34876,23.39224,1700
DBC,2025-02-13 06:17:00,23.39224,23.39224,23.39224,23.39224,4300
DBC,2025-02-13 06:18:00,23.39224,23.39224,23.39224,23.39224,6600
DBC,2025-02-13 06:19:00,23.39224,23.43572,23.39224,23.39224,1100
DBC,2025-02-13 06:20:00,23.39224,23.43572,23.39224,23.39224,9100
DBC,2025-02-13 06:21:00,23.39224,23.39224,23.39224,23.39224,2600
DBC,2025-02-13 06:22:00,23.39224,23.43572,23.39224,23.43572,34100
DBC,2025-02-13 06:23:00,23.43572,23.43572,23.43572,23.43572,100
DBC,2025-02-13 06:24:00,23.43572,23.43572,23.43572,23.43572,11200
DBC,2025-02-13 06:25:00,23.43572,23.43572,23.43572,23.43572,5200
DBC,2025-02-13 06:26:00,23.43572,23.43572,23.43572,23.43572,200
DBC,2025-02-13 06:27:00,23.43572,23.4792,23.43572,23.4792,300
DBC,2025-02-13 06:28:00,23.4792,23.4792,23.43572,23.4792,10100
DBC,2025-02-13 06:29:00,23.4792,23.4792,23.43572,23.43572,1300
DBC,2025-02-13 06:30:00,23.43572,23.43572,23.43572,23.43572,80300
DBC,2025-02-13 06:31:00,23.43572,23.4792,23.43572,23.4792,62100
DBC,2025-02-13 06:32:00,23.4792,23.4792,23.43572,23.43572,33200
DBC,2025-02-13 06:33:00,23.43572,23.4792,23.39224,23.39224,101100
DBC,2025-02-13 06:34:00,23.39224,23.43572,23.39224,23.39224,61400
DBC,2025-02-13 06:35:00,23.39224,23.39224,23.30528,23.34876,80100
DBC,2025-02-13 06:36:00,23.34876,23.34876,23.30528,23.34876,35100
DBC,2025-02-13 06:37:00,23.34876,23.39224,23.34876,23.39224,6500
DBC,2025-02-13 06:38:00,23.39224,23.39224,23.30528,23.34876,110300
DBC,2025-02-13 06:39:00,23.34876,23.39224,23.34876,23.34876,2100
DBC,2025-02-13 06:40:00,23.34876,23.39224,23.34876,23.34876,45200
DBC,2025-02-13 06:41:00,23.34876,23.34876,23.34876,23.34876,16100
DBC,2025-02-13 06:42:00,23.34876,23.39224,23.34876,23.34876,10700
DBC,2025-02-13 06:43:00,23.34876,23.39224,23.34876,23.39224,2100
DBC,2025-02-13 06:44:00,23.39224,23.39224,23.34876,23.39224,37600
DBC,2025-02-13 06:45:00,23.39224,23.39224,23.34876,23.34876,2900
DBC,2025-02-13 06:46:00,23.34876,23.34876,23.30528,23.30528,17100
DBC,2025-02-13 06:47:00,23.30528,23.39224,23.30528,23.34876,10100
DBC,2025-02-13 06:48:00,23.34876,23.34876,23.30528,23.30528,61900
DBC,2025-02-13 06:49:00,23.30528,23.34876,23.30528,23.30528,6200
DBC,2025-02-13 06:50:00,23.30528,23.30528,23.2618,23.30528,101600
DBC,2025-02-13 06:51:00,23.30528,23.30528,23.30528,23.30528,700
DBC,2025-02-13 06:52:00,23.30528,23.30528,23.30528,23.30528,17200
DBC,2025-02-13 06:53:00,23.30528,23.30528,23.30528,23.30528,23900
DBC,2025-02-13 06:54:00,23.30528,23.30528,23.30528,23.30528,100
DBC,2025-02-13 06:55:00,23.30528,23.34876,23.30528,23.34876,72200
DBC,2025-02-13 06:56:00,23.34876,23.39224,23.34876,23.39224,12600
DBC,2025-02-13 06:57:00,23.39224,23.43572,23.39224,23.39224,3000
DBC,2025-02-13 06:58:00,23.39224,23.39224,23.39224,23.39224,600
DBC,2025-02-13 06:59:00,23.39224,23.43572,23.34876,23.34876,14500
DBC,2025-02-13 07:00:00,23.34876,23.34876,23.34876,23.34876,300
DBC,2025-02-13 07:01:00,23.34876,23.34876,23.34876,23.34876,200
DBC,2025-02-13 07:02:00,23.34876,23.39224,23.34876,23.39224,5300
DBC,2025-02-13 07:03:00,23.39224,23.39224,23.34876,23.34876,11300
DBC,2025-02-13 07:04:00,23.34876,23.34876,23.30528,23.34876,29200
DBC,2025-02-13 07:05:00,23.34876,23.34876,23.30528,23.34876,54300
DBC,2025-02-13 07:06:00,23.34876,23.34876,23.30528,23.30528,500
DBC,2025-02-13 07:07:00,23.30528,23.34876,23.30528,23.34876,19600
DBC,2025-02-13 07:08:00,23.34876,23.34876,23.34876,23.34876,1100
DBC,2025-02-13 07:09:00,23.34876,23.34876,23.34876,23.34876,100
DBC,2025-02-13 07:10:00,23.34876,23.34876,23.34876,23.34876,15700
DBC,2025-02-13 07:11:00,23.34876,23.34876,23.34876,23.34876,7400
DBC,2025-02-13 07:12:00,23.34876,23.34876,23.34876,23.34876,14900
DBC,2025-02-13 07:13:00,23.34876,23.39224,23.34876,23.39224,13200
DBC,2025-02-13 07:14:00,23.39224,23.39224,23.30528,23.34876,5600
DBC,2025-02-13 07:15:00,23.34876,23.34876,23.30528,23.34876,2700
DBC,2025-02-13 07:16:00,23.34876,23.34876,23.30528,23.34876,1000
DBC,2025-02-13 07:17:00,23.34876,23.34876,23.30528,23.34876,1100
DBC,2025-02-13 07:18:00,23.34876,23.34876,23.30528,23.30528,6000
DBC,2025-02-13 07:19:00,23.30528,23.34876,23.30528,23.34876,100
DBC,2025-02-13 07:20:00,23.34876,23.34876,23.30528,23.34876,14000
DBC,2025-02-13 07:21:00,23.34876,23.39224,23.34876,23.39224,24100
DBC,2025-02-13 07:22:00,23.39224,23.39224,23.34876,23.39224,2700
DBC,2025-02-13 07:23:00,23.39224,23.39224,23.39224,23.39224,31600
DBC,2025-02-13 07:24:00,23.39224,23.39224,23.34876,23.39224,11100
DBC,2025-02-13 07:25:00,23.39224,23.43572,23.39224,23.43572,300
DBC,2025-02-13 07:26:00,23.43572,23.43572,23.39224,23.39224,2500
DBC,2025-02-13 07:27:00,23.39224,23.43572,23.39224,23.43572,26300
DBC,2025-02-13 07:28:00,23.43572,23.43572,23.39224,23.43572,10900
DBC,2025-02-13 07:29:00,23.43572,23.43572,23.39224,23.43572,74500
DBC,2025-02-13 07:45:00,23.4792,23.4792,23.4792,23.4792,317600
DBC,2025-02-14 02:15:00,23.65312,23.74008,23.60964,23.74008,145100
DBC,2025-02-14 02:16:00,23.74008,23.74008,23.65312,23.74008,51000
DBC,2025-02-14 02:17:00,23.74008,23.74008,23.6966,23.74008,32300
DBC,2025-02-14 02:18:00,23.74008,23.74008,23.6966,23.6966,41000
DBC,2025-02-14 02:19:00,23.6966,23.74008,23.65312,23.6966,23600
DBC,2025-02-14 02:20:00,23.6966,23.6966,23.65312,23.6966,64800
DBC,2025-02-14 02:21:00,23.6966,23.74008,23.6966,23.6966,44800
DBC,2025-02-14 02:22:00,23.6966,23.6966,23.65312,23.6966,28800
DBC,2025-02-14 02:23:00,23.6966,23.6966,23.6966,23.6966,60500
DBC,2025-02-14 02:24:00,23.6966,23.82704,23.6966,23.78356,222500
DBC,2025-02-14 02:25:00,23.78356,23.82704,23.78356,23.82704,40400
DBC,2025-02-14 02:26:00,23.82704,23.914,23.82704,23.87052,83600
DBC,2025-02-14 02:27:00,23.87052,23.914,23.87052,23.87052,65600
DBC,2025-02-14 02:28:00,23.87052,23.87052,23.82704,23.87052,35200
DBC,2025-02-14 02:29:00,23.87052,23.87052,23.78356,23.87052,109800
DBC,2025-02-14 02:30:00,23.87052,23.87052,23.82704,23.87052,29400
DBC,2025-02-14 02:31:00,23.87052,23.87052,23.82704,23.87052,45100
DBC,2025-02-14 02:32:00,23.87052,23.914,23.87052,23.87052,43400
DBC,2025-02-14 02:33:00,23.87052,23.87052,23.87052,23.87052,30400
DBC,2025-02-14 02:34:00,23.87052,23.87052,23.87052,23.87052,2600
DBC,2025-02-14 02:35:00,23.87052,23.87052,23.82704,23.82704,96600
DBC,2025-02-14 02:36:00,23.82704,23.82704,23.82704,23.82704,9000
DBC,2025-02-14 02:37:00,23.82704,23.82704,23.78356,23.82704,19600
DBC,2025-02-14 02:38:00,23.82704,23.82704,23.78356,23.82704,29600
DBC,2025-02-14 02:39:00,23.82704,23.82704,23.82704,23.82704,12900
DBC,2025-02-14 02:40:00,23.82704,23.82704,23.82704,23.82704,14000
DBC,2025-02-14 02:41:00,23.82704,23.82704,23.78356,23.78356,49000
DBC,2025-02-14 02:42:00,23.78356,23.78356,23.78356,23.78356,11300
DBC,2025-02-14 02:43:00,23.78356,23.78356,23.78356,23.78356,22400
DBC,2025-02-14 02:44:00,23.78356,23.78356,23.78356,23.78356,9500
DBC,2025-02-14 02:45:00,23.78356,23.78356,23.78356,23.78356,6900
DBC,2025-02-14 02:46:00,23.78356,23.78356,23.78356,23.78356,9800
DBC,2025-02-14 02:47:00,23.78356,23.78356,23.78356,23.78356,29300
DBC,2025-02-14 02:48:00,23.78356,23.78356,23.78356,23.78356,11900
DBC,2025-02-14 02:49:00,23.78356,23.78356,23.78356,23.78356,69700
DBC,2025-02-14 02:50:00,23.78356,23.78356,23.78356,23.78356,3300
DBC,2025-02-14 02:51:00,23.78356,23.82704,23.78356,23.82704,48900
DBC,2025-02-14 02:52:00,23.82704,23.82704,23.78356,23.78356,12200
DBC,2025-02-14 02:53:00,23.78356,23.82704,23.78356,23.82704,1400
DBC,2025-02-14 02:54:00,23.82704,23.82704,23.78356,23.78356,10400
DBC,2025-02-14 02:55:00,23.78356,23.78356,23.78356,23.78356,56900
DBC,2025-02-14 02:56:00,23.78356,23.78356,23.78356,23.78356,11200
DBC,2025-02-14 02:57:00,23.78356,23.78356,23.78356,23.78356,4600
DBC,2025-02-14 02:58:00,23.78356,23.78356,23.78356,23.78356,14500
DBC,2025-02-14 02:59:00,23.78356,23.78356,23.78356,23.78356,1000
DBC,2025-02-14 03:00:00,23.78356,23.82704,23.78356,23.82704,3000
DBC,2025-02-14 03:01:00,23.82704,23.82704,23.82704,23.82704,5800
DBC,2025-02-14 03:02:00,23.82704,23.82704,23.82704,23.82704,60200
DBC,2025-02-14 03:03:00,23.82704,23.87052,23.82704,23.87052,61900
DBC,2025-02-14 03:04:00,23.87052,23.914,23.87052,23.914,41400
DBC,2025-02-14 03:05:00,23.914,23.914,23.914,23.914,214100
DBC,2025-02-14 03:06:00,23.914,23.914,23.914,23.914,11800
DBC,2025-02-14 03:07:00,23.914,23.95748,23.914,23.914,10800
DBC,2025-02-14 03:08:00,23.914,23.914,23.87052,23.914,61300
DBC,2025-02-14 03:09:00,23.914,23.914,23.914,23.914,10400
DBC,2025-02-14 03:10:00,23.914,23.914,23.914,23.914,57500
DBC,2025-02-14 03:11:00,23.914,23.914,23.914,23.914,46100
DBC,2025-02-14 03:12:00,23.914,23.914,23.914,23.914,36600
DBC,2025-02-14 03:13:00,23.914,23.914,23.914,23.914,1600
DBC,2025-02-14 03:14:00,23.914,23.95748,23.914,23.95748,71700
DBC,2025-02-14 03:15:00,23.95748,23.95748,23.914,23.914,36700
DBC,2025-02-14 03:16:00,23.914,23.95748,23.914,23.914,43700
DBC,2025-02-14 03:17:00,23.914,23.914,23.914,23.914,19900
DBC,2025-02-14 03:18:00,23.914,24.00096,23.914,24.00096,145900
DBC,2025-02-14 03:19:00,24.00096,24.00096,23.95748,24.00096,19600
DBC,2025-02-14 03:20:00,24.00096,24.00096,23.95748,24.00096,23000
DBC,2025-02-14 03:21:00,24.00096,24.04444,24.00096,24.00096,202100
DBC,2025-02-14 03:22:00,24.00096,24.00096,23.95748,23.95748,18500
DBC,2025-02-14 03:23:00,23.95748,24.00096,23.95748,23.95748,126000
DBC,2025-02-14 03:24:00,23.95748,23.95748,23.914,23.914,63500
DBC,2025-02-14 03:25:00,23.914,23.95748,23.914,23.914,41100
DBC,2025-02-14 03:26:00,23.914,23.914,23.914,23.914,5900
DBC,2025-02-14 03:27:00,23.914,23.914,23.87052,23.87052,43100
DBC,2025-02-14 03:28:00,23.87052,23.87052,23.87052,23.87052,106900
DBC,2025-02-14 03:29:00,23.87052,23.87052,23.82704,23.87052,9500
DBC,2025-02-14 03:30:00,23.87052,23.87052,23.82704,23.87052,46800
DBC,2025-02-14 03:31:00,23.87052,23.87052,23.87052,23.87052,101200
DBC,2025-02-14 03:32:00,23.87052,23.87052,23.87052,23.87052,29000
DBC,2025-02-14 03:33:00,23.87052,23.87052,23.82704,23.82704,1000
DBC,2025-02-14 03:34:00,23.82704,23.82704,23.82704,23.82704,31000
DBC,2025-02-14 03:35:00,23.82704,23.82704,23.82704,23.82704,9300
DBC,2025-02-14 03:36:00,23.82704,23.87052,23.82704,23.87052,21800
DBC,2025-02-14 03:37:00,23.87052,23.87052,23.82704,23.82704,21000
DBC,2025-02-14 03:38:00,23.82704,23.82704,23.82704,23.82704,25700
DBC,2025-02-14 03:39:00,23.82704,23.82704,23.78356,23.82704,16500
DBC,2025-02-14 03:40:00,23.82704,23.82704,23.82704,23.82704,32700
DBC,2025-02-14 03:42:00,23.82704,23.87052,23.82704,23.82704,1400
DBC,2025-02-14 03:43:00,23.82704,23.82704,23.82704,23.82704,16500
DBC,2025-02-14 03:44:00,23.82704,23.87052,23.82704,23.87052,5400
DBC,2025-02-14 03:45:00,23.87052,23.87052,23.82704,23.87052,12700
DBC,2025-02-14 03:46:00,23.87052,23.87052,23.82704,23.82704,7500
DBC,2025-02-14 03:47:00,23.82704,23.87052,23.82704,23.87052,6100
DBC,2025-02-14 03:48:00,23.87052,23.87052,23.87052,23.87052,11500
DBC,2025-02-14 03:49:00,23.87052,23.87052,23.87052,23.87052,5000
DBC,2025-02-14 03:50:00,23.87052,23.87052,23.87052,23.87052,600
DBC,2025-02-14 03:51:00,23.87052,23.87052,23.87052,23.87052,8300
DBC,2025-02-14 03:52:00,23.87052,23.914,23.87052,23.87052,13500
DBC,2025-02-14 03:53:00,23.87052,23.914,23.87052,23.914,500
DBC,2025-02-14 03:54:00,23.914,23.914,23.87052,23.87052,10000
DBC,2025-02-14 03:55:00,23.87052,23.87052,23.87052,23.87052,4200
DBC,2025-02-14 03:56:00,23.87052,23.914,23.87052,23.914,21500
DBC,2025-02-14 03:57:00,23.914,23.914,23.87052,23.914,3600
DBC,2025-02-14 03:58:00,23.914,23.914,23.87052,23.87052,1100
DBC,2025-02-14 04:00:00,23.87052,23.87052,23.87052,23.87052,35100
DBC,2025-02-14 04:01:00,23.87052,23.87052,23.87052,23.87052,300
DBC,2025-02-14 04:02:00,23.87052,23.87052,23.82704,23.87052,15000
DBC,2025-02-14 04:04:00,23.87052,23.87052,23.82704,23.87052,1200
DBC,2025-02-14 04:05:00,23.87052,23.87052,23.82704,23.82704,7400
DBC,2025-02-14 04:06:00,23.82704,23.82704,23.82704,23.82704,1900
DBC,2025-02-14 04:08:00,23.82704,23.82704,23.82704,23.82704,2000
DBC,2025-02-14 04:09:00,23.82704,23.82704,23.82704,23.82704,600
DBC,2025-02-14 04:10:00,23.82704,23.82704,23.82704,23.82704,1800
DBC,2025-02-14 04:11:00,23.82704,23.87052,23.82704,23.87052,3400
DBC,2025-02-14 04:12:00,23.87052,23.87052,23.82704,23.82704,2000
DBC,2025-02-14 04:14:00,23.82704,23.82704,23.82704,23.82704,100
DBC,2025-02-14 04:16:00,23.82704,23.87052,23.82704,23.87052,3700
DBC,2025-02-14 04:17:00,23.87052,23.87052,23.82704,23.82704,8500
DBC,2025-02-14 04:18:00,23.82704,23.87052,23.82704,23.87052,2700
DBC,2025-02-14 04:20:00,23.87052,23.87052,23.87052,23.87052,56000
DBC,2025-02-14 04:21:00,23.87052,23.87052,23.87052,23.87052,13100
DBC,2025-02-14 04:22:00,23.87052,23.87052,23.87052,23.87052,6300
DBC,2025-02-14 04:23:00,23.87052,23.87052,23.87052,23.87052,10700
DBC,2025-02-14 04:24:00,23.87052,23.87052,23.87052,23.87052,1100
DBC,2025-02-14 04:25:00,23.87052,23.87052,23.87052,23.87052,23400
DBC,2025-02-14 04:26:00,23.87052,23.87052,23.82704,23.82704,17900
DBC,2025-02-14 04:27:00,23.82704,23.87052,23.82704,23.87052,3000
DBC,2025-02-14 04:28:00,23.87052,23.87052,23.87052,23.87052,1200
DBC,2025-02-14 04:29:00,23.87052,23.87052,23.87052,23.87052,101500
DBC,2025-02-14 06:00:00,23.87052,23.87052,23.87052,23.87052,151500
DBC,2025-02-14 06:01:00,23.87052,23.87052,23.87052,23.87052,114000
DBC,2025-02-14 06:02:00,23.87052,23.87052,23.87052,23.87052,7000
DBC,2025-02-14 06:03:00,23.87052,23.87052,23.87052,23.87052,121600
DBC,2025-02-14 06:04:00,23.87052,23.914,23.87052,23.914,147900
DBC,2025-02-14 06:05:00,23.914,23.914,23.914,23.914,7400
DBC,2025-02-14 06:06:00,23.914,23.914,23.87052,23.87052,5600
DBC,2025-02-14 06:07:00,23.87052,23.87052,23.87052,23.87052,180200
DBC,2025-02-14 06:08:00,23.87052,23.914,23.87052,23.914,74000
DBC,2025-02-14 06:09:00,23.914,23.914,23.87052,23.914,3200
DBC,2025-02-14 06:10:00,23.914,23.914,23.87052,23.87052,102900
DBC,2025-02-14 06:11:00,23.87052,23.87052,23.87052,23.87052,9200
DBC,2025-02-14 06:12:00,23.87052,23.87052,23.82704,23.82704,2800
DBC,2025-02-14 06:13:00,23.82704,23.87052,23.82704,23.87052,2600
DBC,2025-02-14 06:14:00,23.87052,23.87052,23.82704,23.82704,11600
DBC,2025-02-14 06:15:00,23.82704,23.87052,23.82704,23.82704,20700
DBC,2025-02-14 06:16:00,23.82704,23.82704,23.82704,23.82704,5000
DBC,2025-02-14 06:17:00,23.82704,23.82704,23.82704,23.82704,13400
DBC,2025-02-14 06:18:00,23.82704,23.82704,23.82704,23.82704,74500
DBC,2025-02-14 06:19:00,23.82704,23.82704,23.82704,23.82704,27600
DBC,2025-02-14 06:20:00,23.82704,23.82704,23.82704,23.82704,3100
DBC,2025-02-14 06:21:00,23.82704,23.82704,23.78356,23.82704,38000
DBC,2025-02-14 06:22:00,23.82704,23.82704,23.82704,23.82704,2000
DBC,2025-02-14 06:23:00,23.82704,23.82704,23.78356,23.78356,100
DBC,2025-02-14 06:24:00,23.78356,23.78356,23.78356,23.78356,12100
DBC,2025-02-14 06:25:00,23.78356,23.78356,23.78356,23.78356,98400
DBC,2025-02-14 06:26:00,23.78356,23.78356,23.78356,23.78356,15700
DBC,2025-02-14 06:27:00,23.78356,23.78356,23.78356,23.78356,5300
DBC,2025-02-14 06:28:00,23.78356,23.78356,23.78356,23.78356,33700
DBC,2025-02-14 06:29:00,23.78356,23.78356,23.78356,23.78356,8600
DBC,2025-02-14 06:30:00,23.78356,23.78356,23.74008,23.78356,7900
DBC,2025-02-14 06:31:00,23.78356,23.78356,23.78356,23.78356,2700
DBC,2025-02-14 06:32:00,23.78356,23.78356,23.78356,23.78356,500
DBC,2025-02-14 06:33:00,23.78356,23.78356,23.78356,23.78356,2000
DBC,2025-02-14 06:34:00,23.78356,23.78356,23.74008,23.74008,2100
DBC,2025-02-14 06:35:00,23.74008,23.78356,23.74008,23.74008,4400
DBC,2025-02-14 06:36:00,23.74008,23.78356,23.74008,23.78356,2000
DBC,2025-02-14 06:37:00,23.78356,23.78356,23.74008,23.78356,13700
DBC,2025-02-14 06:38:00,23.78356,23.78356,23.78356,23.78356,75800
DBC,2025-02-14 06:39:00,23.78356,23.78356,23.78356,23.78356,43700
DBC,2025-02-14 06:40:00,23.78356,23.78356,23.74008,23.74008,1000
DBC,2025-02-14 06:41:00,23.74008,23.78356,23.74008,23.78356,8900
DBC,2025-02-14 06:42:00,23.78356,23.78356,23.74008,23.74008,2400
DBC,2025-02-14 06:43:00,23.74008,23.78356,23.74008,23.78356,900
DBC,2025-02-14 06:44:00,23.78356,23.78356,23.78356,23.78356,1100
DBC,2025-02-14 06:45:00,23.78356,23.78356,23.74008,23.78356,23700
DBC,2025-02-14 06:46:00,23.78356,23.78356,23.74008,23.74008,3500
DBC,2025-02-14 06:47:00,23.74008,23.74008,23.74008,23.74008,2400
DBC,2025-02-14 06:48:00,23.74008,23.74008,23.74008,23.74008,2000
DBC,2025-02-14 06:49:00,23.74008,23.78356,23.74008,23.74008,1500
DBC,2025-02-14 06:50:00,23.74008,23.74008,23.74008,23.74008,17300
DBC,2025-02-14 06:51:00,23.74008,23.78356,23.74008,23.78356,14300
DBC,2025-02-14 06:52:00,23.78356,23.78356,23.78356,23.78356,600
DBC,2025-02-14 06:53:00,23.78356,23.78356,23.74008,23.74008,30600
DBC,2025-02-14 06:54:00,23.74008,23.74008,23.74008,23.74008,500
DBC,2025-02-14 06:55:00,23.74008,23.78356,23.74008,23.74008,7400
DBC,2025-02-14 06:56:00,23.74008,23.78356,23.74008,23.74008,32000
DBC,2025-02-14 06:57:00,23.74008,23.78356,23.74008,23.78356,4100
DBC,2025-02-14 06:58:00,23.78356,23.78356,23.74008,23.78356,59300
DBC,2025-02-14 06:59:00,23.78356,23.78356,23.78356,23.78356,28000
DBC,2025-02-14 07:00:00,23.78356,23.82704,23.78356,23.78356,35900
DBC,2025-02-14 07:01:00,23.78356,23.82704,23.78356,23.82704,31500
DBC,2025-02-14 07:02:00,23.82704,23.82704,23.78356,23.82704,29500
DBC,2025-02-14 07:03:00,23.82704,23.82704,23.82704,23.82704,31800
DBC,2025-02-14 07:04:00,23.82704,23.82704,23.82704,23.82704,23400
DBC,2025-02-14 07:05:00,23.82704,23.82704,23.82704,23.82704,15900
DBC,2025-02-14 07:06:00,23.82704,23.82704,23.78356,23.82704,21300
DBC,2025-02-14 07:07:00,23.82704,23.82704,23.82704,23.82704,14500
DBC,2025-02-14 07:08:00,23.82704,23.82704,23.82704,23.82704,43500
DBC,2025-02-14 07:09:00,23.82704,23.82704,23.82704,23.82704,10900
DBC,2025-02-14 07:10:00,23.82704,23.87052,23.82704,23.82704,21900
DBC,2025-02-14 07:11:00,23.82704,23.82704,23.82704,23.82704,1300
DBC,2025-02-14 07:12:00,23.82704,23.87052,23.82704,23.82704,45600
DBC,2025-02-14 07:13:00,23.82704,23.82704,23.82704,23.82704,300
DBC,2025-02-14 07:14:00,23.82704,23.87052,23.82704,23.87052,16200
DBC,2025-02-14 07:15:00,23.87052,23.87052,23.87052,23.87052,10200
DBC,2025-02-14 07:16:00,23.87052,23.87052,23.82704,23.87052,74100
DBC,2025-02-14 07:17:00,23.87052,23.87052,23.82704,23.87052,56100
DBC,2025-02-14 07:18:00,23.87052,23.87052,23.82704,23.82704,127600
DBC,2025-02-14 07:19:00,23.82704,23.87052,23.82704,23.82704,18100
DBC,2025-02-14 07:20:00,23.82704,23.82704,23.82704,23.82704,48100
DBC,2025-02-14 07:21:00,23.82704,23.87052,23.82704,23.82704,33500
DBC,2025-02-14 07:22:00,23.82704,23.87052,23.82704,23.82704,5500
DBC,2025-02-14 07:23:00,23.82704,23.87052,23.82704,23.87052,4500
DBC,2025-02-14 07:24:00,23.87052,23.87052,23.82704,23.82704,5000
DBC,2025-02-14 07:25:00,23.82704,23.87052,23.82704,23.87052,8100
DBC,2025-02-14 07:26:00,23.87052,23.87052,23.82704,23.82704,20000
DBC,2025-02-14 07:27:00,23.82704,23.82704,23.82704,23.82704,24400
DBC,2025-02-14 07:28:00,23.82704,23.87052,23.82704,23.82704,121700
DBC,2025-02-14 07:29:00,23.82704,23.87052,23.82704,23.87052,15700
DBC,2025-02-14 07:45:00,23.87052,23.87052,23.87052,23.87052,323000
DBC,2025-02-17 02:15:00,24.1314,24.17488,24.08792,24.1314,236900
DBC,2025-02-17 02:16:00,24.1314,24.17488,24.1314,24.1314,27600
DBC,2025-02-17 02:17:00,24.1314,24.17488,24.1314,24.17488,68400
DBC,2025-02-17 02:18:00,24.17488,24.21836,24.1314,24.21836,173200
DBC,2025-02-17 02:19:00,24.21836,24.26184,24.21836,24.26184,83700
DBC,2025-02-17 02:20:00,24.26184,24.3488,24.21836,24.30532,214000
DBC,2025-02-17 02:21:00,24.30532,24.39228,24.26184,24.39228,196600
DBC,2025-02-17 02:22:00,24.39228,24.47924,24.3488,24.47924,158500
DBC,2025-02-17 02:23:00,24.47924,24.52272,24.43576,24.47924,185200
DBC,2025-02-17 02:24:00,24.47924,24.47924,24.39228,24.39228,151900
DBC,2025-02-17 02:25:00,24.39228,24.43576,24.30532,24.3488,127400
DBC,2025-02-17 02:26:00,24.3488,24.3488,24.21836,24.26184,125800
DBC,2025-02-17 02:27:00,24.26184,24.30532,24.26184,24.30532,49500
DBC,2025-02-17 02:28:00,24.30532,24.3488,24.30532,24.3488,80100
DBC,2025-02-17 02:29:00,24.3488,24.3488,24.30532,24.3488,54800
DBC,2025-02-17 02:30:00,24.3488,24.3488,24.30532,24.3488,17000
DBC,2025-02-17 02:31:00,24.3488,24.3488,24.26184,24.30532,75400
DBC,2025-02-17 02:32:00,24.30532,24.3488,24.30532,24.30532,73000
DBC,2025-02-17 02:33:00,24.30532,24.30532,24.26184,24.30532,35300
DBC,2025-02-17 02:34:00,24.30532,24.30532,24.26184,24.30532,65000
DBC,2025-02-17 02:35:00,24.30532,24.30532,24.30532,24.30532,37300
DBC,2025-02-17 02:36:00,24.30532,24.3488,24.30532,24.3488,37200
DBC,2025-02-17 02:37:00,24.3488,24.3488,24.3488,24.3488,87500
DBC,2025-02-17 02:38:00,24.3488,24.39228,24.3488,24.39228,19200
DBC,2025-02-17 02:39:00,24.39228,24.39228,24.3488,24.39228,28000
DBC,2025-02-17 02:40:00,24.39228,24.39228,24.3488,24.3488,15500
DBC,2025-02-17 02:41:00,24.3488,24.3488,24.3488,24.3488,72300
DBC,2025-02-17 02:42:00,24.3488,24.3488,24.30532,24.3488,62700
DBC,2025-02-17 02:43:00,24.3488,24.3488,24.30532,24.30532,10500
DBC,2025-02-17 02:44:00,24.30532,24.30532,24.30532,24.30532,12900
DBC,2025-02-17 02:45:00,24.30532,24.3488,24.30532,24.30532,28900
DBC,2025-02-17 02:46:00,24.30532,24.30532,24.30532,24.30532,6200
DBC,2025-02-17 02:47:00,24.30532,24.30532,24.26184,24.26184,31000
DBC,2025-02-17 02:48:00,24.26184,24.30532,24.26184,24.30532,35500
DBC,2025-02-17 02:49:00,24.30532,24.30532,24.26184,24.30532,13600
DBC,2025-02-17 02:50:00,24.30532,24.30532,24.30532,24.30532,24400
DBC,2025-02-17 02:51:00,24.30532,24.30532,24.30532,24.30532,17300
DBC,2025-02-17 02:52:00,24.30532,24.30532,24.30532,24.30532,4200
DBC,2025-02-17 02:53:00,24.30532,24.30532,24.30532,24.30532,7500
DBC,2025-02-17 02:54:00,24.30532,24.30532,24.30532,24.30532,10400
DBC,2025-02-17 02:55:00,24.30532,24.30532,24.30532,24.30532,20300
DBC,2025-02-17 02:56:00,24.30532,24.30532,24.30532,24.30532,14700
DBC,2025-02-17 02:57:00,24.30532,24.3488,24.30532,24.30532,22700
DBC,2025-02-17 02:58:00,24.30532,24.30532,24.30532,24.30532,4400
DBC,2025-02-17 02:59:00,24.30532,24.30532,24.30532,24.30532,11200
DBC,2025-02-17 03:00:00,24.30532,24.30532,24.26184,24.26184,3500
DBC,2025-02-17 03:01:00,24.26184,24.30532,24.26184,24.26184,6500
DBC,2025-02-17 03:02:00,24.26184,24.26184,24.26184,24.26184,224600
DBC,2025-02-17 03:03:00,24.26184,24.26184,24.1314,24.1314,220600
DBC,2025-02-17 03:04:00,24.1314,24.17488,24.1314,24.17488,2200
DBC,2025-02-17 03:05:00,24.17488,24.17488,24.17488,24.17488,18500
DBC,2025-02-17 03:06:00,24.17488,24.17488,24.17488,24.17488,149400
DBC,2025-02-17 03:07:00,24.17488,24.17488,24.1314,24.17488,23400
DBC,2025-02-17 03:08:00,24.17488,24.17488,24.17488,24.17488,8300
DBC,2025-02-17 03:09:00,24.17488,24.17488,24.1314,24.1314,4100
DBC,2025-02-17 03:10:00,24.1314,24.17488,24.1314,24.17488,23100
DBC,2025-02-17 03:11:00,24.17488,24.21836,24.17488,24.21836,104100
DBC,2025-02-17 03:12:00,24.21836,24.21836,24.17488,24.17488,53200
DBC,2025-02-17 03:13:00,24.17488,24.17488,24.1314,24.1314,11800
DBC,2025-02-17 03:14:00,24.1314,24.17488,24.1314,24.17488,36500
DBC,2025-02-17 03:15:00,24.17488,24.17488,24.17488,24.17488,13200
DBC,2025-02-17 03:16:00,24.17488,24.17488,24.17488,24.17488,55700
DBC,2025-02-17 03:17:00,24.17488,24.17488,24.17488,24.17488,1100
DBC,2025-02-17 03:18:00,24.17488,24.17488,24.17488,24.17488,11000
DBC,2025-02-17 03:19:00,24.17488,24.17488,24.1314,24.1314,5300
DBC,2025-02-17 03:20:00,24.1314,24.17488,24.1314,24.1314,14200
DBC,2025-02-17 03:21:00,24.1314,24.17488,24.1314,24.17488,6000
DBC,2025-02-17 03:22:00,24.17488,24.17488,24.17488,24.17488,1400
DBC,2025-02-17 03:23:00,24.17488,24.17488,24.17488,24.17488,500
DBC,2025-02-17 03:24:00,24.17488,24.17488,24.17488,24.17488,4000
DBC,2025-02-17 03:25:00,24.17488,24.17488,24.17488,24.17488,7300
DBC,2025-02-17 03:26:00,24.17488,24.17488,24.1314,24.1314,16900
DBC,2025-02-17 03:27:00,24.1314,24.17488,24.1314,24.17488,3400
DBC,2025-02-17 03:28:00,24.17488,24.17488,24.17488,24.17488,47500
DBC,2025-02-17 03:29:00,24.17488,24.17488,24.17488,24.17488,50100
DBC,2025-02-17 03:30:00,24.17488,24.17488,24.17488,24.17488,8400
DBC,2025-02-17 03:31:00,24.17488,24.17488,24.17488,24.17488,6600
DBC,2025-02-17 03:32:00,24.17488,24.17488,24.17488,24.17488,2900
DBC,2025-02-17 03:33:00,24.17488,24.17488,24.1314,24.17488,19100
DBC,2025-02-17 03:34:00,24.17488,24.17488,24.1314,24.1314,6100
DBC,2025-02-17 03:35:00,24.1314,24.1314,24.1314,24.1314,1000
DBC,2025-02-17 03:36:00,24.1314,24.17488,24.1314,24.17488,28400
DBC,2025-02-17 03:37:00,24.17488,24.17488,24.1314,24.1314,10900
DBC,2025-02-17 03:38:00,24.1314,24.1314,24.08792,24.08792,279400
DBC,2025-02-17 03:39:00,24.08792,24.08792,24.04444,24.08792,7600
DBC,2025-02-17 03:40:00,24.08792,24.08792,24.04444,24.08792,53000
DBC,2025-02-17 03:41:00,24.08792,24.08792,24.08792,24.08792,10500
DBC,2025-02-17 03:42:00,24.08792,24.1314,24.08792,24.1314,2200
DBC,2025-02-17 03:43:00,24.1314,24.1314,24.1314,24.1314,21700
DBC,2025-02-17 03:44:00,24.1314,24.1314,24.1314,24.1314,4100
DBC,2025-02-17 03:45:00,24.1314,24.1314,24.1314,24.1314,12900
DBC,2025-02-17 03:46:00,24.1314,24.1314,24.1314,24.1314,30800
DBC,2025-02-17 03:47:00,24.1314,24.17488,24.1314,24.17488,2500
DBC,2025-02-17 03:48:00,24.17488,24.17488,24.17488,24.17488,1000
DBC,2025-02-17 03:49:00,24.17488,24.17488,24.1314,24.1314,10800
DBC,2025-02-17 03:50:00,24.1314,24.17488,24.1314,24.1314,5600
DBC,2025-02-17 03:51:00,24.1314,24.1314,24.08792,24.08792,26300
DBC,2025-02-17 03:52:00,24.08792,24.1314,24.08792,24.08792,22800
DBC,2025-02-17 03:53:00,24.08792,24.1314,24.08792,24.1314,22100
DBC,2025-02-17 03:54:00,24.1314,24.1314,24.08792,24.08792,44700
DBC,2025-02-17 03:55:00,24.08792,24.1314,24.08792,24.1314,3000
DBC,2025-02-17 03:56:00,24.1314,24.1314,24.1314,24.1314,98000
DBC,2025-02-17 03:57:00,24.1314,24.17488,24.1314,24.17488,7500
DBC,2025-02-17 03:58:00,24.17488,24.17488,24.1314,24.17488,22100
DBC,2025-02-17 03:59:00,24.17488,24.17488,24.17488,24.17488,19000
DBC,2025-02-17 04:00:00,24.17488,24.17488,24.17488,24.17488,33600
DBC,2025-02-17 04:01:00,24.17488,24.17488,24.08792,24.08792,57600
DBC,2025-02-17 04:02:00,24.08792,24.1314,24.08792,24.1314,47300
DBC,2025-02-17 04:03:00,24.1314,24.1314,24.1314,24.1314,14800
DBC,2025-02-17 04:04:00,24.1314,24.17488,24.1314,24.17488,70200
DBC,2025-02-17 04:05:00,24.17488,24.17488,24.17488,24.17488,300
DBC,2025-02-17 04:06:00,24.17488,24.17488,24.1314,24.17488,14900
DBC,2025-02-17 04:07:00,24.17488,24.17488,24.1314,24.1314,5200
DBC,2025-02-17 04:08:00,24.1314,24.1314,24.1314,24.1314,29900
DBC,2025-02-17 04:09:00,24.1314,24.17488,24.1314,24.17488,85000
DBC,2025-02-17 04:10:00,24.17488,24.17488,24.1314,24.1314,6000
DBC,2025-02-17 04:11:00,24.1314,24.1314,24.1314,24.1314,10000
DBC,2025-02-17 04:12:00,24.1314,24.17488,24.1314,24.17488,1600
DBC,2025-02-17 04:13:00,24.17488,24.17488,24.1314,24.1314,52700
DBC,2025-02-17 04:14:00,24.1314,24.17488,24.1314,24.17488,2000
DBC,2025-02-17 04:15:00,24.17488,24.17488,24.17488,24.17488,1900
DBC,2025-02-17 04:16:00,24.17488,24.17488,24.1314,24.1314,94300
DBC,2025-02-17 04:17:00,24.1314,24.1314,24.1314,24.1314,11000
DBC,2025-02-17 04:18:00,24.1314,24.1314,24.1314,24.1314,5200
DBC,2025-02-17 04:19:00,24.1314,24.1314,24.1314,24.1314,10300
DBC,2025-02-17 04:20:00,24.1314,24.1314,24.08792,24.08792,10700
DBC,2025-02-17 04:21:00,24.08792,24.1314,24.08792,24.1314,25000
DBC,2025-02-17 04:22:00,24.1314,24.1314,24.1314,24.1314,80000
DBC,2025-02-17 04:23:00,24.1314,24.1314,24.1314,24.1314,22200
DBC,2025-02-17 04:24:00,24.1314,24.1314,24.1314,24.1314,27300
DBC,2025-02-17 04:25:00,24.1314,24.1314,24.1314,24.1314,6600
DBC,2025-02-17 04:26:00,24.1314,24.1314,24.1314,24.1314,26500
DBC,2025-02-17 04:27:00,24.1314,24.1314,24.1314,24.1314,25500
DBC,2025-02-17 04:28:00,24.1314,24.1314,24.1314,24.1314,18000
DBC,2025-02-17 04:29:00,24.1314,24.1314,24.1314,24.1314,6000
DBC,2025-02-17 06:00:00,24.1314,24.1314,24.1314,24.1314,30700
DBC,2025-02-17 06:02:00,24.1314,24.1314,24.1314,24.1314,17000
DBC,2025-02-17 06:03:00,24.1314,24.1314,24.1314,24.1314,400
DBC,2025-02-17 06:04:00,24.1314,24.17488,24.1314,24.17488,119700
DBC,2025-02-17 06:05:00,24.17488,24.17488,24.17488,24.17488,38300
DBC,2025-02-17 06:06:00,24.17488,24.17488,24.17488,24.17488,1500
DBC,2025-02-17 06:07:00,24.17488,24.17488,24.17488,24.17488,700
DBC,2025-02-17 06:08:00,24.17488,24.17488,24.1314,24.1314,11800
DBC,2025-02-17 06:09:00,24.1314,24.1314,24.1314,24.1314,98000
DBC,2025-02-17 06:10:00,24.1314,24.1314,24.1314,24.1314,2100
DBC,2025-02-17 06:11:00,24.1314,24.1314,24.1314,24.1314,200
DBC,2025-02-17 06:12:00,24.1314,24.1314,24.08792,24.1314,11800
DBC,2025-02-17 06:13:00,24.1314,24.1314,24.1314,24.1314,55300
DBC,2025-02-17 06:14:00,24.1314,24.1314,24.1314,24.1314,800
DBC,2025-02-17 06:15:00,24.1314,24.1314,24.1314,24.1314,9500
DBC,2025-02-17 06:16:00,24.1314,24.1314,24.08792,24.1314,2600
DBC,2025-02-17 06:17:00,24.1314,24.1314,24.1314,24.1314,8400
DBC,2025-02-17 06:18:00,24.1314,24.1314,24.08792,24.1314,26000
DBC,2025-02-17 06:19:00,24.1314,24.1314,24.1314,24.1314,7600
DBC,2025-02-17 06:20:00,24.1314,24.1314,24.1314,24.1314,51500
DBC,2025-02-17 06:21:00,24.1314,24.1314,24.1314,24.1314,9000
DBC,2025-02-17 06:22:00,24.1314,24.1314,24.1314,24.1314,800
DBC,2025-02-17 06:23:00,24.1314,24.1314,24.1314,24.1314,1500
DBC,2025-02-17 06:24:00,24.1314,24.1314,24.08792,24.08792,22300
DBC,2025-02-17 06:25:00,24.08792,24.1314,24.08792,24.1314,2300
DBC,2025-02-17 06:26:00,24.1314,24.1314,24.1314,24.1314,25300
DBC,2025-02-17 06:27:00,24.1314,24.1314,24.08792,24.1314,7000
DBC,2025-02-17 06:28:00,24.1314,24.1314,24.1314,24.1314,100
DBC,2025-02-17 06:30:00,24.1314,24.1314,24.1314,24.1314,3100
DBC,2025-02-17 06:31:00,24.1314,24.1314,24.08792,24.08792,10500
DBC,2025-02-17 06:32:00,24.08792,24.1314,24.08792,24.1314,10300
DBC,2025-02-17 06:33:00,24.1314,24.1314,24.08792,24.1314,5400
DBC,2025-02-17 06:34:00,24.1314,24.1314,24.08792,24.1314,1800
DBC,2025-02-17 06:35:00,24.1314,24.1314,24.1314,24.1314,13600
DBC,2025-02-17 06:36:00,24.1314,24.1314,24.1314,24.1314,6900
DBC,2025-02-17 06:37:00,24.1314,24.1314,24.1314,24.1314,2800
DBC,2025-02-17 06:38:00,24.1314,24.1314,24.08792,24.1314,28600
DBC,2025-02-17 06:39:00,24.1314,24.1314,24.08792,24.08792,7100
DBC,2025-02-17 06:40:00,24.08792,24.1314,24.08792,24.1314,7700
DBC,2025-02-17 06:41:00,24.1314,24.1314,24.08792,24.08792,47300
DBC,2025-02-17 06:42:00,24.08792,24.08792,24.08792,24.08792,14000
DBC,2025-02-17 06:43:00,24.08792,24.1314,24.08792,24.1314,39000
DBC,2025-02-17 06:44:00,24.1314,24.1314,24.08792,24.08792,15600
DBC,2025-02-17 06:45:00,24.08792,24.1314,24.08792,24.08792,9500
DBC,2025-02-17 06:46:00,24.08792,24.1314,24.08792,24.1314,57700
DBC,2025-02-17 06:47:00,24.1314,24.1314,24.08792,24.1314,78200
DBC,2025-02-17 06:48:00,24.1314,24.1314,24.08792,24.08792,10200
DBC,2025-02-17 06:49:00,24.08792,24.1314,24.08792,24.08792,20600
DBC,2025-02-17 06:51:00,24.08792,24.08792,24.08792,24.08792,7100
DBC,2025-02-17 06:52:00,24.08792,24.08792,24.04444,24.04444,125700
DBC,2025-02-17 06:53:00,24.04444,24.08792,24.04444,24.08792,13900
DBC,2025-02-17 06:54:00,24.08792,24.08792,24.08792,24.08792,16700
DBC,2025-02-17 06:55:00,24.08792,24.08792,24.04444,24.08792,13300
DBC,2025-02-17 06:56:00,24.08792,24.08792,24.04444,24.08792,47500
DBC,2025-02-17 06:57:00,24.08792,24.08792,24.08792,24.08792,6400
DBC,2025-02-17 06:58:00,24.08792,24.08792,24.08792,24.08792,12500
DBC,2025-02-17 06:59:00,24.08792,24.08792,24.04444,24.08792,2100
DBC,2025-02-17 07:00:00,24.08792,24.08792,24.04444,24.04444,6000
DBC,2025-02-17 07:01:00,24.04444,24.08792,24.04444,24.08792,30200
DBC,2025-02-17 07:02:00,24.08792,24.08792,24.04444,24.04444,68900
DBC,2025-02-17 07:03:00,24.04444,24.04444,24.04444,24.04444,11300
DBC,2025-02-17 07:04:00,24.04444,24.04444,24.04444,24.04444,300
DBC,2025-02-17 07:05:00,24.04444,24.08792,24.04444,24.04444,60600
DBC,2025-02-17 07:06:00,24.04444,24.04444,24.00096,24.04444,5600
DBC,2025-02-17 07:07:00,24.04444,24.04444,24.00096,24.04444,8500
DBC,2025-02-17 07:08:00,24.04444,24.04444,24.00096,24.00096,18600
DBC,2025-02-17 07:09:00,24.00096,24.04444,24.00096,24.04444,13200
DBC,2025-02-17 07:10:00,24.04444,24.04444,24.00096,24.00096,136400
DBC,2025-02-17 07:11:00,24.00096,24.04444,24.00096,24.04444,11100
DBC,2025-02-17 07:12:00,24.04444,24.04444,24.00096,24.00096,25100
DBC,2025-02-17 07:13:00,24.00096,24.04444,24.00096,24.04444,28300
DBC,2025-02-17 07:14:00,24.04444,24.04444,24.00096,24.00096,9500
DBC,2025-02-17 07:15:00,24.00096,24.04444,24.00096,24.00096,1400
DBC,2025-02-17 07:16:00,24.00096,24.04444,24.00096,24.00096,27700
DBC,2025-02-17 07:17:00,24.00096,24.04444,24.00096,24.00096,8800
DBC,2025-02-17 07:18:00,24.00096,24.04444,24.00096,24.00096,11500
DBC,2025-02-17 07:19:00,24.00096,24.00096,23.914,23.914,219200
DBC,2025-02-17 07:20:00,23.914,23.95748,23.87052,23.87052,137600
DBC,2025-02-17 07:21:00,23.87052,23.914,23.87052,23.87052,35000
DBC,2025-02-17 07:22:00,23.87052,23.914,23.87052,23.87052,118500
DBC,2025-02-17 07:23:00,23.87052,23.914,23.82704,23.87052,54600
DBC,2025-02-17 07:24:00,23.87052,23.87052,23.87052,23.87052,31400
DBC,2025-02-17 07:25:00,23.87052,23.87052,23.82704,23.87052,91100
DBC,2025-02-17 07:26:00,23.87052,23.87052,23.82704,23.87052,40000
DBC,2025-02-17 07:27:00,23.87052,23.87052,23.87052,23.87052,53100
DBC,2025-02-17 07:28:00,23.87052,23.87052,23.87052,23.87052,37900
DBC,2025-02-17 07:29:00,23.87052,23.87052,23.78356,23.78356,76000
DBC,2025-02-17 07:45:00,23.78356,23.78356,23.78356,23.78356,649100
DBC,2025-02-18 02:15:00,23.74008,23.78356,23.74008,23.78356,30600
DBC,2025-02-18 02:16:00,23.78356,23.914,23.78356,23.914,4100
DBC,2025-02-18 02:17:00,23.914,23.914,23.82704,23.87052,15300
DBC,2025-02-18 02:18:00,23.87052,23.87052,23.82704,23.82704,13600
DBC,2025-02-18 02:19:00,23.82704,23.87052,23.82704,23.87052,12200
DBC,2025-02-18 02:20:00,23.87052,23.87052,23.82704,23.82704,2500
DBC,2025-02-18 02:21:00,23.82704,23.87052,23.82704,23.87052,5100
DBC,2025-02-18 02:22:00,23.87052,23.914,23.87052,23.87052,7700
DBC,2025-02-18 02:23:00,23.87052,23.87052,23.87052,23.87052,6600
DBC,2025-02-18 02:24:00,23.87052,23.87052,23.87052,23.87052,10500
DBC,2025-02-18 02:25:00,23.87052,23.87052,23.82704,23.87052,3400
DBC,2025-02-18 02:26:00,23.87052,23.87052,23.87052,23.87052,26000
DBC,2025-02-18 02:27:00,23.87052,23.87052,23.82704,23.87052,35000
DBC,2025-02-18 02:28:00,23.87052,23.87052,23.87052,23.87052,9800
DBC,2025-02-18 02:29:00,23.87052,23.87052,23.87052,23.87052,4200
DBC,2025-02-18 02:30:00,23.87052,23.87052,23.87052,23.87052,42900
DBC,2025-02-18 02:31:00,23.87052,23.87052,23.87052,23.87052,7800
DBC,2025-02-18 02:32:00,23.87052,23.87052,23.87052,23.87052,20600
DBC,2025-02-18 02:33:00,23.87052,23.95748,23.87052,23.914,39600
DBC,2025-02-18 02:34:00,23.914,23.95748,23.914,23.95748,14300
DBC,2025-02-18 02:35:00,23.95748,24.00096,23.95748,24.00096,72000
DBC,2025-02-18 02:36:00,24.00096,24.00096,23.95748,23.95748,8100
DBC,2025-02-18 02:37:00,23.95748,24.00096,23.95748,24.00096,32700
DBC,2025-02-18 02:38:00,24.00096,24.00096,24.00096,24.00096,900
DBC,2025-02-18 02:39:00,24.00096,24.00096,23.95748,23.95748,5100
DBC,2025-02-18 02:41:00,23.95748,24.00096,23.95748,23.95748,14700
DBC,2025-02-18 02:42:00,23.95748,23.95748,23.95748,23.95748,17600
DBC,2025-02-18 02:43:00,23.95748,23.95748,23.95748,23.95748,3100
DBC,2025-02-18 02:44:00,23.95748,24.00096,23.95748,24.00096,8100
DBC,2025-02-18 02:46:00,24.00096,24.00096,23.95748,23.95748,12600
DBC,2025-02-18 02:47:00,23.95748,23.95748,23.95748,23.95748,300
DBC,2025-02-18 02:48:00,23.95748,24.00096,23.95748,23.95748,3100
DBC,2025-02-18 02:49:00,23.95748,24.00096,23.95748,24.00096,13300
DBC,2025-02-18 02:50:00,24.00096,24.00096,24.00096,24.00096,30600
DBC,2025-02-18 02:51:00,24.00096,24.00096,24.00096,24.00096,5500
DBC,2025-02-18 02:52:00,24.00096,24.00096,24.00096,24.00096,9700
DBC,2025-02-18 02:53:00,24.00096,24.04444,24.00096,24.04444,4000
DBC,2025-02-18 02:54:00,24.04444,24.04444,24.00096,24.00096,3700
DBC,2025-02-18 02:55:00,24.00096,24.00096,24.00096,24.00096,5700
DBC,2025-02-18 02:56:00,24.00096,24.00096,24.00096,24.00096,42800
DBC,2025-02-18 02:57:00,24.00096,24.00096,23.95748,23.95748,3000
DBC,2025-02-18 02:58:00,23.95748,24.00096,23.95748,24.00096,32400
DBC,2025-02-18 02:59:00,24.00096,24.00096,23.95748,23.95748,9100
DBC,2025-02-18 03:00:00,23.95748,23.95748,23.95748,23.95748,2500
DBC,2025-02-18 03:01:00,23.95748,23.95748,23.95748,23.95748,2800
DBC,2025-02-18 03:02:00,23.95748,23.95748,23.95748,23.95748,17200
DBC,2025-02-18 03:03:00,23.95748,23.95748,23.95748,23.95748,25400
DBC,2025-02-18 03:04:00,23.95748,23.95748,23.95748,23.95748,4100
DBC,2025-02-18 03:05:00,23.95748,23.95748,23.914,23.95748,5300
DBC,2025-02-18 03:06:00,23.95748,23.95748,23.95748,23.95748,4400
DBC,2025-02-18 03:07:00,23.95748,23.95748,23.95748,23.95748,200
DBC,2025-02-18 03:08:00,23.95748,23.95748,23.95748,23.95748,5100
DBC,2025-02-18 03:09:00,23.95748,23.95748,23.95748,23.95748,700
DBC,2025-02-18 03:10:00,23.95748,23.95748,23.95748,23.95748,700
DBC,2025-02-18 03:11:00,23.95748,23.95748,23.95748,23.95748,200
DBC,2025-02-18 03:12:00,23.95748,23.95748,23.95748,23.95748,700
DBC,2025-02-18 03:13:00,23.95748,23.95748,23.95748,23.95748,1000
DBC,2025-02-18 03:14:00,23.95748,23.95748,23.95748,23.95748,2300
DBC,2025-02-18 03:15:00,23.95748,23.95748,23.914,23.914,5900
DBC,2025-02-18 03:16:00,23.914,23.95748,23.914,23.95748,5200
DBC,2025-02-18 03:17:00,23.95748,23.95748,23.914,23.914,59000
DBC,2025-02-18 03:18:00,23.914,23.95748,23.914,23.914,7600
DBC,2025-02-18 03:19:00,23.914,23.914,23.914,23.914,5200
DBC,2025-02-18 03:20:00,23.914,23.914,23.87052,23.87052,5900
DBC,2025-02-18 03:21:00,23.87052,23.914,23.87052,23.914,6300
DBC,2025-02-18 03:22:00,23.914,23.914,23.914,23.914,6000
DBC,2025-02-18 03:23:00,23.914,23.914,23.914,23.914,4500
DBC,2025-02-18 03:24:00,23.914,23.914,23.914,23.914,300
DBC,2025-02-18 03:25:00,23.914,23.914,23.914,23.914,900
DBC,2025-02-18 03:26:00,23.914,23.914,23.87052,23.87052,10100
DBC,2025-02-18 03:27:00,23.87052,23.914,23.87052,23.914,6000
DBC,2025-02-18 03:28:00,23.914,23.914,23.914,23.914,53600
DBC,2025-02-18 03:29:00,23.914,23.914,23.914,23.914,4700
DBC,2025-02-18 03:30:00,23.914,23.914,23.87052,23.87052,50100
DBC,2025-02-18 03:31:00,23.87052,23.95748,23.82704,23.95748,50700
DBC,2025-02-18 03:32:00,23.95748,23.95748,23.95748,23.95748,10000
DBC,2025-02-18 03:33:00,23.95748,23.95748,23.914,23.914,2600
DBC,2025-02-18 03:34:00,23.914,23.914,23.87052,23.914,15200
DBC,2025-02-18 03:35:00,23.914,23.914,23.87052,23.87052,6000
DBC,2025-02-18 03:36:00,23.87052,23.87052,23.87052,23.87052,10100
DBC,2025-02-18 03:37:00,23.87052,23.87052,23.82704,23.87052,63600
DBC,2025-02-18 03:38:00,23.87052,23.87052,23.87052,23.87052,6800
DBC,2025-02-18 03:39:00,23.87052,23.87052,23.82704,23.87052,7500
DBC,2025-02-18 03:40:00,23.87052,23.87052,23.87052,23.87052,4600
DBC,2025-02-18 03:41:00,23.87052,23.87052,23.82704,23.82704,41800
DBC,2025-02-18 03:42:00,23.82704,23.82704,23.82704,23.82704,2000
DBC,2025-02-18 03:43:00,23.82704,23.82704,23.82704,23.82704,8800
DBC,2025-02-18 03:44:00,23.82704,23.82704,23.82704,23.82704,5300
DBC,2025-02-18 03:45:00,23.82704,23.87052,23.82704,23.87052,50900
DBC,2025-02-18 03:46:00,23.87052,23.87052,23.82704,23.82704,10400
DBC,2025-02-18 03:47:00,23.82704,23.82704,23.82704,23.82704,4500
DBC,2025-02-18 03:48:00,23.82704,23.82704,23.78356,23.78356,5200
DBC,2025-02-18 03:49:00,23.78356,23.78356,23.78356,23.78356,300
DBC,2025-02-18 03:50:00,23.78356,23.82704,23.78356,23.82704,600
DBC,2025-02-18 03:51:00,23.82704,23.82704,23.78356,23.82704,2000
DBC,2025-02-18 03:52:00,23.82704,23.82704,23.82704,23.82704,400
DBC,2025-02-18 03:53:00,23.82704,23.82704,23.82704,23.82704,300
DBC,2025-02-18 03:54:00,23.82704,23.82704,23.82704,23.82704,100
DBC,2025-02-18 03:55:00,23.82704,23.82704,23.82704,23.82704,11000
DBC,2025-02-18 03:56:00,23.82704,23.87052,23.82704,23.87052,43100
DBC,2025-02-18 03:57:00,23.87052,23.87052,23.87052,23.87052,1000
DBC,2025-02-18 03:58:00,23.87052,23.87052,23.87052,23.87052,200
DBC,2025-02-18 03:59:00,23.87052,23.87052,23.87052,23.87052,200
DBC,2025-02-18 04:00:00,23.87052,23.87052,23.82704,23.82704,1000
DBC,2025-02-18 04:03:00,23.82704,23.82704,23.82704,23.82704,3000
DBC,2025-02-18 04:04:00,23.82704,23.82704,23.82704,23.82704,10000
DBC,2025-02-18 04:05:00,23.82704,23.82704,23.82704,23.82704,68600
DBC,2025-02-18 04:06:00,23.82704,23.82704,23.82704,23.82704,3000
DBC,2025-02-18 04:07:00,23.82704,23.82704,23.82704,23.82704,1100
DBC,2025-02-18 04:10:00,23.82704,23.82704,23.82704,23.82704,900
DBC,2025-02-18 04:11:00,23.82704,23.82704,23.82704,23.82704,4300
DBC,2025-02-18 04:12:00,23.82704,23.82704,23.82704,23.82704,18100
DBC,2025-02-18 04:13:00,23.82704,23.82704,23.82704,23.82704,16900
DBC,2025-02-18 04:14:00,23.82704,23.82704,23.82704,23.82704,1100
DBC,2025-02-18 04:15:00,23.82704,23.82704,23.82704,23.82704,1400
DBC,2025-02-18 04:16:00,23.82704,23.82704,23.78356,23.78356,5700
DBC,2025-02-18 04:17:00,23.78356,23.82704,23.78356,23.82704,30200
DBC,2025-02-18 04:18:00,23.82704,23.82704,23.82704,23.82704,9500
DBC,2025-02-18 04:19:00,23.82704,23.82704,23.82704,23.82704,12500
DBC,2025-02-18 04:21:00,23.82704,23.82704,23.78356,23.78356,200
DBC,2025-02-18 04:22:00,23.78356,23.82704,23.78356,23.82704,56300
DBC,2025-02-18 04:23:00,23.82704,23.82704,23.82704,23.82704,17300
DBC,2025-02-18 04:24:00,23.82704,23.82704,23.82704,23.82704,2700
DBC,2025-02-18 04:25:00,23.82704,23.82704,23.82704,23.82704,6000
DBC,2025-02-18 04:27:00,23.82704,23.82704,23.82704,23.82704,17700
DBC,2025-02-18 04:28:00,23.82704,23.82704,23.82704,23.82704,1600
DBC,2025-02-18 04:29:00,23.82704,23.82704,23.82704,23.82704,9000
DBC,2025-02-18 06:00:00,23.82704,23.82704,23.78356,23.78356,51700
DBC,2025-02-18 06:01:00,23.78356,23.82704,23.78356,23.78356,4200
DBC,2025-02-18 06:02:00,23.78356,23.82704,23.74008,23.78356,213700
DBC,2025-02-18 06:03:00,23.78356,23.78356,23.78356,23.78356,3400
DBC,2025-02-18 06:04:00,23.78356,23.78356,23.74008,23.74008,1000
DBC,2025-02-18 06:05:00,23.74008,23.78356,23.74008,23.78356,11900
DBC,2025-02-18 06:06:00,23.78356,23.78356,23.78356,23.78356,5800
DBC,2025-02-18 06:07:00,23.78356,23.78356,23.74008,23.78356,17900
DBC,2025-02-18 06:08:00,23.78356,23.82704,23.78356,23.82704,1000
DBC,2025-02-18 06:10:00,23.82704,23.82704,23.78356,23.78356,100
DBC,2025-02-18 06:11:00,23.78356,23.78356,23.78356,23.78356,13200
DBC,2025-02-18 06:12:00,23.78356,23.82704,23.78356,23.78356,1500
DBC,2025-02-18 06:13:00,23.78356,23.78356,23.74008,23.74008,1500
DBC,2025-02-18 06:14:00,23.74008,23.74008,23.74008,23.74008,17500
DBC,2025-02-18 06:15:00,23.74008,23.78356,23.74008,23.74008,1800
DBC,2025-02-18 06:16:00,23.74008,23.74008,23.74008,23.74008,1900
DBC,2025-02-18 06:17:00,23.74008,23.78356,23.74008,23.78356,3100
DBC,2025-02-18 06:18:00,23.78356,23.78356,23.78356,23.78356,100
DBC,2025-02-18 06:19:00,23.78356,23.78356,23.74008,23.78356,3700
DBC,2025-02-18 06:20:00,23.78356,23.78356,23.74008,23.74008,16500
DBC,2025-02-18 06:21:00,23.74008,23.74008,23.74008,23.74008,66300
DBC,2025-02-18 06:22:00,23.74008,23.74008,23.6966,23.74008,22400
DBC,2025-02-18 06:23:00,23.74008,23.78356,23.74008,23.78356,15000
DBC,2025-02-18 06:24:00,23.78356,23.78356,23.78356,23.78356,1000
DBC,2025-02-18 06:26:00,23.78356,23.78356,23.74008,23.74008,51100
DBC,2025-02-18 06:27:00,23.74008,23.74008,23.74008,23.74008,7800
DBC,2025-02-18 06:28:00,23.74008,23.74008,23.74008,23.74008,3000
DBC,2025-02-18 06:29:00,23.74008,23.78356,23.74008,23.74008,106000
DBC,2025-02-18 06:30:00,23.74008,23.78356,23.74008,23.78356,7600
DBC,2025-02-18 06:31:00,23.78356,23.78356,23.74008,23.78356,66300
DBC,2025-02-18 06:32:00,23.78356,23.78356,23.74008,23.78356,14300
DBC,2025-02-18 06:33:00,23.78356,23.82704,23.74008,23.74008,10800
DBC,2025-02-18 06:34:00,23.74008,23.78356,23.74008,23.78356,1000
DBC,2025-02-18 06:35:00,23.78356,23.78356,23.74008,23.78356,5200
DBC,2025-02-18 06:36:00,23.78356,23.78356,23.78356,23.78356,10000
DBC,2025-02-18 06:37:00,23.78356,23.78356,23.78356,23.78356,11600
DBC,2025-02-18 06:38:00,23.78356,23.78356,23.74008,23.74008,74000
DBC,2025-02-18 06:39:00,23.74008,23.74008,23.74008,23.74008,5200
DBC,2025-02-18 06:40:00,23.74008,23.74008,23.74008,23.74008,28500
DBC,2025-02-18 06:41:00,23.74008,23.74008,23.6966,23.6966,4400
DBC,2025-02-18 06:42:00,23.6966,23.74008,23.6966,23.74008,83600
DBC,2025-02-18 06:43:00,23.74008,23.74008,23.6966,23.6966,24600
DBC,2025-02-18 06:44:00,23.6966,23.6966,23.6966,23.6966,12000
DBC,2025-02-18 06:45:00,23.6966,23.6966,23.6966,23.6966,5900
DBC,2025-02-18 06:46:00,23.6966,23.6966,23.6966,23.6966,107400
DBC,2025-02-18 06:47:00,23.6966,23.6966,23.65312,23.6966,46300
DBC,2025-02-18 06:48:00,23.6966,23.6966,23.65312,23.65312,32500
DBC,2025-02-18 06:49:00,23.65312,23.6966,23.65312,23.6966,54000
DBC,2025-02-18 06:50:00,23.6966,23.6966,23.65312,23.65312,5500
DBC,2025-02-18 06:51:00,23.65312,23.6966,23.65312,23.65312,19100
DBC,2025-02-18 06:52:00,23.65312,23.6966,23.65312,23.65312,10000
DBC,2025-02-18 06:53:00,23.65312,23.74008,23.65312,23.6966,36500
DBC,2025-02-18 06:54:00,23.6966,23.74008,23.6966,23.74008,2000
DBC,2025-02-18 06:56:00,23.74008,23.74008,23.6966,23.6966,6100
DBC,2025-02-18 06:57:00,23.6966,23.6966,23.6966,23.6966,35800
DBC,2025-02-18 06:58:00,23.6966,23.6966,23.65312,23.65312,7500
DBC,2025-02-18 06:59:00,23.65312,23.6966,23.65312,23.65312,5900
DBC,2025-02-18 07:00:00,23.65312,23.65312,23.65312,23.65312,14600
DBC,2025-02-18 07:01:00,23.65312,23.6966,23.65312,23.65312,2100
DBC,2025-02-18 07:02:00,23.65312,23.6966,23.65312,23.65312,11300
DBC,2025-02-18 07:03:00,23.65312,23.65312,23.65312,23.65312,29000
DBC,2025-02-18 07:04:00,23.65312,23.6966,23.65312,23.65312,43500
DBC,2025-02-18 07:05:00,23.65312,23.65312,23.65312,23.65312,16900
DBC,2025-02-18 07:06:00,23.65312,23.65312,23.65312,23.65312,48500
DBC,2025-02-18 07:07:00,23.65312,23.65312,23.65312,23.65312,47500
DBC,2025-02-18 07:08:00,23.65312,23.65312,23.65312,23.65312,6300
DBC,2025-02-18 07:09:00,23.65312,23.65312,23.65312,23.65312,4200
DBC,2025-02-18 07:10:00,23.65312,23.65312,23.60964,23.60964,18700
DBC,2025-02-18 07:12:00,23.60964,23.65312,23.60964,23.65312,28800
DBC,2025-02-18 07:13:00,23.65312,23.65312,23.65312,23.65312,3800
DBC,2025-02-18 07:14:00,23.65312,23.65312,23.65312,23.65312,39300
DBC,2025-02-18 07:15:00,23.65312,23.6966,23.65312,23.6966,23900
DBC,2025-02-18 07:16:00,23.6966,23.6966,23.65312,23.6966,4600
DBC,2025-02-18 07:17:00,23.6966,23.6966,23.6966,23.6966,7900
DBC,2025-02-18 07:18:00,23.6966,23.6966,23.6966,23.6966,12500
DBC,2025-02-18 07:19:00,23.6966,23.6966,23.6966,23.6966,15900
DBC,2025-02-18 07:20:00,23.6966,23.6966,23.6966,23.6966,3200
DBC,2025-02-18 07:21:00,23.6966,23.6966,23.6966,23.6966,21100
DBC,2025-02-18 07:22:00,23.6966,23.6966,23.6966,23.6966,24700
DBC,2025-02-18 07:23:00,23.6966,23.6966,23.65312,23.6966,4300
DBC,2025-02-18 07:24:00,23.6966,23.6966,23.6966,23.6966,11400
DBC,2025-02-18 07:25:00,23.6966,23.6966,23.65312,23.6966,9900
DBC,2025-02-18 07:26:00,23.6966,23.6966,23.65312,23.6966,11800
DBC,2025-02-18 07:27:00,23.6966,23.6966,23.6966,23.6966,21200
DBC,2025-02-18 07:28:00,23.6966,23.6966,23.6966,23.6966,35900
DBC,2025-02-18 07:29:00,23.6966,23.74008,23.6966,23.74008,20300
DBC,2025-02-18 07:45:00,23.65312,23.65312,23.65312,23.65312,200000
DBC,2025-02-19 02:15:00,23.914,23.914,23.82704,23.914,68300
DBC,2025-02-19 02:16:00,23.914,24.00096,23.914,24.00096,128200
DBC,2025-02-19 02:17:00,24.00096,24.04444,23.95748,24.00096,60500
DBC,2025-02-19 02:18:00,24.00096,24.04444,24.00096,24.04444,10200
DBC,2025-02-19 02:19:00,24.04444,24.04444,24.00096,24.00096,13100
DBC,2025-02-19 02:20:00,24.00096,24.00096,24.00096,24.00096,45500
DBC,2025-02-19 02:21:00,24.00096,24.00096,23.95748,23.95748,9100
DBC,2025-02-19 02:22:00,23.95748,23.95748,23.95748,23.95748,45800
DBC,2025-02-19 02:23:00,23.95748,24.08792,23.95748,24.08792,92500
DBC,2025-02-19 02:24:00,24.08792,24.17488,24.08792,24.1314,83600
DBC,2025-02-19 02:25:00,24.1314,24.26184,24.1314,24.17488,109300
DBC,2025-02-19 02:26:00,24.17488,24.21836,24.17488,24.21836,20700
DBC,2025-02-19 02:27:00,24.21836,24.21836,24.17488,24.21836,43500
DBC,2025-02-19 02:28:00,24.21836,24.21836,24.21836,24.21836,37900
DBC,2025-02-19 02:29:00,24.21836,24.21836,24.17488,24.17488,111400
DBC,2025-02-19 02:30:00,24.17488,24.21836,24.17488,24.17488,73700
DBC,2025-02-19 02:31:00,24.17488,24.21836,24.1314,24.1314,15000
DBC,2025-02-19 02:32:00,24.1314,24.21836,24.1314,24.17488,130700
DBC,2025-02-19 02:33:00,24.17488,24.17488,24.1314,24.1314,21600
DBC,2025-02-19 02:34:00,24.1314,24.1314,24.00096,24.1314,47100
DBC,2025-02-19 02:35:00,24.1314,24.1314,24.1314,24.1314,45800
DBC,2025-02-19 02:36:00,24.1314,24.1314,24.08792,24.1314,45200
DBC,2025-02-19 02:37:00,24.1314,24.1314,24.08792,24.08792,13100
DBC,2025-02-19 02:38:00,24.08792,24.08792,24.04444,24.04444,8100
DBC,2025-02-19 02:39:00,24.04444,24.04444,24.04444,24.04444,10000
DBC,2025-02-19 02:40:00,24.04444,24.04444,24.04444,24.04444,700
DBC,2025-02-19 02:41:00,24.04444,24.08792,24.04444,24.08792,2600
DBC,2025-02-19 02:42:00,24.08792,24.08792,24.04444,24.04444,7000
DBC,2025-02-19 02:43:00,24.04444,24.08792,24.04444,24.08792,1200
DBC,2025-02-19 02:44:00,24.08792,24.08792,24.04444,24.04444,8900
DBC,2025-02-19 02:45:00,24.04444,24.08792,24.04444,24.08792,44200
DBC,2025-02-19 02:46:00,24.08792,24.1314,24.08792,24.08792,42700
DBC,2025-02-19 02:47:00,24.08792,24.08792,24.04444,24.08792,20700
DBC,2025-02-19 02:48:00,24.08792,24.08792,24.08792,24.08792,32600
DBC,2025-02-19 02:49:00,24.08792,24.1314,24.08792,24.08792,14200
DBC,2025-02-19 02:50:00,24.08792,24.1314,24.08792,24.08792,14500
DBC,2025-02-19 02:51:00,24.08792,24.1314,24.08792,24.08792,12600
DBC,2025-02-19 02:52:00,24.08792,24.1314,24.08792,24.08792,5100
DBC,2025-02-19 02:53:00,24.08792,24.1314,24.08792,24.1314,13500
DBC,2025-02-19 02:54:00,24.1314,24.1314,24.1314,24.1314,5000
DBC,2025-02-19 02:55:00,24.1314,24.1314,24.08792,24.1314,400
DBC,2025-02-19 02:56:00,24.1314,24.1314,24.08792,24.08792,9300
DBC,2025-02-19 02:57:00,24.08792,24.08792,24.04444,24.08792,46400
DBC,2025-02-19 02:58:00,24.08792,24.08792,24.08792,24.08792,37800
DBC,2025-02-19 02:59:00,24.08792,24.1314,24.08792,24.1314,4400
DBC,2025-02-19 03:00:00,24.1314,24.1314,24.08792,24.08792,2000
DBC,2025-02-19 03:01:00,24.08792,24.08792,24.08792,24.08792,500
DBC,2025-02-19 03:02:00,24.08792,24.08792,24.04444,24.04444,26600
DBC,2025-02-19 03:03:00,24.04444,24.1314,24.04444,24.08792,15500
DBC,2025-02-19 03:04:00,24.08792,24.1314,24.08792,24.1314,12600
DBC,2025-02-19 03:05:00,24.1314,24.1314,24.08792,24.1314,77900
DBC,2025-02-19 03:06:00,24.1314,24.1314,24.08792,24.1314,55400
DBC,2025-02-19 03:07:00,24.1314,24.1314,24.08792,24.1314,58200
DBC,2025-02-19 03:08:00,24.1314,24.1314,24.1314,24.1314,200
DBC,2025-02-19 03:09:00,24.1314,24.1314,24.08792,24.08792,5900
DBC,2025-02-19 03:10:00,24.08792,24.08792,24.08792,24.08792,70800
DBC,2025-02-19 03:11:00,24.08792,24.08792,24.08792,24.08792,4100
DBC,2025-02-19 03:12:00,24.08792,24.08792,24.08792,24.08792,15200
DBC,2025-02-19 03:13:00,24.08792,24.08792,24.08792,24.08792,19400
DBC,2025-02-19 03:14:00,24.08792,24.08792,24.08792,24.08792,7500
DBC,2025-02-19 03:15:00,24.08792,24.1314,24.08792,24.08792,40300
DBC,2025-02-19 03:16:00,24.08792,24.08792,24.04444,24.08792,5700
DBC,2025-02-19 03:17:00,24.08792,24.1314,24.04444,24.1314,23700
DBC,2025-02-19 03:18:00,24.1314,24.1314,24.08792,24.08792,10300
DBC,2025-02-19 03:19:00,24.08792,24.1314,24.08792,24.08792,2300
DBC,2025-02-19 03:20:00,24.08792,24.1314,24.08792,24.08792,14500
DBC,2025-02-19 03:21:00,24.08792,24.1314,24.08792,24.08792,18500
DBC,2025-02-19 03:22:00,24.08792,24.1314,24.08792,24.08792,43500
DBC,2025-02-19 03:23:00,24.08792,24.08792,24.08792,24.08792,3000
DBC,2025-02-19 03:24:00,24.08792,24.08792,24.08792,24.08792,300
DBC,2025-02-19 03:25:00,24.08792,24.08792,24.04444,24.04444,3000
DBC,2025-02-19 03:26:00,24.04444,24.08792,24.04444,24.08792,100
DBC,2025-02-19 03:27:00,24.08792,24.08792,24.08792,24.08792,2600
DBC,2025-02-19 03:28:00,24.08792,24.08792,24.04444,24.04444,600
DBC,2025-02-19 03:29:00,24.04444,24.08792,24.04444,24.08792,30100
DBC,2025-02-19 03:30:00,24.08792,24.08792,24.08792,24.08792,5400
DBC,2025-02-19 03:31:00,24.08792,24.08792,24.08792,24.08792,300
DBC,2025-02-19 03:32:00,24.08792,24.08792,24.04444,24.04444,1500
DBC,2025-02-19 03:33:00,24.04444,24.04444,24.04444,24.04444,1100
DBC,2025-02-19 03:34:00,24.04444,24.08792,24.04444,24.08792,2800
DBC,2025-02-19 03:36:00,24.08792,24.08792,24.08792,24.08792,20100
DBC,2025-02-19 03:37:00,24.08792,24.08792,24.08792,24.08792,100
DBC,2025-02-19 03:38:00,24.08792,24.08792,24.04444,24.04444,27900
DBC,2025-02-19 03:39:00,24.04444,24.08792,24.04444,24.08792,100
DBC,2025-02-19 03:40:00,24.08792,24.1314,24.08792,24.1314,83200
DBC,2025-02-19 03:41:00,24.1314,24.1314,24.08792,24.08792,3700
DBC,2025-02-19 03:42:00,24.08792,24.17488,24.08792,24.17488,18600
DBC,2025-02-19 03:43:00,24.17488,24.17488,24.1314,24.1314,15600
DBC,2025-02-19 03:44:00,24.1314,24.1314,24.1314,24.1314,11500
DBC,2025-02-19 03:45:00,24.1314,24.1314,24.1314,24.1314,10000
DBC,2025-02-19 03:46:00,24.1314,24.1314,24.1314,24.1314,7100
DBC,2025-02-19 03:47:00,24.1314,24.1314,24.1314,24.1314,5600
DBC,2025-02-19 03:48:00,24.1314,24.1314,24.08792,24.08792,18200
DBC,2025-02-19 03:49:00,24.08792,24.08792,24.08792,24.08792,41800
DBC,2025-02-19 03:50:00,24.08792,24.1314,24.08792,24.1314,52300
DBC,2025-02-19 03:51:00,24.1314,24.1314,24.08792,24.08792,500
DBC,2025-02-19 03:52:00,24.08792,24.1314,24.08792,24.1314,51800
DBC,2025-02-19 03:53:00,24.1314,24.1314,24.1314,24.1314,2800
DBC,2025-02-19 03:54:00,24.1314,24.1314,24.08792,24.08792,1100
DBC,2025-02-19 03:55:00,24.08792,24.1314,24.08792,24.08792,45000
DBC,2025-02-19 03:57:00,24.08792,24.08792,24.08792,24.08792,1500
DBC,2025-02-19 03:58:00,24.08792,24.1314,24.08792,24.1314,10000
DBC,2025-02-19 03:59:00,24.1314,24.1314,24.08792,24.08792,20600
DBC,2025-02-19 04:00:00,24.08792,24.1314,24.04444,24.08792,6800
DBC,2025-02-19 04:01:00,24.08792,24.08792,24.08792,24.08792,4200
DBC,2025-02-19 04:02:00,24.08792,24.08792,24.08792,24.08792,1200
DBC,2025-02-19 04:03:00,24.08792,24.08792,24.08792,24.08792,5000
DBC,2025-02-19 04:04:00,24.08792,24.08792,24.00096,24.00096,91000
DBC,2025-02-19 04:05:00,24.00096,24.08792,24.00096,24.04444,138200
DBC,2025-02-19 04:06:00,24.04444,24.04444,24.04444,24.04444,2300
DBC,2025-02-19 04:08:00,24.04444,24.08792,24.04444,24.08792,16800
DBC,2025-02-19 04:09:00,24.08792,24.08792,24.08792,24.08792,15200
DBC,2025-02-19 04:10:00,24.08792,24.08792,24.04444,24.04444,500
DBC,2025-02-19 04:13:00,24.04444,24.08792,24.04444,24.08792,5000
DBC,2025-02-19 04:14:00,24.08792,24.08792,24.04444,24.04444,7000
DBC,2025-02-19 04:15:00,24.04444,24.08792,24.04444,24.08792,5000
DBC,2025-02-19 04:17:00,24.08792,24.08792,24.04444,24.04444,5000
DBC,2025-02-19 04:18:00,24.04444,24.08792,24.04444,24.04444,500
DBC,2025-02-19 04:20:00,24.04444,24.04444,24.04444,24.04444,46700
DBC,2025-02-19 04:21:00,24.04444,24.04444,24.04444,24.04444,11100
DBC,2025-02-19 04:22:00,24.04444,24.04444,24.00096,24.00096,2500
DBC,2025-02-19 04:23:00,24.00096,24.00096,24.00096,24.00096,20600
DBC,2025-02-19 04:25:00,24.00096,24.04444,24.00096,24.00096,2800
DBC,2025-02-19 04:26:00,24.00096,24.00096,24.00096,24.00096,100
DBC,2025-02-19 04:27:00,24.00096,24.00096,24.00096,24.00096,3500
DBC,2025-02-19 04:28:00,24.00096,24.04444,24.00096,24.04444,2500
DBC,2025-02-19 04:29:00,24.04444,24.04444,24.00096,24.00096,9900
DBC,2025-02-19 06:00:00,24.00096,24.04444,23.914,24.00096,215700
DBC,2025-02-19 06:01:00,24.00096,24.00096,24.00096,24.00096,12100
DBC,2025-02-19 06:02:00,24.00096,24.00096,24.00096,24.00096,7000
DBC,2025-02-19 06:03:00,24.00096,24.04444,24.00096,24.00096,9300
DBC,2025-02-19 06:05:00,24.00096,24.00096,23.95748,24.00096,3400
DBC,2025-02-19 06:06:00,24.00096,24.00096,24.00096,24.00096,26900
DBC,2025-02-19 06:07:00,24.00096,24.00096,23.95748,23.95748,4800
DBC,2025-02-19 06:08:00,23.95748,24.00096,23.95748,24.00096,25200
DBC,2025-02-19 06:09:00,24.00096,24.04444,24.00096,24.04444,11000
DBC,2025-02-19 06:10:00,24.04444,24.04444,24.04444,24.04444,5400
DBC,2025-02-19 06:11:00,24.04444,24.04444,24.00096,24.04444,10100
DBC,2025-02-19 06:12:00,24.04444,24.04444,24.00096,24.00096,1000
DBC,2025-02-19 06:13:00,24.00096,24.00096,24.00096,24.00096,5000
DBC,2025-02-19 06:14:00,24.00096,24.00096,24.00096,24.00096,10000
DBC,2025-02-19 06:15:00,24.00096,24.00096,24.00096,24.00096,500
DBC,2025-02-19 06:17:00,24.00096,24.08792,24.00096,24.08792,85700
DBC,2025-02-19 06:18:00,24.08792,24.08792,24.04444,24.04444,21100
DBC,2025-02-19 06:19:00,24.04444,24.04444,24.04444,24.04444,29700
DBC,2025-02-19 06:20:00,24.04444,24.08792,24.04444,24.08792,23900
DBC,2025-02-19 06:22:00,24.08792,24.1314,24.08792,24.1314,193900
DBC,2025-02-19 06:23:00,24.1314,24.21836,24.1314,24.17488,162100
DBC,2025-02-19 06:24:00,24.17488,24.21836,24.17488,24.17488,35800
DBC,2025-02-19 06:25:00,24.17488,24.21836,24.17488,24.17488,42300
DBC,2025-02-19 06:26:00,24.17488,24.21836,24.17488,24.21836,8100
DBC,2025-02-19 06:27:00,24.21836,24.21836,24.17488,24.17488,34800
DBC,2025-02-19 06:28:00,24.17488,24.21836,24.17488,24.21836,42400
DBC,2025-02-19 06:29:00,24.21836,24.21836,24.21836,24.21836,153700
DBC,2025-02-19 06:30:00,24.21836,24.26184,24.21836,24.26184,31300
DBC,2025-02-19 06:31:00,24.26184,24.30532,24.21836,24.30532,291500
DBC,2025-02-19 06:32:00,24.30532,24.43576,24.30532,24.43576,530700
DBC,2025-02-19 06:33:00,24.43576,24.43576,24.3488,24.39228,84200
DBC,2025-02-19 06:34:00,24.39228,24.39228,24.26184,24.26184,157400
DBC,2025-02-19 06:35:00,24.26184,24.3488,24.26184,24.26184,133800
DBC,2025-02-19 06:36:00,24.26184,24.30532,24.26184,24.30532,29000
DBC,2025-02-19 06:37:00,24.30532,24.30532,24.26184,24.26184,19100
DBC,2025-02-19 06:38:00,24.26184,24.30532,24.26184,24.26184,78800
DBC,2025-02-19 06:39:00,24.26184,24.26184,24.26184,24.26184,12700
DBC,2025-02-19 06:40:00,24.26184,24.26184,24.21836,24.26184,14600
DBC,2025-02-19 06:41:00,24.26184,24.26184,24.21836,24.21836,11300
DBC,2025-02-19 06:42:00,24.21836,24.26184,24.21836,24.21836,27900
DBC,2025-02-19 06:43:00,24.21836,24.26184,24.21836,24.21836,17600
DBC,2025-02-19 06:44:00,24.21836,24.21836,24.21836,24.21836,29800
DBC,2025-02-19 06:45:00,24.21836,24.26184,24.21836,24.21836,14700
DBC,2025-02-19 06:46:00,24.21836,24.21836,24.17488,24.21836,21000
DBC,2025-02-19 06:47:00,24.21836,24.21836,24.17488,24.21836,29200
DBC,2025-02-19 06:48:00,24.21836,24.21836,24.17488,24.21836,39700
DBC,2025-02-19 06:49:00,24.21836,24.21836,24.17488,24.17488,58600
DBC,2025-02-19 06:50:00,24.17488,24.21836,24.17488,24.17488,12100
DBC,2025-02-19 06:51:00,24.17488,24.17488,24.17488,24.17488,7000
DBC,2025-02-19 06:52:00,24.17488,24.17488,24.17488,24.17488,5400
DBC,2025-02-19 06:53:00,24.17488,24.21836,24.17488,24.21836,20500
DBC,2025-02-19 06:54:00,24.21836,24.21836,24.17488,24.17488,35400
DBC,2025-02-19 06:55:00,24.17488,24.21836,24.17488,24.17488,52500
DBC,2025-02-19 06:56:00,24.17488,24.17488,24.17488,24.17488,68500
DBC,2025-02-19 06:57:00,24.17488,24.17488,24.17488,24.17488,8300
DBC,2025-02-19 06:58:00,24.17488,24.17488,24.17488,24.17488,64800
DBC,2025-02-19 06:59:00,24.17488,24.17488,24.17488,24.17488,500
DBC,2025-02-19 07:00:00,24.17488,24.17488,24.17488,24.17488,52100
DBC,2025-02-19 07:01:00,24.17488,24.17488,24.17488,24.17488,16300
DBC,2025-02-19 07:02:00,24.17488,24.17488,24.17488,24.17488,1000
DBC,2025-02-19 07:03:00,24.17488,24.17488,24.17488,24.17488,30000
DBC,2025-02-19 07:04:00,24.17488,24.17488,24.1314,24.1314,53300
DBC,2025-02-19 07:05:00,24.1314,24.1314,24.1314,24.1314,111200
DBC,2025-02-19 07:06:00,24.1314,24.17488,24.1314,24.17488,4800
DBC,2025-02-19 07:07:00,24.17488,24.17488,24.17488,24.17488,6600
DBC,2025-02-19 07:08:00,24.17488,24.17488,24.1314,24.1314,63600
DBC,2025-02-19 07:09:00,24.1314,24.17488,24.08792,24.17488,10700
DBC,2025-02-19 07:10:00,24.17488,24.17488,24.17488,24.17488,100
DBC,2025-02-19 07:11:00,24.17488,24.17488,24.08792,24.1314,30600
DBC,2025-02-19 07:12:00,24.1314,24.1314,24.04444,24.08792,93700
DBC,2025-02-19 07:13:00,24.08792,24.08792,24.08792,24.08792,10900
DBC,2025-02-19 07:14:00,24.08792,24.1314,24.04444,24.08792,100800
DBC,2025-02-19 07:15:00,24.08792,24.1314,24.08792,24.1314,13600
DBC,2025-02-19 07:16:00,24.1314,24.1314,24.08792,24.08792,40100
DBC,2025-02-19 07:17:00,24.08792,24.1314,24.08792,24.1314,32900
DBC,2025-02-19 07:18:00,24.1314,24.1314,24.08792,24.1314,12500
DBC,2025-02-19 07:19:00,24.1314,24.1314,24.08792,24.1314,35600
DBC,2025-02-19 07:20:00,24.1314,24.1314,24.08792,24.1314,27400
DBC,2025-02-19 07:21:00,24.1314,24.17488,24.1314,24.17488,42600
DBC,2025-02-19 07:22:00,24.17488,24.17488,24.17488,24.17488,2500
DBC,2025-02-19 07:24:00,24.17488,24.17488,24.17488,24.17488,57100
DBC,2025-02-19 07:25:00,24.17488,24.17488,24.17488,24.17488,27400
DBC,2025-02-19 07:26:00,24.17488,24.21836,24.17488,24.17488,56200
DBC,2025-02-19 07:27:00,24.17488,24.17488,24.17488,24.17488,19100
DBC,2025-02-19 07:28:00,24.17488,24.17488,24.00096,24.17488,140200
DBC,2025-02-19 07:29:00,24.17488,24.17488,24.04444,24.04444,22500
DBC,2025-02-19 07:45:00,24.17488,24.17488,24.17488,24.17488,177100
DBC,2025-02-20 02:15:00,24.43576,24.47924,24.39228,24.43576,94500
DBC,2025-02-20 02:16:00,24.43576,24.52272,24.43576,24.47924,41800
DBC,2025-02-20 02:17:00,24.47924,24.47924,24.43576,24.43576,19700
DBC,2025-02-20 02:18:00,24.43576,24.47924,24.43576,24.43576,58800
DBC,2025-02-20 02:19:00,24.43576,24.43576,24.43576,24.43576,17100
DBC,2025-02-20 02:20:00,24.43576,24.43576,24.39228,24.43576,1100
DBC,2025-02-20 02:21:00,24.43576,24.43576,24.39228,24.39228,24500
DBC,2025-02-20 02:22:00,24.39228,24.43576,24.3488,24.3488,29400
DBC,2025-02-20 02:23:00,24.3488,24.39228,24.3488,24.3488,22800
DBC,2025-02-20 02:24:00,24.3488,24.3488,24.3488,24.3488,42500
DBC,2025-02-20 02:25:00,24.3488,24.3488,24.3488,24.3488,10700
DBC,2025-02-20 02:26:00,24.3488,24.3488,24.30532,24.30532,21300
DBC,2025-02-20 02:27:00,24.30532,24.30532,24.26184,24.30532,25900
DBC,2025-02-20 02:28:00,24.30532,24.30532,24.26184,24.30532,5800
DBC,2025-02-20 02:29:00,24.30532,24.3488,24.30532,24.3488,161600
DBC,2025-02-20 02:30:00,24.3488,24.3488,24.3488,24.3488,41400
DBC,2025-02-20 02:31:00,24.3488,24.3488,24.30532,24.3488,12500
DBC,2025-02-20 02:32:00,24.3488,24.3488,24.3488,24.3488,10500
DBC,2025-02-20 02:33:00,24.3488,24.3488,24.3488,24.3488,8800
DBC,2025-02-20 02:34:00,24.3488,24.3488,24.3488,24.3488,5800
DBC,2025-02-20 02:35:00,24.3488,24.3488,24.30532,24.3488,37100
DBC,2025-02-20 02:36:00,24.3488,24.3488,24.3488,24.3488,18300
DBC,2025-02-20 02:37:00,24.3488,24.39228,24.3488,24.39228,59100
DBC,2025-02-20 02:38:00,24.39228,24.39228,24.3488,24.3488,1500
DBC,2025-02-20 02:39:00,24.3488,24.39228,24.3488,24.3488,60500
DBC,2025-02-20 02:40:00,24.3488,24.39228,24.3488,24.39228,10000
DBC,2025-02-20 02:41:00,24.39228,24.39228,24.39228,24.39228,5900
DBC,2025-02-20 02:42:00,24.39228,24.39228,24.3488,24.3488,40700
DBC,2025-02-20 02:43:00,24.3488,24.3488,24.30532,24.3488,9700
DBC,2025-02-20 02:44:00,24.3488,24.3488,24.3488,24.3488,14900
DBC,2025-02-20 02:45:00,24.3488,24.3488,24.3488,24.3488,100
DBC,2025-02-20 02:46:00,24.3488,24.3488,24.30532,24.30532,2100
DBC,2025-02-20 02:47:00,24.30532,24.3488,24.30532,24.3488,26800
DBC,2025-02-20 02:48:00,24.3488,24.3488,24.3488,24.3488,3100
DBC,2025-02-20 02:49:00,24.3488,24.3488,24.30532,24.30532,43700
DBC,2025-02-20 02:50:00,24.30532,24.30532,24.30532,24.30532,1300
DBC,2025-02-20 02:51:00,24.30532,24.30532,24.26184,24.26184,31100
DBC,2025-02-20 02:52:00,24.26184,24.26184,24.26184,24.26184,9100
DBC,2025-02-20 02:53:00,24.26184,24.26184,24.26184,24.26184,10400
DBC,2025-02-20 02:54:00,24.26184,24.26184,24.21836,24.26184,8100
DBC,2025-02-20 02:55:00,24.26184,24.26184,24.26184,24.26184,1000
DBC,2025-02-20 02:56:00,24.26184,24.26184,24.21836,24.21836,10100
DBC,2025-02-20 02:57:00,24.21836,24.26184,24.21836,24.26184,1800
DBC,2025-02-20 02:58:00,24.26184,24.26184,24.21836,24.21836,3400
DBC,2025-02-20 02:59:00,24.21836,24.21836,24.21836,24.21836,31300
DBC,2025-02-20 03:00:00,24.21836,24.21836,24.17488,24.21836,41800
DBC,2025-02-20 03:01:00,24.21836,24.21836,24.21836,24.21836,300
DBC,2025-02-20 03:02:00,24.21836,24.21836,24.21836,24.21836,7800
DBC,2025-02-20 03:03:00,24.21836,24.21836,24.17488,24.21836,5600
DBC,2025-02-20 03:04:00,24.21836,24.21836,24.21836,24.21836,18000
DBC,2025-02-20 03:05:00,24.21836,24.21836,24.21836,24.21836,2000
DBC,2025-02-20 03:06:00,24.21836,24.26184,24.21836,24.26184,14000
DBC,2025-02-20 03:07:00,24.26184,24.26184,24.26184,24.26184,11500
DBC,2025-02-20 03:08:00,24.26184,24.26184,24.26184,24.26184,1000
DBC,2025-02-20 03:09:00,24.26184,24.26184,24.21836,24.21836,3500
DBC,2025-02-20 03:11:00,24.21836,24.26184,24.21836,24.26184,3000
DBC,2025-02-20 03:12:00,24.26184,24.26184,24.26184,24.26184,1000
DBC,2025-02-20 03:13:00,24.26184,24.26184,24.26184,24.26184,1600
DBC,2025-02-20 03:14:00,24.26184,24.26184,24.26184,24.26184,1000
DBC,2025-02-20 03:15:00,24.26184,24.26184,24.21836,24.21836,1100
DBC,2025-02-20 03:16:00,24.21836,24.26184,24.21836,24.26184,400
DBC,2025-02-20 03:17:00,24.26184,24.26184,24.21836,24.21836,2200
DBC,2025-02-20 03:18:00,24.21836,24.26184,24.21836,24.26184,7000
DBC,2025-02-20 03:19:00,24.26184,24.26184,24.21836,24.21836,13700
DBC,2025-02-20 03:20:00,24.21836,24.21836,24.21836,24.21836,3300
DBC,2025-02-20 03:21:00,24.21836,24.21836,24.21836,24.21836,38800
DBC,2025-02-20 03:22:00,24.21836,24.26184,24.21836,24.21836,2500
DBC,2025-02-20 03:23:00,24.21836,24.26184,24.21836,24.26184,1500
DBC,2025-02-20 03:24:00,24.26184,24.26184,24.26184,24.26184,5500
DBC,2025-02-20 03:25:00,24.26184,24.26184,24.21836,24.21836,4400
DBC,2025-02-20 03:26:00,24.21836,24.26184,24.21836,24.26184,2100
DBC,2025-02-20 03:28:00,24.26184,24.26184,24.26184,24.26184,10100
DBC,2025-02-20 03:29:00,24.26184,24.26184,24.26184,24.26184,2700
DBC,2025-02-20 03:30:00,24.26184,24.26184,24.26184,24.26184,8000
DBC,2025-02-20 03:31:00,24.26184,24.26184,24.26184,24.26184,300
DBC,2025-02-20 03:33:00,24.26184,24.26184,24.26184,24.26184,21000
DBC,2025-02-20 03:34:00,24.26184,24.26184,24.21836,24.21836,800
DBC,2025-02-20 03:35:00,24.21836,24.26184,24.21836,24.21836,5200
DBC,2025-02-20 03:37:00,24.21836,24.26184,24.21836,24.26184,2400
DBC,2025-02-20 03:38:00,24.26184,24.26184,24.26184,24.26184,200
DBC,2025-02-20 03:39:00,24.26184,24.26184,24.26184,24.26184,5000
DBC,2025-02-20 03:40:00,24.26184,24.26184,24.26184,24.26184,1000
DBC,2025-02-20 03:42:00,24.26184,24.26184,24.21836,24.26184,34200
DBC,2025-02-20 03:43:00,24.26184,24.26184,24.21836,24.21836,3000
DBC,2025-02-20 03:44:00,24.21836,24.26184,24.21836,24.26184,11600
DBC,2025-02-20 03:45:00,24.26184,24.26184,24.26184,24.26184,1300
DBC,2025-02-20 03:46:00,24.26184,24.26184,24.21836,24.21836,400
DBC,2025-02-20 03:47:00,24.21836,24.26184,24.21836,24.21836,60300
DBC,2025-02-20 03:48:00,24.21836,24.30532,24.21836,24.26184,12100
DBC,2025-02-20 03:49:00,24.26184,24.26184,24.26184,24.26184,900
DBC,2025-02-20 03:50:00,24.26184,24.26184,24.21836,24.26184,26300
DBC,2025-02-20 03:51:00,24.26184,24.26184,24.21836,24.26184,1000
DBC,2025-02-20 03:52:00,24.26184,24.26184,24.21836,24.26184,7400
DBC,2025-02-20 03:54:00,24.26184,24.26184,24.21836,24.21836,12900
DBC,2025-02-20 03:56:00,24.21836,24.26184,24.21836,24.26184,2700
DBC,2025-02-20 03:57:00,24.26184,24.26184,24.26184,24.26184,300
DBC,2025-02-20 03:58:00,24.26184,24.26184,24.26184,24.26184,300
DBC,2025-02-20 04:00:00,24.26184,24.26184,24.21836,24.21836,8000
DBC,2025-02-20 04:02:00,24.21836,24.21836,24.21836,24.21836,7000
DBC,2025-02-20 04:03:00,24.21836,24.26184,24.21836,24.26184,1300
DBC,2025-02-20 04:04:00,24.26184,24.26184,24.21836,24.21836,800
DBC,2025-02-20 04:05:00,24.21836,24.26184,24.21836,24.26184,1100
DBC,2025-02-20 04:06:00,24.26184,24.26184,24.26184,24.26184,25900
DBC,2025-02-20 04:07:00,24.26184,24.26184,24.26184,24.26184,2200
DBC,2025-02-20 04:09:00,24.26184,24.26184,24.26184,24.26184,5000
DBC,2025-02-20 04:10:00,24.26184,24.26184,24.26184,24.26184,11800
DBC,2025-02-20 04:11:00,24.26184,24.26184,24.26184,24.26184,10200
DBC,2025-02-20 04:12:00,24.26184,24.26184,24.21836,24.26184,3700
DBC,2025-02-20 04:13:00,24.26184,24.26184,24.26184,24.26184,100
DBC,2025-02-20 04:14:00,24.26184,24.26184,24.26184,24.26184,6500
DBC,2025-02-20 04:15:00,24.26184,24.26184,24.21836,24.26184,2300
DBC,2025-02-20 04:16:00,24.26184,24.26184,24.21836,24.21836,4500
DBC,2025-02-20 04:17:00,24.21836,24.21836,24.21836,24.21836,22100
DBC,2025-02-20 04:18:00,24.21836,24.26184,24.21836,24.26184,18000
DBC,2025-02-20 04:19:00,24.26184,24.26184,24.21836,24.26184,700
DBC,2025-02-20 04:20:00,24.26184,24.26184,24.21836,24.21836,6000
DBC,2025-02-20 04:21:00,24.21836,24.21836,24.21836,24.21836,1000
DBC,2025-02-20 04:22:00,24.21836,24.26184,24.21836,24.26184,20000
DBC,2025-02-20 04:23:00,24.26184,24.26184,24.21836,24.21836,24800
DBC,2025-02-20 04:24:00,24.21836,24.21836,24.21836,24.21836,11100
DBC,2025-02-20 04:25:00,24.21836,24.21836,24.21836,24.21836,3300
DBC,2025-02-20 04:26:00,24.21836,24.21836,24.21836,24.21836,2100
DBC,2025-02-20 04:27:00,24.21836,24.21836,24.21836,24.21836,7100
DBC,2025-02-20 04:28:00,24.21836,24.21836,24.21836,24.21836,1000
DBC,2025-02-20 04:29:00,24.21836,24.21836,24.21836,24.21836,4100
DBC,2025-02-20 06:00:00,24.21836,24.21836,24.21836,24.21836,23600
DBC,2025-02-20 06:01:00,24.21836,24.21836,24.17488,24.17488,20600
DBC,2025-02-20 06:02:00,24.17488,24.17488,24.17488,24.17488,50800
DBC,2025-02-20 06:03:00,24.17488,24.21836,24.17488,24.17488,2800
DBC,2025-02-20 06:04:00,24.17488,24.17488,24.17488,24.17488,11400
DBC,2025-02-20 06:05:00,24.17488,24.17488,24.17488,24.17488,36100
DBC,2025-02-20 06:06:00,24.17488,24.17488,24.17488,24.17488,22700
DBC,2025-02-20 06:07:00,24.17488,24.17488,24.17488,24.17488,32900
DBC,2025-02-20 06:08:00,24.17488,24.17488,24.17488,24.17488,1000
DBC,2025-02-20 06:09:00,24.17488,24.17488,24.1314,24.17488,8500
DBC,2025-02-20 06:10:00,24.17488,24.17488,24.1314,24.1314,12600
DBC,2025-02-20 06:11:00,24.1314,24.1314,24.1314,24.1314,60600
DBC,2025-02-20 06:12:00,24.1314,24.1314,24.1314,24.1314,22500
DBC,2025-02-20 06:13:00,24.1314,24.17488,24.1314,24.1314,1200
DBC,2025-02-20 06:14:00,24.1314,24.1314,24.1314,24.1314,6100
DBC,2025-02-20 06:15:00,24.1314,24.1314,24.1314,24.1314,2100
DBC,2025-02-20 06:16:00,24.1314,24.1314,24.1314,24.1314,25200
DBC,2025-02-20 06:17:00,24.1314,24.1314,24.08792,24.08792,1200
DBC,2025-02-20 06:18:00,24.08792,24.1314,24.08792,24.08792,4500
DBC,2025-02-20 06:19:00,24.08792,24.08792,24.08792,24.08792,17700
DBC,2025-02-20 06:20:00,24.08792,24.08792,24.08792,24.08792,20500
DBC,2025-02-20 06:21:00,24.08792,24.08792,24.08792,24.08792,50600
DBC,2025-02-20 06:22:00,24.08792,24.1314,24.08792,24.08792,58000
DBC,2025-02-20 06:23:00,24.08792,24.08792,24.08792,24.08792,9200
DBC,2025-02-20 06:24:00,24.08792,24.1314,24.08792,24.1314,7500
DBC,2025-02-20 06:25:00,24.1314,24.1314,24.1314,24.1314,300
DBC,2025-02-20 06:26:00,24.1314,24.1314,24.08792,24.08792,500
DBC,2025-02-20 06:27:00,24.08792,24.1314,24.08792,24.1314,30200
DBC,2025-02-20 06:28:00,24.1314,24.17488,24.1314,24.17488,41200
DBC,2025-02-20 06:29:00,24.17488,24.17488,24.1314,24.17488,24700
DBC,2025-02-20 06:30:00,24.17488,24.21836,24.17488,24.17488,36300
DBC,2025-02-20 06:31:00,24.17488,24.21836,24.17488,24.21836,8300
DBC,2025-02-20 06:32:00,24.21836,24.21836,24.21836,24.21836,400
DBC,2025-02-20 06:33:00,24.21836,24.21836,24.17488,24.17488,15200
DBC,2025-02-20 06:34:00,24.17488,24.21836,24.17488,24.17488,25900
DBC,2025-02-20 06:35:00,24.17488,24.21836,24.17488,24.17488,21200
DBC,2025-02-20 06:36:00,24.17488,24.17488,24.17488,24.17488,57600
DBC,2025-02-20 06:37:00,24.17488,24.17488,24.17488,24.17488,2700
DBC,2025-02-20 06:38:00,24.17488,24.17488,24.17488,24.17488,4700
DBC,2025-02-20 06:39:00,24.17488,24.17488,24.1314,24.17488,22300
DBC,2025-02-20 06:40:00,24.17488,24.17488,24.17488,24.17488,18100
DBC,2025-02-20 06:41:00,24.17488,24.17488,24.17488,24.17488,3900
DBC,2025-02-20 06:42:00,24.17488,24.17488,24.1314,24.1314,8300
DBC,2025-02-20 06:43:00,24.1314,24.1314,24.1314,24.1314,4400
DBC,2025-02-20 06:44:00,24.1314,24.1314,24.1314,24.1314,1300
DBC,2025-02-20 06:45:00,24.1314,24.17488,24.1314,24.17488,25600
DBC,2025-02-20 06:46:00,24.17488,24.17488,24.17488,24.17488,700
DBC,2025-02-20 06:47:00,24.17488,24.17488,24.1314,24.1314,1100
DBC,2025-02-20 06:48:00,24.1314,24.1314,24.1314,24.1314,2400
DBC,2025-02-20 06:49:00,24.1314,24.17488,24.1314,24.1314,12600
DBC,2025-02-20 06:50:00,24.1314,24.17488,24.1314,24.17488,17600
DBC,2025-02-20 06:51:00,24.17488,24.17488,24.1314,24.17488,22400
DBC,2025-02-20 06:52:00,24.17488,24.17488,24.17488,24.17488,12100
DBC,2025-02-20 06:53:00,24.17488,24.17488,24.17488,24.17488,25700
DBC,2025-02-20 06:54:00,24.17488,24.17488,24.1314,24.1314,5600
DBC,2025-02-20 06:55:00,24.1314,24.1314,24.1314,24.1314,4000
DBC,2025-02-20 06:56:00,24.1314,24.17488,24.1314,24.17488,900
DBC,2025-02-20 06:57:00,24.17488,24.17488,24.1314,24.1314,4200
DBC,2025-02-20 06:58:00,24.1314,24.1314,24.1314,24.1314,1000
DBC,2025-02-20 06:59:00,24.1314,24.17488,24.1314,24.17488,34200
DBC,2025-02-20 07:00:00,24.17488,24.17488,24.17488,24.17488,10700
DBC,2025-02-20 07:01:00,24.17488,24.17488,24.17488,24.17488,5600
DBC,2025-02-20 07:02:00,24.17488,24.17488,24.17488,24.17488,1400
DBC,2025-02-20 07:03:00,24.17488,24.17488,24.17488,24.17488,25000
DBC,2025-02-20 07:04:00,24.17488,24.21836,24.17488,24.21836,17000
DBC,2025-02-20 07:05:00,24.21836,24.21836,24.17488,24.21836,2200
DBC,2025-02-20 07:06:00,24.21836,24.21836,24.17488,24.21836,10300
DBC,2025-02-20 07:08:00,24.21836,24.21836,24.17488,24.17488,10000
DBC,2025-02-20 07:09:00,24.17488,24.17488,24.17488,24.17488,20000
DBC,2025-02-20 07:10:00,24.17488,24.21836,24.17488,24.21836,7100
DBC,2025-02-20 07:11:00,24.21836,24.21836,24.17488,24.17488,71400
DBC,2025-02-20 07:12:00,24.17488,24.17488,24.1314,24.17488,18800
DBC,2025-02-20 07:13:00,24.17488,24.17488,24.17488,24.17488,18000
DBC,2025-02-20 07:14:00,24.17488,24.17488,24.17488,24.17488,8400
DBC,2025-02-20 07:15:00,24.17488,24.17488,24.17488,24.17488,3000
DBC,2025-02-20 07:16:00,24.17488,24.17488,24.1314,24.17488,31200
DBC,2025-02-20 07:17:00,24.17488,24.21836,24.17488,24.17488,137500
DBC,2025-02-20 07:18:00,24.17488,24.17488,24.17488,24.17488,10400
DBC,2025-02-20 07:19:00,24.17488,24.21836,24.17488,24.17488,27400
DBC,2025-02-20 07:20:00,24.17488,24.21836,24.17488,24.21836,3600
DBC,2025-02-20 07:21:00,24.21836,24.26184,24.21836,24.26184,14100
DBC,2025-02-20 07:22:00,24.26184,24.26184,24.21836,24.26184,1500
DBC,2025-02-20 07:23:00,24.26184,24.26184,24.26184,24.26184,800
DBC,2025-02-20 07:24:00,24.26184,24.26184,24.21836,24.21836,2300
DBC,2025-02-20 07:25:00,24.21836,24.21836,24.17488,24.17488,68800
DBC,2025-02-20 07:26:00,24.17488,24.17488,24.1314,24.1314,100600
DBC,2025-02-20 07:27:00,24.1314,24.1314,24.08792,24.1314,61800
DBC,2025-02-20 07:28:00,24.1314,24.1314,24.08792,24.1314,14400
DBC,2025-02-20 07:29:00,24.1314,24.17488,24.1314,24.1314,35500
DBC,2025-02-20 07:30:00,24.1314,24.1314,24.1314,24.1314,4000
DBC,2025-02-20 07:45:00,24.21836,24.21836,24.21836,24.21836,274600
DBC,2025-02-21 02:15:00,24.3488,24.3488,24.26184,24.26184,99300
DBC,2025-02-21 02:16:00,24.26184,24.3488,24.21836,24.3488,3800
DBC,2025-02-21 02:17:00,24.3488,24.39228,24.26184,24.3488,80300
DBC,2025-02-21 02:18:00,24.3488,24.3488,24.30532,24.30532,20300
DBC,2025-02-21 02:19:00,24.30532,24.30532,24.26184,24.26184,74700
DBC,2025-02-21 02:20:00,24.26184,24.26184,24.21836,24.21836,2000
DBC,2025-02-21 02:21:00,24.21836,24.21836,24.17488,24.21836,77300
DBC,2025-02-21 02:22:00,24.21836,24.21836,24.21836,24.21836,1100
DBC,2025-02-21 02:23:00,24.21836,24.21836,24.21836,24.21836,42000
DBC,2025-02-21 02:24:00,24.21836,24.26184,24.21836,24.26184,31000
DBC,2025-02-21 02:25:00,24.26184,24.30532,24.21836,24.30532,72100
DBC,2025-02-21 02:26:00,24.30532,24.30532,24.26184,24.26184,15900
DBC,2025-02-21 02:27:00,24.26184,24.30532,24.26184,24.30532,3800
DBC,2025-02-21 02:28:00,24.30532,24.30532,24.26184,24.30532,8700
DBC,2025-02-21 02:29:00,24.30532,24.3488,24.26184,24.30532,8300
DBC,2025-02-21 02:30:00,24.30532,24.30532,24.30532,24.30532,3900
DBC,2025-02-21 02:31:00,24.30532,24.30532,24.30532,24.30532,19900
DBC,2025-02-21 02:32:00,24.30532,24.30532,24.30532,24.30532,2600
DBC,2025-02-21 02:33:00,24.30532,24.30532,24.30532,24.30532,11000
DBC,2025-02-21 02:35:00,24.30532,24.30532,24.26184,24.26184,36700
DBC,2025-02-21 02:36:00,24.26184,24.30532,24.26184,24.30532,2600
DBC,2025-02-21 02:37:00,24.30532,24.30532,24.30532,24.30532,51600
DBC,2025-02-21 02:38:00,24.30532,24.30532,24.26184,24.26184,41400
DBC,2025-02-21 02:39:00,24.26184,24.30532,24.26184,24.30532,13400
DBC,2025-02-21 02:40:00,24.30532,24.30532,24.30532,24.30532,2800
DBC,2025-02-21 02:41:00,24.30532,24.3488,24.30532,24.30532,700
DBC,2025-02-21 02:42:00,24.30532,24.3488,24.30532,24.30532,108100
DBC,2025-02-21 02:43:00,24.30532,24.3488,24.30532,24.30532,91400
DBC,2025-02-21 02:44:00,24.30532,24.39228,24.30532,24.39228,143300
DBC,2025-02-21 02:45:00,24.39228,24.43576,24.39228,24.43576,192500
DBC,2025-02-21 02:46:00,24.43576,24.52272,24.43576,24.47924,154900
DBC,2025-02-21 02:47:00,24.47924,24.52272,24.47924,24.47924,64100
DBC,2025-02-21 02:48:00,24.47924,24.52272,24.47924,24.47924,47500
DBC,2025-02-21 02:49:00,24.47924,24.47924,24.47924,24.47924,131100
DBC,2025-02-21 02:50:00,24.47924,24.52272,24.47924,24.47924,85200
DBC,2025-02-21 02:51:00,24.47924,24.5662,24.47924,24.5662,219900
DBC,2025-02-21 02:52:00,24.5662,24.5662,24.52272,24.5662,83700
DBC,2025-02-21 02:53:00,24.5662,24.60968,24.52272,24.5662,62200
DBC,2025-02-21 02:54:00,24.5662,24.5662,24.52272,24.52272,52100
DBC,2025-02-21 02:55:00,24.52272,24.5662,24.52272,24.5662,36800
DBC,2025-02-21 02:56:00,24.5662,24.5662,24.52272,24.5662,11600
DBC,2025-02-21 02:57:00,24.5662,24.5662,24.52272,24.52272,109000
DBC,2025-02-21 02:58:00,24.52272,24.5662,24.52272,24.52272,34800
DBC,2025-02-21 02:59:00,24.52272,24.52272,24.52272,24.52272,53300
DBC,2025-02-21 03:00:00,24.52272,24.5662,24.52272,24.52272,47600
DBC,2025-02-21 03:01:00,24.52272,24.5662,24.52272,24.52272,43700
DBC,2025-02-21 03:02:00,24.52272,24.52272,24.52272,24.52272,23400
DBC,2025-02-21 03:03:00,24.52272,24.52272,24.52272,24.52272,20600
DBC,2025-02-21 03:04:00,24.52272,24.52272,24.47924,24.52272,6900
DBC,2025-02-21 03:05:00,24.52272,24.52272,24.52272,24.52272,21500
DBC,2025-02-21 03:06:00,24.52272,24.52272,24.47924,24.52272,14000
DBC,2025-02-21 03:07:00,24.52272,24.52272,24.47924,24.52272,12300
DBC,2025-02-21 03:08:00,24.52272,24.52272,24.47924,24.47924,2000
DBC,2025-02-21 03:09:00,24.47924,24.52272,24.47924,24.52272,19500
DBC,2025-02-21 03:10:00,24.52272,24.52272,24.47924,24.52272,13400
DBC,2025-02-21 03:11:00,24.52272,24.52272,24.47924,24.52272,70800
DBC,2025-02-21 03:12:00,24.52272,24.52272,24.47924,24.47924,21700
DBC,2025-02-21 03:13:00,24.47924,24.52272,24.47924,24.47924,21700
DBC,2025-02-21 03:14:00,24.47924,24.47924,24.47924,24.47924,18800
DBC,2025-02-21 03:15:00,24.47924,24.52272,24.47924,24.47924,10700
DBC,2025-02-21 03:16:00,24.47924,24.52272,24.43576,24.43576,67400
DBC,2025-02-21 03:17:00,24.43576,24.43576,24.43576,24.43576,56900
DBC,2025-02-21 03:18:00,24.43576,24.43576,24.43576,24.43576,59000
DBC,2025-02-21 03:19:00,24.43576,24.43576,24.43576,24.43576,41400
DBC,2025-02-21 03:20:00,24.43576,24.43576,24.39228,24.43576,11000
DBC,2025-02-21 03:21:00,24.43576,24.43576,24.43576,24.43576,18100
DBC,2025-02-21 03:22:00,24.43576,24.43576,24.43576,24.43576,32300
DBC,2025-02-21 03:23:00,24.43576,24.43576,24.43576,24.43576,12000
DBC,2025-02-21 03:24:00,24.43576,24.43576,24.43576,24.43576,9100
DBC,2025-02-21 03:25:00,24.43576,24.43576,24.43576,24.43576,1100
DBC,2025-02-21 03:26:00,24.43576,24.43576,24.43576,24.43576,100
DBC,2025-02-21 03:27:00,24.43576,24.43576,24.43576,24.43576,800
DBC,2025-02-21 03:28:00,24.43576,24.43576,24.43576,24.43576,6500
DBC,2025-02-21 03:30:00,24.43576,24.43576,24.39228,24.43576,3100
DBC,2025-02-21 03:31:00,24.43576,24.43576,24.43576,24.43576,44900
DBC,2025-02-21 03:32:00,24.43576,24.43576,24.43576,24.43576,19900
DBC,2025-02-21 03:33:00,24.43576,24.47924,24.43576,24.43576,2500
DBC,2025-02-21 03:34:00,24.43576,24.43576,24.43576,24.43576,700
DBC,2025-02-21 03:36:00,24.43576,24.43576,24.43576,24.43576,7300
DBC,2025-02-21 03:37:00,24.43576,24.43576,24.43576,24.43576,2800
DBC,2025-02-21 03:38:00,24.43576,24.43576,24.43576,24.43576,4400
DBC,2025-02-21 03:39:00,24.43576,24.47924,24.43576,24.43576,22500
DBC,2025-02-21 03:40:00,24.43576,24.43576,24.43576,24.43576,7900
DBC,2025-02-21 03:41:00,24.43576,24.43576,24.39228,24.43576,12400
DBC,2025-02-21 03:42:00,24.43576,24.43576,24.43576,24.43576,2600
DBC,2025-02-21 03:43:00,24.43576,24.43576,24.39228,24.39228,700
DBC,2025-02-21 03:44:00,24.39228,24.43576,24.39228,24.43576,3400
DBC,2025-02-21 03:45:00,24.43576,24.43576,24.43576,24.43576,25600
DBC,2025-02-21 03:46:00,24.43576,24.43576,24.43576,24.43576,5000
DBC,2025-02-21 03:47:00,24.43576,24.43576,24.43576,24.43576,4300
DBC,2025-02-21 03:48:00,24.43576,24.43576,24.43576,24.43576,1100
DBC,2025-02-21 03:49:00,24.43576,24.43576,24.43576,24.43576,18500
DBC,2025-02-21 03:50:00,24.43576,24.43576,24.39228,24.43576,12500
DBC,2025-02-21 03:51:00,24.43576,24.43576,24.39228,24.39228,100
DBC,2025-02-21 03:52:00,24.39228,24.39228,24.39228,24.39228,1500
DBC,2025-02-21 03:53:00,24.39228,24.39228,24.39228,24.39228,100
DBC,2025-02-21 03:54:00,24.39228,24.39228,24.39228,24.39228,500
DBC,2025-02-21 03:55:00,24.39228,24.43576,24.39228,24.43576,100
DBC,2025-02-21 03:56:00,24.43576,24.43576,24.39228,24.43576,2600
DBC,2025-02-21 03:57:00,24.43576,24.43576,24.39228,24.39228,4100
DBC,2025-02-21 03:58:00,24.39228,24.43576,24.39228,24.39228,17300
DBC,2025-02-21 03:59:00,24.39228,24.39228,24.39228,24.39228,8100
DBC,2025-02-21 04:00:00,24.39228,24.43576,24.39228,24.39228,10100
DBC,2025-02-21 04:01:00,24.39228,24.43576,24.39228,24.43576,5200
DBC,2025-02-21 04:02:00,24.43576,24.43576,24.43576,24.43576,700
DBC,2025-02-21 04:03:00,24.43576,24.43576,24.43576,24.43576,2000
DBC,2025-02-21 04:05:00,24.43576,24.43576,24.43576,24.43576,5000
DBC,2025-02-21 04:06:00,24.43576,24.43576,24.39228,24.39228,11200
DBC,2025-02-21 04:07:00,24.39228,24.39228,24.39228,24.39228,400
DBC,2025-02-21 04:09:00,24.39228,24.43576,24.39228,24.39228,28400
DBC,2025-02-21 04:10:00,24.39228,24.39228,24.39228,24.39228,13200
DBC,2025-02-21 04:11:00,24.39228,24.39228,24.39228,24.39228,1500
DBC,2025-02-21 04:12:00,24.39228,24.39228,24.39228,24.39228,8500
DBC,2025-02-21 04:13:00,24.39228,24.39228,24.39228,24.39228,1000
DBC,2025-02-21 04:14:00,24.39228,24.39228,24.39228,24.39228,32300
DBC,2025-02-21 04:15:00,24.39228,24.43576,24.39228,24.39228,21900
DBC,2025-02-21 04:16:00,24.39228,24.39228,24.39228,24.39228,8300
DBC,2025-02-21 04:17:00,24.39228,24.39228,24.39228,24.39228,600
DBC,2025-02-21 04:19:00,24.39228,24.39228,24.39228,24.39228,1200
DBC,2025-02-21 04:20:00,24.39228,24.39228,24.39228,24.39228,1000
DBC,2025-02-21 04:21:00,24.39228,24.43576,24.39228,24.43576,23700
DBC,2025-02-21 04:22:00,24.43576,24.43576,24.3488,24.3488,17900
DBC,2025-02-21 04:23:00,24.3488,24.43576,24.3488,24.43576,7300
DBC,2025-02-21 04:24:00,24.43576,24.43576,24.39228,24.43576,500
DBC,2025-02-21 04:25:00,24.43576,24.43576,24.39228,24.39228,4200
DBC,2025-02-21 04:26:00,24.39228,24.39228,24.39228,24.39228,1000
DBC,2025-02-21 04:27:00,24.39228,24.39228,24.3488,24.3488,31900
DBC,2025-02-21 04:28:00,24.3488,24.3488,24.3488,24.3488,46000
DBC,2025-02-21 04:29:00,24.3488,24.43576,24.3488,24.43576,32700
DBC,2025-02-21 06:00:00,24.43576,24.43576,24.39228,24.39228,30000
DBC,2025-02-21 06:01:00,24.39228,24.39228,24.39228,24.39228,400
DBC,2025-02-21 06:02:00,24.39228,24.43576,24.39228,24.43576,2200
DBC,2025-02-21 06:03:00,24.43576,24.43576,24.39228,24.43576,4000
DBC,2025-02-21 06:04:00,24.43576,24.43576,24.39228,24.39228,4700
DBC,2025-02-21 06:05:00,24.39228,24.43576,24.39228,24.39228,1900
DBC,2025-02-21 06:07:00,24.39228,24.39228,24.39228,24.39228,600
DBC,2025-02-21 06:08:00,24.39228,24.39228,24.39228,24.39228,1000
DBC,2025-02-21 06:09:00,24.39228,24.39228,24.39228,24.39228,1100
DBC,2025-02-21 06:10:00,24.39228,24.39228,24.39228,24.39228,9000
DBC,2025-02-21 06:11:00,24.39228,24.43576,24.39228,24.39228,1700
DBC,2025-02-21 06:12:00,24.39228,24.39228,24.39228,24.39228,3000
DBC,2025-02-21 06:13:00,24.39228,24.43576,24.39228,24.39228,37500
DBC,2025-02-21 06:14:00,24.39228,24.43576,24.3488,24.39228,24300
DBC,2025-02-21 06:15:00,24.39228,24.39228,24.3488,24.3488,5900
DBC,2025-02-21 06:16:00,24.3488,24.39228,24.3488,24.39228,17400
DBC,2025-02-21 06:17:00,24.39228,24.39228,24.39228,24.39228,2500
DBC,2025-02-21 06:18:00,24.39228,24.39228,24.3488,24.39228,1500
DBC,2025-02-21 06:19:00,24.39228,24.39228,24.39228,24.39228,500
DBC,2025-02-21 06:20:00,24.39228,24.39228,24.3488,24.39228,20300
DBC,2025-02-21 06:21:00,24.39228,24.39228,24.39228,24.39228,800
DBC,2025-02-21 06:22:00,24.39228,24.39228,24.3488,24.3488,167800
DBC,2025-02-21 06:23:00,24.3488,24.3488,24.3488,24.3488,69600
DBC,2025-02-21 06:25:00,24.3488,24.3488,24.30532,24.30532,15200
DBC,2025-02-21 06:26:00,24.30532,24.3488,24.30532,24.3488,2300
DBC,2025-02-21 06:27:00,24.3488,24.3488,24.3488,24.3488,24200
DBC,2025-02-21 06:28:00,24.3488,24.3488,24.3488,24.3488,11000
DBC,2025-02-21 06:29:00,24.3488,24.3488,24.30532,24.3488,12500
DBC,2025-02-21 06:30:00,24.3488,24.3488,24.3488,24.3488,25500
DBC,2025-02-21 06:31:00,24.3488,24.3488,24.3488,24.3488,9900
DBC,2025-02-21 06:32:00,24.3488,24.39228,24.3488,24.39228,2500
DBC,2025-02-21 06:34:00,24.39228,24.39228,24.39228,24.39228,13700
DBC,2025-02-21 06:36:00,24.39228,24.39228,24.3488,24.39228,79800
DBC,2025-02-21 06:37:00,24.39228,24.39228,24.39228,24.39228,1000
DBC,2025-02-21 06:38:00,24.39228,24.39228,24.39228,24.39228,6700
DBC,2025-02-21 06:39:00,24.39228,24.39228,24.39228,24.39228,2300
DBC,2025-02-21 06:40:00,24.39228,24.39228,24.3488,24.39228,7600
DBC,2025-02-21 06:41:00,24.39228,24.39228,24.3488,24.3488,12700
DBC,2025-02-21 06:42:00,24.3488,24.3488,24.3488,24.3488,600
DBC,2025-02-21 06:43:00,24.3488,24.39228,24.3488,24.3488,13100
DBC,2025-02-21 06:44:00,24.3488,24.39228,24.3488,24.3488,28200
DBC,2025-02-21 06:45:00,24.3488,24.3488,24.3488,24.3488,50000
DBC,2025-02-21 06:46:00,24.3488,24.39228,24.3488,24.39228,52200
DBC,2025-02-21 06:47:00,24.39228,24.39228,24.3488,24.3488,600
DBC,2025-02-21 06:48:00,24.3488,24.39228,24.3488,24.3488,38900
DBC,2025-02-21 06:49:00,24.3488,24.39228,24.3488,24.39228,56900
DBC,2025-02-21 06:50:00,24.39228,24.39228,24.39228,24.39228,15100
DBC,2025-02-21 06:51:00,24.39228,24.43576,24.39228,24.43576,5100
DBC,2025-02-21 06:52:00,24.43576,24.43576,24.39228,24.39228,28100
DBC,2025-02-21 06:53:00,24.39228,24.39228,24.3488,24.39228,10500
DBC,2025-02-21 06:54:00,24.39228,24.39228,24.39228,24.39228,11000
DBC,2025-02-21 06:55:00,24.39228,24.39228,24.39228,24.39228,1600
DBC,2025-02-21 06:56:00,24.39228,24.39228,24.3488,24.39228,6100
DBC,2025-02-21 06:57:00,24.39228,24.39228,24.3488,24.3488,12600
DBC,2025-02-21 06:58:00,24.3488,24.3488,24.3488,24.3488,25600
DBC,2025-02-21 06:59:00,24.3488,24.3488,24.30532,24.30532,80200
DBC,2025-02-21 07:00:00,24.30532,24.30532,24.30532,24.30532,9200
DBC,2025-02-21 07:01:00,24.30532,24.30532,24.26184,24.26184,72100
DBC,2025-02-21 07:02:00,24.26184,24.26184,24.26184,24.26184,22500
DBC,2025-02-21 07:03:00,24.26184,24.30532,24.26184,24.26184,14800
DBC,2025-02-21 07:04:00,24.26184,24.26184,24.26184,24.26184,30200
DBC,2025-02-21 07:05:00,24.26184,24.30532,24.26184,24.26184,79800
DBC,2025-02-21 07:06:00,24.26184,24.30532,24.26184,24.26184,42500
DBC,2025-02-21 07:07:00,24.26184,24.26184,24.26184,24.26184,30500
DBC,2025-02-21 07:08:00,24.26184,24.26184,24.26184,24.26184,8800
DBC,2025-02-21 07:09:00,24.26184,24.30532,24.26184,24.26184,19300
DBC,2025-02-21 07:10:00,24.26184,24.3488,24.26184,24.3488,43400
DBC,2025-02-21 07:11:00,24.3488,24.3488,24.3488,24.3488,1300
DBC,2025-02-21 07:12:00,24.3488,24.3488,24.3488,24.3488,14300
DBC,2025-02-21 07:13:00,24.3488,24.3488,24.30532,24.3488,10400
DBC,2025-02-21 07:14:00,24.3488,24.3488,24.30532,24.30532,6100
DBC,2025-02-21 07:15:00,24.30532,24.30532,24.30532,24.30532,600
DBC,2025-02-21 07:16:00,24.30532,24.3488,24.30532,24.3488,1400
DBC,2025-02-21 07:17:00,24.3488,24.3488,24.30532,24.3488,27000
DBC,2025-02-21 07:18:00,24.3488,24.3488,24.30532,24.30532,22700
DBC,2025-02-21 07:19:00,24.30532,24.3488,24.30532,24.3488,38100
DBC,2025-02-21 07:20:00,24.3488,24.3488,24.30532,24.30532,67800
DBC,2025-02-21 07:21:00,24.30532,24.39228,24.30532,24.39228,10300
DBC,2025-02-21 07:22:00,24.39228,24.39228,24.3488,24.39228,4000
DBC,2025-02-21 07:23:00,24.39228,24.39228,24.3488,24.3488,10800
DBC,2025-02-21 07:24:00,24.3488,24.3488,24.30532,24.3488,95200
DBC,2025-02-21 07:25:00,24.3488,24.39228,24.3488,24.3488,50000
DBC,2025-02-21 07:26:00,24.3488,24.39228,24.3488,24.3488,3500
DBC,2025-02-21 07:27:00,24.3488,24.3488,24.3488,24.3488,6200
DBC,2025-02-21 07:28:00,24.3488,24.3488,24.3488,24.3488,37600
DBC,2025-02-21 07:29:00,24.3488,24.39228,24.3488,24.39228,30400
DBC,2025-02-21 07:30:00,24.39228,24.39228,24.39228,24.39228,20000
DBC,2025-02-21 07:45:00,24.30532,24.30532,24.30532,24.30532,414200
DBC,2025-02-24 02:15:00,24.43576,24.43576,24.39228,24.43576,104800
DBC,2025-02-24 02:16:00,24.43576,24.52272,24.43576,24.52272,52400
DBC,2025-02-24 02:17:00,24.52272,24.52272,24.43576,24.43576,48300
DBC,2025-02-24 02:18:00,24.43576,24.47924,24.43576,24.47924,32700
DBC,2025-02-24 02:19:00,24.47924,24.47924,24.47924,24.47924,32100
DBC,2025-02-24 02:20:00,24.47924,24.52272,24.47924,24.52272,85600
DBC,2025-02-24 02:21:00,24.52272,24.52272,24.47924,24.47924,12300
DBC,2025-02-24 02:22:00,24.47924,24.52272,24.47924,24.47924,20100
DBC,2025-02-24 02:23:00,24.47924,24.47924,24.43576,24.43576,81500
DBC,2025-02-24 02:24:00,24.43576,24.47924,24.43576,24.43576,8300
DBC,2025-02-24 02:25:00,24.43576,24.5662,24.43576,24.5662,253800
DBC,2025-02-24 02:26:00,24.5662,24.74012,24.52272,24.74012,392000
DBC,2025-02-24 02:27:00,24.74012,24.87056,24.74012,24.82708,241300
DBC,2025-02-24 02:28:00,24.82708,24.91404,24.82708,24.91404,157300
DBC,2025-02-24 02:29:00,24.91404,25.001,24.87056,24.95752,163400
DBC,2025-02-24 02:30:00,24.95752,25.001,24.82708,24.87056,163800
DBC,2025-02-24 02:31:00,24.87056,24.91404,24.82708,24.87056,42300
DBC,2025-02-24 02:32:00,24.87056,24.87056,24.7836,24.82708,86800
DBC,2025-02-24 02:33:00,24.82708,24.82708,24.74012,24.7836,67900
DBC,2025-02-24 02:34:00,24.7836,24.7836,24.74012,24.74012,29300
DBC,2025-02-24 02:35:00,24.74012,24.7836,24.74012,24.7836,13500
DBC,2025-02-24 02:36:00,24.7836,24.7836,24.74012,24.7836,59500
DBC,2025-02-24 02:37:00,24.7836,24.7836,24.74012,24.74012,15600
DBC,2025-02-24 02:38:00,24.74012,24.74012,24.74012,24.74012,12100
DBC,2025-02-24 02:39:00,24.74012,24.7836,24.74012,24.74012,20700
DBC,2025-02-24 02:40:00,24.74012,24.74012,24.74012,24.74012,37600
DBC,2025-02-24 02:41:00,24.74012,24.74012,24.74012,24.74012,20000
DBC,2025-02-24 02:42:00,24.74012,24.7836,24.74012,24.7836,30400
DBC,2025-02-24 02:43:00,24.7836,24.7836,24.7836,24.7836,12800
DBC,2025-02-24 02:44:00,24.7836,24.82708,24.7836,24.7836,151700
DBC,2025-02-24 02:45:00,24.7836,24.7836,24.74012,24.7836,118300
DBC,2025-02-24 02:46:00,24.7836,24.7836,24.69664,24.74012,17500
DBC,2025-02-24 02:47:00,24.74012,24.74012,24.74012,24.74012,12200
DBC,2025-02-24 02:48:00,24.74012,24.74012,24.69664,24.69664,2000
DBC,2025-02-24 02:49:00,24.69664,24.69664,24.69664,24.69664,85200
DBC,2025-02-24 02:50:00,24.69664,24.74012,24.69664,24.69664,31100
DBC,2025-02-24 02:51:00,24.69664,24.74012,24.69664,24.69664,65800
DBC,2025-02-24 02:52:00,24.69664,24.69664,24.65316,24.69664,13500
DBC,2025-02-24 02:53:00,24.69664,24.69664,24.69664,24.69664,1100
DBC,2025-02-24 02:54:00,24.69664,24.69664,24.69664,24.69664,10900
DBC,2025-02-24 02:55:00,24.69664,24.74012,24.69664,24.69664,32300
DBC,2025-02-24 02:56:00,24.69664,24.69664,24.69664,24.69664,1100
DBC,2025-02-24 02:57:00,24.69664,24.69664,24.69664,24.69664,30700
DBC,2025-02-24 02:58:00,24.69664,24.69664,24.69664,24.69664,11200
DBC,2025-02-24 02:59:00,24.69664,24.69664,24.69664,24.69664,24600
DBC,2025-02-24 03:00:00,24.69664,24.69664,24.69664,24.69664,5900
DBC,2025-02-24 03:01:00,24.69664,24.69664,24.65316,24.65316,2300
DBC,2025-02-24 03:02:00,24.65316,24.69664,24.65316,24.65316,13600
DBC,2025-02-24 03:03:00,24.65316,24.69664,24.60968,24.65316,109300
DBC,2025-02-24 03:04:00,24.65316,24.65316,24.60968,24.65316,7600
DBC,2025-02-24 03:05:00,24.65316,24.65316,24.65316,24.65316,3500
DBC,2025-02-24 03:06:00,24.65316,24.65316,24.65316,24.65316,13900
DBC,2025-02-24 03:07:00,24.65316,24.69664,24.65316,24.69664,10500
DBC,2025-02-24 03:08:00,24.69664,24.69664,24.65316,24.65316,18900
DBC,2025-02-24 03:09:00,24.65316,24.65316,24.65316,24.65316,2500
DBC,2025-02-24 03:10:00,24.65316,24.69664,24.65316,24.69664,2000
DBC,2025-02-24 03:11:00,24.69664,24.69664,24.69664,24.69664,1000
DBC,2025-02-24 03:12:00,24.69664,24.69664,24.65316,24.65316,36600
DBC,2025-02-24 03:13:00,24.65316,24.69664,24.65316,24.65316,33700
DBC,2025-02-24 03:14:00,24.65316,24.65316,24.65316,24.65316,700
DBC,2025-02-24 03:15:00,24.65316,24.65316,24.65316,24.65316,11100
DBC,2025-02-24 03:16:00,24.65316,24.65316,24.65316,24.65316,3000
DBC,2025-02-24 03:17:00,24.65316,24.65316,24.65316,24.65316,8300
DBC,2025-02-24 03:18:00,24.65316,24.65316,24.65316,24.65316,29500
DBC,2025-02-24 03:19:00,24.65316,24.65316,24.65316,24.65316,7700
DBC,2025-02-24 03:20:00,24.65316,24.65316,24.65316,24.65316,500
DBC,2025-02-24 03:21:00,24.65316,24.65316,24.65316,24.65316,12200
DBC,2025-02-24 03:22:00,24.65316,24.65316,24.65316,24.65316,51300
DBC,2025-02-24 03:23:00,24.65316,24.69664,24.65316,24.65316,30800
DBC,2025-02-24 03:24:00,24.65316,24.65316,24.65316,24.65316,20900
DBC,2025-02-24 03:25:00,24.65316,24.69664,24.65316,24.65316,56000
DBC,2025-02-24 03:26:00,24.65316,24.69664,24.65316,24.65316,56000
DBC,2025-02-24 03:27:00,24.65316,24.65316,24.65316,24.65316,10100
DBC,2025-02-24 03:28:00,24.65316,24.65316,24.65316,24.65316,59600
DBC,2025-02-24 03:29:00,24.65316,24.65316,24.60968,24.60968,27000
DBC,2025-02-24 03:30:00,24.60968,24.60968,24.60968,24.60968,9500
DBC,2025-02-24 03:31:00,24.60968,24.60968,24.60968,24.60968,30100
DBC,2025-02-24 03:32:00,24.60968,24.60968,24.60968,24.60968,100
DBC,2025-02-24 03:33:00,24.60968,24.60968,24.60968,24.60968,11500
DBC,2025-02-24 03:34:00,24.60968,24.60968,24.60968,24.60968,8800
DBC,2025-02-24 03:35:00,24.60968,24.65316,24.60968,24.60968,2600
DBC,2025-02-24 03:36:00,24.60968,24.65316,24.60968,24.65316,28800
DBC,2025-02-24 03:37:00,24.65316,24.65316,24.65316,24.65316,500
DBC,2025-02-24 03:38:00,24.65316,24.65316,24.60968,24.65316,3400
DBC,2025-02-24 03:39:00,24.65316,24.65316,24.60968,24.60968,7600
DBC,2025-02-24 03:40:00,24.60968,24.65316,24.60968,24.65316,12200
DBC,2025-02-24 03:41:00,24.65316,24.65316,24.65316,24.65316,1500
DBC,2025-02-24 03:42:00,24.65316,24.65316,24.60968,24.65316,8600
DBC,2025-02-24 03:43:00,24.65316,24.69664,24.60968,24.60968,26800
DBC,2025-02-24 03:44:00,24.60968,24.65316,24.60968,24.65316,16200
DBC,2025-02-24 03:45:00,24.65316,24.65316,24.65316,24.65316,5400
DBC,2025-02-24 03:46:00,24.65316,24.65316,24.65316,24.65316,15800
DBC,2025-02-24 03:47:00,24.65316,24.65316,24.65316,24.65316,100
DBC,2025-02-24 03:48:00,24.65316,24.65316,24.65316,24.65316,100
DBC,2025-02-24 03:49:00,24.65316,24.65316,24.65316,24.65316,33400
DBC,2025-02-24 03:50:00,24.65316,24.65316,24.65316,24.65316,1000
DBC,2025-02-24 03:51:00,24.65316,24.65316,24.60968,24.60968,5500
DBC,2025-02-24 03:52:00,24.60968,24.65316,24.60968,24.65316,5500
DBC,2025-02-24 03:53:00,24.65316,24.65316,24.60968,24.60968,20000
DBC,2025-02-24 03:54:00,24.60968,24.60968,24.60968,24.60968,12500
DBC,2025-02-24 03:56:00,24.60968,24.65316,24.60968,24.65316,8500
DBC,2025-02-24 03:57:00,24.65316,24.65316,24.60968,24.60968,16400
DBC,2025-02-24 03:58:00,24.60968,24.60968,24.60968,24.60968,500
DBC,2025-02-24 03:59:00,24.60968,24.65316,24.60968,24.65316,5000
DBC,2025-02-24 04:00:00,24.65316,24.65316,24.65316,24.65316,100
DBC,2025-02-24 04:01:00,24.65316,24.65316,24.65316,24.65316,2000
DBC,2025-02-24 04:02:00,24.65316,24.65316,24.65316,24.65316,2000
DBC,2025-02-24 04:05:00,24.65316,24.65316,24.65316,24.65316,2100
DBC,2025-02-24 04:07:00,24.65316,24.65316,24.60968,24.65316,138400
DBC,2025-02-24 04:08:00,24.65316,24.65316,24.60968,24.60968,2100
DBC,2025-02-24 04:09:00,24.60968,24.60968,24.60968,24.60968,2400
DBC,2025-02-24 04:10:00,24.60968,24.65316,24.60968,24.60968,30700
DBC,2025-02-24 04:11:00,24.60968,24.60968,24.60968,24.60968,12500
DBC,2025-02-24 04:12:00,24.60968,24.60968,24.60968,24.60968,3200
DBC,2025-02-24 04:13:00,24.60968,24.60968,24.60968,24.60968,2400
DBC,2025-02-24 04:14:00,24.60968,24.60968,24.60968,24.60968,2000
DBC,2025-02-24 04:15:00,24.60968,24.60968,24.60968,24.60968,20700
DBC,2025-02-24 04:16:00,24.60968,24.60968,24.60968,24.60968,11000
DBC,2025-02-24 04:17:00,24.60968,24.60968,24.60968,24.60968,7000
DBC,2025-02-24 04:18:00,24.60968,24.60968,24.5662,24.5662,1400
DBC,2025-02-24 04:19:00,24.5662,24.60968,24.5662,24.5662,17000
DBC,2025-02-24 04:20:00,24.5662,24.60968,24.5662,24.5662,65900
DBC,2025-02-24 04:21:00,24.5662,24.5662,24.52272,24.52272,2500
DBC,2025-02-24 04:22:00,24.52272,24.5662,24.52272,24.52272,2100
DBC,2025-02-24 04:23:00,24.52272,24.52272,24.52272,24.52272,5000
DBC,2025-02-24 04:24:00,24.52272,24.5662,24.52272,24.52272,48900
DBC,2025-02-24 04:25:00,24.52272,24.52272,24.52272,24.52272,27300
DBC,2025-02-24 04:26:00,24.52272,24.5662,24.52272,24.5662,1000
DBC,2025-02-24 04:27:00,24.5662,24.5662,24.52272,24.5662,1500
DBC,2025-02-24 04:28:00,24.5662,24.5662,24.5662,24.5662,48900
DBC,2025-02-24 04:29:00,24.5662,24.5662,24.52272,24.52272,5600
DBC,2025-02-24 06:00:00,24.52272,24.5662,24.52272,24.5662,36000
DBC,2025-02-24 06:02:00,24.5662,24.5662,24.5662,24.5662,6700
DBC,2025-02-24 06:03:00,24.5662,24.5662,24.5662,24.5662,2400
DBC,2025-02-24 06:04:00,24.5662,24.5662,24.5662,24.5662,11400
DBC,2025-02-24 06:05:00,24.5662,24.5662,24.5662,24.5662,32700
DBC,2025-02-24 06:06:00,24.5662,24.60968,24.5662,24.5662,39900
DBC,2025-02-24 06:07:00,24.5662,24.5662,24.5662,24.5662,2800
DBC,2025-02-24 06:08:00,24.5662,24.60968,24.5662,24.60968,4400
DBC,2025-02-24 06:09:00,24.60968,24.60968,24.5662,24.60968,61000
DBC,2025-02-24 06:10:00,24.60968,24.60968,24.5662,24.60968,38000
DBC,2025-02-24 06:11:00,24.60968,24.60968,24.60968,24.60968,6500
DBC,2025-02-24 06:12:00,24.60968,24.60968,24.60968,24.60968,13400
DBC,2025-02-24 06:13:00,24.60968,24.60968,24.5662,24.60968,6500
DBC,2025-02-24 06:14:00,24.60968,24.60968,24.60968,24.60968,17500
DBC,2025-02-24 06:15:00,24.60968,24.60968,24.60968,24.60968,2500
DBC,2025-02-24 06:16:00,24.60968,24.60968,24.60968,24.60968,4100
DBC,2025-02-24 06:17:00,24.60968,24.60968,24.5662,24.60968,1100
DBC,2025-02-24 06:18:00,24.60968,24.60968,24.60968,24.60968,11700
DBC,2025-02-24 06:19:00,24.60968,24.60968,24.5662,24.5662,1300
DBC,2025-02-24 06:20:00,24.5662,24.5662,24.5662,24.5662,500
DBC,2025-02-24 06:21:00,24.5662,24.60968,24.5662,24.5662,28100
DBC,2025-02-24 06:22:00,24.5662,24.5662,24.5662,24.5662,25800
DBC,2025-02-24 06:23:00,24.5662,24.5662,24.52272,24.52272,1200
DBC,2025-02-24 06:24:00,24.52272,24.5662,24.52272,24.5662,25600
DBC,2025-02-24 06:25:00,24.5662,24.5662,24.5662,24.5662,5300
DBC,2025-02-24 06:26:00,24.5662,24.5662,24.5662,24.5662,15300
DBC,2025-02-24 06:27:00,24.5662,24.60968,24.5662,24.5662,200
DBC,2025-02-24 06:28:00,24.5662,24.5662,24.5662,24.5662,24900
DBC,2025-02-24 06:29:00,24.5662,24.5662,24.52272,24.52272,15100
DBC,2025-02-24 06:31:00,24.52272,24.52272,24.52272,24.52272,50300
DBC,2025-02-24 06:32:00,24.52272,24.52272,24.52272,24.52272,8700
DBC,2025-02-24 06:33:00,24.52272,24.52272,24.52272,24.52272,75900
DBC,2025-02-24 06:34:00,24.52272,24.52272,24.52272,24.52272,2800
DBC,2025-02-24 06:35:00,24.52272,24.52272,24.52272,24.52272,1000
DBC,2025-02-24 06:36:00,24.52272,24.52272,24.47924,24.47924,97800
DBC,2025-02-24 06:37:00,24.47924,24.47924,24.47924,24.47924,5500
DBC,2025-02-24 06:38:00,24.47924,24.52272,24.47924,24.52272,2700
DBC,2025-02-24 06:39:00,24.52272,24.52272,24.47924,24.47924,3000
DBC,2025-02-24 06:40:00,24.47924,24.47924,24.47924,24.47924,30500
DBC,2025-02-24 06:41:00,24.47924,24.47924,24.47924,24.47924,500
DBC,2025-02-24 06:42:00,24.47924,24.47924,24.47924,24.47924,900
DBC,2025-02-24 06:43:00,24.47924,24.47924,24.47924,24.47924,19200
DBC,2025-02-24 06:44:00,24.47924,24.52272,24.47924,24.52272,600
DBC,2025-02-24 06:45:00,24.52272,24.52272,24.52272,24.52272,6500
DBC,2025-02-24 06:46:00,24.52272,24.52272,24.47924,24.52272,55400
DBC,2025-02-24 06:47:00,24.52272,24.5662,24.52272,24.5662,21000
DBC,2025-02-24 06:48:00,24.5662,24.60968,24.5662,24.60968,13800
DBC,2025-02-24 06:50:00,24.60968,24.60968,24.5662,24.60968,11400
DBC,2025-02-24 06:51:00,24.60968,24.60968,24.60968,24.60968,23400
DBC,2025-02-24 06:52:00,24.60968,24.60968,24.60968,24.60968,9300
DBC,2025-02-24 06:53:00,24.60968,24.60968,24.60968,24.60968,5900
DBC,2025-02-24 06:54:00,24.60968,24.60968,24.60968,24.60968,500
DBC,2025-02-24 06:55:00,24.60968,24.60968,24.5662,24.5662,2500
DBC,2025-02-24 06:56:00,24.5662,24.5662,24.5662,24.5662,89200
DBC,2025-02-24 06:57:00,24.5662,24.5662,24.52272,24.52272,21800
DBC,2025-02-24 06:58:00,24.52272,24.5662,24.52272,24.5662,24000
DBC,2025-02-24 06:59:00,24.5662,24.5662,24.5662,24.5662,100
DBC,2025-02-24 07:01:00,24.5662,24.5662,24.52272,24.5662,2700
DBC,2025-02-24 07:02:00,24.5662,24.5662,24.5662,24.5662,4100
DBC,2025-02-24 07:03:00,24.5662,24.5662,24.52272,24.5662,16000
DBC,2025-02-24 07:04:00,24.5662,24.5662,24.5662,24.5662,23100
DBC,2025-02-24 07:05:00,24.5662,24.5662,24.5662,24.5662,15000
DBC,2025-02-24 07:06:00,24.5662,24.5662,24.5662,24.5662,35100
DBC,2025-02-24 07:07:00,24.5662,24.5662,24.5662,24.5662,21000
DBC,2025-02-24 07:08:00,24.5662,24.5662,24.52272,24.5662,5000
DBC,2025-02-24 07:09:00,24.5662,24.5662,24.5662,24.5662,11100
DBC,2025-02-24 07:10:00,24.5662,24.5662,24.5662,24.5662,100
DBC,2025-02-24 07:11:00,24.5662,24.5662,24.5662,24.5662,200
DBC,2025-02-24 07:12:00,24.5662,24.5662,24.5662,24.5662,56100
DBC,2025-02-24 07:13:00,24.5662,24.60968,24.5662,24.60968,2600
DBC,2025-02-24 07:14:00,24.60968,24.60968,24.60968,24.60968,1200
DBC,2025-02-24 07:15:00,24.60968,24.60968,24.5662,24.60968,28100
DBC,2025-02-24 07:16:00,24.60968,24.60968,24.5662,24.60968,13600
DBC,2025-02-24 07:17:00,24.60968,24.60968,24.5662,24.5662,56100
DBC,2025-02-24 07:18:00,24.5662,24.5662,24.5662,24.5662,10500
DBC,2025-02-24 07:19:00,24.5662,24.60968,24.5662,24.5662,20200
DBC,2025-02-24 07:20:00,24.5662,24.60968,24.5662,24.5662,13400
DBC,2025-02-24 07:21:00,24.5662,24.5662,24.5662,24.5662,500
DBC,2025-02-24 07:22:00,24.5662,24.60968,24.5662,24.60968,28100
DBC,2025-02-24 07:23:00,24.60968,24.60968,24.5662,24.60968,34800
DBC,2025-02-24 07:24:00,24.60968,24.60968,24.5662,24.60968,23400
DBC,2025-02-24 07:25:00,24.60968,24.65316,24.60968,24.65316,132800
DBC,2025-02-24 07:26:00,24.65316,24.69664,24.65316,24.65316,34700
DBC,2025-02-24 07:27:00,24.65316,24.69664,24.65316,24.69664,211700
DBC,2025-02-24 07:28:00,24.69664,24.74012,24.69664,24.74012,61200
DBC,2025-02-24 07:29:00,24.74012,24.74012,24.69664,24.74012,42700
DBC,2025-02-24 07:30:00,24.74012,24.74012,24.69664,24.69664,1700
DBC,2025-02-24 07:45:00,24.69664,24.69664,24.69664,24.69664,347700
DBC,2025-02-25 02:15:00,24.91404,24.91404,24.87056,24.91404,106100
DBC,2025-02-25 02:16:00,24.91404,24.95752,24.87056,24.95752,47000
DBC,2025-02-25 02:17:00,24.95752,24.95752,24.87056,24.87056,24800
DBC,2025-02-25 02:18:00,24.87056,24.91404,24.87056,24.87056,21200
DBC,2025-02-25 02:19:00,24.87056,24.87056,24.82708,24.82708,27600
DBC,2025-02-25 02:20:00,24.82708,24.87056,24.82708,24.87056,21000
DBC,2025-02-25 02:21:00,24.87056,24.87056,24.82708,24.82708,14800
DBC,2025-02-25 02:22:00,24.82708,24.82708,24.7836,24.7836,16000
DBC,2025-02-25 02:23:00,24.7836,24.82708,24.7836,24.7836,17500
DBC,2025-02-25 02:24:00,24.7836,24.82708,24.7836,24.7836,3900
DBC,2025-02-25 02:25:00,24.7836,24.82708,24.7836,24.7836,29600
DBC,2025-02-25 02:26:00,24.7836,24.82708,24.7836,24.82708,7900
DBC,2025-02-25 02:27:00,24.82708,24.82708,24.7836,24.7836,7900
DBC,2025-02-25 02:28:00,24.7836,24.7836,24.7836,24.7836,4100
DBC,2025-02-25 02:29:00,24.7836,24.82708,24.7836,24.82708,38500
DBC,2025-02-25 02:30:00,24.82708,24.82708,24.74012,24.74012,17900
DBC,2025-02-25 02:31:00,24.74012,24.7836,24.74012,24.74012,10700
DBC,2025-02-25 02:32:00,24.74012,24.7836,24.74012,24.7836,24200
DBC,2025-02-25 02:33:00,24.7836,24.7836,24.74012,24.74012,13000
DBC,2025-02-25 02:34:00,24.74012,24.74012,24.69664,24.74012,24500
DBC,2025-02-25 02:35:00,24.74012,24.74012,24.74012,24.74012,17400
DBC,2025-02-25 02:36:00,24.74012,24.74012,24.69664,24.74012,6900
DBC,2025-02-25 02:37:00,24.74012,24.7836,24.69664,24.7836,53100
DBC,2025-02-25 02:38:00,24.7836,24.7836,24.7836,24.7836,2000
DBC,2025-02-25 02:39:00,24.7836,24.7836,24.7836,24.7836,1200
DBC,2025-02-25 02:40:00,24.7836,24.7836,24.74012,24.7836,84700
DBC,2025-02-25 02:41:00,24.7836,24.7836,24.7836,24.7836,300
DBC,2025-02-25 02:42:00,24.7836,24.7836,24.7836,24.7836,7000
DBC,2025-02-25 02:43:00,24.7836,24.7836,24.7836,24.7836,33900
DBC,2025-02-25 02:44:00,24.7836,24.7836,24.7836,24.7836,15400
DBC,2025-02-25 02:45:00,24.7836,24.7836,24.7836,24.7836,31100
DBC,2025-02-25 02:46:00,24.7836,24.82708,24.7836,24.82708,7200
DBC,2025-02-25 02:47:00,24.82708,24.87056,24.82708,24.82708,54700
DBC,2025-02-25 02:48:00,24.82708,24.82708,24.82708,24.82708,11700
DBC,2025-02-25 02:49:00,24.82708,24.87056,24.82708,24.82708,7200
DBC,2025-02-25 02:50:00,24.82708,24.82708,24.7836,24.82708,2800
DBC,2025-02-25 02:51:00,24.82708,24.82708,24.82708,24.82708,4100
DBC,2025-02-25 02:52:00,24.82708,24.87056,24.7836,24.7836,26200
DBC,2025-02-25 02:53:00,24.7836,24.82708,24.7836,24.82708,2000
DBC,2025-02-25 02:54:00,24.82708,24.82708,24.82708,24.82708,3100
DBC,2025-02-25 02:55:00,24.82708,24.82708,24.82708,24.82708,200
DBC,2025-02-25 02:56:00,24.82708,24.82708,24.7836,24.82708,14900
DBC,2025-02-25 02:57:00,24.82708,24.82708,24.82708,24.82708,28300
DBC,2025-02-25 02:58:00,24.82708,24.82708,24.82708,24.82708,16700
DBC,2025-02-25 02:59:00,24.82708,24.87056,24.82708,24.87056,6400
DBC,2025-02-25 03:00:00,24.87056,24.87056,24.87056,24.87056,2300
DBC,2025-02-25 03:01:00,24.87056,24.87056,24.82708,24.82708,10600
DBC,2025-02-25 03:02:00,24.82708,24.82708,24.82708,24.82708,1200
DBC,2025-02-25 03:03:00,24.82708,24.82708,24.82708,24.82708,28000
DBC,2025-02-25 03:04:00,24.82708,24.82708,24.7836,24.7836,10600
DBC,2025-02-25 03:05:00,24.7836,24.82708,24.7836,24.7836,1300
DBC,2025-02-25 03:06:00,24.7836,24.82708,24.7836,24.7836,9800
DBC,2025-02-25 03:07:00,24.7836,24.82708,24.7836,24.82708,33200
DBC,2025-02-25 03:08:00,24.82708,24.82708,24.7836,24.7836,52600
DBC,2025-02-25 03:09:00,24.7836,24.7836,24.7836,24.7836,66700
DBC,2025-02-25 03:10:00,24.7836,24.7836,24.69664,24.69664,34300
DBC,2025-02-25 03:11:00,24.69664,24.7836,24.69664,24.74012,172000
DBC,2025-02-25 03:12:00,24.74012,24.74012,24.74012,24.74012,2200
DBC,2025-02-25 03:13:00,24.74012,24.74012,24.74012,24.74012,800
DBC,2025-02-25 03:14:00,24.74012,24.74012,24.69664,24.69664,3800
DBC,2025-02-25 03:15:00,24.69664,24.74012,24.69664,24.69664,8100
DBC,2025-02-25 03:16:00,24.69664,24.74012,24.69664,24.74012,58500
DBC,2025-02-25 03:17:00,24.74012,24.74012,24.69664,24.74012,1700
DBC,2025-02-25 03:18:00,24.74012,24.74012,24.74012,24.74012,500
DBC,2025-02-25 03:19:00,24.74012,24.7836,24.74012,24.7836,10300
DBC,2025-02-25 03:20:00,24.7836,24.7836,24.74012,24.74012,300
DBC,2025-02-25 03:21:00,24.74012,24.74012,24.74012,24.74012,1700
DBC,2025-02-25 03:22:00,24.74012,24.7836,24.74012,24.7836,13500
DBC,2025-02-25 03:23:00,24.7836,24.7836,24.7836,24.7836,41800
DBC,2025-02-25 03:24:00,24.7836,24.7836,24.7836,24.7836,12800
DBC,2025-02-25 03:25:00,24.7836,24.7836,24.7836,24.7836,39500
DBC,2025-02-25 03:26:00,24.7836,24.7836,24.7836,24.7836,8000
DBC,2025-02-25 03:27:00,24.7836,24.7836,24.7836,24.7836,8600
DBC,2025-02-25 03:28:00,24.7836,24.7836,24.7836,24.7836,16600
DBC,2025-02-25 03:29:00,24.7836,24.7836,24.7836,24.7836,12000
DBC,2025-02-25 03:30:00,24.7836,24.7836,24.7836,24.7836,27200
DBC,2025-02-25 03:31:00,24.7836,24.7836,24.7836,24.7836,3100
DBC,2025-02-25 03:32:00,24.7836,24.7836,24.7836,24.7836,21200
DBC,2025-02-25 03:33:00,24.7836,24.7836,24.7836,24.7836,6800
DBC,2025-02-25 03:34:00,24.7836,24.7836,24.7836,24.7836,32700
DBC,2025-02-25 03:35:00,24.7836,24.7836,24.7836,24.7836,1000
DBC,2025-02-25 03:36:00,24.7836,24.7836,24.7836,24.7836,2300
DBC,2025-02-25 03:37:00,24.7836,24.7836,24.7836,24.7836,22500
DBC,2025-02-25 03:38:00,24.7836,24.82708,24.7836,24.7836,2100
DBC,2025-02-25 03:39:00,24.7836,24.82708,24.7836,24.82708,25000
DBC,2025-02-25 03:40:00,24.82708,24.82708,24.82708,24.82708,500
DBC,2025-02-25 03:41:00,24.82708,24.82708,24.7836,24.82708,10500
DBC,2025-02-25 03:42:00,24.82708,24.82708,24.7836,24.7836,1100
DBC,2025-02-25 03:43:00,24.7836,24.82708,24.7836,24.7836,7100
DBC,2025-02-25 03:44:00,24.7836,24.7836,24.7836,24.7836,700
DBC,2025-02-25 03:45:00,24.7836,24.7836,24.7836,24.7836,24700
DBC,2025-02-25 03:46:00,24.7836,24.7836,24.7836,24.7836,34800
DBC,2025-02-25 03:47:00,24.7836,24.7836,24.7836,24.7836,200
DBC,2025-02-25 03:48:00,24.7836,24.7836,24.7836,24.7836,8200
DBC,2025-02-25 03:49:00,24.7836,24.7836,24.74012,24.74012,400
DBC,2025-02-25 03:50:00,24.74012,24.7836,24.74012,24.74012,800
DBC,2025-02-25 03:51:00,24.74012,24.74012,24.74012,24.74012,3000
DBC,2025-02-25 03:52:00,24.74012,24.7836,24.74012,24.7836,52300
DBC,2025-02-25 03:53:00,24.7836,24.7836,24.74012,24.7836,11300
DBC,2025-02-25 03:54:00,24.7836,24.7836,24.7836,24.7836,5300
DBC,2025-02-25 03:55:00,24.7836,24.7836,24.74012,24.74012,5500
DBC,2025-02-25 03:56:00,24.74012,24.74012,24.74012,24.74012,100
DBC,2025-02-25 03:57:00,24.74012,24.7836,24.74012,24.7836,21900
DBC,2025-02-25 03:58:00,24.7836,24.7836,24.7836,24.7836,20900
DBC,2025-02-25 03:59:00,24.7836,24.82708,24.7836,24.82708,16400
DBC,2025-02-25 04:00:00,24.82708,24.82708,24.7836,24.7836,11400
DBC,2025-02-25 04:01:00,24.7836,24.7836,24.7836,24.7836,53500
DBC,2025-02-25 04:02:00,24.7836,24.7836,24.74012,24.74012,65000
DBC,2025-02-25 04:03:00,24.74012,24.74012,24.69664,24.69664,19100
DBC,2025-02-25 04:04:00,24.69664,24.74012,24.69664,24.69664,103500
DBC,2025-02-25 04:05:00,24.69664,24.69664,24.69664,24.69664,28300
DBC,2025-02-25 04:06:00,24.69664,24.69664,24.69664,24.69664,7000
DBC,2025-02-25 04:07:00,24.69664,24.69664,24.69664,24.69664,25100
DBC,2025-02-25 04:08:00,24.69664,24.69664,24.65316,24.69664,3200
DBC,2025-02-25 04:09:00,24.69664,24.69664,24.69664,24.69664,5000
DBC,2025-02-25 04:10:00,24.69664,24.69664,24.65316,24.69664,11300
DBC,2025-02-25 04:11:00,24.69664,24.69664,24.65316,24.69664,11200
DBC,2025-02-25 04:12:00,24.69664,24.69664,24.65316,24.65316,15900
DBC,2025-02-25 04:13:00,24.65316,24.65316,24.65316,24.65316,59300
DBC,2025-02-25 04:14:00,24.65316,24.65316,24.60968,24.65316,19500
DBC,2025-02-25 04:15:00,24.65316,24.65316,24.60968,24.60968,53400
DBC,2025-02-25 04:16:00,24.60968,24.65316,24.60968,24.60968,67900
DBC,2025-02-25 04:18:00,24.60968,24.60968,24.5662,24.5662,16000
DBC,2025-02-25 04:19:00,24.5662,24.60968,24.5662,24.60968,7600
DBC,2025-02-25 04:20:00,24.60968,24.60968,24.5662,24.5662,2500
DBC,2025-02-25 04:21:00,24.5662,24.60968,24.5662,24.60968,25100
DBC,2025-02-25 04:22:00,24.60968,24.60968,24.5662,24.5662,1900
DBC,2025-02-25 04:23:00,24.5662,24.60968,24.5662,24.60968,13300
DBC,2025-02-25 04:24:00,24.60968,24.60968,24.60968,24.60968,600
DBC,2025-02-25 04:25:00,24.60968,24.60968,24.5662,24.60968,9400
DBC,2025-02-25 04:26:00,24.60968,24.60968,24.5662,24.5662,15200
DBC,2025-02-25 04:27:00,24.5662,24.60968,24.5662,24.60968,15300
DBC,2025-02-25 04:28:00,24.60968,24.60968,24.5662,24.5662,41000
DBC,2025-02-25 04:29:00,24.5662,24.60968,24.5662,24.5662,39400
DBC,2025-02-25 06:00:00,24.5662,24.60968,24.5662,24.5662,62400
DBC,2025-02-25 06:01:00,24.5662,24.5662,24.5662,24.5662,5500
DBC,2025-02-25 06:02:00,24.5662,24.60968,24.5662,24.5662,14000
DBC,2025-02-25 06:03:00,24.5662,24.5662,24.5662,24.5662,10700
DBC,2025-02-25 06:04:00,24.5662,24.5662,24.5662,24.5662,4600
DBC,2025-02-25 06:05:00,24.5662,24.5662,24.5662,24.5662,25000
DBC,2025-02-25 06:06:00,24.5662,24.5662,24.5662,24.5662,4000
DBC,2025-02-25 06:07:00,24.5662,24.60968,24.5662,24.60968,30600
DBC,2025-02-25 06:08:00,24.60968,24.60968,24.60968,24.60968,18700
DBC,2025-02-25 06:09:00,24.60968,24.65316,24.60968,24.65316,5000
DBC,2025-02-25 06:10:00,24.65316,24.65316,24.60968,24.65316,18400
DBC,2025-02-25 06:11:00,24.65316,24.65316,24.60968,24.65316,33200
DBC,2025-02-25 06:12:00,24.65316,24.65316,24.65316,24.65316,500
DBC,2025-02-25 06:13:00,24.65316,24.69664,24.65316,24.65316,7700
DBC,2025-02-25 06:14:00,24.65316,24.69664,24.65316,24.69664,48600
DBC,2025-02-25 06:15:00,24.69664,24.74012,24.69664,24.74012,17000
DBC,2025-02-25 06:16:00,24.74012,24.74012,24.74012,24.74012,7100
DBC,2025-02-25 06:17:00,24.74012,24.74012,24.74012,24.74012,9400
DBC,2025-02-25 06:19:00,24.74012,24.74012,24.69664,24.69664,1000
DBC,2025-02-25 06:20:00,24.69664,24.69664,24.69664,24.69664,12400
DBC,2025-02-25 06:21:00,24.69664,24.69664,24.69664,24.69664,43700
DBC,2025-02-25 06:22:00,24.69664,24.69664,24.69664,24.69664,6200
DBC,2025-02-25 06:23:00,24.69664,24.69664,24.65316,24.69664,10400
DBC,2025-02-25 06:24:00,24.69664,24.69664,24.69664,24.69664,2000
DBC,2025-02-25 06:25:00,24.69664,24.69664,24.65316,24.69664,23400
DBC,2025-02-25 06:26:00,24.69664,24.69664,24.69664,24.69664,4200
DBC,2025-02-25 06:27:00,24.69664,24.69664,24.69664,24.69664,300
DBC,2025-02-25 06:28:00,24.69664,24.69664,24.69664,24.69664,29200
DBC,2025-02-25 06:29:00,24.69664,24.69664,24.69664,24.69664,1000
DBC,2025-02-25 06:30:00,24.69664,24.69664,24.69664,24.69664,100
DBC,2025-02-25 06:31:00,24.69664,24.69664,24.69664,24.69664,17200
DBC,2025-02-25 06:32:00,24.69664,24.69664,24.69664,24.69664,6700
DBC,2025-02-25 06:33:00,24.69664,24.69664,24.69664,24.69664,600
DBC,2025-02-25 06:34:00,24.69664,24.69664,24.69664,24.69664,17000
DBC,2025-02-25 06:35:00,24.69664,24.69664,24.65316,24.65316,18500
DBC,2025-02-25 06:36:00,24.65316,24.65316,24.60968,24.60968,58000
DBC,2025-02-25 06:37:00,24.60968,24.60968,24.60968,24.60968,12000
DBC,2025-02-25 06:38:00,24.60968,24.65316,24.60968,24.65316,1000
DBC,2025-02-25 06:39:00,24.65316,24.65316,24.65316,24.65316,200
DBC,2025-02-25 06:40:00,24.65316,24.65316,24.60968,24.65316,50600
DBC,2025-02-25 06:41:00,24.65316,24.65316,24.65316,24.65316,1000
DBC,2025-02-25 06:42:00,24.65316,24.65316,24.60968,24.60968,42100
DBC,2025-02-25 06:43:00,24.60968,24.60968,24.5662,24.5662,10100
DBC,2025-02-25 06:44:00,24.5662,24.60968,24.5662,24.60968,17200
DBC,2025-02-25 06:45:00,24.60968,24.65316,24.60968,24.60968,8200
DBC,2025-02-25 06:46:00,24.60968,24.65316,24.60968,24.60968,3000
DBC,2025-02-25 06:47:00,24.60968,24.60968,24.60968,24.60968,1000
DBC,2025-02-25 06:48:00,24.60968,24.60968,24.60968,24.60968,5000
DBC,2025-02-25 06:49:00,24.60968,24.60968,24.60968,24.60968,4100
DBC,2025-02-25 06:50:00,24.60968,24.60968,24.60968,24.60968,16000
DBC,2025-02-25 06:51:00,24.60968,24.65316,24.60968,24.65316,2200
DBC,2025-02-25 06:52:00,24.65316,24.65316,24.60968,24.60968,2400
DBC,2025-02-25 06:53:00,24.60968,24.60968,24.60968,24.60968,4500
DBC,2025-02-25 06:54:00,24.60968,24.60968,24.60968,24.60968,2100
DBC,2025-02-25 06:55:00,24.60968,24.60968,24.60968,24.60968,62500
DBC,2025-02-25 06:56:00,24.60968,24.60968,24.60968,24.60968,4300
DBC,2025-02-25 06:57:00,24.60968,24.60968,24.60968,24.60968,16500
DBC,2025-02-25 06:58:00,24.60968,24.60968,24.60968,24.60968,3600
DBC,2025-02-25 06:59:00,24.60968,24.60968,24.60968,24.60968,15000
DBC,2025-02-25 07:00:00,24.60968,24.60968,24.5662,24.5662,99400
DBC,2025-02-25 07:01:00,24.5662,24.5662,24.5662,24.5662,50000
DBC,2025-02-25 07:02:00,24.5662,24.5662,24.52272,24.5662,43600
DBC,2025-02-25 07:03:00,24.5662,24.5662,24.5662,24.5662,27400
DBC,2025-02-25 07:04:00,24.5662,24.60968,24.5662,24.60968,22000
DBC,2025-02-25 07:05:00,24.60968,24.60968,24.5662,24.60968,21200
DBC,2025-02-25 07:06:00,24.60968,24.60968,24.5662,24.5662,24500
DBC,2025-02-25 07:07:00,24.5662,24.60968,24.5662,24.60968,2900
DBC,2025-02-25 07:08:00,24.60968,24.60968,24.5662,24.5662,6100
DBC,2025-02-25 07:09:00,24.5662,24.5662,24.5662,24.5662,25200
DBC,2025-02-25 07:10:00,24.5662,24.5662,24.5662,24.5662,62600
DBC,2025-02-25 07:11:00,24.5662,24.5662,24.5662,24.5662,29800
DBC,2025-02-25 07:12:00,24.5662,24.60968,24.5662,24.60968,15100
DBC,2025-02-25 07:13:00,24.60968,24.60968,24.5662,24.60968,36400
DBC,2025-02-25 07:14:00,24.60968,24.60968,24.5662,24.5662,7600
DBC,2025-02-25 07:15:00,24.5662,24.60968,24.5662,24.60968,700
DBC,2025-02-25 07:16:00,24.60968,24.60968,24.5662,24.5662,5600
DBC,2025-02-25 07:17:00,24.5662,24.5662,24.5662,24.5662,100
DBC,2025-02-25 07:18:00,24.5662,24.60968,24.5662,24.5662,7200
DBC,2025-02-25 07:19:00,24.5662,24.60968,24.5662,24.60968,80400
DBC,2025-02-25 07:20:00,24.60968,24.60968,24.60968,24.60968,2600
DBC,2025-02-25 07:21:00,24.60968,24.65316,24.60968,24.65316,17500
DBC,2025-02-25 07:22:00,24.65316,24.65316,24.60968,24.65316,300
DBC,2025-02-25 07:23:00,24.65316,24.65316,24.60968,24.65316,10600
DBC,2025-02-25 07:24:00,24.65316,24.65316,24.60968,24.65316,8200
DBC,2025-02-25 07:25:00,24.65316,24.69664,24.60968,24.69664,60400
DBC,2025-02-25 07:26:00,24.69664,24.69664,24.65316,24.65316,2200
DBC,2025-02-25 07:27:00,24.65316,24.65316,24.65316,24.65316,6100
DBC,2025-02-25 07:28:00,24.65316,24.69664,24.65316,24.65316,15900
DBC,2025-02-25 07:29:00,24.65316,24.69664,24.65316,24.65316,58700
DBC,2025-02-25 07:45:00,24.60968,24.60968,24.60968,24.60968,220900
DBC,2025-02-26 02:15:00,24.82708,24.91404,24.7836,24.91404,221200
DBC,2025-02-26 02:16:00,24.91404,24.95752,24.91404,24.91404,74800
DBC,2025-02-26 02:17:00,24.91404,24.91404,24.87056,24.91404,14700
DBC,2025-02-26 02:18:00,24.91404,24.91404,24.87056,24.91404,38600
DBC,2025-02-26 02:19:00,24.91404,24.91404,24.82708,24.82708,3800
DBC,2025-02-26 02:20:00,24.82708,24.87056,24.82708,24.82708,23500
DBC,2025-02-26 02:21:00,24.82708,24.82708,24.7836,24.7836,33500
DBC,2025-02-26 02:22:00,24.7836,24.82708,24.7836,24.82708,6100
DBC,2025-02-26 02:23:00,24.82708,24.82708,24.7836,24.7836,7000
DBC,2025-02-26 02:24:00,24.7836,24.7836,24.7836,24.7836,5200
DBC,2025-02-26 02:25:00,24.7836,24.7836,24.7836,24.7836,23200
DBC,2025-02-26 02:26:00,24.7836,24.82708,24.7836,24.7836,11500
DBC,2025-02-26 02:27:00,24.7836,24.7836,24.7836,24.7836,35900
DBC,2025-02-26 02:28:00,24.7836,24.7836,24.7836,24.7836,13900
DBC,2025-02-26 02:29:00,24.7836,24.7836,24.74012,24.74012,66600
DBC,2025-02-26 02:30:00,24.74012,24.74012,24.74012,24.74012,9400
DBC,2025-02-26 02:31:00,24.74012,24.74012,24.74012,24.74012,3000
DBC,2025-02-26 02:32:00,24.74012,24.74012,24.69664,24.69664,31900
DBC,2025-02-26 02:33:00,24.69664,24.74012,24.69664,24.74012,62600
DBC,2025-02-26 02:34:00,24.74012,24.74012,24.69664,24.69664,4000
DBC,2025-02-26 02:35:00,24.69664,24.74012,24.69664,24.74012,39100
DBC,2025-02-26 02:36:00,24.74012,24.74012,24.69664,24.69664,49700
DBC,2025-02-26 02:37:00,24.69664,24.74012,24.69664,24.74012,13000
DBC,2025-02-26 02:38:00,24.74012,24.74012,24.74012,24.74012,50900
DBC,2025-02-26 02:39:00,24.74012,24.74012,24.74012,24.74012,5100
DBC,2025-02-26 02:40:00,24.74012,24.74012,24.74012,24.74012,2000
DBC,2025-02-26 02:41:00,24.74012,24.74012,24.74012,24.74012,13400
DBC,2025-02-26 02:42:00,24.74012,24.74012,24.74012,24.74012,500
DBC,2025-02-26 02:43:00,24.74012,24.74012,24.69664,24.69664,10100
DBC,2025-02-26 02:44:00,24.69664,24.74012,24.69664,24.74012,3800
DBC,2025-02-26 02:45:00,24.74012,24.74012,24.74012,24.74012,28100
DBC,2025-02-26 02:46:00,24.74012,24.74012,24.69664,24.74012,52300
DBC,2025-02-26 02:47:00,24.74012,24.74012,24.69664,24.74012,61600
DBC,2025-02-26 02:48:00,24.74012,24.74012,24.74012,24.74012,3600
DBC,2025-02-26 02:49:00,24.74012,24.74012,24.69664,24.69664,1500
DBC,2025-02-26 02:50:00,24.69664,24.69664,24.69664,24.69664,7700
DBC,2025-02-26 02:51:00,24.69664,24.69664,24.69664,24.69664,800
DBC,2025-02-26 02:52:00,24.69664,24.74012,24.69664,24.74012,73700
DBC,2025-02-26 02:53:00,24.74012,24.7836,24.74012,24.74012,8200
DBC,2025-02-26 02:54:00,24.74012,24.74012,24.74012,24.74012,2000
DBC,2025-02-26 02:55:00,24.74012,24.74012,24.74012,24.74012,53800
DBC,2025-02-26 02:56:00,24.74012,24.74012,24.74012,24.74012,18500
DBC,2025-02-26 02:57:00,24.74012,24.74012,24.74012,24.74012,3900
DBC,2025-02-26 02:58:00,24.74012,24.74012,24.74012,24.74012,500
DBC,2025-02-26 02:59:00,24.74012,24.74012,24.74012,24.74012,1100
DBC,2025-02-26 03:00:00,24.74012,24.74012,24.74012,24.74012,2000
DBC,2025-02-26 03:02:00,24.74012,24.7836,24.74012,24.7836,51400
DBC,2025-02-26 03:03:00,24.7836,24.7836,24.74012,24.74012,42100
DBC,2025-02-26 03:04:00,24.74012,24.74012,24.74012,24.74012,39300
DBC,2025-02-26 03:05:00,24.74012,24.74012,24.74012,24.74012,8400
DBC,2025-02-26 03:06:00,24.74012,24.74012,24.74012,24.74012,2800
DBC,2025-02-26 03:07:00,24.74012,24.7836,24.74012,24.7836,93900
DBC,2025-02-26 03:08:00,24.7836,24.7836,24.74012,24.7836,5200
DBC,2025-02-26 03:09:00,24.7836,24.7836,24.7836,24.7836,100
DBC,2025-02-26 03:10:00,24.7836,24.7836,24.74012,24.74012,8200
DBC,2025-02-26 03:11:00,24.74012,24.74012,24.74012,24.74012,5000
DBC,2025-02-26 03:12:00,24.74012,24.7836,24.74012,24.74012,1500
DBC,2025-02-26 03:13:00,24.74012,24.74012,24.74012,24.74012,14300
DBC,2025-02-26 03:14:00,24.74012,24.74012,24.74012,24.74012,17300
DBC,2025-02-26 03:16:00,24.74012,24.74012,24.74012,24.74012,5000
DBC,2025-02-26 03:17:00,24.74012,24.7836,24.74012,24.74012,81800
DBC,2025-02-26 03:18:00,24.74012,24.74012,24.74012,24.74012,2800
DBC,2025-02-26 03:19:00,24.74012,24.74012,24.74012,24.74012,1300
DBC,2025-02-26 03:20:00,24.74012,24.74012,24.74012,24.74012,3100
DBC,2025-02-26 03:21:00,24.74012,24.74012,24.74012,24.74012,2900
DBC,2025-02-26 03:22:00,24.74012,24.7836,24.74012,24.7836,68100
DBC,2025-02-26 03:23:00,24.7836,24.7836,24.74012,24.7836,45200
DBC,2025-02-26 03:24:00,24.7836,24.7836,24.74012,24.74012,23800
DBC,2025-02-26 03:25:00,24.74012,24.7836,24.74012,24.7836,6800
DBC,2025-02-26 03:26:00,24.7836,24.7836,24.74012,24.74012,4000
DBC,2025-02-26 03:27:00,24.74012,24.74012,24.74012,24.74012,10600
DBC,2025-02-26 03:28:00,24.74012,24.74012,24.74012,24.74012,11800
DBC,2025-02-26 03:29:00,24.74012,24.74012,24.74012,24.74012,24400
DBC,2025-02-26 03:30:00,24.74012,24.74012,24.74012,24.74012,2800
DBC,2025-02-26 03:31:00,24.74012,24.74012,24.74012,24.74012,2700
DBC,2025-02-26 03:32:00,24.74012,24.74012,24.74012,24.74012,14000
DBC,2025-02-26 03:33:00,24.74012,24.74012,24.74012,24.74012,4600
DBC,2025-02-26 03:34:00,24.74012,24.74012,24.74012,24.74012,14800
DBC,2025-02-26 03:35:00,24.74012,24.74012,24.74012,24.74012,600
DBC,2025-02-26 03:36:00,24.74012,24.74012,24.74012,24.74012,4200
DBC,2025-02-26 03:37:00,24.74012,24.74012,24.74012,24.74012,4800
DBC,2025-02-26 03:38:00,24.74012,24.74012,24.74012,24.74012,300
DBC,2025-02-26 03:39:00,24.74012,24.74012,24.74012,24.74012,3700
DBC,2025-02-26 03:40:00,24.74012,24.74012,24.74012,24.74012,600
DBC,2025-02-26 03:41:00,24.74012,24.74012,24.69664,24.69664,15100
DBC,2025-02-26 03:42:00,24.69664,24.69664,24.69664,24.69664,1300
DBC,2025-02-26 03:43:00,24.69664,24.74012,24.69664,24.69664,23400
DBC,2025-02-26 03:44:00,24.69664,24.69664,24.69664,24.69664,2000
DBC,2025-02-26 03:45:00,24.69664,24.69664,24.69664,24.69664,100
DBC,2025-02-26 03:46:00,24.69664,24.69664,24.69664,24.69664,10000
DBC,2025-02-26 03:47:00,24.69664,24.74012,24.69664,24.69664,29400
DBC,2025-02-26 03:48:00,24.69664,24.69664,24.69664,24.69664,10300
DBC,2025-02-26 03:49:00,24.69664,24.69664,24.69664,24.69664,39100
DBC,2025-02-26 03:50:00,24.69664,24.69664,24.69664,24.69664,1800
DBC,2025-02-26 03:51:00,24.69664,24.69664,24.69664,24.69664,3800
DBC,2025-02-26 03:52:00,24.69664,24.74012,24.69664,24.74012,94500
DBC,2025-02-26 03:53:00,24.74012,24.74012,24.74012,24.74012,11000
DBC,2025-02-26 03:54:00,24.74012,24.74012,24.74012,24.74012,29800
DBC,2025-02-26 03:55:00,24.74012,24.7836,24.74012,24.74012,3300
DBC,2025-02-26 03:57:00,24.74012,24.74012,24.74012,24.74012,1300
DBC,2025-02-26 03:58:00,24.74012,24.74012,24.74012,24.74012,3100
DBC,2025-02-26 03:59:00,24.74012,24.74012,24.74012,24.74012,3400
DBC,2025-02-26 04:00:00,24.74012,24.7836,24.74012,24.7836,215600
DBC,2025-02-26 04:01:00,24.7836,24.82708,24.7836,24.82708,14900
DBC,2025-02-26 04:03:00,24.82708,24.82708,24.7836,24.82708,13100
DBC,2025-02-26 04:04:00,24.82708,24.87056,24.82708,24.87056,140200
DBC,2025-02-26 04:05:00,24.87056,24.87056,24.87056,24.87056,13900
DBC,2025-02-26 04:06:00,24.87056,24.87056,24.82708,24.82708,26700
DBC,2025-02-26 04:07:00,24.82708,24.82708,24.82708,24.82708,58300
DBC,2025-02-26 04:08:00,24.82708,24.87056,24.82708,24.87056,36200
DBC,2025-02-26 04:09:00,24.87056,24.87056,24.82708,24.82708,1000
DBC,2025-02-26 04:10:00,24.82708,24.82708,24.82708,24.82708,45700
DBC,2025-02-26 04:11:00,24.82708,24.82708,24.82708,24.82708,2200
DBC,2025-02-26 04:12:00,24.82708,24.82708,24.82708,24.82708,7000
DBC,2025-02-26 04:13:00,24.82708,24.82708,24.82708,24.82708,30000
DBC,2025-02-26 04:14:00,24.82708,24.82708,24.82708,24.82708,24500
DBC,2025-02-26 04:15:00,24.82708,24.82708,24.82708,24.82708,400
DBC,2025-02-26 04:17:00,24.82708,24.82708,24.7836,24.7836,2000
DBC,2025-02-26 04:18:00,24.7836,24.82708,24.7836,24.82708,1000
DBC,2025-02-26 04:19:00,24.82708,24.82708,24.82708,24.82708,7500
DBC,2025-02-26 04:20:00,24.82708,24.82708,24.7836,24.82708,11100
DBC,2025-02-26 04:21:00,24.82708,24.82708,24.82708,24.82708,100
DBC,2025-02-26 04:24:00,24.82708,24.82708,24.82708,24.82708,100
DBC,2025-02-26 04:25:00,24.82708,24.82708,24.7836,24.82708,2300
DBC,2025-02-26 04:26:00,24.82708,24.82708,24.82708,24.82708,51200
DBC,2025-02-26 04:27:00,24.82708,24.82708,24.82708,24.82708,20800
DBC,2025-02-26 04:28:00,24.82708,24.87056,24.82708,24.87056,2400
DBC,2025-02-26 04:29:00,24.87056,24.87056,24.82708,24.87056,4500
DBC,2025-02-26 06:00:00,24.87056,24.87056,24.82708,24.87056,20900
DBC,2025-02-26 06:02:00,24.87056,24.87056,24.82708,24.82708,11100
DBC,2025-02-26 06:03:00,24.82708,24.82708,24.82708,24.82708,10500
DBC,2025-02-26 06:04:00,24.82708,24.82708,24.82708,24.82708,40600
DBC,2025-02-26 06:05:00,24.82708,24.82708,24.82708,24.82708,52200
DBC,2025-02-26 06:06:00,24.82708,24.82708,24.7836,24.7836,1500
DBC,2025-02-26 06:07:00,24.7836,24.7836,24.7836,24.7836,800
DBC,2025-02-26 06:08:00,24.7836,24.82708,24.7836,24.82708,400
DBC,2025-02-26 06:09:00,24.82708,24.82708,24.82708,24.82708,5000
DBC,2025-02-26 06:10:00,24.82708,24.82708,24.7836,24.7836,4600
DBC,2025-02-26 06:11:00,24.7836,24.82708,24.7836,24.82708,3000
DBC,2025-02-26 06:12:00,24.82708,24.82708,24.82708,24.82708,59700
DBC,2025-02-26 06:13:00,24.82708,25.001,24.82708,25.001,874500
DBC,2025-02-26 06:14:00,25.001,25.08796,25.001,25.08796,290300
DBC,2025-02-26 06:15:00,25.08796,25.17492,25.08796,25.13144,219300
DBC,2025-02-26 06:16:00,25.13144,25.17492,25.13144,25.17492,117500
DBC,2025-02-26 06:17:00,25.17492,25.17492,25.08796,25.08796,120400
DBC,2025-02-26 06:18:00,25.08796,25.13144,25.08796,25.08796,65400
DBC,2025-02-26 06:19:00,25.08796,25.08796,25.08796,25.08796,92300
DBC,2025-02-26 06:20:00,25.08796,25.08796,25.08796,25.08796,15200
DBC,2025-02-26 06:21:00,25.08796,25.13144,25.04448,25.08796,90900
DBC,2025-02-26 06:22:00,25.08796,25.13144,25.08796,25.13144,143300
DBC,2025-02-26 06:23:00,25.13144,25.17492,25.13144,25.17492,61400
DBC,2025-02-26 06:24:00,25.17492,25.17492,25.13144,25.13144,85700
DBC,2025-02-26 06:25:00,25.13144,25.17492,25.08796,25.17492,24400
DBC,2025-02-26 06:26:00,25.17492,25.17492,25.13144,25.13144,20200
DBC,2025-02-26 06:27:00,25.13144,25.17492,25.13144,25.13144,78900
DBC,2025-02-26 06:28:00,25.13144,25.17492,25.08796,25.08796,124000
DBC,2025-02-26 06:29:00,25.08796,25.13144,25.08796,25.13144,23800
DBC,2025-02-26 06:30:00,25.13144,25.13144,25.08796,25.13144,15400
DBC,2025-02-26 06:31:00,25.13144,25.13144,25.04448,25.04448,142700
DBC,2025-02-26 06:32:00,25.04448,25.08796,25.04448,25.04448,62800
DBC,2025-02-26 06:33:00,25.04448,25.08796,25.04448,25.08796,45100
DBC,2025-02-26 06:34:00,25.08796,25.08796,25.04448,25.04448,40900
DBC,2025-02-26 06:35:00,25.04448,25.08796,25.04448,25.04448,76100
DBC,2025-02-26 06:36:00,25.04448,25.08796,25.04448,25.04448,62000
DBC,2025-02-26 06:37:00,25.04448,25.04448,25.04448,25.04448,14500
DBC,2025-02-26 06:38:00,25.04448,25.08796,25.04448,25.04448,42200
DBC,2025-02-26 06:39:00,25.04448,25.08796,25.04448,25.08796,38800
DBC,2025-02-26 06:40:00,25.08796,25.08796,25.04448,25.04448,9000
DBC,2025-02-26 06:41:00,25.04448,25.08796,25.001,25.04448,122500
DBC,2025-02-26 06:42:00,25.04448,25.08796,25.04448,25.04448,43800
DBC,2025-02-26 06:43:00,25.04448,25.04448,25.001,25.001,10400
DBC,2025-02-26 06:44:00,25.001,25.04448,25.001,25.04448,25900
DBC,2025-02-26 06:45:00,25.04448,25.04448,25.04448,25.04448,4900
DBC,2025-02-26 06:46:00,25.04448,25.04448,25.001,25.04448,9200
DBC,2025-02-26 06:47:00,25.04448,25.04448,25.001,25.04448,6600
DBC,2025-02-26 06:48:00,25.04448,25.04448,25.001,25.04448,12400
DBC,2025-02-26 06:49:00,25.04448,25.04448,25.001,25.04448,27200
DBC,2025-02-26 06:50:00,25.04448,25.04448,25.001,25.04448,92500
DBC,2025-02-26 06:51:00,25.04448,25.04448,25.001,25.001,115000
DBC,2025-02-26 06:52:00,25.001,25.04448,24.95752,25.04448,11700
DBC,2025-02-26 06:53:00,25.04448,25.04448,25.001,25.04448,57900
DBC,2025-02-26 06:54:00,25.04448,25.04448,25.001,25.04448,15400
DBC,2025-02-26 06:55:00,25.04448,25.04448,25.04448,25.04448,9100
DBC,2025-02-26 06:56:00,25.04448,25.08796,25.04448,25.08796,122500
DBC,2025-02-26 06:57:00,25.08796,25.08796,25.04448,25.04448,27300
DBC,2025-02-26 06:58:00,25.04448,25.08796,25.04448,25.08796,13900
DBC,2025-02-26 06:59:00,25.08796,25.08796,25.04448,25.04448,27500
DBC,2025-02-26 07:00:00,25.04448,25.08796,25.04448,25.04448,4900
DBC,2025-02-26 07:01:00,25.04448,25.08796,25.04448,25.08796,13500
DBC,2025-02-26 07:02:00,25.08796,25.08796,25.04448,25.08796,26900
DBC,2025-02-26 07:03:00,25.08796,25.08796,25.04448,25.08796,78200
DBC,2025-02-26 07:04:00,25.08796,25.13144,25.08796,25.08796,128700
DBC,2025-02-26 07:05:00,25.08796,25.13144,25.04448,25.08796,46000
DBC,2025-02-26 07:06:00,25.08796,25.08796,25.04448,25.08796,2700
DBC,2025-02-26 07:07:00,25.08796,25.08796,25.001,25.04448,84500
DBC,2025-02-26 07:08:00,25.04448,25.04448,25.001,25.001,48900
DBC,2025-02-26 07:09:00,25.001,25.04448,25.001,25.001,38100
DBC,2025-02-26 07:10:00,25.001,25.04448,25.001,25.001,29400
DBC,2025-02-26 07:11:00,25.001,25.04448,25.001,25.001,14000
DBC,2025-02-26 07:12:00,25.001,25.04448,25.001,25.04448,22100
DBC,2025-02-26 07:13:00,25.04448,25.04448,25.001,25.001,8100
DBC,2025-02-26 07:14:00,25.001,25.04448,25.001,25.04448,8100
DBC,2025-02-26 07:15:00,25.04448,25.04448,25.001,25.001,19700
DBC,2025-02-26 07:16:00,25.001,25.04448,25.001,25.04448,20100
DBC,2025-02-26 07:17:00,25.04448,25.04448,25.04448,25.04448,42000
DBC,2025-02-26 07:18:00,25.04448,25.04448,25.001,25.001,14500
DBC,2025-02-26 07:19:00,25.001,25.04448,25.001,25.001,39200
DBC,2025-02-26 07:20:00,25.001,25.04448,25.001,25.001,35500
DBC,2025-02-26 07:21:00,25.001,25.04448,25.001,25.001,30400
DBC,2025-02-26 07:22:00,25.001,25.001,24.95752,24.95752,4600
DBC,2025-02-26 07:23:00,24.95752,25.001,24.95752,25.001,29500
DBC,2025-02-26 07:24:00,25.001,25.04448,25.001,25.001,21200
DBC,2025-02-26 07:25:00,25.001,25.04448,25.001,25.04448,10400
DBC,2025-02-26 07:26:00,25.04448,25.04448,25.04448,25.04448,19900
DBC,2025-02-26 07:27:00,25.04448,25.04448,25.001,25.04448,17200
DBC,2025-02-26 07:28:00,25.04448,25.04448,25.001,25.001,26000
DBC,2025-02-26 07:29:00,25.001,25.04448,25.001,25.001,87300
DBC,2025-02-26 07:45:00,24.95752,24.95752,24.95752,24.95752,376600
DBC,2025-02-27 02:15:00,25.17492,25.2184,25.13144,25.2184,115300
DBC,2025-02-27 02:16:00,25.2184,25.2184,25.17492,25.17492,71900
DBC,2025-02-27 02:17:00,25.17492,25.17492,25.13144,25.17492,32100
DBC,2025-02-27 02:18:00,25.17492,25.2184,25.13144,25.2184,46600
DBC,2025-02-27 02:19:00,25.2184,25.2184,25.17492,25.17492,39400
DBC,2025-02-27 02:20:00,25.17492,25.2184,25.13144,25.13144,74100
DBC,2025-02-27 02:21:00,25.13144,25.17492,25.13144,25.13144,9700
DBC,2025-02-27 02:22:00,25.13144,25.17492,25.13144,25.17492,92900
DBC,2025-02-27 02:23:00,25.17492,25.2184,25.17492,25.17492,102400
DBC,2025-02-27 02:24:00,25.17492,25.2184,25.17492,25.2184,17400
DBC,2025-02-27 02:25:00,25.2184,25.2184,25.17492,25.17492,4200
DBC,2025-02-27 02:26:00,25.17492,25.34884,25.17492,25.34884,447200
DBC,2025-02-27 02:27:00,25.34884,25.39232,25.30536,25.39232,157600
DBC,2025-02-27 02:28:00,25.39232,25.39232,25.34884,25.34884,102900
DBC,2025-02-27 02:29:00,25.34884,25.34884,25.30536,25.30536,196600
DBC,2025-02-27 02:30:00,25.30536,25.34884,25.30536,25.30536,12000
DBC,2025-02-27 02:31:00,25.30536,25.34884,25.26188,25.30536,105800
DBC,2025-02-27 02:32:00,25.30536,25.34884,25.30536,25.30536,85600
DBC,2025-02-27 02:33:00,25.30536,25.30536,25.26188,25.26188,23100
DBC,2025-02-27 02:34:00,25.26188,25.30536,25.26188,25.30536,11200
DBC,2025-02-27 02:35:00,25.30536,25.30536,25.30536,25.30536,85400
DBC,2025-02-27 02:36:00,25.30536,25.30536,25.26188,25.26188,48500
DBC,2025-02-27 02:37:00,25.26188,25.30536,25.26188,25.30536,27500
DBC,2025-02-27 02:38:00,25.30536,25.30536,25.30536,25.30536,9800
DBC,2025-02-27 02:39:00,25.30536,25.30536,25.30536,25.30536,42500
DBC,2025-02-27 02:40:00,25.30536,25.30536,25.26188,25.30536,28400
DBC,2025-02-27 02:41:00,25.30536,25.30536,25.30536,25.30536,6900
DBC,2025-02-27 02:42:00,25.30536,25.30536,25.30536,25.30536,48800
DBC,2025-02-27 02:43:00,25.30536,25.30536,25.30536,25.30536,53100
DBC,2025-02-27 02:44:00,25.30536,25.30536,25.30536,25.30536,58400
DBC,2025-02-27 02:45:00,25.30536,25.30536,25.30536,25.30536,34600
DBC,2025-02-27 02:46:00,25.30536,25.30536,25.26188,25.26188,145700
DBC,2025-02-27 02:47:00,25.26188,25.26188,25.2184,25.26188,18800
DBC,2025-02-27 02:48:00,25.26188,25.26188,25.26188,25.26188,41400
DBC,2025-02-27 02:49:00,25.26188,25.26188,25.2184,25.26188,86300
DBC,2025-02-27 02:50:00,25.26188,25.26188,25.26188,25.26188,36800
DBC,2025-02-27 02:51:00,25.26188,25.26188,25.26188,25.26188,3400
DBC,2025-02-27 02:52:00,25.26188,25.26188,25.26188,25.26188,8600
DBC,2025-02-27 02:53:00,25.26188,25.30536,25.26188,25.26188,6800
DBC,2025-02-27 02:54:00,25.26188,25.30536,25.26188,25.26188,28700
DBC,2025-02-27 02:55:00,25.26188,25.26188,25.26188,25.26188,19200
DBC,2025-02-27 02:56:00,25.26188,25.26188,25.2184,25.26188,103200
DBC,2025-02-27 02:57:00,25.26188,25.30536,25.26188,25.26188,32600
DBC,2025-02-27 02:58:00,25.26188,25.26188,25.26188,25.26188,21800
DBC,2025-02-27 02:59:00,25.26188,25.30536,25.26188,25.30536,8200
DBC,2025-02-27 03:00:00,25.30536,25.30536,25.26188,25.26188,1500
DBC,2025-02-27 03:01:00,25.26188,25.30536,25.26188,25.30536,110100
DBC,2025-02-27 03:02:00,25.30536,25.30536,25.30536,25.30536,22300
DBC,2025-02-27 03:03:00,25.30536,25.30536,25.30536,25.30536,22700
DBC,2025-02-27 03:04:00,25.30536,25.34884,25.30536,25.30536,24400
DBC,2025-02-27 03:05:00,25.30536,25.34884,25.30536,25.30536,25300
DBC,2025-02-27 03:06:00,25.30536,25.39232,25.30536,25.34884,211300
DBC,2025-02-27 03:07:00,25.34884,25.39232,25.34884,25.39232,28200
DBC,2025-02-27 03:08:00,25.39232,25.4358,25.39232,25.4358,410700
DBC,2025-02-27 03:09:00,25.4358,25.47928,25.4358,25.47928,212000
DBC,2025-02-27 03:10:00,25.47928,25.52276,25.47928,25.52276,247100
DBC,2025-02-27 03:11:00,25.52276,25.56624,25.52276,25.56624,54100
DBC,2025-02-27 03:12:00,25.56624,25.56624,25.52276,25.56624,45900
DBC,2025-02-27 03:13:00,25.56624,25.56624,25.52276,25.52276,104400
DBC,2025-02-27 03:14:00,25.52276,25.56624,25.52276,25.56624,80400
DBC,2025-02-27 03:15:00,25.56624,25.56624,25.47928,25.47928,105400
DBC,2025-02-27 03:16:00,25.47928,25.52276,25.47928,25.52276,79200
DBC,2025-02-27 03:17:00,25.52276,25.52276,25.47928,25.52276,32600
DBC,2025-02-27 03:18:00,25.52276,25.52276,25.47928,25.52276,25800
DBC,2025-02-27 03:19:00,25.52276,25.52276,25.47928,25.47928,72100
DBC,2025-02-27 03:20:00,25.47928,25.47928,25.4358,25.47928,7000
DBC,2025-02-27 03:21:00,25.47928,25.47928,25.4358,25.4358,111500
DBC,2025-02-27 03:22:00,25.4358,25.4358,25.39232,25.4358,6300
DBC,2025-02-27 03:23:00,25.4358,25.4358,25.39232,25.39232,29000
DBC,2025-02-27 03:24:00,25.39232,25.39232,25.39232,25.39232,27000
DBC,2025-02-27 03:25:00,25.39232,25.4358,25.39232,25.4358,32300
DBC,2025-02-27 03:26:00,25.4358,25.4358,25.39232,25.39232,6700
DBC,2025-02-27 03:27:00,25.39232,25.39232,25.39232,25.39232,108800
DBC,2025-02-27 03:28:00,25.39232,25.39232,25.34884,25.39232,7100
DBC,2025-02-27 03:29:00,25.39232,25.39232,25.39232,25.39232,8800
DBC,2025-02-27 03:30:00,25.39232,25.39232,25.39232,25.39232,6200
DBC,2025-02-27 03:31:00,25.39232,25.39232,25.34884,25.39232,44400
DBC,2025-02-27 03:32:00,25.39232,25.39232,25.39232,25.39232,15700
DBC,2025-02-27 03:33:00,25.39232,25.4358,25.39232,25.4358,87700
DBC,2025-02-27 03:34:00,25.4358,25.4358,25.39232,25.39232,1700
DBC,2025-02-27 03:35:00,25.39232,25.4358,25.39232,25.4358,3700
DBC,2025-02-27 03:36:00,25.4358,25.4358,25.39232,25.4358,17600
DBC,2025-02-27 03:37:00,25.4358,25.4358,25.4358,25.4358,52400
DBC,2025-02-27 03:38:00,25.4358,25.4358,25.4358,25.4358,9800
DBC,2025-02-27 03:39:00,25.4358,25.4358,25.4358,25.4358,46200
DBC,2025-02-27 03:40:00,25.4358,25.47928,25.4358,25.47928,5100
DBC,2025-02-27 03:41:00,25.47928,25.47928,25.4358,25.4358,8500
DBC,2025-02-27 03:42:00,25.4358,25.4358,25.4358,25.4358,24600
DBC,2025-02-27 03:43:00,25.4358,25.4358,25.4358,25.4358,7300
DBC,2025-02-27 03:44:00,25.4358,25.4358,25.4358,25.4358,10900
DBC,2025-02-27 03:45:00,25.4358,25.4358,25.39232,25.4358,14600
DBC,2025-02-27 03:46:00,25.4358,25.4358,25.4358,25.4358,7400
DBC,2025-02-27 03:47:00,25.4358,25.4358,25.4358,25.4358,5200
DBC,2025-02-27 03:48:00,25.4358,25.4358,25.39232,25.4358,10500
DBC,2025-02-27 03:49:00,25.4358,25.4358,25.4358,25.4358,9300
DBC,2025-02-27 03:50:00,25.4358,25.4358,25.39232,25.39232,7800
DBC,2025-02-27 03:51:00,25.39232,25.4358,25.39232,25.4358,4800
DBC,2025-02-27 03:52:00,25.4358,25.4358,25.39232,25.39232,6100
DBC,2025-02-27 03:53:00,25.39232,25.39232,25.39232,25.39232,14900
DBC,2025-02-27 03:54:00,25.39232,25.39232,25.39232,25.39232,800
DBC,2025-02-27 03:55:00,25.39232,25.4358,25.39232,25.4358,56000
DBC,2025-02-27 03:56:00,25.4358,25.4358,25.4358,25.4358,22600
DBC,2025-02-27 03:57:00,25.4358,25.4358,25.39232,25.4358,26600
DBC,2025-02-27 03:58:00,25.4358,25.4358,25.39232,25.39232,90400
DBC,2025-02-27 03:59:00,25.39232,25.39232,25.34884,25.34884,28100
DBC,2025-02-27 04:00:00,25.34884,25.39232,25.34884,25.34884,4000
DBC,2025-02-27 04:01:00,25.34884,25.39232,25.34884,25.39232,12600
DBC,2025-02-27 04:02:00,25.39232,25.39232,25.34884,25.34884,30800
DBC,2025-02-27 04:03:00,25.34884,25.34884,25.34884,25.34884,51600
DBC,2025-02-27 04:04:00,25.34884,25.34884,25.30536,25.34884,16100
DBC,2025-02-27 04:05:00,25.34884,25.34884,25.30536,25.30536,44100
DBC,2025-02-27 04:06:00,25.30536,25.34884,25.30536,25.30536,19700
DBC,2025-02-27 04:07:00,25.30536,25.30536,25.30536,25.30536,8700
DBC,2025-02-27 04:08:00,25.30536,25.30536,25.30536,25.30536,34500
DBC,2025-02-27 04:09:00,25.30536,25.30536,25.30536,25.30536,33100
DBC,2025-02-27 04:10:00,25.30536,25.30536,25.30536,25.30536,30400
DBC,2025-02-27 04:11:00,25.30536,25.30536,25.26188,25.26188,54600
DBC,2025-02-27 04:12:00,25.26188,25.26188,25.26188,25.26188,101600
DBC,2025-02-27 04:13:00,25.26188,25.26188,25.2184,25.2184,184800
DBC,2025-02-27 04:14:00,25.2184,25.26188,25.2184,25.2184,20000
DBC,2025-02-27 04:15:00,25.2184,25.26188,25.2184,25.2184,52500
DBC,2025-02-27 04:16:00,25.2184,25.26188,25.2184,25.26188,16300
DBC,2025-02-27 04:17:00,25.26188,25.30536,25.26188,25.30536,13800
DBC,2025-02-27 04:18:00,25.30536,25.34884,25.30536,25.34884,23200
DBC,2025-02-27 04:19:00,25.34884,25.34884,25.30536,25.30536,18900
DBC,2025-02-27 04:20:00,25.30536,25.34884,25.30536,25.34884,131200
DBC,2025-02-27 04:21:00,25.34884,25.39232,25.34884,25.34884,23800
DBC,2025-02-27 04:22:00,25.34884,25.34884,25.34884,25.34884,33300
DBC,2025-02-27 04:23:00,25.34884,25.34884,25.30536,25.34884,17500
DBC,2025-02-27 04:24:00,25.34884,25.34884,25.34884,25.34884,6200
DBC,2025-02-27 04:25:00,25.34884,25.34884,25.34884,25.34884,12100
DBC,2025-02-27 04:26:00,25.34884,25.34884,25.34884,25.34884,36300
DBC,2025-02-27 04:27:00,25.34884,25.34884,25.34884,25.34884,16900
DBC,2025-02-27 04:28:00,25.34884,25.34884,25.34884,25.34884,11600
DBC,2025-02-27 04:29:00,25.34884,25.34884,25.34884,25.34884,4500
DBC,2025-02-27 06:00:00,25.34884,25.34884,25.30536,25.34884,10800
DBC,2025-02-27 06:01:00,25.34884,25.34884,25.30536,25.30536,24800
DBC,2025-02-27 06:02:00,25.30536,25.30536,25.30536,25.30536,9400
DBC,2025-02-27 06:03:00,25.30536,25.30536,25.30536,25.30536,103800
DBC,2025-02-27 06:04:00,25.30536,25.30536,25.30536,25.30536,18600
DBC,2025-02-27 06:05:00,25.30536,25.30536,25.30536,25.30536,35000
DBC,2025-02-27 06:06:00,25.30536,25.30536,25.26188,25.26188,10600
DBC,2025-02-27 06:07:00,25.26188,25.30536,25.26188,25.30536,62300
DBC,2025-02-27 06:08:00,25.30536,25.34884,25.30536,25.30536,49800
DBC,2025-02-27 06:09:00,25.30536,25.34884,25.30536,25.34884,79300
DBC,2025-02-27 06:10:00,25.34884,25.34884,25.34884,25.34884,42300
DBC,2025-02-27 06:11:00,25.34884,25.34884,25.34884,25.34884,17700
DBC,2025-02-27 06:12:00,25.34884,25.39232,25.34884,25.39232,56500
DBC,2025-02-27 06:13:00,25.39232,25.39232,25.34884,25.34884,14600
DBC,2025-02-27 06:14:00,25.34884,25.39232,25.34884,25.39232,12100
DBC,2025-02-27 06:15:00,25.39232,25.39232,25.34884,25.39232,15000
DBC,2025-02-27 06:16:00,25.39232,25.39232,25.34884,25.39232,11700
DBC,2025-02-27 06:17:00,25.39232,25.39232,25.39232,25.39232,5200
DBC,2025-02-27 06:18:00,25.39232,25.39232,25.34884,25.34884,3900
DBC,2025-02-27 06:19:00,25.34884,25.39232,25.34884,25.34884,24400
DBC,2025-02-27 06:20:00,25.34884,25.39232,25.34884,25.39232,90400
DBC,2025-02-27 06:21:00,25.39232,25.4358,25.39232,25.39232,11200
DBC,2025-02-27 06:22:00,25.39232,25.39232,25.39232,25.39232,4000
DBC,2025-02-27 06:23:00,25.39232,25.4358,25.39232,25.39232,16600
DBC,2025-02-27 06:24:00,25.39232,25.39232,25.39232,25.39232,16500
DBC,2025-02-27 06:25:00,25.39232,25.39232,25.39232,25.39232,110300
DBC,2025-02-27 06:26:00,25.39232,25.39232,25.39232,25.39232,16400
DBC,2025-02-27 06:27:00,25.39232,25.39232,25.39232,25.39232,5200
DBC,2025-02-27 06:28:00,25.39232,25.39232,25.34884,25.34884,2400
DBC,2025-02-27 06:29:00,25.34884,25.39232,25.34884,25.39232,25000
DBC,2025-02-27 06:30:00,25.39232,25.39232,25.34884,25.34884,5700
DBC,2025-02-27 06:31:00,25.34884,25.39232,25.34884,25.34884,21600
DBC,2025-02-27 06:32:00,25.34884,25.39232,25.34884,25.39232,1300
DBC,2025-02-27 06:33:00,25.39232,25.39232,25.34884,25.39232,84700
DBC,2025-02-27 06:34:00,25.39232,25.39232,25.39232,25.39232,21200
DBC,2025-02-27 06:35:00,25.39232,25.4358,25.39232,25.4358,48100
DBC,2025-02-27 06:36:00,25.4358,25.47928,25.39232,25.47928,102200
DBC,2025-02-27 06:37:00,25.47928,25.47928,25.47928,25.47928,34100
DBC,2025-02-27 06:38:00,25.47928,25.47928,25.4358,25.4358,19800
DBC,2025-02-27 06:39:00,25.4358,25.47928,25.4358,25.47928,36400
DBC,2025-02-27 06:40:00,25.47928,25.47928,25.47928,25.47928,128500
DBC,2025-02-27 06:41:00,25.47928,25.52276,25.47928,25.52276,9700
DBC,2025-02-27 06:42:00,25.52276,25.52276,25.47928,25.52276,59500
DBC,2025-02-27 06:43:00,25.52276,25.52276,25.47928,25.47928,87300
DBC,2025-02-27 06:44:00,25.47928,25.52276,25.47928,25.47928,27100
DBC,2025-02-27 06:45:00,25.47928,25.52276,25.47928,25.52276,23700
DBC,2025-02-27 06:46:00,25.52276,25.52276,25.47928,25.52276,7200
DBC,2025-02-27 06:47:00,25.52276,25.52276,25.47928,25.47928,4900
DBC,2025-02-27 06:48:00,25.47928,25.52276,25.47928,25.47928,16900
DBC,2025-02-27 06:49:00,25.47928,25.56624,25.47928,25.56624,172200
DBC,2025-02-27 06:50:00,25.56624,25.56624,25.52276,25.56624,21300
DBC,2025-02-27 06:51:00,25.56624,25.56624,25.52276,25.52276,47200
DBC,2025-02-27 06:52:00,25.52276,25.52276,25.52276,25.52276,10200
DBC,2025-02-27 06:53:00,25.52276,25.56624,25.52276,25.56624,15300
DBC,2025-02-27 06:54:00,25.56624,25.60972,25.56624,25.60972,211000
DBC,2025-02-27 06:55:00,25.60972,25.6532,25.56624,25.60972,190400
DBC,2025-02-27 06:56:00,25.60972,25.6532,25.56624,25.60972,45000
DBC,2025-02-27 06:57:00,25.60972,25.60972,25.56624,25.60972,77200
DBC,2025-02-27 06:58:00,25.60972,25.60972,25.56624,25.60972,59600
DBC,2025-02-27 06:59:00,25.60972,25.60972,25.60972,25.60972,10400
DBC,2025-02-27 07:00:00,25.60972,25.60972,25.56624,25.60972,18800
DBC,2025-02-27 07:01:00,25.60972,25.60972,25.56624,25.56624,100200
DBC,2025-02-27 07:02:00,25.56624,25.56624,25.52276,25.56624,38600
DBC,2025-02-27 07:03:00,25.56624,25.56624,25.56624,25.56624,6000
DBC,2025-02-27 07:04:00,25.56624,25.56624,25.56624,25.56624,33200
DBC,2025-02-27 07:05:00,25.56624,25.56624,25.52276,25.52276,88500
DBC,2025-02-27 07:06:00,25.52276,25.52276,25.52276,25.52276,74000
DBC,2025-02-27 07:07:00,25.52276,25.52276,25.52276,25.52276,21000
DBC,2025-02-27 07:08:00,25.52276,25.52276,25.52276,25.52276,17200
DBC,2025-02-27 07:09:00,25.52276,25.52276,25.52276,25.52276,7200
DBC,2025-02-27 07:10:00,25.52276,25.52276,25.52276,25.52276,33900
DBC,2025-02-27 07:11:00,25.52276,25.56624,25.52276,25.56624,27300
DBC,2025-02-27 07:12:00,25.56624,25.56624,25.52276,25.56624,17000
DBC,2025-02-27 07:13:00,25.56624,25.56624,25.56624,25.56624,10700
DBC,2025-02-27 07:14:00,25.56624,25.56624,25.56624,25.56624,15600
DBC,2025-02-27 07:15:00,25.56624,25.56624,25.56624,25.56624,104400
DBC,2025-02-27 07:16:00,25.56624,25.60972,25.56624,25.56624,47300
DBC,2025-02-27 07:17:00,25.56624,25.60972,25.56624,25.56624,10700
DBC,2025-02-27 07:18:00,25.56624,25.56624,25.56624,25.56624,16000
DBC,2025-02-27 07:19:00,25.56624,25.56624,25.56624,25.56624,93600
DBC,2025-02-27 07:20:00,25.56624,25.56624,25.52276,25.52276,18700
DBC,2025-02-27 07:21:00,25.52276,25.56624,25.52276,25.52276,37300
DBC,2025-02-27 07:22:00,25.52276,25.56624,25.52276,25.52276,36200
DBC,2025-02-27 07:23:00,25.52276,25.56624,25.52276,25.56624,26500
DBC,2025-02-27 07:24:00,25.56624,25.56624,25.56624,25.56624,29200
DBC,2025-02-27 07:25:00,25.56624,25.56624,25.56624,25.56624,15200
DBC,2025-02-27 07:26:00,25.56624,25.56624,25.52276,25.52276,29000
DBC,2025-02-27 07:27:00,25.52276,25.56624,25.52276,25.56624,82200
DBC,2025-02-27 07:28:00,25.56624,25.56624,25.52276,25.52276,70200
DBC,2025-02-27 07:29:00,25.52276,25.56624,25.52276,25.56624,41700
DBC,2025-02-27 07:45:00,25.60972,25.60972,25.60972,25.60972,373900
DBC,2025-02-28 02:15:00,25.6532,25.6532,25.6532,25.6532,94300
DBC,2025-02-28 02:16:00,25.6532,25.78364,25.6532,25.74016,25200
DBC,2025-02-28 02:17:00,25.74016,25.78364,25.74016,25.74016,12400
DBC,2025-02-28 02:18:00,25.74016,25.74016,25.60972,25.60972,50300
DBC,2025-02-28 02:19:00,25.60972,25.60972,25.56624,25.60972,12400
DBC,2025-02-28 02:20:00,25.60972,25.60972,25.52276,25.56624,31000
DBC,2025-02-28 02:21:00,25.56624,25.56624,25.4358,25.4358,32800
DBC,2025-02-28 02:22:00,25.4358,25.52276,25.4358,25.52276,57700
DBC,2025-02-28 02:23:00,25.52276,25.56624,25.47928,25.56624,36800
DBC,2025-02-28 02:24:00,25.56624,25.56624,25.56624,25.56624,35400
DBC,2025-02-28 02:25:00,25.56624,25.56624,25.56624,25.56624,8400
DBC,2025-02-28 02:26:00,25.56624,25.56624,25.56624,25.56624,9200
DBC,2025-02-28 02:27:00,25.56624,25.56624,25.52276,25.52276,30900
DBC,2025-02-28 02:28:00,25.52276,25.52276,25.52276,25.52276,4500
DBC,2025-02-28 02:29:00,25.52276,25.52276,25.47928,25.47928,52200
DBC,2025-02-28 02:30:00,25.47928,25.52276,25.47928,25.47928,31400
DBC,2025-02-28 02:31:00,25.47928,25.56624,25.47928,25.56624,11400
DBC,2025-02-28 02:32:00,25.56624,25.60972,25.47928,25.56624,101600
DBC,2025-02-28 02:33:00,25.56624,25.56624,25.47928,25.52276,18700
DBC,2025-02-28 02:34:00,25.52276,25.56624,25.52276,25.56624,49200
DBC,2025-02-28 02:35:00,25.56624,25.56624,25.52276,25.52276,20900
DBC,2025-02-28 02:36:00,25.52276,25.56624,25.52276,25.56624,129600
DBC,2025-02-28 02:37:00,25.56624,25.56624,25.52276,25.52276,7000
DBC,2025-02-28 02:38:00,25.52276,25.52276,25.47928,25.52276,32400
DBC,2025-02-28 02:39:00,25.52276,25.52276,25.47928,25.47928,19800
DBC,2025-02-28 02:40:00,25.47928,25.52276,25.47928,25.47928,68700
DBC,2025-02-28 02:41:00,25.47928,25.52276,25.47928,25.47928,82400
DBC,2025-02-28 02:42:00,25.47928,25.47928,25.47928,25.47928,18700
DBC,2025-02-28 02:43:00,25.47928,25.47928,25.4358,25.47928,24000
DBC,2025-02-28 02:44:00,25.47928,25.47928,25.47928,25.47928,20600
DBC,2025-02-28 02:45:00,25.47928,25.47928,25.4358,25.47928,33300
DBC,2025-02-28 02:46:00,25.47928,25.47928,25.4358,25.47928,7200
DBC,2025-02-28 02:47:00,25.47928,25.47928,25.4358,25.47928,8300
DBC,2025-02-28 02:48:00,25.47928,25.47928,25.4358,25.4358,57300
DBC,2025-02-28 02:49:00,25.4358,25.4358,25.4358,25.4358,32000
DBC,2025-02-28 02:50:00,25.4358,25.47928,25.4358,25.4358,16000
DBC,2025-02-28 02:51:00,25.4358,25.4358,25.4358,25.4358,59100
DBC,2025-02-28 02:52:00,25.4358,25.4358,25.39232,25.39232,3800
DBC,2025-02-28 02:53:00,25.39232,25.4358,25.39232,25.4358,23100
DBC,2025-02-28 02:54:00,25.4358,25.4358,25.39232,25.4358,59300
DBC,2025-02-28 02:55:00,25.4358,25.47928,25.4358,25.47928,13300
DBC,2025-02-28 02:56:00,25.47928,25.47928,25.4358,25.47928,20500
DBC,2025-02-28 02:57:00,25.47928,25.52276,25.4358,25.52276,59400
DBC,2025-02-28 02:58:00,25.52276,25.52276,25.47928,25.52276,54200
DBC,2025-02-28 02:59:00,25.52276,25.60972,25.52276,25.60972,50700
DBC,2025-02-28 03:00:00,25.60972,25.60972,25.60972,25.60972,23200
DBC,2025-02-28 03:01:00,25.60972,25.6532,25.60972,25.6532,59700
DBC,2025-02-28 03:02:00,25.6532,25.6532,25.60972,25.6532,5000
DBC,2025-02-28 03:03:00,25.6532,25.6532,25.60972,25.60972,21100
DBC,2025-02-28 03:04:00,25.60972,25.60972,25.60972,25.60972,2000
DBC,2025-02-28 03:05:00,25.60972,25.6532,25.60972,25.6532,1600
DBC,2025-02-28 03:06:00,25.6532,25.69668,25.6532,25.69668,89500
DBC,2025-02-28 03:07:00,25.69668,25.74016,25.69668,25.74016,80500
DBC,2025-02-28 03:08:00,25.74016,25.78364,25.74016,25.78364,9400
DBC,2025-02-28 03:09:00,25.78364,25.82712,25.78364,25.82712,49400
DBC,2025-02-28 03:10:00,25.82712,25.82712,25.78364,25.78364,58900
DBC,2025-02-28 03:11:00,25.78364,25.78364,25.69668,25.69668,54500
DBC,2025-02-28 03:12:00,25.69668,25.74016,25.69668,25.69668,12700
DBC,2025-02-28 03:13:00,25.69668,25.74016,25.69668,25.74016,113900
DBC,2025-02-28 03:14:00,25.74016,25.78364,25.69668,25.69668,26000
DBC,2025-02-28 03:15:00,25.69668,25.74016,25.69668,25.74016,20300
DBC,2025-02-28 03:16:00,25.74016,25.74016,25.69668,25.69668,40500
DBC,2025-02-28 03:17:00,25.69668,25.78364,25.69668,25.78364,112600
DBC,2025-02-28 03:18:00,25.78364,25.78364,25.74016,25.74016,2300
DBC,2025-02-28 03:19:00,25.74016,25.74016,25.74016,25.74016,34800
DBC,2025-02-28 03:20:00,25.74016,25.74016,25.74016,25.74016,220200
DBC,2025-02-28 03:21:00,25.74016,25.74016,25.69668,25.69668,18300
DBC,2025-02-28 03:22:00,25.69668,25.74016,25.69668,25.69668,3300
DBC,2025-02-28 03:23:00,25.69668,25.69668,25.69668,25.69668,20500
DBC,2025-02-28 03:24:00,25.69668,25.69668,25.69668,25.69668,23700
DBC,2025-02-28 03:25:00,25.69668,25.69668,25.69668,25.69668,15000
DBC,2025-02-28 03:26:00,25.69668,25.74016,25.69668,25.74016,7300
DBC,2025-02-28 03:27:00,25.74016,25.74016,25.69668,25.69668,86100
DBC,2025-02-28 03:28:00,25.69668,25.69668,25.69668,25.69668,39700
DBC,2025-02-28 03:29:00,25.69668,25.69668,25.69668,25.69668,83200
DBC,2025-02-28 03:30:00,25.69668,25.69668,25.69668,25.69668,53100
DBC,2025-02-28 03:31:00,25.69668,25.69668,25.6532,25.6532,15700
DBC,2025-02-28 03:32:00,25.6532,25.69668,25.6532,25.6532,56800
DBC,2025-02-28 03:33:00,25.6532,25.6532,25.60972,25.6532,107300
DBC,2025-02-28 03:34:00,25.6532,25.6532,25.60972,25.6532,52500
DBC,2025-02-28 03:35:00,25.6532,25.6532,25.60972,25.60972,71900
DBC,2025-02-28 03:36:00,25.60972,25.69668,25.60972,25.6532,86400
DBC,2025-02-28 03:37:00,25.6532,25.69668,25.6532,25.69668,76700
DBC,2025-02-28 03:38:00,25.69668,25.69668,25.69668,25.69668,38100
DBC,2025-02-28 03:39:00,25.69668,25.69668,25.69668,25.69668,11200
DBC,2025-02-28 03:40:00,25.69668,25.78364,25.69668,25.78364,164400
DBC,2025-02-28 03:41:00,25.78364,25.78364,25.69668,25.74016,19300
DBC,2025-02-28 03:42:00,25.74016,25.74016,25.74016,25.74016,7000
DBC,2025-02-28 03:43:00,25.74016,25.74016,25.74016,25.74016,29300
DBC,2025-02-28 03:44:00,25.74016,25.74016,25.74016,25.74016,21800
DBC,2025-02-28 03:45:00,25.74016,25.74016,25.74016,25.74016,3800
DBC,2025-02-28 03:46:00,25.74016,25.74016,25.74016,25.74016,11100
DBC,2025-02-28 03:47:00,25.74016,25.74016,25.74016,25.74016,2900
DBC,2025-02-28 03:48:00,25.74016,25.74016,25.69668,25.69668,1100
DBC,2025-02-28 03:49:00,25.69668,25.69668,25.69668,25.69668,2000
DBC,2025-02-28 03:51:00,25.69668,25.69668,25.69668,25.69668,36900
DBC,2025-02-28 03:52:00,25.69668,25.69668,25.69668,25.69668,2700
DBC,2025-02-28 03:53:00,25.69668,25.74016,25.69668,25.69668,3200
DBC,2025-02-28 03:54:00,25.69668,25.74016,25.69668,25.74016,5500
DBC,2025-02-28 03:55:00,25.74016,25.74016,25.69668,25.69668,100
DBC,2025-02-28 03:56:00,25.69668,25.74016,25.69668,25.74016,84400
DBC,2025-02-28 03:57:00,25.74016,25.78364,25.74016,25.74016,100
DBC,2025-02-28 03:58:00,25.74016,25.74016,25.74016,25.74016,15300
DBC,2025-02-28 03:59:00,25.74016,25.74016,25.74016,25.74016,10800
DBC,2025-02-28 04:00:00,25.74016,25.78364,25.74016,25.74016,46600
DBC,2025-02-28 04:01:00,25.74016,25.74016,25.74016,25.74016,53500
DBC,2025-02-28 04:02:00,25.74016,25.74016,25.74016,25.74016,15100
DBC,2025-02-28 04:03:00,25.74016,25.74016,25.69668,25.74016,9800
DBC,2025-02-28 04:04:00,25.74016,25.74016,25.74016,25.74016,21400
DBC,2025-02-28 04:05:00,25.74016,25.74016,25.74016,25.74016,26100
DBC,2025-02-28 04:06:00,25.74016,25.74016,25.74016,25.74016,15900
DBC,2025-02-28 04:07:00,25.74016,25.82712,25.74016,25.78364,172100
DBC,2025-02-28 04:08:00,25.78364,25.78364,25.78364,25.78364,29500
DBC,2025-02-28 04:09:00,25.78364,25.78364,25.74016,25.78364,65500
DBC,2025-02-28 04:10:00,25.78364,25.78364,25.74016,25.74016,24300
DBC,2025-02-28 04:11:00,25.74016,25.74016,25.74016,25.74016,2000
DBC,2025-02-28 04:12:00,25.74016,25.74016,25.74016,25.74016,12100
DBC,2025-02-28 04:13:00,25.74016,25.78364,25.74016,25.78364,600
DBC,2025-02-28 04:14:00,25.78364,25.78364,25.78364,25.78364,1300
DBC,2025-02-28 04:15:00,25.78364,25.78364,25.74016,25.74016,600
DBC,2025-02-28 04:16:00,25.74016,25.78364,25.74016,25.78364,28500
DBC,2025-02-28 04:17:00,25.78364,25.78364,25.78364,25.78364,5900
DBC,2025-02-28 04:18:00,25.78364,25.82712,25.78364,25.78364,10000
DBC,2025-02-28 04:19:00,25.78364,25.82712,25.78364,25.78364,7000
DBC,2025-02-28 04:20:00,25.78364,25.82712,25.78364,25.82712,13200
DBC,2025-02-28 04:21:00,25.82712,25.82712,25.78364,25.82712,184300
DBC,2025-02-28 04:22:00,25.82712,25.8706,25.82712,25.8706,32200
DBC,2025-02-28 04:23:00,25.8706,25.8706,25.8706,25.8706,76100
DBC,2025-02-28 04:24:00,25.8706,25.91408,25.82712,25.8706,205600
DBC,2025-02-28 04:25:00,25.8706,25.8706,25.82712,25.82712,25400
DBC,2025-02-28 04:26:00,25.82712,25.82712,25.74016,25.74016,122800
DBC,2025-02-28 04:27:00,25.74016,25.78364,25.74016,25.78364,4800
DBC,2025-02-28 04:28:00,25.78364,25.78364,25.74016,25.78364,11500
DBC,2025-02-28 04:29:00,25.78364,25.78364,25.74016,25.78364,18600
DBC,2025-02-28 06:00:00,25.78364,25.78364,25.74016,25.74016,64500
DBC,2025-02-28 06:01:00,25.74016,25.78364,25.74016,25.78364,5300
DBC,2025-02-28 06:02:00,25.78364,25.78364,25.74016,25.74016,8000
DBC,2025-02-28 06:03:00,25.74016,25.78364,25.74016,25.74016,12300
DBC,2025-02-28 06:04:00,25.74016,25.74016,25.74016,25.74016,47400
DBC,2025-02-28 06:05:00,25.74016,25.74016,25.74016,25.74016,48500
DBC,2025-02-28 06:06:00,25.74016,25.74016,25.69668,25.69668,5100
DBC,2025-02-28 06:07:00,25.69668,25.74016,25.69668,25.69668,16500
DBC,2025-02-28 06:08:00,25.69668,25.69668,25.69668,25.69668,100
DBC,2025-02-28 06:09:00,25.69668,25.69668,25.69668,25.69668,3000
DBC,2025-02-28 06:10:00,25.69668,25.69668,25.69668,25.69668,2300
DBC,2025-02-28 06:11:00,25.69668,25.74016,25.69668,25.74016,7200
DBC,2025-02-28 06:12:00,25.74016,25.74016,25.69668,25.74016,7200
DBC,2025-02-28 06:13:00,25.74016,25.74016,25.74016,25.74016,68500
DBC,2025-02-28 06:14:00,25.74016,25.78364,25.74016,25.78364,43900
DBC,2025-02-28 06:15:00,25.78364,25.78364,25.78364,25.78364,13100
DBC,2025-02-28 06:16:00,25.78364,25.78364,25.74016,25.78364,1100
DBC,2025-02-28 06:17:00,25.78364,25.78364,25.74016,25.74016,1300
DBC,2025-02-28 06:19:00,25.74016,25.74016,25.74016,25.74016,1500
DBC,2025-02-28 06:20:00,25.74016,25.78364,25.74016,25.78364,51600
DBC,2025-02-28 06:21:00,25.78364,25.78364,25.74016,25.74016,2200
DBC,2025-02-28 06:22:00,25.74016,25.74016,25.74016,25.74016,46100
DBC,2025-02-28 06:23:00,25.74016,25.74016,25.74016,25.74016,6100
DBC,2025-02-28 06:24:00,25.74016,25.74016,25.74016,25.74016,4000
DBC,2025-02-28 06:25:00,25.74016,25.78364,25.74016,25.78364,4300
DBC,2025-02-28 06:26:00,25.78364,25.78364,25.78364,25.78364,1600
DBC,2025-02-28 06:27:00,25.78364,25.78364,25.74016,25.74016,2900
DBC,2025-02-28 06:28:00,25.74016,25.74016,25.74016,25.74016,22600
DBC,2025-02-28 06:29:00,25.74016,25.78364,25.74016,25.78364,2300
DBC,2025-02-28 06:30:00,25.78364,25.78364,25.74016,25.74016,2700
DBC,2025-02-28 06:31:00,25.74016,25.78364,25.74016,25.78364,57100
DBC,2025-02-28 06:32:00,25.78364,25.78364,25.78364,25.78364,7900
DBC,2025-02-28 06:33:00,25.78364,25.78364,25.74016,25.74016,46900
DBC,2025-02-28 06:34:00,25.74016,25.74016,25.74016,25.74016,35400
DBC,2025-02-28 06:35:00,25.74016,25.74016,25.74016,25.74016,31900
DBC,2025-02-28 06:36:00,25.74016,25.74016,25.74016,25.74016,2800
DBC,2025-02-28 06:37:00,25.74016,25.78364,25.74016,25.78364,15500
DBC,2025-02-28 06:38:00,25.78364,25.78364,25.78364,25.78364,600
DBC,2025-02-28 06:39:00,25.78364,25.78364,25.78364,25.78364,39400
DBC,2025-02-28 06:41:00,25.78364,25.78364,25.74016,25.78364,28300
DBC,2025-02-28 06:42:00,25.78364,25.78364,25.74016,25.78364,12700
DBC,2025-02-28 06:43:00,25.78364,25.78364,25.74016,25.74016,12900
DBC,2025-02-28 06:44:00,25.74016,25.74016,25.74016,25.74016,100
DBC,2025-02-28 06:45:00,25.74016,25.78364,25.74016,25.78364,17700
DBC,2025-02-28 06:46:00,25.78364,25.78364,25.74016,25.74016,20200
DBC,2025-02-28 06:47:00,25.74016,25.74016,25.74016,25.74016,7700
DBC,2025-02-28 06:48:00,25.74016,25.78364,25.74016,25.78364,10000
DBC,2025-02-28 06:49:00,25.78364,25.78364,25.74016,25.78364,16100
DBC,2025-02-28 06:50:00,25.78364,25.78364,25.78364,25.78364,200
DBC,2025-02-28 06:51:00,25.78364,25.78364,25.74016,25.74016,2100
DBC,2025-02-28 06:52:00,25.74016,25.74016,25.74016,25.74016,5700
DBC,2025-02-28 06:53:00,25.74016,25.74016,25.69668,25.69668,192000
DBC,2025-02-28 06:54:00,25.69668,25.69668,25.6532,25.6532,41000
DBC,2025-02-28 06:55:00,25.6532,25.69668,25.6532,25.69668,30700
DBC,2025-02-28 06:56:00,25.69668,25.69668,25.6532,25.6532,17000
DBC,2025-02-28 06:57:00,25.6532,25.69668,25.6532,25.6532,127800
DBC,2025-02-28 06:58:00,25.6532,25.6532,25.60972,25.6532,30800
DBC,2025-02-28 06:59:00,25.6532,25.6532,25.60972,25.60972,4800
DBC,2025-02-28 07:00:00,25.60972,25.60972,25.60972,25.60972,38500
DBC,2025-02-28 07:01:00,25.60972,25.60972,25.60972,25.60972,36700
DBC,2025-02-28 07:02:00,25.60972,25.60972,25.60972,25.60972,86300
DBC,2025-02-28 07:03:00,25.60972,25.6532,25.60972,25.6532,31300
DBC,2025-02-28 07:04:00,25.6532,25.6532,25.60972,25.60972,18300
DBC,2025-02-28 07:05:00,25.60972,25.6532,25.60972,25.60972,16000
DBC,2025-02-28 07:06:00,25.60972,25.6532,25.60972,25.6532,19300
DBC,2025-02-28 07:07:00,25.6532,25.6532,25.6532,25.6532,67400
DBC,2025-02-28 07:08:00,25.6532,25.6532,25.6532,25.6532,22900
DBC,2025-02-28 07:09:00,25.6532,25.6532,25.6532,25.6532,5500
DBC,2025-02-28 07:10:00,25.6532,25.6532,25.60972,25.60972,25700
DBC,2025-02-28 07:11:00,25.60972,25.60972,25.56624,25.60972,130300
DBC,2025-02-28 07:12:00,25.60972,25.60972,25.56624,25.60972,7600
DBC,2025-02-28 07:13:00,25.60972,25.60972,25.56624,25.56624,10000
DBC,2025-02-28 07:14:00,25.56624,25.60972,25.56624,25.60972,18700
DBC,2025-02-28 07:15:00,25.60972,25.60972,25.56624,25.60972,31600
DBC,2025-02-28 07:16:00,25.60972,25.60972,25.60972,25.60972,92800
DBC,2025-02-28 07:17:00,25.60972,25.60972,25.56624,25.60972,49300
DBC,2025-02-28 07:18:00,25.60972,25.60972,25.60972,25.60972,62500
DBC,2025-02-28 07:19:00,25.60972,25.60972,25.60972,25.60972,109700
DBC,2025-02-28 07:20:00,25.60972,25.60972,25.60972,25.60972,43200
DBC,2025-02-28 07:21:00,25.60972,25.60972,25.60972,25.60972,103200
DBC,2025-02-28 07:22:00,25.60972,25.6532,25.60972,25.6532,48400
DBC,2025-02-28 07:23:00,25.6532,25.6532,25.60972,25.6532,11000
DBC,2025-02-28 07:24:00,25.6532,25.6532,25.6532,25.6532,41300
DBC,2025-02-28 07:25:00,25.6532,25.69668,25.60972,25.69668,43000
DBC,2025-02-28 07:26:00,25.69668,25.69668,25.6532,25.6532,112100
DBC,2025-02-28 07:27:00,25.6532,25.74016,25.6532,25.69668,38200
DBC,2025-02-28 07:28:00,25.69668,25.74016,25.69668,25.69668,138000
DBC,2025-02-28 07:29:00,25.69668,25.74016,25.69668,25.69668,27900
DBC,2025-02-28 07:45:00,25.74016,25.74016,25.74016,25.74016,515400
