ticker,time,open,high,low,close,volume
DCM,2023-12-01 02:15:00,28.68258,28.68258,28.63776,28.68258,23200
DCM,2023-12-01 02:16:00,28.68258,28.68258,28.59294,28.63776,16300
DCM,2023-12-01 02:17:00,28.63776,28.63776,28.59294,28.63776,2000
DCM,2023-12-01 02:18:00,28.63776,28.63776,28.59294,28.59294,22800
DCM,2023-12-01 02:19:00,28.59294,28.59294,28.59294,28.59294,3000
DCM,2023-12-01 02:20:00,28.59294,28.59294,28.54813,28.54813,1400
DCM,2023-12-01 02:21:00,28.54813,28.54813,28.54813,28.54813,3600
DCM,2023-12-01 02:22:00,28.54813,28.54813,28.54813,28.54813,8100
DCM,2023-12-01 02:23:00,28.54813,28.59294,28.54813,28.59294,7100
DCM,2023-12-01 02:24:00,28.59294,28.59294,28.59294,28.59294,11500
DCM,2023-12-01 02:25:00,28.59294,28.59294,28.59294,28.59294,11200
DCM,2023-12-01 02:26:00,28.59294,28.63776,28.59294,28.59294,4000
DCM,2023-12-01 02:27:00,28.63776,28.63776,28.59294,28.59294,11800
DCM,2023-12-01 02:28:00,28.59294,28.59294,28.54813,28.54813,3200
DCM,2023-12-01 02:29:00,28.59294,28.63776,28.54813,28.63776,13400
DCM,2023-12-01 02:30:00,28.63776,28.63776,28.63776,28.63776,27400
DCM,2023-12-01 02:31:00,28.63776,28.63776,28.63776,28.63776,2900
DCM,2023-12-01 02:32:00,28.63776,28.68258,28.63776,28.68258,3300
DCM,2023-12-01 02:33:00,28.63776,28.68258,28.63776,28.68258,55900
DCM,2023-12-01 02:34:00,28.72739,28.77221,28.68258,28.77221,8600
DCM,2023-12-01 02:35:00,28.72739,28.86184,28.72739,28.86184,39600
DCM,2023-12-01 02:36:00,28.86184,28.90666,28.86184,28.86184,21500
DCM,2023-12-01 02:37:00,28.86184,28.86184,28.81703,28.81703,16300
DCM,2023-12-01 02:38:00,28.81703,28.81703,28.81703,28.81703,4400
DCM,2023-12-01 02:39:00,28.81703,28.81703,28.77221,28.77221,6500
DCM,2023-12-01 02:40:00,28.81703,28.81703,28.72739,28.77221,11900
DCM,2023-12-01 02:41:00,28.77221,28.77221,28.72739,28.72739,14800
DCM,2023-12-01 02:42:00,28.72739,28.77221,28.72739,28.77221,2400
DCM,2023-12-01 02:43:00,28.77221,28.77221,28.72739,28.77221,5400
DCM,2023-12-01 02:44:00,28.77221,28.77221,28.72739,28.77221,23200
DCM,2023-12-01 02:45:00,28.77221,28.77221,28.77221,28.77221,200
DCM,2023-12-01 02:46:00,28.77221,28.81703,28.77221,28.81703,40000
DCM,2023-12-01 02:47:00,28.86184,28.86184,28.81703,28.86184,2600
DCM,2023-12-01 02:48:00,28.86184,28.86184,28.81703,28.86184,5300
DCM,2023-12-01 02:49:00,28.81703,28.90666,28.81703,28.90666,96900
DCM,2023-12-01 02:50:00,28.90666,28.99629,28.90666,28.99629,99500
DCM,2023-12-01 02:51:00,28.99629,29.04111,28.99629,29.04111,55300
DCM,2023-12-01 02:52:00,29.04111,29.04111,28.99629,29.04111,28200
DCM,2023-12-01 02:53:00,29.04111,29.04111,29.04111,29.04111,11600
DCM,2023-12-01 02:54:00,29.04111,29.04111,28.99629,29.04111,38900
DCM,2023-12-01 02:55:00,28.99629,28.99629,28.95148,28.95148,24600
DCM,2023-12-01 02:56:00,28.95148,28.95148,28.95148,28.95148,15700
DCM,2023-12-01 02:57:00,28.95148,28.99629,28.95148,28.99629,700
DCM,2023-12-01 02:58:00,28.99629,28.99629,28.95148,28.95148,13200
DCM,2023-12-01 02:59:00,28.95148,28.99629,28.90666,28.90666,46000
DCM,2023-12-01 03:00:00,28.90666,28.90666,28.90666,28.90666,2400
DCM,2023-12-01 03:01:00,28.86184,28.86184,28.86184,28.86184,2300
DCM,2023-12-01 03:02:00,28.90666,28.90666,28.90666,28.90666,500
DCM,2023-12-01 03:03:00,28.86184,28.86184,28.86184,28.86184,2000
DCM,2023-12-01 03:04:00,28.86184,28.90666,28.86184,28.90666,1300
DCM,2023-12-01 03:05:00,28.90666,28.90666,28.90666,28.90666,2300
DCM,2023-12-01 03:06:00,28.90666,28.90666,28.86184,28.86184,2500
DCM,2023-12-01 03:07:00,28.86184,28.86184,28.86184,28.86184,2100
DCM,2023-12-01 03:08:00,28.86184,28.86184,28.81703,28.81703,6300
DCM,2023-12-01 03:09:00,28.81703,28.81703,28.77221,28.77221,13300
DCM,2023-12-01 03:10:00,28.77221,28.81703,28.72739,28.72739,7200
DCM,2023-12-01 03:11:00,28.72739,28.77221,28.72739,28.77221,2000
DCM,2023-12-01 03:12:00,28.81703,28.81703,28.81703,28.81703,2000
DCM,2023-12-01 03:13:00,28.81703,28.81703,28.81703,28.81703,2400
DCM,2023-12-01 03:14:00,28.81703,28.81703,28.77221,28.77221,1600
DCM,2023-12-01 03:15:00,28.77221,28.77221,28.77221,28.77221,6500
DCM,2023-12-01 03:16:00,28.77221,28.77221,28.77221,28.77221,1500
DCM,2023-12-01 03:17:00,28.77221,28.77221,28.77221,28.77221,2200
DCM,2023-12-01 03:18:00,28.77221,28.77221,28.77221,28.77221,2300
DCM,2023-12-01 03:19:00,28.77221,28.77221,28.77221,28.77221,18100
DCM,2023-12-01 03:20:00,28.72739,28.72739,28.72739,28.72739,2100
DCM,2023-12-01 03:21:00,28.72739,28.72739,28.72739,28.72739,10100
DCM,2023-12-01 03:22:00,28.72739,28.72739,28.72739,28.72739,10700
DCM,2023-12-01 03:23:00,28.72739,28.72739,28.72739,28.72739,100
DCM,2023-12-01 03:24:00,28.72739,28.72739,28.68258,28.72739,8500
DCM,2023-12-01 03:25:00,28.68258,28.72739,28.68258,28.72739,5600
DCM,2023-12-01 03:26:00,28.68258,28.68258,28.68258,28.68258,6400
DCM,2023-12-01 03:27:00,28.72739,28.72739,28.72739,28.72739,6800
DCM,2023-12-01 03:28:00,28.72739,28.72739,28.72739,28.72739,36800
DCM,2023-12-01 03:29:00,28.77221,28.77221,28.77221,28.77221,11200
DCM,2023-12-01 03:30:00,28.77221,28.77221,28.77221,28.77221,15600
DCM,2023-12-01 03:31:00,28.77221,28.81703,28.77221,28.81703,4500
DCM,2023-12-01 03:32:00,28.81703,28.81703,28.81703,28.81703,7800
DCM,2023-12-01 03:33:00,28.81703,28.81703,28.81703,28.81703,4600
DCM,2023-12-01 03:34:00,28.81703,28.86184,28.81703,28.86184,41700
DCM,2023-12-01 03:35:00,28.86184,28.86184,28.86184,28.86184,4400
DCM,2023-12-01 03:37:00,28.90666,28.90666,28.86184,28.86184,4800
DCM,2023-12-01 03:38:00,28.86184,28.86184,28.86184,28.86184,4600
DCM,2023-12-01 03:39:00,28.86184,28.86184,28.86184,28.86184,600
DCM,2023-12-01 03:40:00,28.86184,28.86184,28.86184,28.86184,6000
DCM,2023-12-01 03:41:00,28.86184,28.90666,28.86184,28.90666,3000
DCM,2023-12-01 03:42:00,28.90666,28.90666,28.90666,28.90666,1100
DCM,2023-12-01 03:43:00,28.86184,28.86184,28.86184,28.86184,18400
DCM,2023-12-01 03:44:00,28.86184,28.86184,28.86184,28.86184,11600
DCM,2023-12-01 03:50:00,28.86184,28.86184,28.77221,28.77221,2400
DCM,2023-12-01 03:51:00,28.77221,28.77221,28.77221,28.77221,5600
DCM,2023-12-01 03:52:00,28.77221,28.77221,28.77221,28.77221,8800
DCM,2023-12-01 03:53:00,28.77221,28.77221,28.77221,28.77221,3300
DCM,2023-12-01 03:54:00,28.77221,28.77221,28.72739,28.72739,2900
DCM,2023-12-01 03:55:00,28.77221,28.77221,28.72739,28.72739,3500
DCM,2023-12-01 03:56:00,28.77221,28.77221,28.77221,28.77221,6200
DCM,2023-12-01 03:58:00,28.72739,28.72739,28.72739,28.72739,300
DCM,2023-12-01 03:59:00,28.72739,28.77221,28.72739,28.77221,63900
DCM,2023-12-01 04:00:00,28.72739,28.72739,28.72739,28.72739,4400
DCM,2023-12-01 04:01:00,28.72739,28.72739,28.72739,28.72739,5300
DCM,2023-12-01 04:02:00,28.72739,28.72739,28.72739,28.72739,3300
DCM,2023-12-01 04:03:00,28.72739,28.72739,28.72739,28.72739,1600
DCM,2023-12-01 04:04:00,28.72739,28.72739,28.72739,28.72739,200
DCM,2023-12-01 04:05:00,28.72739,28.72739,28.72739,28.72739,200
DCM,2023-12-01 04:06:00,28.72739,28.77221,28.72739,28.77221,800
DCM,2023-12-01 04:10:00,28.72739,28.72739,28.72739,28.72739,10000
DCM,2023-12-01 04:11:00,28.72739,28.72739,28.68258,28.72739,10200
DCM,2023-12-01 04:12:00,28.68258,28.68258,28.68258,28.68258,1000
DCM,2023-12-01 04:13:00,28.72739,28.72739,28.72739,28.72739,8900
DCM,2023-12-01 04:14:00,28.72739,28.72739,28.68258,28.72739,4300
DCM,2023-12-01 04:15:00,28.72739,28.72739,28.72739,28.72739,800
DCM,2023-12-01 04:16:00,28.72739,28.72739,28.72739,28.72739,2000
DCM,2023-12-01 04:18:00,28.68258,28.68258,28.68258,28.68258,1000
DCM,2023-12-01 04:19:00,28.68258,28.68258,28.68258,28.68258,13600
DCM,2023-12-01 04:20:00,28.72739,28.72739,28.72739,28.72739,1500
DCM,2023-12-01 04:22:00,28.68258,28.68258,28.68258,28.68258,5500
DCM,2023-12-01 04:23:00,28.68258,28.68258,28.68258,28.68258,6000
DCM,2023-12-01 04:24:00,28.68258,28.68258,28.68258,28.68258,4400
DCM,2023-12-01 04:25:00,28.68258,28.68258,28.68258,28.68258,3700
DCM,2023-12-01 04:26:00,28.68258,28.68258,28.68258,28.68258,4500
DCM,2023-12-01 04:27:00,28.68258,28.68258,28.68258,28.68258,200
DCM,2023-12-01 04:28:00,28.68258,28.68258,28.68258,28.68258,6500
DCM,2023-12-01 04:29:00,28.68258,28.68258,28.68258,28.68258,5000
DCM,2023-12-01 06:00:00,28.68258,28.68258,28.63776,28.63776,19300
DCM,2023-12-01 06:01:00,28.68258,28.68258,28.63776,28.63776,4200
DCM,2023-12-01 06:02:00,28.63776,28.68258,28.63776,28.68258,17800
DCM,2023-12-01 06:03:00,28.63776,28.63776,28.63776,28.63776,4000
DCM,2023-12-01 06:04:00,28.63776,28.63776,28.59294,28.59294,14700
DCM,2023-12-01 06:05:00,28.59294,28.63776,28.59294,28.63776,1300
DCM,2023-12-01 06:06:00,28.63776,28.63776,28.63776,28.63776,16800
DCM,2023-12-01 06:07:00,28.63776,28.63776,28.54813,28.54813,32500
DCM,2023-12-01 06:08:00,28.59294,28.59294,28.54813,28.54813,55100
DCM,2023-12-01 06:09:00,28.59294,28.59294,28.59294,28.59294,23000
DCM,2023-12-01 06:10:00,28.59294,28.59294,28.59294,28.59294,9400
DCM,2023-12-01 06:11:00,28.59294,28.63776,28.59294,28.63776,3400
DCM,2023-12-01 06:12:00,28.59294,28.63776,28.59294,28.63776,2000
DCM,2023-12-01 06:13:00,28.63776,28.63776,28.59294,28.59294,14900
DCM,2023-12-01 06:14:00,28.59294,28.59294,28.54813,28.59294,9100
DCM,2023-12-01 06:15:00,28.59294,28.59294,28.59294,28.59294,3300
DCM,2023-12-01 06:16:00,28.59294,28.59294,28.59294,28.59294,10900
DCM,2023-12-01 06:17:00,28.59294,28.59294,28.59294,28.59294,4200
DCM,2023-12-01 06:18:00,28.59294,28.59294,28.54813,28.59294,22900
DCM,2023-12-01 06:19:00,28.59294,28.59294,28.59294,28.59294,6100
DCM,2023-12-01 06:20:00,28.59294,28.59294,28.59294,28.59294,7100
DCM,2023-12-01 06:21:00,28.59294,28.59294,28.54813,28.59294,13900
DCM,2023-12-01 06:22:00,28.59294,28.59294,28.59294,28.59294,800
DCM,2023-12-01 06:23:00,28.59294,28.59294,28.59294,28.59294,3500
DCM,2023-12-01 06:24:00,28.59294,28.59294,28.59294,28.59294,3000
DCM,2023-12-01 06:25:00,28.59294,28.59294,28.59294,28.59294,5100
DCM,2023-12-01 06:26:00,28.59294,28.59294,28.59294,28.59294,1000
DCM,2023-12-01 06:27:00,28.63776,28.63776,28.54813,28.54813,5000
DCM,2023-12-01 06:28:00,28.59294,28.59294,28.59294,28.59294,6900
DCM,2023-12-01 06:29:00,28.59294,28.59294,28.59294,28.59294,1200
DCM,2023-12-01 06:30:00,28.59294,28.59294,28.59294,28.59294,400
DCM,2023-12-01 06:31:00,28.59294,28.59294,28.54813,28.59294,42700
DCM,2023-12-01 06:32:00,28.54813,28.59294,28.54813,28.59294,1000
DCM,2023-12-01 06:33:00,28.59294,28.59294,28.54813,28.54813,22500
DCM,2023-12-01 06:34:00,28.59294,28.59294,28.54813,28.54813,3300
DCM,2023-12-01 06:35:00,28.50331,28.54813,28.50331,28.54813,2200
DCM,2023-12-01 06:36:00,28.54813,28.54813,28.54813,28.54813,4100
DCM,2023-12-01 06:37:00,28.54813,28.54813,28.54813,28.54813,7200
DCM,2023-12-01 06:38:00,28.54813,28.54813,28.54813,28.54813,400
DCM,2023-12-01 06:39:00,28.54813,28.54813,28.54813,28.54813,4500
DCM,2023-12-01 06:40:00,28.54813,28.54813,28.54813,28.54813,4900
DCM,2023-12-01 06:41:00,28.54813,28.54813,28.50331,28.50331,7800
DCM,2023-12-01 06:42:00,28.50331,28.54813,28.50331,28.54813,6900
DCM,2023-12-01 06:43:00,28.50331,28.54813,28.50331,28.54813,3600
DCM,2023-12-01 06:44:00,28.54813,28.54813,28.54813,28.54813,6000
DCM,2023-12-01 06:46:00,28.59294,28.59294,28.54813,28.54813,900
DCM,2023-12-01 06:47:00,28.54813,28.59294,28.50331,28.50331,81400
DCM,2023-12-01 06:48:00,28.50331,28.50331,28.50331,28.50331,12700
DCM,2023-12-01 06:49:00,28.50331,28.50331,28.50331,28.50331,1500
DCM,2023-12-01 06:50:00,28.45849,28.45849,28.45849,28.45849,7400
DCM,2023-12-01 06:51:00,28.45849,28.50331,28.45849,28.45849,7100
DCM,2023-12-01 06:52:00,28.45849,28.45849,28.45849,28.45849,4200
DCM,2023-12-01 06:53:00,28.45849,28.45849,28.41368,28.41368,36300
DCM,2023-12-01 06:54:00,28.41368,28.41368,28.41368,28.41368,9800
DCM,2023-12-01 06:55:00,28.41368,28.50331,28.41368,28.50331,13900
DCM,2023-12-01 06:56:00,28.50331,28.50331,28.50331,28.50331,6800
DCM,2023-12-01 06:57:00,28.59294,28.59294,28.59294,28.59294,5600
DCM,2023-12-01 06:58:00,28.59294,28.59294,28.59294,28.59294,2900
DCM,2023-12-01 06:59:00,28.59294,28.59294,28.54813,28.59294,1500
DCM,2023-12-01 07:00:00,28.59294,28.59294,28.59294,28.59294,200
DCM,2023-12-01 07:01:00,28.59294,28.59294,28.54813,28.59294,11900
DCM,2023-12-01 07:02:00,28.59294,28.59294,28.59294,28.59294,100
DCM,2023-12-01 07:03:00,28.59294,28.59294,28.59294,28.59294,900
DCM,2023-12-01 07:04:00,28.59294,28.63776,28.54813,28.63776,15500
DCM,2023-12-01 07:05:00,28.63776,28.68258,28.63776,28.63776,79600
DCM,2023-12-01 07:06:00,28.63776,28.68258,28.63776,28.68258,6500
DCM,2023-12-01 07:07:00,28.72739,28.72739,28.68258,28.68258,50400
DCM,2023-12-01 07:08:00,28.68258,28.68258,28.68258,28.68258,5900
DCM,2023-12-01 07:09:00,28.68258,28.68258,28.68258,28.68258,15900
DCM,2023-12-01 07:10:00,28.68258,28.68258,28.68258,28.68258,6300
DCM,2023-12-01 07:11:00,28.63776,28.63776,28.63776,28.63776,6100
DCM,2023-12-01 07:12:00,28.63776,28.68258,28.63776,28.68258,900
DCM,2023-12-01 07:13:00,28.68258,28.68258,28.63776,28.63776,9000
DCM,2023-12-01 07:14:00,28.63776,28.63776,28.63776,28.63776,9100
DCM,2023-12-01 07:15:00,28.59294,28.68258,28.59294,28.68258,20200
DCM,2023-12-01 07:16:00,28.68258,28.68258,28.63776,28.68258,71100
DCM,2023-12-01 07:17:00,28.72739,28.77221,28.68258,28.77221,89300
DCM,2023-12-01 07:18:00,28.81703,28.81703,28.77221,28.77221,3200
DCM,2023-12-01 07:19:00,28.77221,28.77221,28.72739,28.77221,71800
DCM,2023-12-01 07:20:00,28.77221,28.77221,28.77221,28.77221,2000
DCM,2023-12-01 07:21:00,28.77221,28.77221,28.77221,28.77221,7600
DCM,2023-12-01 07:22:00,28.77221,28.77221,28.72739,28.77221,10500
DCM,2023-12-01 07:23:00,28.77221,28.77221,28.72739,28.72739,9100
DCM,2023-12-01 07:24:00,28.72739,28.72739,28.72739,28.72739,1700
DCM,2023-12-01 07:25:00,28.72739,28.72739,28.68258,28.68258,8200
DCM,2023-12-01 07:26:00,28.68258,28.72739,28.68258,28.72739,35100
DCM,2023-12-01 07:27:00,28.72739,28.72739,28.72739,28.72739,10600
DCM,2023-12-01 07:28:00,28.72739,28.72739,28.68258,28.72739,4900
DCM,2023-12-01 07:29:00,28.68258,28.72739,28.68258,28.68258,18900
DCM,2023-12-01 07:45:00,28.68258,28.68258,28.68258,28.68258,182600
DCM,2023-12-04 02:15:00,28.77221,28.95148,28.77221,28.95148,34200
DCM,2023-12-04 02:16:00,29.04111,29.04111,28.77221,29.04111,57000
DCM,2023-12-04 02:17:00,29.04111,29.08592,29.04111,29.04111,3800
DCM,2023-12-04 02:18:00,29.04111,29.04111,29.04111,29.04111,10600
DCM,2023-12-04 02:19:00,29.04111,29.04111,29.04111,29.04111,7100
DCM,2023-12-04 02:20:00,28.99629,28.99629,28.95148,28.95148,5900
DCM,2023-12-04 02:21:00,28.95148,28.95148,28.90666,28.90666,11300
DCM,2023-12-04 02:22:00,28.90666,28.95148,28.90666,28.90666,12100
DCM,2023-12-04 02:23:00,28.90666,28.99629,28.90666,28.99629,9600
DCM,2023-12-04 02:24:00,28.99629,28.99629,28.95148,28.95148,3500
DCM,2023-12-04 02:25:00,28.95148,28.95148,28.95148,28.95148,100
DCM,2023-12-04 02:26:00,28.99629,28.99629,28.90666,28.90666,21800
DCM,2023-12-04 02:27:00,28.90666,28.90666,28.90666,28.90666,13300
DCM,2023-12-04 02:28:00,28.90666,28.90666,28.90666,28.90666,8400
DCM,2023-12-04 02:29:00,28.90666,28.90666,28.86184,28.86184,8200
DCM,2023-12-04 02:30:00,28.86184,28.90666,28.81703,28.90666,30700
DCM,2023-12-04 02:31:00,28.90666,28.90666,28.86184,28.90666,13800
DCM,2023-12-04 02:32:00,28.86184,28.86184,28.86184,28.86184,1500
DCM,2023-12-04 02:33:00,28.90666,28.90666,28.86184,28.86184,2600
DCM,2023-12-04 02:34:00,28.86184,28.90666,28.86184,28.90666,6900
DCM,2023-12-04 02:35:00,28.90666,28.90666,28.90666,28.90666,17000
DCM,2023-12-04 02:36:00,28.90666,28.90666,28.90666,28.90666,4700
DCM,2023-12-04 02:37:00,28.90666,28.95148,28.90666,28.95148,1000
DCM,2023-12-04 02:38:00,28.95148,28.95148,28.95148,28.95148,40100
DCM,2023-12-04 02:39:00,28.95148,28.95148,28.95148,28.95148,3200
DCM,2023-12-04 02:40:00,28.95148,28.95148,28.90666,28.95148,30600
DCM,2023-12-04 02:41:00,28.95148,28.95148,28.95148,28.95148,2600
DCM,2023-12-04 02:42:00,28.95148,28.99629,28.95148,28.99629,14900
DCM,2023-12-04 02:43:00,28.99629,28.99629,28.95148,28.95148,12200
DCM,2023-12-04 02:44:00,28.95148,28.95148,28.95148,28.95148,13700
DCM,2023-12-04 02:45:00,28.99629,28.99629,28.99629,28.99629,14300
DCM,2023-12-04 02:46:00,28.99629,28.99629,28.99629,28.99629,4000
DCM,2023-12-04 02:47:00,28.99629,28.99629,28.99629,28.99629,25600
DCM,2023-12-04 02:48:00,28.99629,29.04111,28.99629,28.99629,700
DCM,2023-12-04 02:49:00,28.99629,29.04111,28.99629,28.99629,2900
DCM,2023-12-04 02:50:00,29.04111,29.04111,29.04111,29.04111,21500
DCM,2023-12-04 02:51:00,29.04111,29.04111,29.04111,29.04111,4900
DCM,2023-12-04 02:52:00,29.04111,29.04111,28.99629,29.04111,57700
DCM,2023-12-04 02:53:00,29.04111,29.04111,28.99629,28.99629,8600
DCM,2023-12-04 02:54:00,28.99629,29.04111,28.99629,29.04111,6900
DCM,2023-12-04 02:55:00,29.04111,29.04111,29.04111,29.04111,5600
DCM,2023-12-04 02:56:00,29.04111,29.08592,29.04111,29.08592,6400
DCM,2023-12-04 02:57:00,29.04111,29.04111,29.04111,29.04111,20000
DCM,2023-12-04 02:58:00,29.04111,29.04111,28.99629,28.99629,1300
DCM,2023-12-04 02:59:00,28.99629,29.04111,28.99629,28.99629,9200
DCM,2023-12-04 03:00:00,28.99629,28.99629,28.99629,28.99629,2700
DCM,2023-12-04 03:01:00,29.04111,29.04111,28.99629,28.99629,6800
DCM,2023-12-04 03:02:00,28.99629,29.04111,28.99629,28.99629,4700
DCM,2023-12-04 03:03:00,29.04111,29.04111,28.99629,28.99629,2600
DCM,2023-12-04 03:04:00,29.04111,29.04111,28.99629,28.99629,14100
DCM,2023-12-04 03:05:00,28.99629,29.04111,28.99629,28.99629,1900
DCM,2023-12-04 03:06:00,28.99629,28.99629,28.99629,28.99629,11300
DCM,2023-12-04 03:07:00,28.99629,28.99629,28.99629,28.99629,7700
DCM,2023-12-04 03:08:00,29.04111,29.04111,28.99629,28.99629,13300
DCM,2023-12-04 03:09:00,28.99629,28.99629,28.99629,28.99629,15300
DCM,2023-12-04 03:10:00,28.99629,28.99629,28.99629,28.99629,300
DCM,2023-12-04 03:11:00,28.99629,28.99629,28.95148,28.95148,3500
DCM,2023-12-04 03:12:00,28.95148,28.95148,28.95148,28.95148,30400
DCM,2023-12-04 03:13:00,28.95148,28.95148,28.90666,28.95148,12600
DCM,2023-12-04 03:14:00,28.90666,28.90666,28.90666,28.90666,9000
DCM,2023-12-04 03:15:00,28.90666,28.90666,28.90666,28.90666,5200
DCM,2023-12-04 03:16:00,28.95148,28.95148,28.95148,28.95148,500
DCM,2023-12-04 03:19:00,28.95148,28.95148,28.95148,28.95148,7900
DCM,2023-12-04 03:20:00,28.95148,28.95148,28.95148,28.95148,2800
DCM,2023-12-04 03:21:00,28.95148,28.95148,28.95148,28.95148,19100
DCM,2023-12-04 03:22:00,28.95148,28.95148,28.95148,28.95148,4400
DCM,2023-12-04 03:23:00,28.95148,28.95148,28.95148,28.95148,500
DCM,2023-12-04 03:24:00,28.95148,28.99629,28.95148,28.99629,3200
DCM,2023-12-04 03:25:00,28.99629,28.99629,28.99629,28.99629,20600
DCM,2023-12-04 03:26:00,28.99629,28.99629,28.99629,28.99629,5900
DCM,2023-12-04 03:27:00,28.99629,29.04111,28.99629,29.04111,1100
DCM,2023-12-04 03:29:00,29.04111,29.04111,28.99629,29.04111,19300
DCM,2023-12-04 03:30:00,29.04111,29.04111,29.04111,29.04111,6200
DCM,2023-12-04 03:31:00,29.04111,29.04111,29.04111,29.04111,2500
DCM,2023-12-04 03:32:00,28.99629,29.04111,28.99629,29.04111,5400
DCM,2023-12-04 03:33:00,29.04111,29.04111,29.04111,29.04111,38800
DCM,2023-12-04 03:34:00,29.04111,29.08592,29.04111,29.08592,43800
DCM,2023-12-04 03:35:00,29.08592,29.08592,29.08592,29.08592,19700
DCM,2023-12-04 03:36:00,29.08592,29.08592,29.08592,29.08592,61600
DCM,2023-12-04 03:37:00,29.08592,29.13074,29.08592,29.13074,24500
DCM,2023-12-04 03:38:00,29.13074,29.13074,29.13074,29.13074,11000
DCM,2023-12-04 03:39:00,29.08592,29.13074,29.08592,29.13074,35500
DCM,2023-12-04 03:40:00,29.13074,29.13074,29.08592,29.08592,97600
DCM,2023-12-04 03:41:00,29.13074,29.13074,29.08592,29.08592,28000
DCM,2023-12-04 03:42:00,29.08592,29.08592,29.08592,29.08592,5100
DCM,2023-12-04 03:43:00,29.08592,29.13074,29.08592,29.13074,22100
DCM,2023-12-04 03:44:00,29.13074,29.13074,29.13074,29.13074,33800
DCM,2023-12-04 03:45:00,29.13074,29.13074,29.13074,29.13074,5600
DCM,2023-12-04 03:46:00,29.13074,29.17556,29.13074,29.17556,41500
DCM,2023-12-04 03:47:00,29.17556,29.22037,29.17556,29.17556,20700
DCM,2023-12-04 03:48:00,29.22037,29.22037,29.17556,29.17556,14300
DCM,2023-12-04 03:49:00,29.22037,29.22037,29.22037,29.22037,76300
DCM,2023-12-04 03:50:00,29.22037,29.22037,29.17556,29.22037,28700
DCM,2023-12-04 03:51:00,29.22037,29.26519,29.22037,29.22037,12900
DCM,2023-12-04 03:52:00,29.22037,29.26519,29.22037,29.26519,3100
DCM,2023-12-04 03:53:00,29.26519,29.26519,29.22037,29.22037,59100
DCM,2023-12-04 03:54:00,29.22037,29.22037,29.17556,29.17556,27600
DCM,2023-12-04 03:55:00,29.17556,29.22037,29.17556,29.22037,23300
DCM,2023-12-04 03:56:00,29.22037,29.22037,29.17556,29.22037,9600
DCM,2023-12-04 03:57:00,29.22037,29.22037,29.22037,29.22037,6500
DCM,2023-12-04 03:58:00,29.22037,29.22037,29.17556,29.17556,9200
DCM,2023-12-04 03:59:00,29.17556,29.17556,29.17556,29.17556,12100
DCM,2023-12-04 04:00:00,29.17556,29.22037,29.17556,29.22037,4400
DCM,2023-12-04 04:01:00,29.17556,29.22037,29.17556,29.22037,4800
DCM,2023-12-04 04:02:00,29.17556,29.22037,29.17556,29.22037,26300
DCM,2023-12-04 04:03:00,29.22037,29.26519,29.22037,29.26519,27900
DCM,2023-12-04 04:04:00,29.22037,29.26519,29.22037,29.22037,3000
DCM,2023-12-04 04:05:00,29.22037,29.22037,29.22037,29.22037,13100
DCM,2023-12-04 04:06:00,29.22037,29.22037,29.17556,29.22037,5700
DCM,2023-12-04 04:07:00,29.22037,29.22037,29.17556,29.17556,6000
DCM,2023-12-04 04:08:00,29.17556,29.17556,29.13074,29.17556,31300
DCM,2023-12-04 04:09:00,29.17556,29.17556,29.13074,29.13074,12900
DCM,2023-12-04 04:10:00,29.13074,29.17556,29.13074,29.17556,10800
DCM,2023-12-04 04:11:00,29.17556,29.17556,29.13074,29.17556,10000
DCM,2023-12-04 04:12:00,29.17556,29.17556,29.17556,29.17556,6100
DCM,2023-12-04 04:13:00,29.17556,29.17556,29.17556,29.17556,3000
DCM,2023-12-04 04:14:00,29.13074,29.13074,29.13074,29.13074,600
DCM,2023-12-04 04:15:00,29.13074,29.17556,29.13074,29.17556,3300
DCM,2023-12-04 04:16:00,29.17556,29.17556,29.17556,29.17556,3800
DCM,2023-12-04 04:17:00,29.13074,29.13074,29.13074,29.13074,3600
DCM,2023-12-04 04:18:00,29.17556,29.17556,29.13074,29.13074,4800
DCM,2023-12-04 04:19:00,29.13074,29.17556,29.13074,29.17556,28200
DCM,2023-12-04 04:20:00,29.17556,29.17556,29.13074,29.17556,35800
DCM,2023-12-04 04:21:00,29.13074,29.17556,29.13074,29.17556,1800
DCM,2023-12-04 04:22:00,29.17556,29.17556,29.17556,29.17556,4400
DCM,2023-12-04 04:23:00,29.17556,29.22037,29.17556,29.17556,5300
DCM,2023-12-04 04:24:00,29.17556,29.17556,29.17556,29.17556,1000
DCM,2023-12-04 04:25:00,29.17556,29.17556,29.17556,29.17556,19900
DCM,2023-12-04 04:26:00,29.17556,29.17556,29.17556,29.17556,7300
DCM,2023-12-04 04:27:00,29.17556,29.17556,29.17556,29.17556,900
DCM,2023-12-04 04:28:00,29.17556,29.17556,29.13074,29.17556,9200
DCM,2023-12-04 04:29:00,29.17556,29.17556,29.17556,29.17556,1500
DCM,2023-12-04 06:00:00,29.17556,29.17556,29.13074,29.17556,89500
DCM,2023-12-04 06:01:00,29.17556,29.22037,29.17556,29.22037,60600
DCM,2023-12-04 06:02:00,29.22037,29.22037,29.22037,29.22037,21700
DCM,2023-12-04 06:03:00,29.22037,29.22037,29.22037,29.22037,14900
DCM,2023-12-04 06:04:00,29.22037,29.26519,29.22037,29.22037,34900
DCM,2023-12-04 06:05:00,29.26519,29.26519,29.22037,29.22037,12300
DCM,2023-12-04 06:06:00,29.22037,29.22037,29.22037,29.22037,5300
DCM,2023-12-04 06:07:00,29.22037,29.22037,29.22037,29.22037,21400
DCM,2023-12-04 06:08:00,29.26519,29.26519,29.26519,29.26519,8000
DCM,2023-12-04 06:09:00,29.26519,29.26519,29.22037,29.22037,5200
DCM,2023-12-04 06:10:00,29.26519,29.26519,29.22037,29.26519,16200
DCM,2023-12-04 06:11:00,29.26519,29.26519,29.26519,29.26519,26700
DCM,2023-12-04 06:12:00,29.31001,29.31001,29.26519,29.26519,7400
DCM,2023-12-04 06:13:00,29.26519,29.31001,29.26519,29.26519,15000
DCM,2023-12-04 06:14:00,29.26519,29.26519,29.26519,29.26519,8600
DCM,2023-12-04 06:15:00,29.31001,29.31001,29.26519,29.31001,8800
DCM,2023-12-04 06:16:00,29.31001,29.31001,29.26519,29.26519,13800
DCM,2023-12-04 06:17:00,29.31001,29.31001,29.26519,29.26519,15600
DCM,2023-12-04 06:18:00,29.26519,29.31001,29.26519,29.31001,40100
DCM,2023-12-04 06:19:00,29.31001,29.35482,29.31001,29.31001,129700
DCM,2023-12-04 06:20:00,29.31001,29.35482,29.31001,29.35482,44000
DCM,2023-12-04 06:21:00,29.35482,29.39964,29.35482,29.35482,52800
DCM,2023-12-04 06:22:00,29.35482,29.35482,29.35482,29.35482,6200
DCM,2023-12-04 06:23:00,29.35482,29.35482,29.35482,29.35482,15500
DCM,2023-12-04 06:24:00,29.35482,29.35482,29.31001,29.31001,9400
DCM,2023-12-04 06:25:00,29.31001,29.31001,29.31001,29.31001,53000
DCM,2023-12-04 06:26:00,29.31001,29.35482,29.31001,29.31001,39400
DCM,2023-12-04 06:27:00,29.31001,29.35482,29.31001,29.31001,1600
DCM,2023-12-04 06:28:00,29.31001,29.31001,29.31001,29.31001,10700
DCM,2023-12-04 06:29:00,29.31001,29.31001,29.26519,29.31001,19300
DCM,2023-12-04 06:30:00,29.31001,29.31001,29.26519,29.31001,6300
DCM,2023-12-04 06:31:00,29.31001,29.31001,29.31001,29.31001,1900
DCM,2023-12-04 06:32:00,29.31001,29.31001,29.26519,29.31001,3200
DCM,2023-12-04 06:33:00,29.31001,29.31001,29.13074,29.13074,371600
DCM,2023-12-04 06:34:00,29.22037,29.22037,29.22037,29.22037,11800
DCM,2023-12-04 06:35:00,29.22037,29.22037,29.22037,29.22037,4200
DCM,2023-12-04 06:36:00,29.22037,29.22037,29.22037,29.22037,18800
DCM,2023-12-04 06:37:00,29.26519,29.26519,29.26519,29.26519,12900
DCM,2023-12-04 06:38:00,29.26519,29.31001,29.26519,29.31001,11600
DCM,2023-12-04 06:39:00,29.31001,29.31001,29.26519,29.31001,9700
DCM,2023-12-04 06:40:00,29.31001,29.31001,29.31001,29.31001,500
DCM,2023-12-04 06:41:00,29.31001,29.31001,29.26519,29.31001,12700
DCM,2023-12-04 06:42:00,29.31001,29.31001,29.31001,29.31001,19000
DCM,2023-12-04 06:43:00,29.26519,29.31001,29.26519,29.31001,5600
DCM,2023-12-04 06:44:00,29.31001,29.31001,29.26519,29.26519,15100
DCM,2023-12-04 06:45:00,29.26519,29.26519,29.26519,29.26519,23600
DCM,2023-12-04 06:46:00,29.26519,29.26519,29.26519,29.26519,5500
DCM,2023-12-04 06:47:00,29.22037,29.22037,29.22037,29.22037,1500
DCM,2023-12-04 06:48:00,29.22037,29.31001,29.22037,29.31001,37500
DCM,2023-12-04 06:49:00,29.31001,29.31001,29.31001,29.31001,18200
DCM,2023-12-04 06:50:00,29.31001,29.31001,29.31001,29.31001,8400
DCM,2023-12-04 06:51:00,29.31001,29.35482,29.31001,29.35482,5100
DCM,2023-12-04 06:52:00,29.35482,29.35482,29.35482,29.35482,3400
DCM,2023-12-04 06:53:00,29.35482,29.35482,29.35482,29.35482,6100
DCM,2023-12-04 06:54:00,29.35482,29.35482,29.35482,29.35482,2200
DCM,2023-12-04 06:55:00,29.35482,29.35482,29.35482,29.35482,1000
DCM,2023-12-04 06:56:00,29.35482,29.35482,29.35482,29.35482,9900
DCM,2023-12-04 06:57:00,29.35482,29.35482,29.35482,29.35482,16300
DCM,2023-12-04 06:58:00,29.39964,29.39964,29.39964,29.39964,5300
DCM,2023-12-04 06:59:00,29.39964,29.39964,29.31001,29.35482,94200
DCM,2023-12-04 07:00:00,29.35482,29.39964,29.35482,29.39964,6800
DCM,2023-12-04 07:01:00,29.39964,29.39964,29.35482,29.39964,59200
DCM,2023-12-04 07:02:00,29.39964,29.44446,29.39964,29.44446,65700
DCM,2023-12-04 07:03:00,29.44446,29.48927,29.44446,29.48927,16000
DCM,2023-12-04 07:04:00,29.48927,29.48927,29.44446,29.48927,27100
DCM,2023-12-04 07:05:00,29.48927,29.48927,29.48927,29.48927,15400
DCM,2023-12-04 07:06:00,29.48927,29.53409,29.48927,29.53409,79700
DCM,2023-12-04 07:07:00,29.53409,29.53409,29.48927,29.48927,27700
DCM,2023-12-04 07:08:00,29.53409,29.53409,29.48927,29.48927,26000
DCM,2023-12-04 07:09:00,29.48927,29.48927,29.44446,29.48927,21500
DCM,2023-12-04 07:10:00,29.48927,29.48927,29.44446,29.48927,17900
DCM,2023-12-04 07:11:00,29.48927,29.53409,29.48927,29.48927,30800
DCM,2023-12-04 07:12:00,29.53409,29.53409,29.53409,29.53409,2800
DCM,2023-12-04 07:13:00,29.53409,29.53409,29.48927,29.53409,53600
DCM,2023-12-04 07:14:00,29.53409,29.53409,29.53409,29.53409,33300
DCM,2023-12-04 07:15:00,29.53409,29.57891,29.53409,29.53409,31800
DCM,2023-12-04 07:16:00,29.53409,29.57891,29.53409,29.57891,41600
DCM,2023-12-04 07:17:00,29.57891,29.57891,29.53409,29.57891,88800
DCM,2023-12-04 07:18:00,29.57891,29.57891,29.57891,29.57891,210900
DCM,2023-12-04 07:19:00,29.57891,29.80299,29.57891,29.80299,130900
DCM,2023-12-04 07:20:00,29.75817,29.84781,29.75817,29.84781,65600
DCM,2023-12-04 07:21:00,29.84781,29.93744,29.84781,29.89262,58400
DCM,2023-12-04 07:22:00,29.89262,29.93744,29.89262,29.89262,55300
DCM,2023-12-04 07:23:00,29.93744,29.93744,29.84781,29.84781,45400
DCM,2023-12-04 07:24:00,29.84781,29.89262,29.84781,29.84781,27900
DCM,2023-12-04 07:25:00,29.84781,29.89262,29.84781,29.84781,51400
DCM,2023-12-04 07:26:00,29.84781,29.89262,29.71336,29.71336,173800
DCM,2023-12-04 07:27:00,29.75817,29.80299,29.66854,29.66854,20100
DCM,2023-12-04 07:28:00,29.71336,29.75817,29.66854,29.75817,54300
DCM,2023-12-04 07:29:00,29.71336,29.75817,29.71336,29.71336,48700
DCM,2023-12-04 07:30:00,29.71336,29.71336,29.71336,29.71336,1100
DCM,2023-12-04 07:45:00,29.75817,29.75817,29.75817,29.75817,215300
DCM,2023-12-05 02:15:00,29.84781,29.84781,29.80299,29.80299,52600
DCM,2023-12-05 02:16:00,29.80299,29.80299,29.75817,29.75817,16600
DCM,2023-12-05 02:17:00,29.75817,29.75817,29.66854,29.66854,4600
DCM,2023-12-05 02:18:00,29.66854,29.75817,29.57891,29.75817,4400
DCM,2023-12-05 02:19:00,29.75817,29.80299,29.75817,29.80299,30200
DCM,2023-12-05 02:20:00,29.80299,29.80299,29.75817,29.80299,4700
DCM,2023-12-05 02:21:00,29.75817,29.80299,29.75817,29.75817,27200
DCM,2023-12-05 02:22:00,29.75817,29.80299,29.75817,29.75817,20900
DCM,2023-12-05 02:23:00,29.75817,29.80299,29.75817,29.80299,14500
DCM,2023-12-05 02:24:00,29.84781,29.89262,29.84781,29.89262,33600
DCM,2023-12-05 02:25:00,29.89262,29.93744,29.89262,29.93744,7200
DCM,2023-12-05 02:26:00,29.93744,29.93744,29.93744,29.93744,10300
DCM,2023-12-05 02:27:00,29.93744,29.93744,29.93744,29.93744,20800
DCM,2023-12-05 02:28:00,29.93744,29.98226,29.93744,29.93744,14300
DCM,2023-12-05 02:29:00,29.98226,30.02707,29.98226,30.02707,16100
DCM,2023-12-05 02:30:00,29.98226,29.98226,29.93744,29.98226,13200
DCM,2023-12-05 02:31:00,29.98226,29.98226,29.93744,29.93744,30500
DCM,2023-12-05 02:32:00,29.93744,29.93744,29.93744,29.93744,22600
DCM,2023-12-05 02:33:00,29.93744,29.93744,29.89262,29.93744,49500
DCM,2023-12-05 02:34:00,29.93744,29.93744,29.93744,29.93744,27600
DCM,2023-12-05 02:35:00,29.84781,29.93744,29.84781,29.93744,8800
DCM,2023-12-05 02:36:00,29.93744,29.93744,29.89262,29.89262,8200
DCM,2023-12-05 02:37:00,29.89262,29.89262,29.84781,29.89262,14600
DCM,2023-12-05 02:38:00,29.84781,29.84781,29.84781,29.84781,25400
DCM,2023-12-05 02:39:00,29.84781,29.84781,29.84781,29.84781,4000
DCM,2023-12-05 02:40:00,29.84781,29.84781,29.84781,29.84781,4200
DCM,2023-12-05 02:41:00,29.84781,29.84781,29.84781,29.84781,3100
DCM,2023-12-05 02:42:00,29.84781,29.84781,29.80299,29.84781,8300
DCM,2023-12-05 02:43:00,29.84781,29.84781,29.84781,29.84781,1100
DCM,2023-12-05 02:44:00,29.80299,29.84781,29.75817,29.80299,49500
DCM,2023-12-05 02:45:00,29.75817,29.75817,29.71336,29.71336,6200
DCM,2023-12-05 02:46:00,29.71336,29.75817,29.71336,29.75817,18700
DCM,2023-12-05 02:47:00,29.75817,29.75817,29.66854,29.71336,8900
DCM,2023-12-05 02:48:00,29.75817,29.75817,29.57891,29.62372,50200
DCM,2023-12-05 02:49:00,29.66854,29.71336,29.66854,29.71336,1200
DCM,2023-12-05 02:50:00,29.75817,29.75817,29.75817,29.75817,900
DCM,2023-12-05 02:51:00,29.75817,29.75817,29.75817,29.75817,24800
DCM,2023-12-05 02:52:00,29.75817,29.80299,29.75817,29.80299,8200
DCM,2023-12-05 02:53:00,29.80299,29.80299,29.80299,29.80299,20300
DCM,2023-12-05 02:54:00,29.80299,29.80299,29.80299,29.80299,29400
DCM,2023-12-05 02:55:00,29.80299,29.84781,29.80299,29.84781,4700
DCM,2023-12-05 02:56:00,29.84781,29.89262,29.84781,29.89262,49600
DCM,2023-12-05 02:57:00,29.89262,29.89262,29.84781,29.84781,5100
DCM,2023-12-05 02:58:00,29.89262,29.89262,29.89262,29.89262,9300
DCM,2023-12-05 02:59:00,29.89262,29.89262,29.84781,29.84781,12000
DCM,2023-12-05 03:00:00,29.89262,29.89262,29.84781,29.84781,7100
DCM,2023-12-05 03:01:00,29.84781,29.89262,29.84781,29.89262,1300
DCM,2023-12-05 03:02:00,29.89262,29.89262,29.89262,29.89262,6500
DCM,2023-12-05 03:03:00,29.89262,29.89262,29.84781,29.89262,42700
DCM,2023-12-05 03:04:00,29.89262,29.89262,29.84781,29.84781,26200
DCM,2023-12-05 03:05:00,29.84781,29.84781,29.80299,29.80299,25000
DCM,2023-12-05 03:06:00,29.80299,29.84781,29.80299,29.84781,1400
DCM,2023-12-05 03:07:00,29.84781,29.84781,29.80299,29.80299,23600
DCM,2023-12-05 03:09:00,29.75817,29.75817,29.75817,29.75817,27400
DCM,2023-12-05 03:10:00,29.75817,29.75817,29.75817,29.75817,4100
DCM,2023-12-05 03:11:00,29.75817,29.75817,29.75817,29.75817,15700
DCM,2023-12-05 03:12:00,29.75817,29.75817,29.71336,29.71336,1600
DCM,2023-12-05 03:13:00,29.75817,29.75817,29.75817,29.75817,16000
DCM,2023-12-05 03:14:00,29.75817,29.75817,29.71336,29.71336,15700
DCM,2023-12-05 03:15:00,29.71336,29.75817,29.71336,29.75817,5300
DCM,2023-12-05 03:16:00,29.71336,29.75817,29.71336,29.71336,57900
DCM,2023-12-05 03:17:00,29.71336,29.71336,29.66854,29.71336,6500
DCM,2023-12-05 03:18:00,29.71336,29.71336,29.71336,29.71336,3200
DCM,2023-12-05 03:19:00,29.66854,29.71336,29.66854,29.71336,11800
DCM,2023-12-05 03:20:00,29.71336,29.71336,29.71336,29.71336,17900
DCM,2023-12-05 03:21:00,29.71336,29.75817,29.71336,29.75817,19600
DCM,2023-12-05 03:22:00,29.75817,29.75817,29.75817,29.75817,800
DCM,2023-12-05 03:23:00,29.75817,29.75817,29.75817,29.75817,1200
DCM,2023-12-05 03:24:00,29.75817,29.75817,29.75817,29.75817,200
DCM,2023-12-05 03:25:00,29.75817,29.75817,29.75817,29.75817,100
DCM,2023-12-05 03:26:00,29.75817,29.75817,29.71336,29.75817,8400
DCM,2023-12-05 03:27:00,29.75817,29.75817,29.75817,29.75817,26700
DCM,2023-12-05 03:28:00,29.71336,29.75817,29.71336,29.75817,7300
DCM,2023-12-05 03:29:00,29.75817,29.75817,29.75817,29.75817,4700
DCM,2023-12-05 03:30:00,29.75817,29.75817,29.75817,29.75817,1600
DCM,2023-12-05 03:31:00,29.75817,29.75817,29.71336,29.71336,4100
DCM,2023-12-05 03:32:00,29.71336,29.71336,29.71336,29.71336,1000
DCM,2023-12-05 03:33:00,29.71336,29.71336,29.71336,29.71336,4700
DCM,2023-12-05 03:34:00,29.75817,29.75817,29.75817,29.75817,1200
DCM,2023-12-05 03:35:00,29.75817,29.75817,29.71336,29.71336,13700
DCM,2023-12-05 03:36:00,29.71336,29.71336,29.71336,29.71336,3300
DCM,2023-12-05 03:37:00,29.71336,29.71336,29.71336,29.71336,16800
DCM,2023-12-05 03:38:00,29.71336,29.71336,29.71336,29.71336,30400
DCM,2023-12-05 03:39:00,29.66854,29.71336,29.66854,29.66854,17300
DCM,2023-12-05 03:40:00,29.66854,29.66854,29.62372,29.62372,25200
DCM,2023-12-05 03:41:00,29.62372,29.66854,29.62372,29.62372,14200
DCM,2023-12-05 03:42:00,29.62372,29.62372,29.57891,29.62372,90000
DCM,2023-12-05 03:43:00,29.62372,29.62372,29.57891,29.57891,5000
DCM,2023-12-05 03:44:00,29.57891,29.62372,29.57891,29.62372,22100
DCM,2023-12-05 03:45:00,29.62372,29.62372,29.57891,29.57891,41700
DCM,2023-12-05 03:46:00,29.53409,29.53409,29.48927,29.53409,7600
DCM,2023-12-05 03:47:00,29.48927,29.48927,29.48927,29.48927,6600
DCM,2023-12-05 03:48:00,29.48927,29.57891,29.48927,29.57891,18000
DCM,2023-12-05 03:49:00,29.57891,29.57891,29.53409,29.53409,10800
DCM,2023-12-05 03:50:00,29.53409,29.53409,29.53409,29.53409,8200
DCM,2023-12-05 03:51:00,29.53409,29.53409,29.53409,29.53409,5000
DCM,2023-12-05 03:52:00,29.53409,29.53409,29.53409,29.53409,4100
DCM,2023-12-05 03:53:00,29.53409,29.53409,29.53409,29.53409,3400
DCM,2023-12-05 03:54:00,29.53409,29.53409,29.53409,29.53409,800
DCM,2023-12-05 03:55:00,29.53409,29.57891,29.53409,29.57891,2400
DCM,2023-12-05 03:56:00,29.53409,29.53409,29.53409,29.53409,300
DCM,2023-12-05 03:57:00,29.53409,29.53409,29.53409,29.53409,11700
DCM,2023-12-05 03:58:00,29.53409,29.53409,29.53409,29.53409,11400
DCM,2023-12-05 03:59:00,29.53409,29.53409,29.53409,29.53409,5500
DCM,2023-12-05 04:00:00,29.53409,29.57891,29.53409,29.53409,9300
DCM,2023-12-05 04:02:00,29.57891,29.57891,29.53409,29.53409,2700
DCM,2023-12-05 04:03:00,29.53409,29.57891,29.53409,29.57891,1400
DCM,2023-12-05 04:05:00,29.57891,29.57891,29.57891,29.57891,46700
DCM,2023-12-05 04:06:00,29.57891,29.57891,29.53409,29.53409,8100
DCM,2023-12-05 04:07:00,29.53409,29.57891,29.53409,29.57891,36500
DCM,2023-12-05 04:08:00,29.57891,29.62372,29.57891,29.62372,1500
DCM,2023-12-05 04:09:00,29.62372,29.62372,29.62372,29.62372,1700
DCM,2023-12-05 04:10:00,29.62372,29.62372,29.62372,29.62372,7000
DCM,2023-12-05 04:11:00,29.57891,29.57891,29.57891,29.57891,20000
DCM,2023-12-05 04:12:00,29.57891,29.57891,29.57891,29.57891,41000
DCM,2023-12-05 04:13:00,29.57891,29.57891,29.57891,29.57891,10000
DCM,2023-12-05 04:14:00,29.57891,29.57891,29.57891,29.57891,4400
DCM,2023-12-05 04:15:00,29.57891,29.57891,29.57891,29.57891,15900
DCM,2023-12-05 04:16:00,29.57891,29.57891,29.57891,29.57891,2500
DCM,2023-12-05 04:17:00,29.57891,29.57891,29.57891,29.57891,3200
DCM,2023-12-05 04:18:00,29.57891,29.57891,29.53409,29.57891,12000
DCM,2023-12-05 04:19:00,29.57891,29.57891,29.57891,29.57891,1500
DCM,2023-12-05 04:20:00,29.57891,29.57891,29.57891,29.57891,1400
DCM,2023-12-05 04:21:00,29.57891,29.57891,29.57891,29.57891,3900
DCM,2023-12-05 04:22:00,29.57891,29.57891,29.57891,29.57891,4600
DCM,2023-12-05 04:23:00,29.57891,29.57891,29.57891,29.57891,3700
DCM,2023-12-05 04:24:00,29.57891,29.57891,29.57891,29.57891,1500
DCM,2023-12-05 04:25:00,29.57891,29.57891,29.57891,29.57891,13700
DCM,2023-12-05 04:26:00,29.57891,29.57891,29.57891,29.57891,6200
DCM,2023-12-05 04:27:00,29.57891,29.57891,29.57891,29.57891,1300
DCM,2023-12-05 04:29:00,29.57891,29.57891,29.57891,29.57891,300
DCM,2023-12-05 06:00:00,29.53409,29.57891,29.53409,29.53409,42900
DCM,2023-12-05 06:01:00,29.53409,29.53409,29.53409,29.53409,8200
DCM,2023-12-05 06:02:00,29.53409,29.53409,29.53409,29.53409,8100
DCM,2023-12-05 06:03:00,29.53409,29.57891,29.53409,29.57891,9800
DCM,2023-12-05 06:04:00,29.57891,29.57891,29.57891,29.57891,10000
DCM,2023-12-05 06:05:00,29.57891,29.57891,29.53409,29.57891,26500
DCM,2023-12-05 06:06:00,29.57891,29.57891,29.57891,29.57891,1500
DCM,2023-12-05 06:07:00,29.62372,29.62372,29.57891,29.57891,12400
DCM,2023-12-05 06:08:00,29.57891,29.62372,29.57891,29.62372,8400
DCM,2023-12-05 06:09:00,29.62372,29.62372,29.57891,29.57891,15300
DCM,2023-12-05 06:10:00,29.57891,29.62372,29.57891,29.57891,34200
DCM,2023-12-05 06:11:00,29.57891,29.57891,29.53409,29.53409,26600
DCM,2023-12-05 06:12:00,29.53409,29.57891,29.53409,29.57891,1600
DCM,2023-12-05 06:13:00,29.53409,29.57891,29.53409,29.53409,22800
DCM,2023-12-05 06:14:00,29.53409,29.53409,29.53409,29.53409,15100
DCM,2023-12-05 06:15:00,29.53409,29.53409,29.48927,29.48927,32400
DCM,2023-12-05 06:16:00,29.53409,29.53409,29.48927,29.48927,75900
DCM,2023-12-05 06:17:00,29.48927,29.53409,29.48927,29.53409,3300
DCM,2023-12-05 06:18:00,29.48927,29.53409,29.48927,29.53409,1300
DCM,2023-12-05 06:19:00,29.53409,29.57891,29.53409,29.57891,9300
DCM,2023-12-05 06:20:00,29.57891,29.57891,29.53409,29.57891,5500
DCM,2023-12-05 06:21:00,29.57891,29.57891,29.57891,29.57891,10400
DCM,2023-12-05 06:22:00,29.57891,29.57891,29.57891,29.57891,35800
DCM,2023-12-05 06:23:00,29.57891,29.57891,29.53409,29.57891,26600
DCM,2023-12-05 06:24:00,29.57891,29.57891,29.57891,29.57891,16700
DCM,2023-12-05 06:25:00,29.62372,29.62372,29.57891,29.57891,2200
DCM,2023-12-05 06:26:00,29.62372,29.62372,29.57891,29.62372,5500
DCM,2023-12-05 06:27:00,29.57891,29.62372,29.57891,29.57891,11300
DCM,2023-12-05 06:28:00,29.62372,29.62372,29.62372,29.62372,22400
DCM,2023-12-05 06:29:00,29.62372,29.66854,29.62372,29.66854,29300
DCM,2023-12-05 06:30:00,29.66854,29.66854,29.62372,29.62372,1800
DCM,2023-12-05 06:31:00,29.62372,29.62372,29.57891,29.62372,12600
DCM,2023-12-05 06:32:00,29.62372,29.62372,29.62372,29.62372,19600
DCM,2023-12-05 06:33:00,29.62372,29.62372,29.62372,29.62372,5800
DCM,2023-12-05 06:34:00,29.62372,29.66854,29.62372,29.66854,20500
DCM,2023-12-05 06:35:00,29.66854,29.66854,29.66854,29.66854,12000
DCM,2023-12-05 06:36:00,29.66854,29.66854,29.62372,29.62372,18800
DCM,2023-12-05 06:37:00,29.62372,29.62372,29.57891,29.62372,3900
DCM,2023-12-05 06:38:00,29.62372,29.62372,29.57891,29.62372,8600
DCM,2023-12-05 06:39:00,29.62372,29.62372,29.57891,29.62372,5500
DCM,2023-12-05 06:40:00,29.57891,29.57891,29.57891,29.57891,18400
DCM,2023-12-05 06:41:00,29.57891,29.62372,29.57891,29.57891,19600
DCM,2023-12-05 06:42:00,29.57891,29.57891,29.57891,29.57891,117600
DCM,2023-12-05 06:43:00,29.53409,29.57891,29.53409,29.53409,8300
DCM,2023-12-05 06:44:00,29.53409,29.57891,29.53409,29.53409,66600
DCM,2023-12-05 06:45:00,29.53409,29.53409,29.48927,29.53409,6000
DCM,2023-12-05 06:46:00,29.53409,29.53409,29.53409,29.53409,18100
DCM,2023-12-05 06:47:00,29.53409,29.53409,29.53409,29.53409,2300
DCM,2023-12-05 06:48:00,29.53409,29.53409,29.48927,29.48927,23200
DCM,2023-12-05 06:49:00,29.48927,29.53409,29.48927,29.53409,18200
DCM,2023-12-05 06:50:00,29.53409,29.53409,29.48927,29.48927,129000
DCM,2023-12-05 06:51:00,29.48927,29.48927,29.44446,29.44446,37000
DCM,2023-12-05 06:52:00,29.44446,29.48927,29.44446,29.48927,50300
DCM,2023-12-05 06:53:00,29.48927,29.53409,29.48927,29.53409,6300
DCM,2023-12-05 06:54:00,29.48927,29.53409,29.48927,29.53409,4900
DCM,2023-12-05 06:55:00,29.53409,29.53409,29.48927,29.48927,2900
DCM,2023-12-05 06:56:00,29.48927,29.48927,29.48927,29.48927,6000
DCM,2023-12-05 06:57:00,29.53409,29.53409,29.53409,29.53409,13500
DCM,2023-12-05 06:58:00,29.53409,29.53409,29.53409,29.53409,19300
DCM,2023-12-05 06:59:00,29.53409,29.53409,29.53409,29.53409,300
DCM,2023-12-05 07:00:00,29.53409,29.57891,29.53409,29.53409,12300
DCM,2023-12-05 07:01:00,29.53409,29.53409,29.48927,29.48927,13100
DCM,2023-12-05 07:02:00,29.53409,29.53409,29.48927,29.48927,21100
DCM,2023-12-05 07:03:00,29.48927,29.53409,29.48927,29.48927,10900
DCM,2023-12-05 07:04:00,29.53409,29.53409,29.48927,29.48927,19300
DCM,2023-12-05 07:05:00,29.48927,29.48927,29.44446,29.48927,12800
DCM,2023-12-05 07:06:00,29.48927,29.48927,29.48927,29.48927,22600
DCM,2023-12-05 07:07:00,29.48927,29.48927,29.48927,29.48927,12800
DCM,2023-12-05 07:08:00,29.48927,29.48927,29.48927,29.48927,13600
DCM,2023-12-05 07:09:00,29.48927,29.48927,29.48927,29.48927,21400
DCM,2023-12-05 07:10:00,29.53409,29.53409,29.48927,29.48927,18800
DCM,2023-12-05 07:11:00,29.48927,29.48927,29.48927,29.48927,27500
DCM,2023-12-05 07:12:00,29.48927,29.48927,29.48927,29.48927,13100
DCM,2023-12-05 07:13:00,29.48927,29.48927,29.48927,29.48927,10300
DCM,2023-12-05 07:14:00,29.48927,29.48927,29.44446,29.48927,21200
DCM,2023-12-05 07:15:00,29.48927,29.48927,29.48927,29.48927,2400
DCM,2023-12-05 07:16:00,29.48927,29.48927,29.48927,29.48927,9000
DCM,2023-12-05 07:17:00,29.48927,29.48927,29.44446,29.44446,3600
DCM,2023-12-05 07:18:00,29.44446,29.48927,29.44446,29.48927,24600
DCM,2023-12-05 07:19:00,29.48927,29.53409,29.48927,29.53409,4500
DCM,2023-12-05 07:20:00,29.53409,29.53409,29.48927,29.48927,8200
DCM,2023-12-05 07:21:00,29.48927,29.53409,29.48927,29.48927,28000
DCM,2023-12-05 07:22:00,29.48927,29.48927,29.44446,29.44446,49500
DCM,2023-12-05 07:23:00,29.44446,29.48927,29.44446,29.48927,14100
DCM,2023-12-05 07:24:00,29.48927,29.48927,29.39964,29.44446,19600
DCM,2023-12-05 07:25:00,29.44446,29.48927,29.44446,29.44446,45800
DCM,2023-12-05 07:26:00,29.48927,29.48927,29.48927,29.48927,20500
DCM,2023-12-05 07:27:00,29.48927,29.48927,29.44446,29.44446,56100
DCM,2023-12-05 07:28:00,29.44446,29.44446,29.39964,29.39964,40000
DCM,2023-12-05 07:29:00,29.39964,29.44446,29.39964,29.39964,127400
DCM,2023-12-05 07:45:00,29.44446,29.44446,29.44446,29.44446,103600
DCM,2023-12-06 02:15:00,29.93744,29.93744,29.89262,29.89262,51000
DCM,2023-12-06 02:16:00,29.84781,29.84781,29.62372,29.62372,1300
DCM,2023-12-06 02:17:00,29.62372,29.66854,29.62372,29.66854,2800
DCM,2023-12-06 02:18:00,29.80299,29.80299,29.80299,29.80299,12800
DCM,2023-12-06 02:19:00,29.80299,29.80299,29.71336,29.80299,8500
DCM,2023-12-06 02:20:00,29.80299,29.80299,29.80299,29.80299,1600
DCM,2023-12-06 02:21:00,29.75817,29.75817,29.75817,29.75817,2100
DCM,2023-12-06 02:22:00,29.71336,29.75817,29.71336,29.71336,5900
DCM,2023-12-06 02:23:00,29.66854,29.66854,29.66854,29.66854,2800
DCM,2023-12-06 02:24:00,29.66854,29.66854,29.66854,29.66854,8800
DCM,2023-12-06 02:25:00,29.66854,29.66854,29.62372,29.62372,21000
DCM,2023-12-06 02:26:00,29.62372,29.62372,29.62372,29.62372,4900
DCM,2023-12-06 02:27:00,29.57891,29.57891,29.57891,29.57891,20300
DCM,2023-12-06 02:28:00,29.57891,29.57891,29.57891,29.57891,400
DCM,2023-12-06 02:29:00,29.57891,29.57891,29.57891,29.57891,2900
DCM,2023-12-06 02:30:00,29.57891,29.57891,29.57891,29.57891,3100
DCM,2023-12-06 02:31:00,29.57891,29.57891,29.53409,29.53409,8700
DCM,2023-12-06 02:32:00,29.53409,29.53409,29.53409,29.53409,7200
DCM,2023-12-06 02:33:00,29.48927,29.53409,29.48927,29.53409,10900
DCM,2023-12-06 02:34:00,29.53409,29.53409,29.53409,29.53409,1100
DCM,2023-12-06 02:35:00,29.48927,29.48927,29.44446,29.44446,7100
DCM,2023-12-06 02:36:00,29.48927,29.48927,29.48927,29.48927,1000
DCM,2023-12-06 02:37:00,29.44446,29.44446,29.44446,29.44446,3600
DCM,2023-12-06 02:38:00,29.48927,29.48927,29.44446,29.44446,12900
DCM,2023-12-06 02:39:00,29.48927,29.48927,29.48927,29.48927,11100
DCM,2023-12-06 02:40:00,29.48927,29.48927,29.48927,29.48927,1000
DCM,2023-12-06 02:41:00,29.48927,29.48927,29.48927,29.48927,100
DCM,2023-12-06 02:42:00,29.48927,29.48927,29.48927,29.48927,6700
DCM,2023-12-06 02:43:00,29.48927,29.48927,29.48927,29.48927,300
DCM,2023-12-06 02:44:00,29.48927,29.48927,29.48927,29.48927,15900
DCM,2023-12-06 02:45:00,29.48927,29.53409,29.48927,29.48927,7500
DCM,2023-12-06 02:46:00,29.53409,29.53409,29.53409,29.53409,7000
DCM,2023-12-06 02:47:00,29.53409,29.53409,29.53409,29.53409,7200
DCM,2023-12-06 02:48:00,29.53409,29.57891,29.53409,29.57891,1800
DCM,2023-12-06 02:49:00,29.57891,29.57891,29.57891,29.57891,2600
DCM,2023-12-06 02:50:00,29.57891,29.57891,29.57891,29.57891,100
DCM,2023-12-06 02:51:00,29.53409,29.53409,29.53409,29.53409,1000
DCM,2023-12-06 02:52:00,29.53409,29.53409,29.53409,29.53409,2200
DCM,2023-12-06 02:53:00,29.57891,29.57891,29.53409,29.57891,3000
DCM,2023-12-06 02:54:00,29.57891,29.57891,29.57891,29.57891,39500
DCM,2023-12-06 02:55:00,29.57891,29.57891,29.57891,29.57891,1800
DCM,2023-12-06 02:56:00,29.57891,29.62372,29.57891,29.62372,2900
DCM,2023-12-06 02:57:00,29.62372,29.62372,29.57891,29.57891,6100
DCM,2023-12-06 02:58:00,29.62372,29.62372,29.62372,29.62372,6200
DCM,2023-12-06 02:59:00,29.66854,29.66854,29.62372,29.62372,13100
DCM,2023-12-06 03:00:00,29.62372,29.62372,29.62372,29.62372,100
DCM,2023-12-06 03:01:00,29.62372,29.62372,29.62372,29.62372,12000
DCM,2023-12-06 03:02:00,29.66854,29.66854,29.57891,29.57891,5500
DCM,2023-12-06 03:03:00,29.62372,29.62372,29.62372,29.62372,1300
DCM,2023-12-06 03:04:00,29.66854,29.66854,29.66854,29.66854,2000
DCM,2023-12-06 03:05:00,29.66854,29.66854,29.62372,29.62372,1600
DCM,2023-12-06 03:06:00,29.62372,29.66854,29.62372,29.62372,20000
DCM,2023-12-06 03:07:00,29.62372,29.66854,29.62372,29.66854,6600
DCM,2023-12-06 03:08:00,29.62372,29.66854,29.62372,29.66854,13600
DCM,2023-12-06 03:09:00,29.66854,29.66854,29.66854,29.66854,22500
DCM,2023-12-06 03:10:00,29.66854,29.71336,29.66854,29.66854,11100
DCM,2023-12-06 03:11:00,29.71336,29.71336,29.71336,29.71336,100
DCM,2023-12-06 03:12:00,29.71336,29.71336,29.71336,29.71336,15500
DCM,2023-12-06 03:13:00,29.71336,29.71336,29.71336,29.71336,20900
DCM,2023-12-06 03:14:00,29.71336,29.71336,29.71336,29.71336,10000
DCM,2023-12-06 03:15:00,29.71336,29.71336,29.71336,29.71336,5000
DCM,2023-12-06 03:16:00,29.75817,29.75817,29.75817,29.75817,21300
DCM,2023-12-06 03:17:00,29.75817,29.75817,29.71336,29.71336,7300
DCM,2023-12-06 03:18:00,29.71336,29.71336,29.71336,29.71336,14100
DCM,2023-12-06 03:19:00,29.71336,29.71336,29.71336,29.71336,10300
DCM,2023-12-06 03:20:00,29.71336,29.71336,29.71336,29.71336,7100
DCM,2023-12-06 03:21:00,29.71336,29.71336,29.71336,29.71336,1000
DCM,2023-12-06 03:22:00,29.71336,29.71336,29.71336,29.71336,10500
DCM,2023-12-06 03:23:00,29.71336,29.71336,29.66854,29.66854,36800
DCM,2023-12-06 03:24:00,29.66854,29.66854,29.66854,29.66854,600
DCM,2023-12-06 03:25:00,29.66854,29.66854,29.66854,29.66854,200
DCM,2023-12-06 03:26:00,29.66854,29.66854,29.66854,29.66854,8200
DCM,2023-12-06 03:27:00,29.66854,29.66854,29.66854,29.66854,6000
DCM,2023-12-06 03:28:00,29.66854,29.66854,29.62372,29.62372,1900
DCM,2023-12-06 03:31:00,29.66854,29.66854,29.66854,29.66854,7100
DCM,2023-12-06 03:33:00,29.66854,29.66854,29.66854,29.66854,12200
DCM,2023-12-06 03:34:00,29.66854,29.71336,29.66854,29.71336,2400
DCM,2023-12-06 03:35:00,29.66854,29.66854,29.66854,29.66854,6100
DCM,2023-12-06 03:36:00,29.66854,29.66854,29.66854,29.66854,100
DCM,2023-12-06 03:37:00,29.66854,29.66854,29.66854,29.66854,100
DCM,2023-12-06 03:38:00,29.66854,29.66854,29.66854,29.66854,3200
DCM,2023-12-06 03:39:00,29.66854,29.66854,29.66854,29.66854,2000
DCM,2023-12-06 03:40:00,29.66854,29.71336,29.66854,29.66854,1700
DCM,2023-12-06 03:41:00,29.66854,29.66854,29.66854,29.66854,5100
DCM,2023-12-06 03:42:00,29.66854,29.66854,29.66854,29.66854,2600
DCM,2023-12-06 03:43:00,29.71336,29.71336,29.71336,29.71336,1300
DCM,2023-12-06 03:46:00,29.66854,29.66854,29.66854,29.66854,1000
DCM,2023-12-06 03:48:00,29.66854,29.71336,29.66854,29.66854,32000
DCM,2023-12-06 03:49:00,29.71336,29.71336,29.71336,29.71336,10800
DCM,2023-12-06 03:50:00,29.71336,29.71336,29.71336,29.71336,2400
DCM,2023-12-06 03:51:00,29.71336,29.71336,29.71336,29.71336,19500
DCM,2023-12-06 03:52:00,29.71336,29.71336,29.71336,29.71336,9700
DCM,2023-12-06 03:53:00,29.71336,29.71336,29.71336,29.71336,16400
DCM,2023-12-06 03:54:00,29.71336,29.71336,29.71336,29.71336,10500
DCM,2023-12-06 03:56:00,29.71336,29.71336,29.66854,29.66854,2200
DCM,2023-12-06 03:57:00,29.66854,29.66854,29.66854,29.66854,6100
DCM,2023-12-06 03:58:00,29.66854,29.66854,29.66854,29.66854,100
DCM,2023-12-06 03:59:00,29.66854,29.66854,29.66854,29.66854,300
DCM,2023-12-06 04:00:00,29.66854,29.66854,29.66854,29.66854,19300
DCM,2023-12-06 04:01:00,29.66854,29.66854,29.66854,29.66854,1600
DCM,2023-12-06 04:02:00,29.66854,29.66854,29.66854,29.66854,3800
DCM,2023-12-06 04:04:00,29.66854,29.66854,29.66854,29.66854,1200
DCM,2023-12-06 04:05:00,29.62372,29.62372,29.62372,29.62372,17900
DCM,2023-12-06 04:06:00,29.62372,29.62372,29.62372,29.62372,100
DCM,2023-12-06 04:07:00,29.62372,29.62372,29.62372,29.62372,3000
DCM,2023-12-06 04:08:00,29.57891,29.57891,29.57891,29.57891,2300
DCM,2023-12-06 04:09:00,29.57891,29.62372,29.57891,29.57891,10100
DCM,2023-12-06 04:10:00,29.57891,29.62372,29.57891,29.62372,14100
DCM,2023-12-06 04:11:00,29.62372,29.62372,29.57891,29.57891,10800
DCM,2023-12-06 04:12:00,29.57891,29.57891,29.57891,29.57891,1000
DCM,2023-12-06 04:14:00,29.62372,29.62372,29.62372,29.62372,1000
DCM,2023-12-06 04:15:00,29.62372,29.62372,29.62372,29.62372,500
DCM,2023-12-06 04:18:00,29.62372,29.62372,29.62372,29.62372,6000
DCM,2023-12-06 04:19:00,29.62372,29.62372,29.62372,29.62372,1200
DCM,2023-12-06 04:21:00,29.62372,29.62372,29.62372,29.62372,4800
DCM,2023-12-06 04:22:00,29.57891,29.57891,29.57891,29.57891,15000
DCM,2023-12-06 04:23:00,29.57891,29.57891,29.57891,29.57891,23500
DCM,2023-12-06 04:24:00,29.57891,29.57891,29.57891,29.57891,3200
DCM,2023-12-06 04:25:00,29.57891,29.57891,29.57891,29.57891,5600
DCM,2023-12-06 04:26:00,29.57891,29.57891,29.57891,29.57891,9800
DCM,2023-12-06 04:27:00,29.57891,29.57891,29.57891,29.57891,4000
DCM,2023-12-06 04:28:00,29.57891,29.57891,29.53409,29.57891,1500
DCM,2023-12-06 04:29:00,29.53409,29.53409,29.53409,29.53409,700
DCM,2023-12-06 06:00:00,29.53409,29.53409,29.48927,29.48927,64100
DCM,2023-12-06 06:01:00,29.48927,29.48927,29.48927,29.48927,4300
DCM,2023-12-06 06:02:00,29.48927,29.53409,29.48927,29.53409,6400
DCM,2023-12-06 06:03:00,29.53409,29.53409,29.53409,29.53409,1300
DCM,2023-12-06 06:04:00,29.53409,29.53409,29.48927,29.53409,23200
DCM,2023-12-06 06:05:00,29.53409,29.53409,29.48927,29.53409,9500
DCM,2023-12-06 06:06:00,29.53409,29.57891,29.53409,29.53409,3400
DCM,2023-12-06 06:07:00,29.48927,29.53409,29.48927,29.53409,11000
DCM,2023-12-06 06:08:00,29.53409,29.53409,29.48927,29.53409,2400
DCM,2023-12-06 06:09:00,29.53409,29.53409,29.53409,29.53409,15200
DCM,2023-12-06 06:10:00,29.53409,29.57891,29.53409,29.57891,7500
DCM,2023-12-06 06:11:00,29.57891,29.57891,29.57891,29.57891,2900
DCM,2023-12-06 06:12:00,29.57891,29.62372,29.57891,29.62372,34300
DCM,2023-12-06 06:13:00,29.62372,29.62372,29.57891,29.57891,4900
DCM,2023-12-06 06:14:00,29.57891,29.62372,29.57891,29.62372,600
DCM,2023-12-06 06:15:00,29.62372,29.62372,29.62372,29.62372,900
DCM,2023-12-06 06:16:00,29.62372,29.62372,29.62372,29.62372,6500
DCM,2023-12-06 06:17:00,29.62372,29.62372,29.57891,29.62372,13200
DCM,2023-12-06 06:18:00,29.57891,29.62372,29.57891,29.62372,700
DCM,2023-12-06 06:19:00,29.62372,29.62372,29.57891,29.62372,2200
DCM,2023-12-06 06:20:00,29.62372,29.62372,29.62372,29.62372,1300
DCM,2023-12-06 06:21:00,29.62372,29.62372,29.62372,29.62372,34500
DCM,2023-12-06 06:22:00,29.66854,29.66854,29.62372,29.62372,5100
DCM,2023-12-06 06:23:00,29.62372,29.62372,29.62372,29.62372,3200
DCM,2023-12-06 06:24:00,29.62372,29.62372,29.62372,29.62372,5800
DCM,2023-12-06 06:25:00,29.62372,29.62372,29.62372,29.62372,9300
DCM,2023-12-06 06:26:00,29.57891,29.62372,29.57891,29.62372,7800
DCM,2023-12-06 06:27:00,29.62372,29.62372,29.57891,29.57891,11800
DCM,2023-12-06 06:28:00,29.57891,29.62372,29.57891,29.62372,13100
DCM,2023-12-06 06:29:00,29.62372,29.62372,29.57891,29.62372,29700
DCM,2023-12-06 06:30:00,29.62372,29.62372,29.62372,29.62372,12500
DCM,2023-12-06 06:31:00,29.62372,29.62372,29.62372,29.62372,13200
DCM,2023-12-06 06:32:00,29.62372,29.62372,29.62372,29.62372,300
DCM,2023-12-06 06:33:00,29.62372,29.62372,29.62372,29.62372,28400
DCM,2023-12-06 06:34:00,29.62372,29.62372,29.62372,29.62372,17900
DCM,2023-12-06 06:35:00,29.62372,29.62372,29.62372,29.62372,15200
DCM,2023-12-06 06:36:00,29.57891,29.57891,29.57891,29.57891,11000
DCM,2023-12-06 06:37:00,29.62372,29.62372,29.57891,29.57891,2200
DCM,2023-12-06 06:38:00,29.57891,29.57891,29.57891,29.57891,9700
DCM,2023-12-06 06:39:00,29.57891,29.57891,29.57891,29.57891,10900
DCM,2023-12-06 06:40:00,29.57891,29.57891,29.57891,29.57891,52300
DCM,2023-12-06 06:41:00,29.57891,29.57891,29.53409,29.53409,11900
DCM,2023-12-06 06:42:00,29.57891,29.57891,29.53409,29.53409,19400
DCM,2023-12-06 06:43:00,29.53409,29.57891,29.53409,29.57891,1800
DCM,2023-12-06 06:44:00,29.57891,29.57891,29.53409,29.53409,6500
DCM,2023-12-06 06:45:00,29.57891,29.57891,29.53409,29.53409,30700
DCM,2023-12-06 06:46:00,29.53409,29.53409,29.53409,29.53409,2900
DCM,2023-12-06 06:47:00,29.53409,29.53409,29.48927,29.48927,35100
DCM,2023-12-06 06:48:00,29.48927,29.53409,29.48927,29.53409,19500
DCM,2023-12-06 06:49:00,29.53409,29.53409,29.48927,29.48927,1200
DCM,2023-12-06 06:50:00,29.53409,29.53409,29.48927,29.53409,3100
DCM,2023-12-06 06:51:00,29.53409,29.53409,29.53409,29.53409,5700
DCM,2023-12-06 06:52:00,29.53409,29.53409,29.53409,29.53409,12500
DCM,2023-12-06 06:53:00,29.53409,29.57891,29.53409,29.57891,60100
DCM,2023-12-06 06:54:00,29.57891,29.57891,29.57891,29.57891,20400
DCM,2023-12-06 06:55:00,29.57891,29.57891,29.57891,29.57891,8900
DCM,2023-12-06 06:56:00,29.57891,29.57891,29.53409,29.53409,4200
DCM,2023-12-06 06:57:00,29.57891,29.57891,29.57891,29.57891,6900
DCM,2023-12-06 06:58:00,29.57891,29.57891,29.57891,29.57891,25100
DCM,2023-12-06 06:59:00,29.57891,29.57891,29.53409,29.53409,11800
DCM,2023-12-06 07:00:00,29.53409,29.57891,29.53409,29.57891,8300
DCM,2023-12-06 07:01:00,29.57891,29.57891,29.53409,29.53409,2000
DCM,2023-12-06 07:02:00,29.53409,29.57891,29.53409,29.57891,2400
DCM,2023-12-06 07:03:00,29.53409,29.53409,29.53409,29.53409,1000
DCM,2023-12-06 07:04:00,29.53409,29.53409,29.53409,29.53409,5200
DCM,2023-12-06 07:06:00,29.53409,29.57891,29.53409,29.57891,17000
DCM,2023-12-06 07:07:00,29.57891,29.57891,29.53409,29.53409,27200
DCM,2023-12-06 07:08:00,29.53409,29.53409,29.48927,29.53409,14300
DCM,2023-12-06 07:09:00,29.53409,29.53409,29.48927,29.48927,7300
DCM,2023-12-06 07:10:00,29.48927,29.48927,29.48927,29.48927,2800
DCM,2023-12-06 07:11:00,29.53409,29.53409,29.53409,29.53409,5100
DCM,2023-12-06 07:12:00,29.53409,29.53409,29.48927,29.53409,12300
DCM,2023-12-06 07:13:00,29.53409,29.53409,29.53409,29.53409,22700
DCM,2023-12-06 07:14:00,29.53409,29.53409,29.53409,29.53409,46000
DCM,2023-12-06 07:15:00,29.53409,29.57891,29.53409,29.57891,27200
DCM,2023-12-06 07:16:00,29.57891,29.57891,29.57891,29.57891,23700
DCM,2023-12-06 07:17:00,29.57891,29.57891,29.53409,29.53409,34800
DCM,2023-12-06 07:18:00,29.53409,29.57891,29.53409,29.53409,12600
DCM,2023-12-06 07:19:00,29.53409,29.53409,29.53409,29.53409,4000
DCM,2023-12-06 07:20:00,29.57891,29.57891,29.53409,29.57891,68100
DCM,2023-12-06 07:21:00,29.57891,29.66854,29.57891,29.66854,90200
DCM,2023-12-06 07:22:00,29.66854,29.66854,29.66854,29.66854,112700
DCM,2023-12-06 07:23:00,29.71336,29.71336,29.66854,29.71336,55000
DCM,2023-12-06 07:24:00,29.71336,29.75817,29.71336,29.75817,69100
DCM,2023-12-06 07:25:00,29.75817,29.75817,29.75817,29.75817,71900
DCM,2023-12-06 07:26:00,29.75817,29.80299,29.75817,29.80299,35900
DCM,2023-12-06 07:27:00,29.80299,29.80299,29.75817,29.80299,39200
DCM,2023-12-06 07:28:00,29.80299,29.84781,29.80299,29.80299,56600
DCM,2023-12-06 07:29:00,29.80299,29.80299,29.80299,29.80299,11300
DCM,2023-12-06 07:45:00,29.84781,29.84781,29.84781,29.84781,158400
DCM,2023-12-07 02:15:00,30.02707,30.02707,29.93744,29.93744,27500
DCM,2023-12-07 02:16:00,29.89262,30.02707,29.89262,29.98226,9700
DCM,2023-12-07 02:17:00,29.98226,29.98226,29.93744,29.93744,6800
DCM,2023-12-07 02:18:00,29.93744,29.93744,29.93744,29.93744,6700
DCM,2023-12-07 02:19:00,29.93744,29.93744,29.84781,29.84781,8800
DCM,2023-12-07 02:20:00,29.84781,29.84781,29.84781,29.84781,2600
DCM,2023-12-07 02:21:00,29.84781,29.89262,29.84781,29.89262,8600
DCM,2023-12-07 02:22:00,29.84781,29.84781,29.84781,29.84781,20000
DCM,2023-12-07 02:23:00,29.84781,29.84781,29.84781,29.84781,13400
DCM,2023-12-07 02:24:00,29.84781,29.84781,29.84781,29.84781,1100
DCM,2023-12-07 02:25:00,29.84781,29.84781,29.84781,29.84781,800
DCM,2023-12-07 02:26:00,29.84781,29.84781,29.84781,29.84781,2000
DCM,2023-12-07 02:27:00,29.84781,29.89262,29.84781,29.89262,7800
DCM,2023-12-07 02:28:00,29.89262,29.89262,29.84781,29.84781,5000
DCM,2023-12-07 02:29:00,29.84781,29.89262,29.84781,29.89262,8400
DCM,2023-12-07 02:30:00,29.89262,29.89262,29.89262,29.89262,100
DCM,2023-12-07 02:31:00,29.89262,29.89262,29.84781,29.84781,5900
DCM,2023-12-07 02:32:00,29.84781,29.89262,29.84781,29.84781,2300
DCM,2023-12-07 02:33:00,29.84781,29.84781,29.84781,29.84781,7200
DCM,2023-12-07 02:34:00,29.84781,29.84781,29.84781,29.84781,9200
DCM,2023-12-07 02:35:00,29.84781,29.84781,29.84781,29.84781,16300
DCM,2023-12-07 02:36:00,29.84781,29.84781,29.80299,29.80299,23300
DCM,2023-12-07 02:37:00,29.80299,29.80299,29.80299,29.80299,1600
DCM,2023-12-07 02:38:00,29.80299,29.80299,29.80299,29.80299,2500
DCM,2023-12-07 02:39:00,29.75817,29.75817,29.75817,29.75817,5200
DCM,2023-12-07 02:40:00,29.80299,29.80299,29.71336,29.71336,13500
DCM,2023-12-07 02:41:00,29.71336,29.75817,29.71336,29.71336,11000
DCM,2023-12-07 02:42:00,29.71336,29.71336,29.71336,29.71336,16400
DCM,2023-12-07 02:43:00,29.71336,29.71336,29.71336,29.71336,5000
DCM,2023-12-07 02:44:00,29.75817,29.75817,29.66854,29.71336,20500
DCM,2023-12-07 02:45:00,29.66854,29.71336,29.66854,29.66854,4500
DCM,2023-12-07 02:46:00,29.66854,29.66854,29.62372,29.62372,14700
DCM,2023-12-07 02:47:00,29.62372,29.62372,29.57891,29.57891,67600
DCM,2023-12-07 02:48:00,29.57891,29.57891,29.53409,29.53409,49600
DCM,2023-12-07 02:49:00,29.48927,29.53409,29.39964,29.39964,52700
DCM,2023-12-07 02:50:00,29.39964,29.39964,29.31001,29.39964,17500
DCM,2023-12-07 02:51:00,29.31001,29.44446,29.31001,29.44446,13500
DCM,2023-12-07 02:52:00,29.35482,29.39964,29.31001,29.31001,33900
DCM,2023-12-07 02:53:00,29.35482,29.35482,29.31001,29.31001,26600
DCM,2023-12-07 02:54:00,29.31001,29.39964,29.31001,29.39964,14000
DCM,2023-12-07 02:55:00,29.48927,29.53409,29.48927,29.48927,15900
DCM,2023-12-07 02:56:00,29.53409,29.57891,29.53409,29.53409,9300
DCM,2023-12-07 02:57:00,29.57891,29.57891,29.48927,29.48927,69000
DCM,2023-12-07 02:58:00,29.48927,29.53409,29.48927,29.53409,15700
DCM,2023-12-07 02:59:00,29.57891,29.57891,29.44446,29.44446,20300
DCM,2023-12-07 03:00:00,29.48927,29.48927,29.44446,29.44446,9900
DCM,2023-12-07 03:01:00,29.39964,29.39964,29.35482,29.35482,73200
DCM,2023-12-07 03:02:00,29.35482,29.39964,29.31001,29.35482,43500
DCM,2023-12-07 03:03:00,29.39964,29.39964,29.26519,29.26519,55500
DCM,2023-12-07 03:04:00,29.22037,29.35482,29.22037,29.26519,11400
DCM,2023-12-07 03:05:00,29.26519,29.35482,29.26519,29.31001,8900
DCM,2023-12-07 03:06:00,29.31001,29.31001,29.31001,29.31001,10300
DCM,2023-12-07 03:07:00,29.31001,29.31001,29.31001,29.31001,12700
DCM,2023-12-07 03:08:00,29.31001,29.35482,29.31001,29.35482,2100
DCM,2023-12-07 03:09:00,29.35482,29.35482,29.31001,29.35482,18900
DCM,2023-12-07 03:10:00,29.35482,29.39964,29.35482,29.39964,9700
DCM,2023-12-07 03:11:00,29.39964,29.44446,29.39964,29.44446,13300
DCM,2023-12-07 03:12:00,29.44446,29.53409,29.44446,29.53409,7300
DCM,2023-12-07 03:13:00,29.48927,29.53409,29.48927,29.53409,13100
DCM,2023-12-07 03:14:00,29.53409,29.53409,29.48927,29.53409,22800
DCM,2023-12-07 03:15:00,29.48927,29.48927,29.44446,29.44446,8000
DCM,2023-12-07 03:16:00,29.39964,29.39964,29.39964,29.39964,28500
DCM,2023-12-07 03:17:00,29.39964,29.39964,29.39964,29.39964,7100
DCM,2023-12-07 03:18:00,29.39964,29.39964,29.39964,29.39964,16900
DCM,2023-12-07 03:19:00,29.39964,29.39964,29.39964,29.39964,13100
DCM,2023-12-07 03:20:00,29.39964,29.44446,29.39964,29.44446,6500
DCM,2023-12-07 03:21:00,29.44446,29.44446,29.39964,29.44446,1200
DCM,2023-12-07 03:22:00,29.44446,29.44446,29.39964,29.44446,17200
DCM,2023-12-07 03:23:00,29.44446,29.44446,29.44446,29.44446,3500
DCM,2023-12-07 03:24:00,29.44446,29.44446,29.44446,29.44446,7000
DCM,2023-12-07 03:25:00,29.44446,29.44446,29.44446,29.44446,3200
DCM,2023-12-07 03:26:00,29.44446,29.44446,29.39964,29.39964,23600
DCM,2023-12-07 03:27:00,29.39964,29.39964,29.39964,29.39964,4000
DCM,2023-12-07 03:28:00,29.39964,29.39964,29.39964,29.39964,14300
DCM,2023-12-07 03:29:00,29.39964,29.39964,29.39964,29.39964,4700
DCM,2023-12-07 03:30:00,29.39964,29.44446,29.39964,29.44446,2600
DCM,2023-12-07 03:31:00,29.39964,29.39964,29.39964,29.39964,1500
DCM,2023-12-07 03:32:00,29.39964,29.44446,29.39964,29.44446,16800
DCM,2023-12-07 03:33:00,29.39964,29.39964,29.39964,29.39964,19900
DCM,2023-12-07 03:34:00,29.39964,29.39964,29.35482,29.35482,7100
DCM,2023-12-07 03:35:00,29.35482,29.39964,29.31001,29.31001,32700
DCM,2023-12-07 03:36:00,29.35482,29.35482,29.31001,29.31001,29600
DCM,2023-12-07 03:37:00,29.26519,29.26519,29.22037,29.22037,111400
DCM,2023-12-07 03:38:00,29.22037,29.22037,29.08592,29.08592,194000
DCM,2023-12-07 03:39:00,29.04111,29.08592,28.99629,29.04111,38600
DCM,2023-12-07 03:40:00,29.04111,29.13074,28.95148,29.13074,20800
DCM,2023-12-07 03:41:00,29.13074,29.13074,29.08592,29.13074,8600
DCM,2023-12-07 03:42:00,29.13074,29.13074,29.08592,29.13074,12600
DCM,2023-12-07 03:43:00,29.13074,29.13074,29.08592,29.13074,32900
DCM,2023-12-07 03:44:00,29.13074,29.22037,29.13074,29.22037,22800
DCM,2023-12-07 03:45:00,29.26519,29.31001,29.26519,29.31001,6400
DCM,2023-12-07 03:46:00,29.26519,29.26519,29.26519,29.26519,3900
DCM,2023-12-07 03:47:00,29.26519,29.31001,29.26519,29.31001,900
DCM,2023-12-07 03:48:00,29.31001,29.31001,29.22037,29.22037,11100
DCM,2023-12-07 03:49:00,29.26519,29.26519,29.22037,29.22037,1200
DCM,2023-12-07 03:50:00,29.22037,29.22037,29.22037,29.22037,2300
DCM,2023-12-07 03:51:00,29.22037,29.22037,29.17556,29.22037,16300
DCM,2023-12-07 03:52:00,29.22037,29.22037,29.17556,29.17556,19100
DCM,2023-12-07 03:53:00,29.22037,29.22037,29.13074,29.13074,4700
DCM,2023-12-07 03:54:00,29.13074,29.17556,29.13074,29.17556,6700
DCM,2023-12-07 03:55:00,29.17556,29.17556,29.13074,29.17556,8000
DCM,2023-12-07 03:56:00,29.17556,29.17556,29.13074,29.17556,6100
DCM,2023-12-07 03:57:00,29.17556,29.17556,29.13074,29.13074,12500
DCM,2023-12-07 03:58:00,29.13074,29.17556,29.13074,29.13074,27000
DCM,2023-12-07 03:59:00,29.04111,29.04111,29.04111,29.04111,35900
DCM,2023-12-07 04:00:00,29.04111,29.04111,28.99629,29.04111,51000
DCM,2023-12-07 04:01:00,28.99629,29.04111,28.99629,28.99629,7400
DCM,2023-12-07 04:02:00,28.99629,29.04111,28.95148,28.99629,19700
DCM,2023-12-07 04:03:00,28.99629,28.99629,28.95148,28.99629,9700
DCM,2023-12-07 04:04:00,28.99629,28.99629,28.95148,28.99629,13700
DCM,2023-12-07 04:05:00,28.95148,28.95148,28.86184,28.86184,94100
DCM,2023-12-07 04:06:00,28.86184,28.86184,28.77221,28.77221,26200
DCM,2023-12-07 04:07:00,28.77221,28.86184,28.77221,28.81703,14300
DCM,2023-12-07 04:08:00,28.81703,28.86184,28.81703,28.86184,19500
DCM,2023-12-07 04:09:00,28.86184,28.90666,28.86184,28.86184,13000
DCM,2023-12-07 04:10:00,28.90666,28.90666,28.90666,28.90666,14200
DCM,2023-12-07 04:11:00,28.95148,29.04111,28.95148,28.95148,96100
DCM,2023-12-07 04:12:00,28.95148,29.13074,28.95148,29.04111,24400
DCM,2023-12-07 04:13:00,29.04111,29.04111,29.04111,29.04111,3100
DCM,2023-12-07 04:14:00,29.04111,29.04111,29.04111,29.04111,4300
DCM,2023-12-07 04:15:00,29.04111,29.04111,29.04111,29.04111,14800
DCM,2023-12-07 04:16:00,28.95148,28.99629,28.95148,28.99629,7000
DCM,2023-12-07 04:17:00,28.99629,28.99629,28.99629,28.99629,7000
DCM,2023-12-07 04:18:00,29.04111,29.08592,28.99629,28.99629,27200
DCM,2023-12-07 04:19:00,28.99629,28.99629,28.99629,28.99629,8000
DCM,2023-12-07 04:20:00,29.04111,29.04111,28.95148,28.95148,12500
DCM,2023-12-07 04:21:00,28.99629,28.99629,28.95148,28.95148,50700
DCM,2023-12-07 04:22:00,28.95148,28.95148,28.90666,28.95148,6100
DCM,2023-12-07 04:23:00,28.95148,28.95148,28.95148,28.95148,6000
DCM,2023-12-07 04:24:00,28.95148,28.95148,28.95148,28.95148,6300
DCM,2023-12-07 04:25:00,28.95148,28.95148,28.95148,28.95148,16600
DCM,2023-12-07 04:26:00,28.95148,28.99629,28.95148,28.99629,2700
DCM,2023-12-07 04:27:00,28.99629,28.99629,28.95148,28.99629,9400
DCM,2023-12-07 04:28:00,28.99629,28.99629,28.99629,28.99629,4400
DCM,2023-12-07 04:29:00,29.04111,29.04111,28.90666,28.90666,46900
DCM,2023-12-07 06:00:00,28.90666,28.95148,28.90666,28.90666,13100
DCM,2023-12-07 06:01:00,28.90666,28.90666,28.86184,28.90666,11200
DCM,2023-12-07 06:02:00,28.90666,28.90666,28.86184,28.86184,38500
DCM,2023-12-07 06:03:00,28.86184,28.90666,28.86184,28.90666,6900
DCM,2023-12-07 06:04:00,28.90666,28.90666,28.86184,28.90666,24400
DCM,2023-12-07 06:05:00,28.90666,28.95148,28.90666,28.95148,700
DCM,2023-12-07 06:06:00,28.95148,28.95148,28.95148,28.95148,9500
DCM,2023-12-07 06:07:00,28.95148,29.08592,28.95148,29.08592,29700
DCM,2023-12-07 06:08:00,29.08592,29.08592,29.08592,29.08592,46100
DCM,2023-12-07 06:09:00,29.08592,29.08592,29.08592,29.08592,8900
DCM,2023-12-07 06:10:00,29.08592,29.08592,29.04111,29.08592,13700
DCM,2023-12-07 06:11:00,29.08592,29.08592,29.08592,29.08592,19500
DCM,2023-12-07 06:12:00,29.08592,29.08592,29.08592,29.08592,10100
DCM,2023-12-07 06:13:00,29.08592,29.13074,29.08592,29.13074,23800
DCM,2023-12-07 06:14:00,29.13074,29.13074,29.08592,29.08592,21000
DCM,2023-12-07 06:15:00,29.08592,29.08592,29.08592,29.08592,17400
DCM,2023-12-07 06:16:00,29.08592,29.13074,29.04111,29.08592,8400
DCM,2023-12-07 06:17:00,29.08592,29.08592,29.08592,29.08592,3100
DCM,2023-12-07 06:18:00,29.08592,29.08592,29.04111,29.04111,41100
DCM,2023-12-07 06:19:00,28.99629,29.04111,28.99629,29.04111,3600
DCM,2023-12-07 06:20:00,29.04111,29.04111,28.99629,29.04111,2800
DCM,2023-12-07 06:21:00,29.04111,29.04111,28.90666,28.99629,19500
DCM,2023-12-07 06:22:00,28.99629,28.99629,28.99629,28.99629,5000
DCM,2023-12-07 06:23:00,28.99629,28.99629,28.95148,28.95148,6000
DCM,2023-12-07 06:24:00,28.95148,28.99629,28.95148,28.99629,8700
DCM,2023-12-07 06:25:00,28.99629,28.99629,28.99629,28.99629,15300
DCM,2023-12-07 06:26:00,28.99629,28.99629,28.99629,28.99629,6100
DCM,2023-12-07 06:27:00,28.99629,28.99629,28.95148,28.95148,6400
DCM,2023-12-07 06:28:00,29.04111,29.04111,28.95148,28.99629,10000
DCM,2023-12-07 06:29:00,28.86184,28.86184,28.86184,28.86184,33300
DCM,2023-12-07 06:30:00,28.90666,28.95148,28.90666,28.95148,7000
DCM,2023-12-07 06:31:00,28.95148,28.95148,28.90666,28.90666,15800
DCM,2023-12-07 06:32:00,28.95148,29.04111,28.95148,29.04111,10200
DCM,2023-12-07 06:33:00,29.04111,29.04111,28.99629,28.99629,4800
DCM,2023-12-07 06:34:00,28.99629,28.99629,28.99629,28.99629,3700
DCM,2023-12-07 06:35:00,29.04111,29.04111,28.99629,28.99629,6100
DCM,2023-12-07 06:36:00,28.99629,28.99629,28.99629,28.99629,1200
DCM,2023-12-07 06:37:00,28.99629,29.04111,28.99629,29.04111,22500
DCM,2023-12-07 06:38:00,29.04111,29.04111,29.04111,29.04111,24700
DCM,2023-12-07 06:39:00,29.08592,29.08592,29.08592,29.08592,13000
DCM,2023-12-07 06:40:00,29.08592,29.08592,29.04111,29.08592,47300
DCM,2023-12-07 06:41:00,29.13074,29.13074,29.13074,29.13074,35800
DCM,2023-12-07 06:42:00,29.22037,29.22037,29.08592,29.22037,71800
DCM,2023-12-07 06:43:00,29.22037,29.22037,29.13074,29.13074,18000
DCM,2023-12-07 06:44:00,29.13074,29.22037,29.13074,29.22037,34700
DCM,2023-12-07 06:45:00,29.22037,29.26519,29.22037,29.26519,8700
DCM,2023-12-07 06:46:00,29.26519,29.26519,29.22037,29.22037,6500
DCM,2023-12-07 06:47:00,29.22037,29.22037,29.17556,29.17556,22600
DCM,2023-12-07 06:48:00,29.22037,29.22037,29.08592,29.08592,43400
DCM,2023-12-07 06:49:00,29.08592,29.13074,29.08592,29.13074,27700
DCM,2023-12-07 06:50:00,29.13074,29.13074,29.13074,29.13074,3700
DCM,2023-12-07 06:51:00,29.13074,29.13074,29.13074,29.13074,3400
DCM,2023-12-07 06:52:00,29.13074,29.13074,29.13074,29.13074,22800
DCM,2023-12-07 06:53:00,29.13074,29.13074,29.13074,29.13074,9200
DCM,2023-12-07 06:54:00,29.13074,29.17556,29.13074,29.17556,2400
DCM,2023-12-07 06:55:00,29.22037,29.22037,29.22037,29.22037,3300
DCM,2023-12-07 06:56:00,29.22037,29.22037,29.22037,29.22037,15500
DCM,2023-12-07 06:57:00,29.22037,29.22037,29.22037,29.22037,3900
DCM,2023-12-07 06:58:00,29.22037,29.26519,29.22037,29.26519,1700
DCM,2023-12-07 06:59:00,29.22037,29.26519,29.22037,29.26519,6000
DCM,2023-12-07 07:00:00,29.26519,29.26519,29.22037,29.26519,11200
DCM,2023-12-07 07:01:00,29.26519,29.31001,29.26519,29.31001,25200
DCM,2023-12-07 07:02:00,29.35482,29.39964,29.35482,29.39964,29000
DCM,2023-12-07 07:03:00,29.39964,29.44446,29.35482,29.44446,37900
DCM,2023-12-07 07:04:00,29.44446,29.44446,29.35482,29.35482,14700
DCM,2023-12-07 07:05:00,29.35482,29.35482,29.22037,29.22037,28500
DCM,2023-12-07 07:06:00,29.22037,29.22037,29.17556,29.22037,14200
DCM,2023-12-07 07:07:00,29.22037,29.22037,29.17556,29.17556,12500
DCM,2023-12-07 07:08:00,29.17556,29.22037,29.17556,29.17556,30900
DCM,2023-12-07 07:09:00,29.22037,29.22037,29.22037,29.22037,4500
DCM,2023-12-07 07:10:00,29.22037,29.22037,29.22037,29.22037,6100
DCM,2023-12-07 07:11:00,29.22037,29.22037,29.22037,29.22037,5200
DCM,2023-12-07 07:12:00,29.22037,29.22037,29.22037,29.22037,2000
DCM,2023-12-07 07:13:00,29.26519,29.26519,29.26519,29.26519,4000
DCM,2023-12-07 07:14:00,29.26519,29.26519,29.26519,29.26519,16000
DCM,2023-12-07 07:15:00,29.22037,29.26519,29.22037,29.26519,3000
DCM,2023-12-07 07:16:00,29.22037,29.22037,29.22037,29.22037,20600
DCM,2023-12-07 07:17:00,29.22037,29.26519,29.22037,29.26519,12200
DCM,2023-12-07 07:18:00,29.31001,29.31001,29.26519,29.26519,2200
DCM,2023-12-07 07:19:00,29.26519,29.31001,29.26519,29.31001,22700
DCM,2023-12-07 07:20:00,29.31001,29.31001,29.31001,29.31001,18300
DCM,2023-12-07 07:21:00,29.39964,29.44446,29.39964,29.44446,29500
DCM,2023-12-07 07:22:00,29.48927,29.48927,29.48927,29.48927,15100
DCM,2023-12-07 07:23:00,29.48927,29.53409,29.48927,29.53409,7800
DCM,2023-12-07 07:24:00,29.53409,29.53409,29.48927,29.48927,15200
DCM,2023-12-07 07:25:00,29.53409,29.53409,29.53409,29.53409,23700
DCM,2023-12-07 07:26:00,29.53409,29.53409,29.53409,29.53409,20000
DCM,2023-12-07 07:27:00,29.48927,29.53409,29.39964,29.39964,27600
DCM,2023-12-07 07:28:00,29.39964,29.39964,29.22037,29.22037,22500
DCM,2023-12-07 07:29:00,29.22037,29.22037,29.17556,29.22037,105000
DCM,2023-12-07 07:45:00,29.17556,29.17556,29.17556,29.17556,366600
DCM,2023-12-08 02:15:00,29.13074,29.48927,29.13074,29.31001,12900
DCM,2023-12-08 02:16:00,29.31001,29.57891,29.31001,29.57891,3700
DCM,2023-12-08 02:17:00,29.48927,29.48927,29.44446,29.44446,400
DCM,2023-12-08 02:18:00,29.44446,29.44446,29.39964,29.39964,2000
DCM,2023-12-08 02:19:00,29.39964,29.39964,29.39964,29.39964,1100
DCM,2023-12-08 02:20:00,29.39964,29.44446,29.39964,29.44446,3200
DCM,2023-12-08 02:21:00,29.44446,29.44446,29.44446,29.44446,5500
DCM,2023-12-08 02:22:00,29.39964,29.39964,29.39964,29.39964,1000
DCM,2023-12-08 02:23:00,29.35482,29.35482,29.31001,29.31001,2700
DCM,2023-12-08 02:24:00,29.26519,29.26519,29.13074,29.13074,37500
DCM,2023-12-08 02:25:00,29.13074,29.13074,29.04111,29.04111,13200
DCM,2023-12-08 02:26:00,29.04111,29.04111,28.99629,29.04111,15000
DCM,2023-12-08 02:27:00,29.13074,29.17556,29.13074,29.13074,9300
DCM,2023-12-08 02:28:00,29.17556,29.22037,29.17556,29.22037,5300
DCM,2023-12-08 02:29:00,29.22037,29.31001,29.22037,29.31001,3700
DCM,2023-12-08 02:30:00,29.31001,29.31001,29.31001,29.31001,4300
DCM,2023-12-08 02:31:00,29.39964,29.39964,29.39964,29.39964,200
DCM,2023-12-08 02:32:00,29.39964,29.39964,29.39964,29.39964,5500
DCM,2023-12-08 02:34:00,29.39964,29.39964,29.35482,29.35482,2000
DCM,2023-12-08 02:35:00,29.39964,29.39964,29.31001,29.31001,3200
DCM,2023-12-08 02:36:00,29.31001,29.31001,29.31001,29.31001,3000
DCM,2023-12-08 02:37:00,29.31001,29.31001,29.17556,29.17556,12000
DCM,2023-12-08 02:38:00,29.22037,29.22037,29.22037,29.22037,4200
DCM,2023-12-08 02:39:00,29.22037,29.26519,29.22037,29.26519,7000
DCM,2023-12-08 02:40:00,29.31001,29.31001,29.26519,29.31001,6600
DCM,2023-12-08 02:41:00,29.31001,29.31001,29.31001,29.31001,5600
DCM,2023-12-08 02:42:00,29.26519,29.26519,29.26519,29.26519,200
DCM,2023-12-08 02:43:00,29.31001,29.31001,29.22037,29.22037,10300
DCM,2023-12-08 02:45:00,29.17556,29.17556,29.17556,29.17556,20000
DCM,2023-12-08 02:46:00,29.17556,29.17556,29.17556,29.17556,100
DCM,2023-12-08 02:47:00,29.17556,29.17556,29.17556,29.17556,5300
DCM,2023-12-08 02:48:00,29.26519,29.26519,29.13074,29.13074,24300
DCM,2023-12-08 02:49:00,29.17556,29.17556,29.17556,29.17556,1900
DCM,2023-12-08 02:50:00,29.17556,29.17556,29.17556,29.17556,2100
DCM,2023-12-08 02:51:00,29.17556,29.17556,29.17556,29.17556,800
DCM,2023-12-08 02:52:00,29.17556,29.17556,29.13074,29.13074,15700
DCM,2023-12-08 02:53:00,29.13074,29.13074,29.13074,29.13074,800
DCM,2023-12-08 02:54:00,29.13074,29.13074,29.13074,29.13074,6500
DCM,2023-12-08 02:55:00,29.13074,29.13074,29.08592,29.13074,8000
DCM,2023-12-08 02:56:00,29.08592,29.13074,29.08592,29.13074,3800
DCM,2023-12-08 02:57:00,29.13074,29.13074,29.08592,29.08592,13100
DCM,2023-12-08 02:58:00,29.13074,29.13074,29.13074,29.13074,2500
DCM,2023-12-08 02:59:00,29.13074,29.13074,29.13074,29.13074,1500
DCM,2023-12-08 03:00:00,29.13074,29.13074,29.13074,29.13074,1100
DCM,2023-12-08 03:01:00,29.13074,29.13074,29.04111,29.04111,20300
DCM,2023-12-08 03:02:00,29.04111,29.04111,29.04111,29.04111,4000
DCM,2023-12-08 03:06:00,29.13074,29.13074,29.13074,29.13074,300
DCM,2023-12-08 03:07:00,29.13074,29.13074,29.13074,29.13074,5600
DCM,2023-12-08 03:08:00,29.13074,29.13074,29.13074,29.13074,19600
DCM,2023-12-08 03:09:00,29.13074,29.13074,29.13074,29.13074,1600
DCM,2023-12-08 03:10:00,29.13074,29.17556,29.13074,29.13074,700
DCM,2023-12-08 03:11:00,29.17556,29.17556,29.17556,29.17556,1400
DCM,2023-12-08 03:12:00,29.17556,29.17556,29.17556,29.17556,5400
DCM,2023-12-08 03:13:00,29.17556,29.17556,29.13074,29.13074,11600
DCM,2023-12-08 03:14:00,29.13074,29.17556,29.13074,29.17556,5200
DCM,2023-12-08 03:15:00,29.17556,29.17556,29.17556,29.17556,7800
DCM,2023-12-08 03:16:00,29.17556,29.22037,29.17556,29.22037,1600
DCM,2023-12-08 03:17:00,29.22037,29.22037,29.22037,29.22037,200
DCM,2023-12-08 03:18:00,29.22037,29.22037,29.22037,29.22037,19300
DCM,2023-12-08 03:19:00,29.22037,29.22037,29.22037,29.22037,500
DCM,2023-12-08 03:20:00,29.22037,29.22037,29.22037,29.22037,6800
DCM,2023-12-08 03:21:00,29.22037,29.26519,29.22037,29.26519,5400
DCM,2023-12-08 03:22:00,29.26519,29.26519,29.26519,29.26519,100
DCM,2023-12-08 03:23:00,29.26519,29.26519,29.26519,29.26519,500
DCM,2023-12-08 03:25:00,29.26519,29.26519,29.26519,29.26519,2100
DCM,2023-12-08 03:26:00,29.26519,29.26519,29.26519,29.26519,1500
DCM,2023-12-08 03:27:00,29.26519,29.26519,29.17556,29.17556,33000
DCM,2023-12-08 03:28:00,29.26519,29.26519,29.26519,29.26519,1000
DCM,2023-12-08 03:29:00,29.26519,29.26519,29.22037,29.26519,4700
DCM,2023-12-08 03:30:00,29.26519,29.26519,29.26519,29.26519,800
DCM,2023-12-08 03:31:00,29.26519,29.26519,29.26519,29.26519,300
DCM,2023-12-08 03:32:00,29.26519,29.26519,29.26519,29.26519,300
DCM,2023-12-08 03:33:00,29.26519,29.26519,29.26519,29.26519,13000
DCM,2023-12-08 03:34:00,29.22037,29.22037,29.22037,29.22037,700
DCM,2023-12-08 03:35:00,29.26519,29.26519,29.26519,29.26519,3300
DCM,2023-12-08 03:36:00,29.26519,29.26519,29.26519,29.26519,100
DCM,2023-12-08 03:38:00,29.26519,29.26519,29.26519,29.26519,1000
DCM,2023-12-08 03:42:00,29.22037,29.22037,29.22037,29.22037,100
DCM,2023-12-08 03:43:00,29.26519,29.26519,29.26519,29.26519,6000
DCM,2023-12-08 03:44:00,29.26519,29.26519,29.26519,29.26519,10200
DCM,2023-12-08 03:45:00,29.26519,29.31001,29.26519,29.31001,3200
DCM,2023-12-08 03:46:00,29.31001,29.39964,29.31001,29.39964,16500
DCM,2023-12-08 03:47:00,29.44446,29.44446,29.44446,29.44446,100
DCM,2023-12-08 03:48:00,29.44446,29.44446,29.44446,29.44446,3100
DCM,2023-12-08 03:49:00,29.44446,29.44446,29.44446,29.44446,7100
DCM,2023-12-08 03:50:00,29.44446,29.44446,29.44446,29.44446,3300
DCM,2023-12-08 03:51:00,29.44446,29.44446,29.44446,29.44446,2100
DCM,2023-12-08 03:52:00,29.44446,29.44446,29.39964,29.39964,800
DCM,2023-12-08 03:53:00,29.31001,29.31001,29.31001,29.31001,10000
DCM,2023-12-08 03:54:00,29.39964,29.39964,29.39964,29.39964,5000
DCM,2023-12-08 03:55:00,29.39964,29.39964,29.39964,29.39964,100
DCM,2023-12-08 03:56:00,29.31001,29.31001,29.31001,29.31001,1000
DCM,2023-12-08 03:58:00,29.31001,29.31001,29.31001,29.31001,14900
DCM,2023-12-08 03:59:00,29.31001,29.31001,29.31001,29.31001,300
DCM,2023-12-08 04:00:00,29.31001,29.31001,29.26519,29.26519,700
DCM,2023-12-08 04:01:00,29.26519,29.26519,29.26519,29.26519,8900
DCM,2023-12-08 04:02:00,29.22037,29.22037,29.22037,29.22037,200
DCM,2023-12-08 04:03:00,29.26519,29.26519,29.26519,29.26519,4400
DCM,2023-12-08 04:04:00,29.26519,29.31001,29.26519,29.31001,700
DCM,2023-12-08 04:06:00,29.31001,29.31001,29.31001,29.31001,10000
DCM,2023-12-08 04:07:00,29.26519,29.26519,29.26519,29.26519,8000
DCM,2023-12-08 04:08:00,29.26519,29.26519,29.26519,29.26519,1700
DCM,2023-12-08 04:09:00,29.26519,29.26519,29.26519,29.26519,8300
DCM,2023-12-08 04:10:00,29.26519,29.26519,29.26519,29.26519,5000
DCM,2023-12-08 04:11:00,29.26519,29.26519,29.26519,29.26519,3900
DCM,2023-12-08 04:12:00,29.26519,29.26519,29.26519,29.26519,200
DCM,2023-12-08 04:13:00,29.26519,29.26519,29.26519,29.26519,3000
DCM,2023-12-08 04:15:00,29.26519,29.26519,29.22037,29.22037,11900
DCM,2023-12-08 04:16:00,29.22037,29.22037,29.17556,29.17556,67400
DCM,2023-12-08 04:17:00,29.17556,29.17556,29.17556,29.17556,5200
DCM,2023-12-08 04:18:00,29.17556,29.26519,29.17556,29.26519,1100
DCM,2023-12-08 04:19:00,29.17556,29.26519,29.17556,29.26519,4200
DCM,2023-12-08 04:21:00,29.17556,29.26519,29.17556,29.26519,10500
DCM,2023-12-08 04:22:00,29.26519,29.26519,29.26519,29.26519,600
DCM,2023-12-08 04:23:00,29.26519,29.26519,29.26519,29.26519,10000
DCM,2023-12-08 04:24:00,29.26519,29.26519,29.22037,29.22037,3100
DCM,2023-12-08 04:25:00,29.22037,29.22037,29.22037,29.22037,100
DCM,2023-12-08 04:26:00,29.22037,29.22037,29.22037,29.22037,3000
DCM,2023-12-08 04:28:00,29.22037,29.22037,29.22037,29.22037,400
DCM,2023-12-08 04:29:00,29.22037,29.22037,29.22037,29.22037,4100
DCM,2023-12-08 06:00:00,29.26519,29.26519,29.17556,29.26519,10800
DCM,2023-12-08 06:03:00,29.26519,29.26519,29.26519,29.26519,900
DCM,2023-12-08 06:04:00,29.26519,29.31001,29.26519,29.31001,1500
DCM,2023-12-08 06:05:00,29.26519,29.26519,29.26519,29.26519,800
DCM,2023-12-08 06:06:00,29.26519,29.26519,29.26519,29.26519,200
DCM,2023-12-08 06:07:00,29.31001,29.35482,29.31001,29.35482,6000
DCM,2023-12-08 06:08:00,29.31001,29.31001,29.31001,29.31001,100
DCM,2023-12-08 06:09:00,29.31001,29.31001,29.31001,29.31001,200
DCM,2023-12-08 06:10:00,29.31001,29.31001,29.31001,29.31001,700
DCM,2023-12-08 06:11:00,29.31001,29.31001,29.31001,29.31001,100
DCM,2023-12-08 06:12:00,29.31001,29.31001,29.26519,29.26519,5600
DCM,2023-12-08 06:13:00,29.26519,29.26519,29.26519,29.26519,1500
DCM,2023-12-08 06:14:00,29.26519,29.26519,29.26519,29.26519,1000
DCM,2023-12-08 06:15:00,29.22037,29.22037,29.22037,29.22037,34700
DCM,2023-12-08 06:16:00,29.22037,29.22037,29.22037,29.22037,1400
DCM,2023-12-08 06:17:00,29.26519,29.26519,29.26519,29.26519,2600
DCM,2023-12-08 06:18:00,29.26519,29.26519,29.26519,29.26519,10100
DCM,2023-12-08 06:19:00,29.26519,29.26519,29.26519,29.26519,19900
DCM,2023-12-08 06:20:00,29.26519,29.26519,29.26519,29.26519,1000
DCM,2023-12-08 06:21:00,29.31001,29.31001,29.31001,29.31001,8700
DCM,2023-12-08 06:22:00,29.31001,29.31001,29.26519,29.31001,19000
DCM,2023-12-08 06:23:00,29.31001,29.35482,29.31001,29.35482,11200
DCM,2023-12-08 06:24:00,29.39964,29.39964,29.35482,29.39964,8500
DCM,2023-12-08 06:26:00,29.39964,29.39964,29.26519,29.26519,35100
DCM,2023-12-08 06:27:00,29.26519,29.39964,29.26519,29.39964,12200
DCM,2023-12-08 06:28:00,29.39964,29.44446,29.39964,29.44446,6500
DCM,2023-12-08 06:29:00,29.44446,29.44446,29.44446,29.44446,4500
DCM,2023-12-08 06:30:00,29.39964,29.39964,29.35482,29.35482,2500
DCM,2023-12-08 06:31:00,29.35482,29.35482,29.35482,29.35482,1500
DCM,2023-12-08 06:32:00,29.35482,29.35482,29.31001,29.31001,5700
DCM,2023-12-08 06:33:00,29.31001,29.31001,29.26519,29.26519,800
DCM,2023-12-08 06:34:00,29.26519,29.26519,29.26519,29.26519,100
DCM,2023-12-08 06:35:00,29.26519,29.26519,29.26519,29.26519,10000
DCM,2023-12-08 06:36:00,29.26519,29.26519,29.26519,29.26519,3800
DCM,2023-12-08 06:37:00,29.26519,29.26519,29.26519,29.26519,1000
DCM,2023-12-08 06:38:00,29.26519,29.26519,29.26519,29.26519,1600
DCM,2023-12-08 06:39:00,29.26519,29.26519,29.26519,29.26519,1300
DCM,2023-12-08 06:41:00,29.26519,29.26519,29.22037,29.26519,19700
DCM,2023-12-08 06:42:00,29.26519,29.26519,29.26519,29.26519,2000
DCM,2023-12-08 06:43:00,29.31001,29.31001,29.26519,29.31001,27000
DCM,2023-12-08 06:44:00,29.31001,29.31001,29.31001,29.31001,300
DCM,2023-12-08 06:45:00,29.31001,29.31001,29.31001,29.31001,1000
DCM,2023-12-08 06:46:00,29.31001,29.31001,29.31001,29.31001,4400
DCM,2023-12-08 06:47:00,29.26519,29.31001,29.26519,29.31001,400
DCM,2023-12-08 06:48:00,29.31001,29.31001,29.31001,29.31001,2200
DCM,2023-12-08 06:49:00,29.31001,29.31001,29.31001,29.31001,600
DCM,2023-12-08 06:50:00,29.31001,29.39964,29.31001,29.39964,40500
DCM,2023-12-08 06:52:00,29.35482,29.35482,29.35482,29.35482,3000
DCM,2023-12-08 06:53:00,29.35482,29.35482,29.31001,29.35482,13400
DCM,2023-12-08 06:54:00,29.35482,29.35482,29.31001,29.31001,12000
DCM,2023-12-08 06:55:00,29.35482,29.35482,29.31001,29.31001,21100
DCM,2023-12-08 06:56:00,29.31001,29.31001,29.26519,29.26519,10500
DCM,2023-12-08 06:57:00,29.26519,29.26519,29.26519,29.26519,100
DCM,2023-12-08 06:58:00,29.26519,29.26519,29.26519,29.26519,500
DCM,2023-12-08 06:59:00,29.26519,29.31001,29.26519,29.31001,56500
DCM,2023-12-08 07:00:00,29.31001,29.31001,29.26519,29.26519,2900
DCM,2023-12-08 07:01:00,29.26519,29.26519,29.26519,29.26519,6200
DCM,2023-12-08 07:02:00,29.26519,29.26519,29.26519,29.26519,2600
DCM,2023-12-08 07:03:00,29.22037,29.22037,29.22037,29.22037,26100
DCM,2023-12-08 07:04:00,29.22037,29.22037,29.17556,29.17556,36100
DCM,2023-12-08 07:05:00,29.17556,29.17556,29.13074,29.13074,70700
DCM,2023-12-08 07:06:00,29.13074,29.13074,29.04111,29.08592,28200
DCM,2023-12-08 07:07:00,29.08592,29.08592,29.08592,29.08592,14900
DCM,2023-12-08 07:08:00,29.08592,29.08592,29.04111,29.08592,26500
DCM,2023-12-08 07:09:00,29.08592,29.08592,29.04111,29.08592,4300
DCM,2023-12-08 07:10:00,29.08592,29.08592,29.04111,29.08592,24100
DCM,2023-12-08 07:11:00,29.08592,29.13074,29.08592,29.13074,33200
DCM,2023-12-08 07:12:00,29.17556,29.17556,29.17556,29.17556,6200
DCM,2023-12-08 07:13:00,29.22037,29.22037,29.22037,29.22037,7000
DCM,2023-12-08 07:14:00,29.22037,29.26519,29.22037,29.26519,3500
DCM,2023-12-08 07:15:00,29.26519,29.26519,29.22037,29.22037,5400
DCM,2023-12-08 07:16:00,29.22037,29.22037,29.22037,29.22037,18200
DCM,2023-12-08 07:17:00,29.17556,29.17556,29.17556,29.17556,17100
DCM,2023-12-08 07:18:00,29.17556,29.17556,29.17556,29.17556,500
DCM,2023-12-08 07:19:00,29.17556,29.17556,29.17556,29.17556,200
DCM,2023-12-08 07:20:00,29.17556,29.17556,29.13074,29.13074,2100
DCM,2023-12-08 07:21:00,29.13074,29.17556,29.13074,29.13074,18700
DCM,2023-12-08 07:22:00,29.08592,29.13074,29.04111,29.04111,79500
DCM,2023-12-08 07:23:00,28.99629,29.04111,28.95148,28.99629,35500
DCM,2023-12-08 07:24:00,28.99629,28.99629,28.90666,28.95148,83900
DCM,2023-12-08 07:25:00,28.90666,28.95148,28.81703,28.86184,66600
DCM,2023-12-08 07:26:00,28.86184,28.90666,28.86184,28.90666,51900
DCM,2023-12-08 07:27:00,28.90666,28.95148,28.90666,28.95148,74500
DCM,2023-12-08 07:28:00,29.04111,29.13074,28.99629,29.04111,13700
DCM,2023-12-08 07:29:00,29.04111,29.13074,29.04111,29.13074,6800
DCM,2023-12-08 07:45:00,28.99629,28.99629,28.99629,28.99629,78800
DCM,2023-12-11 02:15:00,29.08592,29.13074,29.08592,29.13074,15700
DCM,2023-12-11 02:16:00,29.13074,29.22037,29.13074,29.22037,4000
DCM,2023-12-11 02:17:00,29.22037,29.22037,29.22037,29.22037,4900
DCM,2023-12-11 02:20:00,29.17556,29.17556,29.13074,29.13074,2500
DCM,2023-12-11 02:21:00,29.08592,29.08592,29.08592,29.08592,8100
DCM,2023-12-11 02:22:00,29.08592,29.17556,29.08592,29.17556,900
DCM,2023-12-11 02:23:00,29.08592,29.08592,29.08592,29.08592,500
DCM,2023-12-11 02:24:00,29.17556,29.17556,29.13074,29.13074,200
DCM,2023-12-11 02:25:00,29.08592,29.08592,29.04111,29.04111,7200
DCM,2023-12-11 02:26:00,29.08592,29.08592,29.08592,29.08592,1300
DCM,2023-12-11 02:27:00,29.08592,29.08592,29.04111,29.04111,4100
DCM,2023-12-11 02:28:00,29.08592,29.08592,29.08592,29.08592,19000
DCM,2023-12-11 02:29:00,29.08592,29.08592,29.08592,29.08592,3000
DCM,2023-12-11 02:30:00,29.13074,29.13074,29.08592,29.08592,6500
DCM,2023-12-11 02:31:00,29.13074,29.13074,29.13074,29.13074,25100
DCM,2023-12-11 02:32:00,29.13074,29.17556,29.13074,29.17556,2600
DCM,2023-12-11 02:33:00,29.17556,29.17556,29.17556,29.17556,5200
DCM,2023-12-11 02:34:00,29.17556,29.17556,29.17556,29.17556,200
DCM,2023-12-11 02:35:00,29.17556,29.22037,29.17556,29.17556,17300
DCM,2023-12-11 02:36:00,29.17556,29.17556,29.17556,29.17556,12000
DCM,2023-12-11 02:37:00,29.17556,29.26519,29.17556,29.26519,26400
DCM,2023-12-11 02:38:00,29.31001,29.39964,29.31001,29.35482,27000
DCM,2023-12-11 02:39:00,29.39964,29.44446,29.39964,29.44446,38800
DCM,2023-12-11 02:40:00,29.44446,29.44446,29.39964,29.39964,25000
DCM,2023-12-11 02:41:00,29.39964,29.39964,29.31001,29.31001,11300
DCM,2023-12-11 02:42:00,29.31001,29.31001,29.31001,29.31001,4200
DCM,2023-12-11 02:43:00,29.26519,29.31001,29.26519,29.31001,700
DCM,2023-12-11 02:44:00,29.31001,29.31001,29.22037,29.22037,6500
DCM,2023-12-11 02:45:00,29.22037,29.22037,29.22037,29.22037,9400
DCM,2023-12-11 02:46:00,29.17556,29.17556,29.17556,29.17556,3500
DCM,2023-12-11 02:47:00,29.17556,29.22037,29.17556,29.22037,4500
DCM,2023-12-11 02:48:00,29.22037,29.22037,29.17556,29.22037,2800
DCM,2023-12-11 02:49:00,29.17556,29.17556,29.17556,29.17556,200
DCM,2023-12-11 02:50:00,29.17556,29.17556,29.17556,29.17556,4100
DCM,2023-12-11 02:51:00,29.17556,29.17556,29.17556,29.17556,7800
DCM,2023-12-11 02:52:00,29.13074,29.13074,29.13074,29.13074,10100
DCM,2023-12-11 02:53:00,29.17556,29.17556,29.17556,29.17556,8600
DCM,2023-12-11 02:54:00,29.17556,29.17556,29.17556,29.17556,2200
DCM,2023-12-11 02:55:00,29.17556,29.17556,29.17556,29.17556,5300
DCM,2023-12-11 02:56:00,29.17556,29.17556,29.17556,29.17556,2100
DCM,2023-12-11 02:57:00,29.17556,29.17556,29.17556,29.17556,8000
DCM,2023-12-11 02:58:00,29.17556,29.17556,29.13074,29.13074,20000
DCM,2023-12-11 02:59:00,29.13074,29.13074,29.13074,29.13074,6000
DCM,2023-12-11 03:00:00,29.13074,29.17556,29.13074,29.17556,1900
DCM,2023-12-11 03:01:00,29.17556,29.17556,29.17556,29.17556,1800
DCM,2023-12-11 03:02:00,29.17556,29.17556,29.17556,29.17556,300
DCM,2023-12-11 03:04:00,29.17556,29.17556,29.17556,29.17556,2600
DCM,2023-12-11 03:05:00,29.17556,29.17556,29.13074,29.13074,31100
DCM,2023-12-11 03:06:00,29.13074,29.13074,29.13074,29.13074,2100
DCM,2023-12-11 03:08:00,29.13074,29.13074,29.13074,29.13074,5700
DCM,2023-12-11 03:09:00,29.13074,29.13074,29.13074,29.13074,9800
DCM,2023-12-11 03:10:00,29.13074,29.13074,29.13074,29.13074,9700
DCM,2023-12-11 03:12:00,29.13074,29.13074,29.13074,29.13074,12500
DCM,2023-12-11 03:13:00,29.13074,29.13074,29.13074,29.13074,3600
DCM,2023-12-11 03:15:00,29.13074,29.13074,29.13074,29.13074,400
DCM,2023-12-11 03:18:00,29.13074,29.13074,29.13074,29.13074,41000
DCM,2023-12-11 03:19:00,29.13074,29.13074,29.13074,29.13074,6800
DCM,2023-12-11 03:20:00,29.08592,29.13074,29.08592,29.13074,21800
DCM,2023-12-11 03:21:00,29.13074,29.13074,29.13074,29.13074,9800
DCM,2023-12-11 03:22:00,29.13074,29.13074,29.13074,29.13074,1500
DCM,2023-12-11 03:23:00,29.13074,29.13074,29.13074,29.13074,7100
DCM,2023-12-11 03:24:00,29.13074,29.17556,29.13074,29.17556,13500
DCM,2023-12-11 03:25:00,29.13074,29.13074,29.13074,29.13074,300
DCM,2023-12-11 03:27:00,29.13074,29.13074,29.08592,29.08592,5200
DCM,2023-12-11 03:28:00,29.08592,29.08592,29.08592,29.08592,200
DCM,2023-12-11 03:29:00,29.13074,29.13074,29.08592,29.13074,16100
DCM,2023-12-11 03:30:00,29.08592,29.08592,29.08592,29.08592,16400
DCM,2023-12-11 03:31:00,29.04111,29.04111,29.04111,29.04111,500
DCM,2023-12-11 03:32:00,29.08592,29.08592,29.04111,29.08592,29300
DCM,2023-12-11 03:33:00,29.08592,29.08592,29.08592,29.08592,500
DCM,2023-12-11 03:34:00,29.08592,29.08592,29.04111,29.04111,1700
DCM,2023-12-11 03:35:00,29.04111,29.04111,29.04111,29.04111,1000
DCM,2023-12-11 03:36:00,29.08592,29.08592,29.04111,29.08592,9800
DCM,2023-12-11 03:37:00,29.08592,29.08592,29.08592,29.08592,1300
DCM,2023-12-11 03:38:00,29.08592,29.08592,29.08592,29.08592,1000
DCM,2023-12-11 03:39:00,29.08592,29.13074,29.08592,29.13074,8000
DCM,2023-12-11 03:40:00,29.13074,29.13074,29.13074,29.13074,12500
DCM,2023-12-11 03:41:00,29.13074,29.13074,29.13074,29.13074,5500
DCM,2023-12-11 03:42:00,29.13074,29.13074,29.13074,29.13074,3800
DCM,2023-12-11 03:43:00,29.13074,29.13074,29.13074,29.13074,200
DCM,2023-12-11 03:44:00,29.13074,29.13074,29.13074,29.13074,100
DCM,2023-12-11 03:45:00,29.13074,29.13074,29.13074,29.13074,1300
DCM,2023-12-11 03:46:00,29.13074,29.13074,29.13074,29.13074,100
DCM,2023-12-11 03:47:00,29.13074,29.13074,29.13074,29.13074,600
DCM,2023-12-11 03:48:00,29.13074,29.13074,29.13074,29.13074,900
DCM,2023-12-11 03:50:00,29.13074,29.13074,29.13074,29.13074,500
DCM,2023-12-11 03:51:00,29.13074,29.13074,29.13074,29.13074,3100
DCM,2023-12-11 03:52:00,29.13074,29.13074,29.13074,29.13074,500
DCM,2023-12-11 03:53:00,29.13074,29.13074,29.13074,29.13074,1600
DCM,2023-12-11 03:54:00,29.13074,29.17556,29.13074,29.17556,5900
DCM,2023-12-11 03:55:00,29.13074,29.13074,29.13074,29.13074,700
DCM,2023-12-11 03:56:00,29.17556,29.17556,29.13074,29.17556,7000
DCM,2023-12-11 03:57:00,29.13074,29.13074,29.13074,29.13074,29700
DCM,2023-12-11 03:58:00,29.13074,29.13074,29.13074,29.13074,400
DCM,2023-12-11 03:59:00,29.13074,29.13074,29.13074,29.13074,2000
DCM,2023-12-11 04:00:00,29.13074,29.13074,29.13074,29.13074,200
DCM,2023-12-11 04:01:00,29.08592,29.08592,29.08592,29.08592,26000
DCM,2023-12-11 04:02:00,29.08592,29.08592,29.08592,29.08592,200
DCM,2023-12-11 04:04:00,29.13074,29.13074,29.08592,29.13074,10100
DCM,2023-12-11 04:05:00,29.13074,29.13074,29.13074,29.13074,6700
DCM,2023-12-11 04:06:00,29.13074,29.13074,29.13074,29.13074,100
DCM,2023-12-11 04:08:00,29.13074,29.13074,29.13074,29.13074,1100
DCM,2023-12-11 04:09:00,29.13074,29.17556,29.13074,29.17556,3600
DCM,2023-12-11 04:10:00,29.17556,29.17556,29.17556,29.17556,1000
DCM,2023-12-11 04:11:00,29.17556,29.17556,29.13074,29.13074,4800
DCM,2023-12-11 04:12:00,29.13074,29.13074,29.13074,29.13074,1700
DCM,2023-12-11 04:13:00,29.13074,29.13074,29.13074,29.13074,5500
DCM,2023-12-11 04:14:00,29.17556,29.17556,29.17556,29.17556,11100
DCM,2023-12-11 04:15:00,29.17556,29.17556,29.17556,29.17556,500
DCM,2023-12-11 04:16:00,29.17556,29.17556,29.17556,29.17556,300
DCM,2023-12-11 04:17:00,29.17556,29.17556,29.17556,29.17556,500
DCM,2023-12-11 04:18:00,29.17556,29.17556,29.17556,29.17556,1000
DCM,2023-12-11 04:22:00,29.17556,29.17556,29.17556,29.17556,35600
DCM,2023-12-11 04:23:00,29.17556,29.17556,29.17556,29.17556,3100
DCM,2023-12-11 04:24:00,29.17556,29.17556,29.17556,29.17556,3100
DCM,2023-12-11 04:25:00,29.17556,29.17556,29.17556,29.17556,4700
DCM,2023-12-11 04:26:00,29.17556,29.17556,29.17556,29.17556,13400
DCM,2023-12-11 04:27:00,29.17556,29.17556,29.17556,29.17556,500
DCM,2023-12-11 04:28:00,29.17556,29.17556,29.17556,29.17556,200
DCM,2023-12-11 04:29:00,29.17556,29.17556,29.17556,29.17556,300
DCM,2023-12-11 06:00:00,29.17556,29.22037,29.17556,29.17556,2500
DCM,2023-12-11 06:01:00,29.17556,29.17556,29.13074,29.13074,23800
DCM,2023-12-11 06:03:00,29.08592,29.08592,29.08592,29.08592,20000
DCM,2023-12-11 06:04:00,29.08592,29.13074,29.08592,29.08592,3200
DCM,2023-12-11 06:05:00,29.08592,29.08592,29.08592,29.08592,3500
DCM,2023-12-11 06:06:00,29.08592,29.13074,29.08592,29.08592,4500
DCM,2023-12-11 06:07:00,29.13074,29.13074,29.13074,29.13074,1700
DCM,2023-12-11 06:08:00,29.13074,29.13074,29.08592,29.08592,18900
DCM,2023-12-11 06:09:00,29.08592,29.08592,29.08592,29.08592,1600
DCM,2023-12-11 06:10:00,29.04111,29.08592,29.04111,29.08592,4300
DCM,2023-12-11 06:11:00,29.08592,29.13074,29.08592,29.13074,6500
DCM,2023-12-11 06:12:00,29.13074,29.13074,29.13074,29.13074,4800
DCM,2023-12-11 06:13:00,29.13074,29.13074,29.13074,29.13074,200
DCM,2023-12-11 06:14:00,29.13074,29.17556,29.13074,29.17556,3600
DCM,2023-12-11 06:15:00,29.17556,29.17556,29.17556,29.17556,10500
DCM,2023-12-11 06:16:00,29.17556,29.17556,29.17556,29.17556,2800
DCM,2023-12-11 06:17:00,29.17556,29.17556,29.17556,29.17556,16600
DCM,2023-12-11 06:18:00,29.17556,29.17556,29.17556,29.17556,12300
DCM,2023-12-11 06:19:00,29.17556,29.22037,29.17556,29.22037,7200
DCM,2023-12-11 06:20:00,29.17556,29.17556,29.17556,29.17556,1300
DCM,2023-12-11 06:21:00,29.17556,29.17556,29.17556,29.17556,6700
DCM,2023-12-11 06:22:00,29.17556,29.17556,29.17556,29.17556,4600
DCM,2023-12-11 06:23:00,29.17556,29.17556,29.17556,29.17556,1600
DCM,2023-12-11 06:24:00,29.17556,29.17556,29.17556,29.17556,1300
DCM,2023-12-11 06:25:00,29.17556,29.17556,29.17556,29.17556,200
DCM,2023-12-11 06:26:00,29.17556,29.17556,29.13074,29.13074,15100
DCM,2023-12-11 06:27:00,29.13074,29.13074,29.13074,29.13074,800
DCM,2023-12-11 06:28:00,29.13074,29.13074,29.13074,29.13074,15400
DCM,2023-12-11 06:29:00,29.17556,29.17556,29.13074,29.17556,7400
DCM,2023-12-11 06:30:00,29.13074,29.13074,29.13074,29.13074,5000
DCM,2023-12-11 06:31:00,29.17556,29.17556,29.13074,29.13074,6400
DCM,2023-12-11 06:32:00,29.13074,29.13074,29.13074,29.13074,3700
DCM,2023-12-11 06:33:00,29.13074,29.13074,29.13074,29.13074,800
DCM,2023-12-11 06:34:00,29.08592,29.08592,29.08592,29.08592,32000
DCM,2023-12-11 06:35:00,29.08592,29.08592,29.04111,29.08592,12600
DCM,2023-12-11 06:36:00,29.08592,29.08592,29.08592,29.08592,4500
DCM,2023-12-11 06:37:00,29.08592,29.08592,29.08592,29.08592,4500
DCM,2023-12-11 06:38:00,29.08592,29.08592,29.04111,29.08592,4300
DCM,2023-12-11 06:39:00,29.08592,29.08592,29.08592,29.08592,6500
DCM,2023-12-11 06:40:00,29.08592,29.08592,29.04111,29.04111,6200
DCM,2023-12-11 06:41:00,29.04111,29.04111,29.04111,29.04111,2700
DCM,2023-12-11 06:42:00,29.04111,29.04111,29.04111,29.04111,3500
DCM,2023-12-11 06:43:00,29.08592,29.08592,29.04111,29.08592,15200
DCM,2023-12-11 06:44:00,29.08592,29.08592,29.08592,29.08592,8900
DCM,2023-12-11 06:45:00,29.08592,29.17556,29.08592,29.17556,21800
DCM,2023-12-11 06:47:00,29.17556,29.17556,29.17556,29.17556,11400
DCM,2023-12-11 06:49:00,29.17556,29.17556,29.17556,29.17556,1700
DCM,2023-12-11 06:50:00,29.22037,29.22037,29.22037,29.22037,13500
DCM,2023-12-11 06:51:00,29.22037,29.22037,29.22037,29.22037,7000
DCM,2023-12-11 06:52:00,29.22037,29.22037,29.22037,29.22037,8000
DCM,2023-12-11 06:53:00,29.22037,29.22037,29.22037,29.22037,200
DCM,2023-12-11 06:54:00,29.22037,29.22037,29.22037,29.22037,13200
DCM,2023-12-11 06:55:00,29.22037,29.22037,29.17556,29.17556,4600
DCM,2023-12-11 06:56:00,29.17556,29.17556,29.17556,29.17556,3300
DCM,2023-12-11 06:57:00,29.22037,29.22037,29.13074,29.13074,42300
DCM,2023-12-11 06:58:00,29.17556,29.17556,29.17556,29.17556,500
DCM,2023-12-11 06:59:00,29.13074,29.13074,29.13074,29.13074,9400
DCM,2023-12-11 07:00:00,29.13074,29.13074,29.13074,29.13074,1100
DCM,2023-12-11 07:01:00,29.13074,29.13074,29.13074,29.13074,8100
DCM,2023-12-11 07:02:00,29.13074,29.13074,29.13074,29.13074,1400
DCM,2023-12-11 07:05:00,29.13074,29.13074,29.13074,29.13074,9000
DCM,2023-12-11 07:06:00,29.17556,29.17556,29.17556,29.17556,7500
DCM,2023-12-11 07:07:00,29.17556,29.17556,29.17556,29.17556,300
DCM,2023-12-11 07:08:00,29.17556,29.22037,29.17556,29.22037,5600
DCM,2023-12-11 07:09:00,29.26519,29.26519,29.26519,29.26519,48400
DCM,2023-12-11 07:10:00,29.26519,29.26519,29.26519,29.26519,9600
DCM,2023-12-11 07:11:00,29.26519,29.26519,29.26519,29.26519,2500
DCM,2023-12-11 07:12:00,29.22037,29.26519,29.22037,29.26519,13800
DCM,2023-12-11 07:13:00,29.26519,29.26519,29.22037,29.22037,13900
DCM,2023-12-11 07:14:00,29.22037,29.22037,29.22037,29.22037,16300
DCM,2023-12-11 07:15:00,29.22037,29.22037,29.22037,29.22037,6900
DCM,2023-12-11 07:16:00,29.22037,29.22037,29.22037,29.22037,4000
DCM,2023-12-11 07:17:00,29.17556,29.17556,29.17556,29.17556,1900
DCM,2023-12-11 07:18:00,29.22037,29.22037,29.13074,29.13074,5900
DCM,2023-12-11 07:19:00,29.17556,29.17556,29.17556,29.17556,200
DCM,2023-12-11 07:20:00,29.13074,29.17556,29.13074,29.17556,10600
DCM,2023-12-11 07:21:00,29.17556,29.17556,29.17556,29.17556,11800
DCM,2023-12-11 07:22:00,29.13074,29.13074,29.13074,29.13074,16400
DCM,2023-12-11 07:23:00,29.13074,29.13074,29.13074,29.13074,4500
DCM,2023-12-11 07:24:00,29.13074,29.13074,29.13074,29.13074,13300
DCM,2023-12-11 07:25:00,29.13074,29.17556,29.13074,29.17556,2400
DCM,2023-12-11 07:26:00,29.17556,29.17556,29.13074,29.17556,300
DCM,2023-12-11 07:27:00,29.17556,29.17556,29.17556,29.17556,2000
DCM,2023-12-11 07:28:00,29.17556,29.17556,29.13074,29.13074,15800
DCM,2023-12-11 07:29:00,29.13074,29.17556,29.13074,29.17556,3600
DCM,2023-12-11 07:45:00,29.08592,29.08592,29.08592,29.08592,72600
DCM,2023-12-12 02:15:00,29.08592,29.08592,29.08592,29.08592,41600
DCM,2023-12-12 02:16:00,29.39964,29.39964,29.39964,29.39964,11000
DCM,2023-12-12 02:17:00,29.26519,29.26519,29.26519,29.26519,1100
DCM,2023-12-12 02:18:00,29.26519,29.26519,29.26519,29.26519,1400
DCM,2023-12-12 02:19:00,29.26519,29.31001,29.26519,29.31001,2200
DCM,2023-12-12 02:20:00,29.35482,29.39964,29.35482,29.39964,31900
DCM,2023-12-12 02:21:00,29.39964,29.39964,29.35482,29.35482,11600
DCM,2023-12-12 02:22:00,29.35482,29.35482,29.31001,29.31001,9000
DCM,2023-12-12 02:23:00,29.31001,29.31001,29.31001,29.31001,1200
DCM,2023-12-12 02:24:00,29.31001,29.31001,29.26519,29.26519,2400
DCM,2023-12-12 02:25:00,29.26519,29.26519,29.26519,29.26519,7800
DCM,2023-12-12 02:26:00,29.31001,29.31001,29.31001,29.31001,900
DCM,2023-12-12 02:27:00,29.31001,29.31001,29.31001,29.31001,2100
DCM,2023-12-12 02:28:00,29.31001,29.31001,29.26519,29.26519,3500
DCM,2023-12-12 02:29:00,29.26519,29.26519,29.26519,29.26519,4500
DCM,2023-12-12 02:32:00,29.26519,29.26519,29.26519,29.26519,5100
DCM,2023-12-12 02:33:00,29.26519,29.26519,29.26519,29.26519,1000
DCM,2023-12-12 02:34:00,29.31001,29.31001,29.31001,29.31001,21900
DCM,2023-12-12 02:35:00,29.31001,29.35482,29.31001,29.35482,2100
DCM,2023-12-12 02:36:00,29.35482,29.35482,29.35482,29.35482,200
DCM,2023-12-12 02:37:00,29.35482,29.35482,29.35482,29.35482,1400
DCM,2023-12-12 02:38:00,29.35482,29.35482,29.35482,29.35482,1200
DCM,2023-12-12 02:39:00,29.31001,29.31001,29.31001,29.31001,5700
DCM,2023-12-12 02:40:00,29.31001,29.31001,29.31001,29.31001,9800
DCM,2023-12-12 02:41:00,29.31001,29.31001,29.31001,29.31001,8100
DCM,2023-12-12 02:42:00,29.26519,29.26519,29.26519,29.26519,19600
DCM,2023-12-12 02:43:00,29.26519,29.31001,29.26519,29.31001,7000
DCM,2023-12-12 02:44:00,29.26519,29.26519,29.26519,29.26519,1500
DCM,2023-12-12 02:45:00,29.31001,29.31001,29.31001,29.31001,2500
DCM,2023-12-12 02:46:00,29.31001,29.31001,29.31001,29.31001,2700
DCM,2023-12-12 02:47:00,29.31001,29.31001,29.31001,29.31001,1200
DCM,2023-12-12 02:48:00,29.31001,29.31001,29.26519,29.26519,15000
DCM,2023-12-12 02:49:00,29.26519,29.26519,29.26519,29.26519,1300
DCM,2023-12-12 02:50:00,29.26519,29.26519,29.26519,29.26519,100
DCM,2023-12-12 02:51:00,29.26519,29.26519,29.26519,29.26519,15300
DCM,2023-12-12 02:52:00,29.26519,29.26519,29.26519,29.26519,700
DCM,2023-12-12 02:53:00,29.26519,29.26519,29.26519,29.26519,14300
DCM,2023-12-12 02:54:00,29.26519,29.26519,29.22037,29.22037,600
DCM,2023-12-12 02:55:00,29.22037,29.22037,29.22037,29.22037,500
DCM,2023-12-12 02:56:00,29.26519,29.26519,29.26519,29.26519,6500
DCM,2023-12-12 02:57:00,29.26519,29.26519,29.26519,29.26519,2000
DCM,2023-12-12 02:58:00,29.26519,29.26519,29.26519,29.26519,2000
DCM,2023-12-12 03:01:00,29.26519,29.26519,29.26519,29.26519,2700
DCM,2023-12-12 03:02:00,29.26519,29.26519,29.26519,29.26519,9700
DCM,2023-12-12 03:03:00,29.26519,29.26519,29.26519,29.26519,7100
DCM,2023-12-12 03:04:00,29.26519,29.26519,29.26519,29.26519,500
DCM,2023-12-12 03:05:00,29.26519,29.26519,29.26519,29.26519,100
DCM,2023-12-12 03:06:00,29.26519,29.26519,29.26519,29.26519,9200
DCM,2023-12-12 03:07:00,29.26519,29.26519,29.26519,29.26519,4200
DCM,2023-12-12 03:08:00,29.26519,29.31001,29.26519,29.31001,16600
DCM,2023-12-12 03:09:00,29.31001,29.31001,29.31001,29.31001,5500
DCM,2023-12-12 03:10:00,29.31001,29.31001,29.31001,29.31001,1300
DCM,2023-12-12 03:11:00,29.31001,29.31001,29.31001,29.31001,1500
DCM,2023-12-12 03:12:00,29.31001,29.31001,29.31001,29.31001,7400
DCM,2023-12-12 03:13:00,29.31001,29.31001,29.31001,29.31001,3100
DCM,2023-12-12 03:14:00,29.31001,29.31001,29.31001,29.31001,9200
DCM,2023-12-12 03:15:00,29.31001,29.31001,29.31001,29.31001,1500
DCM,2023-12-12 03:16:00,29.31001,29.31001,29.26519,29.31001,7700
DCM,2023-12-12 03:17:00,29.31001,29.31001,29.31001,29.31001,2400
DCM,2023-12-12 03:18:00,29.31001,29.31001,29.31001,29.31001,7100
DCM,2023-12-12 03:19:00,29.31001,29.31001,29.31001,29.31001,11200
DCM,2023-12-12 03:20:00,29.31001,29.31001,29.31001,29.31001,16800
DCM,2023-12-12 03:21:00,29.31001,29.31001,29.31001,29.31001,4500
DCM,2023-12-12 03:22:00,29.31001,29.31001,29.31001,29.31001,13300
DCM,2023-12-12 03:23:00,29.31001,29.31001,29.31001,29.31001,2100
DCM,2023-12-12 03:24:00,29.31001,29.31001,29.31001,29.31001,6100
DCM,2023-12-12 03:25:00,29.31001,29.31001,29.31001,29.31001,2400
DCM,2023-12-12 03:26:00,29.31001,29.31001,29.31001,29.31001,1700
DCM,2023-12-12 03:27:00,29.31001,29.31001,29.26519,29.26519,2400
DCM,2023-12-12 03:28:00,29.26519,29.26519,29.26519,29.26519,1000
DCM,2023-12-12 03:31:00,29.26519,29.31001,29.26519,29.31001,7700
DCM,2023-12-12 03:32:00,29.26519,29.26519,29.26519,29.26519,5500
DCM,2023-12-12 03:33:00,29.31001,29.31001,29.26519,29.26519,1400
DCM,2023-12-12 03:34:00,29.26519,29.31001,29.26519,29.31001,7400
DCM,2023-12-12 03:35:00,29.31001,29.31001,29.31001,29.31001,1200
DCM,2023-12-12 03:36:00,29.31001,29.31001,29.31001,29.31001,2200
DCM,2023-12-12 03:37:00,29.31001,29.31001,29.31001,29.31001,3300
DCM,2023-12-12 03:38:00,29.31001,29.31001,29.31001,29.31001,1600
DCM,2023-12-12 03:39:00,29.31001,29.31001,29.31001,29.31001,2200
DCM,2023-12-12 03:40:00,29.26519,29.31001,29.26519,29.31001,1100
DCM,2023-12-12 03:41:00,29.26519,29.26519,29.26519,29.26519,300
DCM,2023-12-12 03:42:00,29.26519,29.31001,29.26519,29.31001,6800
DCM,2023-12-12 03:43:00,29.31001,29.31001,29.31001,29.31001,1800
DCM,2023-12-12 03:44:00,29.31001,29.31001,29.26519,29.26519,2300
DCM,2023-12-12 03:45:00,29.26519,29.26519,29.26519,29.26519,2200
DCM,2023-12-12 03:46:00,29.26519,29.26519,29.26519,29.26519,4700
DCM,2023-12-12 03:47:00,29.26519,29.26519,29.22037,29.22037,38800
DCM,2023-12-12 03:49:00,29.22037,29.26519,29.22037,29.26519,19700
DCM,2023-12-12 03:50:00,29.26519,29.26519,29.22037,29.22037,3500
DCM,2023-12-12 03:51:00,29.22037,29.22037,29.22037,29.22037,500
DCM,2023-12-12 03:52:00,29.22037,29.22037,29.22037,29.22037,3100
DCM,2023-12-12 03:53:00,29.22037,29.22037,29.22037,29.22037,19200
DCM,2023-12-12 03:55:00,29.22037,29.22037,29.22037,29.22037,17500
DCM,2023-12-12 03:56:00,29.22037,29.22037,29.22037,29.22037,4200
DCM,2023-12-12 03:57:00,29.22037,29.22037,29.22037,29.22037,5900
DCM,2023-12-12 04:00:00,29.22037,29.22037,29.22037,29.22037,2100
DCM,2023-12-12 04:01:00,29.22037,29.22037,29.22037,29.22037,600
DCM,2023-12-12 04:02:00,29.22037,29.22037,29.22037,29.22037,12500
DCM,2023-12-12 04:03:00,29.22037,29.22037,29.22037,29.22037,7100
DCM,2023-12-12 04:04:00,29.22037,29.22037,29.22037,29.22037,1200
DCM,2023-12-12 04:05:00,29.22037,29.22037,29.22037,29.22037,3500
DCM,2023-12-12 04:06:00,29.22037,29.22037,29.22037,29.22037,8400
DCM,2023-12-12 04:07:00,29.22037,29.22037,29.22037,29.22037,17000
DCM,2023-12-12 04:08:00,29.22037,29.22037,29.17556,29.17556,4500
DCM,2023-12-12 04:09:00,29.17556,29.22037,29.17556,29.22037,3500
DCM,2023-12-12 04:10:00,29.26519,29.26519,29.26519,29.26519,1300
DCM,2023-12-12 04:11:00,29.22037,29.22037,29.22037,29.22037,1500
DCM,2023-12-12 04:12:00,29.22037,29.22037,29.22037,29.22037,800
DCM,2023-12-12 04:14:00,29.22037,29.22037,29.22037,29.22037,900
DCM,2023-12-12 04:15:00,29.22037,29.22037,29.22037,29.22037,1300
DCM,2023-12-12 04:16:00,29.22037,29.22037,29.22037,29.22037,400
DCM,2023-12-12 04:21:00,29.22037,29.26519,29.22037,29.26519,3900
DCM,2023-12-12 04:22:00,29.26519,29.26519,29.26519,29.26519,2300
DCM,2023-12-12 04:23:00,29.26519,29.26519,29.26519,29.26519,9200
DCM,2023-12-12 04:24:00,29.22037,29.22037,29.22037,29.22037,32200
DCM,2023-12-12 04:25:00,29.22037,29.22037,29.22037,29.22037,2000
DCM,2023-12-12 04:26:00,29.22037,29.22037,29.17556,29.17556,5200
DCM,2023-12-12 04:27:00,29.17556,29.17556,29.17556,29.17556,3000
DCM,2023-12-12 06:00:00,29.17556,29.17556,29.17556,29.17556,11500
DCM,2023-12-12 06:01:00,29.17556,29.17556,29.17556,29.17556,200
DCM,2023-12-12 06:02:00,29.17556,29.22037,29.17556,29.22037,11800
DCM,2023-12-12 06:03:00,29.22037,29.22037,29.22037,29.22037,1300
DCM,2023-12-12 06:04:00,29.22037,29.22037,29.22037,29.22037,2400
DCM,2023-12-12 06:05:00,29.22037,29.22037,29.22037,29.22037,1100
DCM,2023-12-12 06:06:00,29.22037,29.22037,29.22037,29.22037,11200
DCM,2023-12-12 06:07:00,29.22037,29.22037,29.17556,29.22037,2600
DCM,2023-12-12 06:08:00,29.22037,29.22037,29.17556,29.17556,2100
DCM,2023-12-12 06:09:00,29.17556,29.17556,29.17556,29.17556,15300
DCM,2023-12-12 06:10:00,29.17556,29.17556,29.17556,29.17556,600
DCM,2023-12-12 06:11:00,29.17556,29.17556,29.17556,29.17556,700
DCM,2023-12-12 06:12:00,29.22037,29.22037,29.22037,29.22037,9000
DCM,2023-12-12 06:13:00,29.22037,29.22037,29.22037,29.22037,4500
DCM,2023-12-12 06:14:00,29.22037,29.22037,29.22037,29.22037,1200
DCM,2023-12-12 06:15:00,29.22037,29.22037,29.22037,29.22037,10500
DCM,2023-12-12 06:16:00,29.22037,29.22037,29.22037,29.22037,3600
DCM,2023-12-12 06:17:00,29.22037,29.22037,29.22037,29.22037,10200
DCM,2023-12-12 06:18:00,29.22037,29.26519,29.22037,29.26519,6800
DCM,2023-12-12 06:19:00,29.26519,29.26519,29.26519,29.26519,14200
DCM,2023-12-12 06:20:00,29.26519,29.26519,29.26519,29.26519,21400
DCM,2023-12-12 06:21:00,29.26519,29.35482,29.26519,29.35482,77900
DCM,2023-12-12 06:22:00,29.35482,29.44446,29.35482,29.44446,120600
DCM,2023-12-12 06:23:00,29.44446,29.53409,29.44446,29.53409,57400
DCM,2023-12-12 06:24:00,29.48927,29.57891,29.48927,29.57891,35000
DCM,2023-12-12 06:25:00,29.57891,29.57891,29.57891,29.57891,174800
DCM,2023-12-12 06:26:00,29.57891,29.66854,29.57891,29.62372,101300
DCM,2023-12-12 06:27:00,29.62372,29.66854,29.57891,29.57891,72700
DCM,2023-12-12 06:28:00,29.53409,29.57891,29.53409,29.53409,5500
DCM,2023-12-12 06:29:00,29.53409,29.53409,29.53409,29.53409,8900
DCM,2023-12-12 06:30:00,29.53409,29.57891,29.53409,29.53409,25100
DCM,2023-12-12 06:31:00,29.57891,29.57891,29.57891,29.57891,21600
DCM,2023-12-12 06:32:00,29.57891,29.62372,29.57891,29.57891,4000
DCM,2023-12-12 06:33:00,29.57891,29.57891,29.53409,29.57891,22400
DCM,2023-12-12 06:34:00,29.57891,29.57891,29.57891,29.57891,15200
DCM,2023-12-12 06:35:00,29.57891,29.57891,29.53409,29.53409,22300
DCM,2023-12-12 06:36:00,29.53409,29.53409,29.48927,29.48927,10000
DCM,2023-12-12 06:37:00,29.48927,29.48927,29.48927,29.48927,9200
DCM,2023-12-12 06:38:00,29.48927,29.48927,29.44446,29.44446,8700
DCM,2023-12-12 06:39:00,29.44446,29.44446,29.44446,29.44446,11600
DCM,2023-12-12 06:40:00,29.44446,29.48927,29.44446,29.48927,5400
DCM,2023-12-12 06:41:00,29.48927,29.53409,29.48927,29.53409,3400
DCM,2023-12-12 06:42:00,29.53409,29.53409,29.53409,29.53409,7500
DCM,2023-12-12 06:43:00,29.53409,29.53409,29.53409,29.53409,12900
DCM,2023-12-12 06:44:00,29.53409,29.57891,29.53409,29.57891,23400
DCM,2023-12-12 06:45:00,29.53409,29.57891,29.53409,29.57891,11300
DCM,2023-12-12 06:46:00,29.57891,29.57891,29.53409,29.57891,5000
DCM,2023-12-12 06:47:00,29.57891,29.57891,29.57891,29.57891,1900
DCM,2023-12-12 06:48:00,29.57891,29.57891,29.57891,29.57891,2400
DCM,2023-12-12 06:49:00,29.57891,29.57891,29.57891,29.57891,9100
DCM,2023-12-12 06:50:00,29.57891,29.57891,29.57891,29.57891,4800
DCM,2023-12-12 06:51:00,29.57891,29.57891,29.53409,29.53409,9200
DCM,2023-12-12 06:52:00,29.53409,29.53409,29.53409,29.53409,26300
DCM,2023-12-12 06:53:00,29.53409,29.53409,29.53409,29.53409,3800
DCM,2023-12-12 06:54:00,29.53409,29.53409,29.48927,29.53409,3300
DCM,2023-12-12 06:55:00,29.53409,29.53409,29.48927,29.53409,11600
DCM,2023-12-12 06:56:00,29.57891,29.57891,29.53409,29.53409,6200
DCM,2023-12-12 06:57:00,29.53409,29.53409,29.48927,29.53409,1700
DCM,2023-12-12 06:58:00,29.48927,29.48927,29.48927,29.48927,1600
DCM,2023-12-12 06:59:00,29.48927,29.48927,29.48927,29.48927,3200
DCM,2023-12-12 07:00:00,29.48927,29.53409,29.48927,29.53409,1600
DCM,2023-12-12 07:01:00,29.53409,29.53409,29.53409,29.53409,17600
DCM,2023-12-12 07:02:00,29.48927,29.48927,29.48927,29.48927,41000
DCM,2023-12-12 07:03:00,29.48927,29.48927,29.44446,29.44446,10900
DCM,2023-12-12 07:04:00,29.44446,29.44446,29.44446,29.44446,17000
DCM,2023-12-12 07:05:00,29.44446,29.44446,29.44446,29.44446,9800
DCM,2023-12-12 07:06:00,29.44446,29.44446,29.44446,29.44446,1700
DCM,2023-12-12 07:07:00,29.44446,29.44446,29.44446,29.44446,2800
DCM,2023-12-12 07:08:00,29.39964,29.39964,29.39964,29.39964,7200
DCM,2023-12-12 07:09:00,29.44446,29.44446,29.39964,29.44446,14800
DCM,2023-12-12 07:10:00,29.44446,29.44446,29.39964,29.44446,14600
DCM,2023-12-12 07:11:00,29.44446,29.44446,29.44446,29.44446,14400
DCM,2023-12-12 07:12:00,29.44446,29.44446,29.44446,29.44446,9200
DCM,2023-12-12 07:13:00,29.44446,29.44446,29.44446,29.44446,2300
DCM,2023-12-12 07:14:00,29.44446,29.48927,29.44446,29.48927,7200
DCM,2023-12-12 07:15:00,29.48927,29.53409,29.48927,29.53409,61600
DCM,2023-12-12 07:16:00,29.53409,29.53409,29.53409,29.53409,3100
DCM,2023-12-12 07:17:00,29.53409,29.53409,29.53409,29.53409,9700
DCM,2023-12-12 07:18:00,29.48927,29.48927,29.48927,29.48927,13100
DCM,2023-12-12 07:19:00,29.48927,29.48927,29.44446,29.48927,5800
DCM,2023-12-12 07:20:00,29.48927,29.48927,29.44446,29.44446,4400
DCM,2023-12-12 07:21:00,29.44446,29.44446,29.44446,29.44446,11800
DCM,2023-12-12 07:22:00,29.48927,29.48927,29.44446,29.44446,5900
DCM,2023-12-12 07:23:00,29.44446,29.44446,29.44446,29.44446,6900
DCM,2023-12-12 07:24:00,29.48927,29.48927,29.44446,29.44446,22300
DCM,2023-12-12 07:25:00,29.44446,29.44446,29.39964,29.44446,15800
DCM,2023-12-12 07:26:00,29.48927,29.48927,29.48927,29.48927,2400
DCM,2023-12-12 07:27:00,29.48927,29.48927,29.44446,29.44446,65400
DCM,2023-12-12 07:28:00,29.44446,29.48927,29.44446,29.48927,22200
DCM,2023-12-12 07:29:00,29.48927,29.53409,29.48927,29.48927,16400
DCM,2023-12-12 07:45:00,29.48927,29.48927,29.48927,29.48927,140900
DCM,2023-12-13 02:15:00,29.48927,29.66854,29.48927,29.66854,23800
DCM,2023-12-13 02:16:00,29.66854,29.75817,29.66854,29.75817,6200
DCM,2023-12-13 02:17:00,29.75817,29.80299,29.75817,29.75817,11500
DCM,2023-12-13 02:18:00,29.75817,29.75817,29.75817,29.75817,10100
DCM,2023-12-13 02:19:00,29.75817,29.80299,29.71336,29.71336,6300
DCM,2023-12-13 02:20:00,29.71336,29.75817,29.71336,29.75817,1100
DCM,2023-12-13 02:21:00,29.71336,29.71336,29.71336,29.71336,100
DCM,2023-12-13 02:22:00,29.71336,29.71336,29.71336,29.71336,19200
DCM,2023-12-13 02:23:00,29.66854,29.66854,29.66854,29.66854,3300
DCM,2023-12-13 02:24:00,29.66854,29.66854,29.66854,29.66854,11000
DCM,2023-12-13 02:25:00,29.71336,29.71336,29.71336,29.71336,15700
DCM,2023-12-13 02:26:00,29.71336,29.71336,29.66854,29.66854,13100
DCM,2023-12-13 02:27:00,29.66854,29.71336,29.66854,29.71336,400
DCM,2023-12-13 02:28:00,29.71336,29.71336,29.66854,29.66854,2000
DCM,2023-12-13 02:29:00,29.66854,29.66854,29.66854,29.66854,6700
DCM,2023-12-13 02:30:00,29.66854,29.71336,29.66854,29.71336,1300
DCM,2023-12-13 02:31:00,29.71336,29.71336,29.66854,29.66854,5300
DCM,2023-12-13 02:32:00,29.66854,29.66854,29.66854,29.66854,4500
DCM,2023-12-13 02:33:00,29.66854,29.66854,29.66854,29.66854,2900
DCM,2023-12-13 02:34:00,29.66854,29.66854,29.62372,29.62372,15200
DCM,2023-12-13 02:35:00,29.66854,29.66854,29.62372,29.62372,16500
DCM,2023-12-13 02:36:00,29.62372,29.62372,29.57891,29.57891,4700
DCM,2023-12-13 02:37:00,29.62372,29.62372,29.62372,29.62372,3800
DCM,2023-12-13 02:38:00,29.62372,29.62372,29.57891,29.57891,17100
DCM,2023-12-13 02:39:00,29.57891,29.62372,29.57891,29.62372,8300
DCM,2023-12-13 02:40:00,29.62372,29.62372,29.62372,29.62372,11500
DCM,2023-12-13 02:41:00,29.62372,29.62372,29.62372,29.62372,21600
DCM,2023-12-13 02:42:00,29.57891,29.62372,29.57891,29.57891,6300
DCM,2023-12-13 02:43:00,29.57891,29.57891,29.57891,29.57891,600
DCM,2023-12-13 02:44:00,29.57891,29.57891,29.57891,29.57891,300
DCM,2023-12-13 02:45:00,29.62372,29.62372,29.62372,29.62372,600
DCM,2023-12-13 02:46:00,29.57891,29.62372,29.57891,29.62372,7200
DCM,2023-12-13 02:47:00,29.62372,29.62372,29.62372,29.62372,2500
DCM,2023-12-13 02:48:00,29.62372,29.62372,29.62372,29.62372,4100
DCM,2023-12-13 02:49:00,29.62372,29.62372,29.57891,29.57891,1500
DCM,2023-12-13 02:50:00,29.62372,29.62372,29.62372,29.62372,1600
DCM,2023-12-13 02:51:00,29.57891,29.62372,29.57891,29.62372,6000
DCM,2023-12-13 02:52:00,29.57891,29.57891,29.57891,29.57891,1600
DCM,2023-12-13 02:53:00,29.57891,29.57891,29.57891,29.57891,900
DCM,2023-12-13 02:54:00,29.57891,29.62372,29.57891,29.62372,600
DCM,2023-12-13 02:55:00,29.57891,29.62372,29.57891,29.57891,5400
DCM,2023-12-13 02:56:00,29.57891,29.57891,29.57891,29.57891,2500
DCM,2023-12-13 02:57:00,29.57891,29.57891,29.57891,29.57891,39500
DCM,2023-12-13 02:58:00,29.57891,29.57891,29.57891,29.57891,2900
DCM,2023-12-13 02:59:00,29.53409,29.53409,29.53409,29.53409,100
DCM,2023-12-13 03:00:00,29.53409,29.53409,29.53409,29.53409,10400
DCM,2023-12-13 03:01:00,29.53409,29.53409,29.48927,29.48927,2100
DCM,2023-12-13 03:02:00,29.48927,29.48927,29.48927,29.48927,10100
DCM,2023-12-13 03:03:00,29.53409,29.53409,29.53409,29.53409,1500
DCM,2023-12-13 03:04:00,29.53409,29.53409,29.53409,29.53409,200
DCM,2023-12-13 03:06:00,29.57891,29.57891,29.57891,29.57891,3700
DCM,2023-12-13 03:07:00,29.57891,29.57891,29.53409,29.53409,300
DCM,2023-12-13 03:09:00,29.53409,29.53409,29.53409,29.53409,500
DCM,2023-12-13 03:10:00,29.57891,29.57891,29.57891,29.57891,100
DCM,2023-12-13 03:11:00,29.57891,29.57891,29.57891,29.57891,600
DCM,2023-12-13 03:12:00,29.57891,29.57891,29.57891,29.57891,500
DCM,2023-12-13 03:13:00,29.57891,29.57891,29.57891,29.57891,22000
DCM,2023-12-13 03:14:00,29.53409,29.53409,29.53409,29.53409,3600
DCM,2023-12-13 03:15:00,29.53409,29.53409,29.53409,29.53409,1700
DCM,2023-12-13 03:16:00,29.53409,29.53409,29.53409,29.53409,1600
DCM,2023-12-13 03:17:00,29.53409,29.53409,29.53409,29.53409,1500
DCM,2023-12-13 03:18:00,29.53409,29.53409,29.53409,29.53409,3500
DCM,2023-12-13 03:19:00,29.53409,29.57891,29.53409,29.57891,1500
DCM,2023-12-13 03:22:00,29.48927,29.53409,29.48927,29.53409,600
DCM,2023-12-13 03:23:00,29.53409,29.53409,29.53409,29.53409,1400
DCM,2023-12-13 03:24:00,29.53409,29.53409,29.53409,29.53409,1300
DCM,2023-12-13 03:27:00,29.48927,29.48927,29.48927,29.48927,11200
DCM,2023-12-13 03:28:00,29.48927,29.48927,29.48927,29.48927,5000
DCM,2023-12-13 03:29:00,29.48927,29.48927,29.48927,29.48927,400
DCM,2023-12-13 03:30:00,29.48927,29.48927,29.48927,29.48927,5200
DCM,2023-12-13 03:31:00,29.48927,29.48927,29.44446,29.44446,200
DCM,2023-12-13 03:32:00,29.44446,29.48927,29.44446,29.44446,4200
DCM,2023-12-13 03:33:00,29.44446,29.48927,29.44446,29.48927,2500
DCM,2023-12-13 03:34:00,29.48927,29.48927,29.48927,29.48927,5000
DCM,2023-12-13 03:37:00,29.48927,29.48927,29.44446,29.44446,8800
DCM,2023-12-13 03:38:00,29.44446,29.44446,29.44446,29.44446,2200
DCM,2023-12-13 03:39:00,29.44446,29.44446,29.44446,29.44446,500
DCM,2023-12-13 03:40:00,29.44446,29.44446,29.44446,29.44446,4700
DCM,2023-12-13 03:42:00,29.44446,29.44446,29.44446,29.44446,4700
DCM,2023-12-13 03:43:00,29.44446,29.44446,29.44446,29.44446,2900
DCM,2023-12-13 03:44:00,29.44446,29.48927,29.44446,29.48927,12200
DCM,2023-12-13 03:46:00,29.48927,29.48927,29.48927,29.48927,1900
DCM,2023-12-13 03:47:00,29.48927,29.48927,29.44446,29.44446,7100
DCM,2023-12-13 03:49:00,29.44446,29.44446,29.44446,29.44446,100
DCM,2023-12-13 03:50:00,29.44446,29.48927,29.44446,29.48927,2000
DCM,2023-12-13 03:51:00,29.44446,29.44446,29.44446,29.44446,7000
DCM,2023-12-13 03:52:00,29.44446,29.44446,29.44446,29.44446,1600
DCM,2023-12-13 03:53:00,29.44446,29.44446,29.44446,29.44446,1800
DCM,2023-12-13 03:54:00,29.44446,29.44446,29.44446,29.44446,2300
DCM,2023-12-13 03:55:00,29.39964,29.44446,29.39964,29.44446,16800
DCM,2023-12-13 03:57:00,29.44446,29.44446,29.44446,29.44446,400
DCM,2023-12-13 03:59:00,29.44446,29.48927,29.44446,29.48927,42400
DCM,2023-12-13 04:00:00,29.53409,29.53409,29.53409,29.53409,1000
DCM,2023-12-13 04:01:00,29.53409,29.53409,29.53409,29.53409,8100
DCM,2023-12-13 04:02:00,29.53409,29.53409,29.53409,29.53409,1000
DCM,2023-12-13 04:03:00,29.53409,29.53409,29.48927,29.48927,3200
DCM,2023-12-13 04:07:00,29.48927,29.48927,29.48927,29.48927,300
DCM,2023-12-13 04:08:00,29.48927,29.48927,29.48927,29.48927,100
DCM,2023-12-13 04:09:00,29.48927,29.48927,29.48927,29.48927,600
DCM,2023-12-13 04:10:00,29.48927,29.48927,29.48927,29.48927,2200
DCM,2023-12-13 04:12:00,29.48927,29.48927,29.48927,29.48927,600
DCM,2023-12-13 04:13:00,29.48927,29.48927,29.48927,29.48927,4800
DCM,2023-12-13 04:14:00,29.48927,29.48927,29.48927,29.48927,10100
DCM,2023-12-13 04:18:00,29.48927,29.48927,29.48927,29.48927,200
DCM,2023-12-13 04:19:00,29.44446,29.48927,29.44446,29.48927,4000
DCM,2023-12-13 04:20:00,29.48927,29.48927,29.48927,29.48927,2800
DCM,2023-12-13 04:22:00,29.48927,29.48927,29.48927,29.48927,700
DCM,2023-12-13 04:23:00,29.48927,29.48927,29.44446,29.44446,800
DCM,2023-12-13 04:24:00,29.44446,29.44446,29.44446,29.44446,600
DCM,2023-12-13 04:25:00,29.44446,29.44446,29.39964,29.39964,37700
DCM,2023-12-13 04:26:00,29.39964,29.39964,29.39964,29.39964,35000
DCM,2023-12-13 04:27:00,29.39964,29.44446,29.39964,29.39964,4000
DCM,2023-12-13 04:28:00,29.44446,29.44446,29.44446,29.44446,500
DCM,2023-12-13 04:29:00,29.44446,29.44446,29.39964,29.39964,3100
DCM,2023-12-13 06:00:00,29.39964,29.39964,29.39964,29.39964,22400
DCM,2023-12-13 06:01:00,29.39964,29.39964,29.39964,29.39964,6400
DCM,2023-12-13 06:02:00,29.39964,29.39964,29.39964,29.39964,2600
DCM,2023-12-13 06:03:00,29.39964,29.39964,29.35482,29.35482,2900
DCM,2023-12-13 06:04:00,29.39964,29.39964,29.39964,29.39964,2500
DCM,2023-12-13 06:05:00,29.35482,29.39964,29.35482,29.39964,2500
DCM,2023-12-13 06:06:00,29.39964,29.39964,29.39964,29.39964,2100
DCM,2023-12-13 06:07:00,29.39964,29.39964,29.39964,29.39964,3300
DCM,2023-12-13 06:08:00,29.39964,29.39964,29.39964,29.39964,6100
DCM,2023-12-13 06:09:00,29.39964,29.39964,29.39964,29.39964,200
DCM,2023-12-13 06:10:00,29.39964,29.39964,29.39964,29.39964,2600
DCM,2023-12-13 06:11:00,29.39964,29.39964,29.35482,29.35482,4000
DCM,2023-12-13 06:12:00,29.35482,29.39964,29.35482,29.39964,1300
DCM,2023-12-13 06:13:00,29.39964,29.39964,29.39964,29.39964,400
DCM,2023-12-13 06:14:00,29.39964,29.39964,29.39964,29.39964,11000
DCM,2023-12-13 06:15:00,29.39964,29.39964,29.35482,29.35482,26200
DCM,2023-12-13 06:16:00,29.35482,29.35482,29.35482,29.35482,3500
DCM,2023-12-13 06:17:00,29.31001,29.35482,29.31001,29.35482,3800
DCM,2023-12-13 06:18:00,29.35482,29.35482,29.35482,29.35482,1500
DCM,2023-12-13 06:19:00,29.35482,29.35482,29.31001,29.31001,23000
DCM,2023-12-13 06:20:00,29.31001,29.31001,29.13074,29.31001,68600
DCM,2023-12-13 06:21:00,29.26519,29.26519,29.17556,29.17556,4400
DCM,2023-12-13 06:22:00,29.17556,29.17556,29.13074,29.13074,45800
DCM,2023-12-13 06:23:00,29.13074,29.17556,29.13074,29.17556,4300
DCM,2023-12-13 06:24:00,29.17556,29.17556,29.13074,29.17556,22800
DCM,2023-12-13 06:25:00,29.17556,29.17556,29.08592,29.13074,125000
DCM,2023-12-13 06:26:00,29.08592,29.13074,29.08592,29.13074,6500
DCM,2023-12-13 06:27:00,29.13074,29.17556,29.13074,29.17556,5300
DCM,2023-12-13 06:28:00,29.17556,29.17556,29.17556,29.17556,8100
DCM,2023-12-13 06:29:00,29.22037,29.26519,29.22037,29.26519,6900
DCM,2023-12-13 06:30:00,29.26519,29.31001,29.26519,29.31001,5900
DCM,2023-12-13 06:31:00,29.31001,29.31001,29.26519,29.26519,6500
DCM,2023-12-13 06:32:00,29.31001,29.31001,29.31001,29.31001,1900
DCM,2023-12-13 06:33:00,29.26519,29.26519,29.26519,29.26519,39800
DCM,2023-12-13 06:34:00,29.26519,29.26519,29.26519,29.26519,4500
DCM,2023-12-13 06:35:00,29.26519,29.26519,29.26519,29.26519,10100
DCM,2023-12-13 06:36:00,29.22037,29.26519,29.22037,29.26519,1100
DCM,2023-12-13 06:37:00,29.26519,29.26519,29.22037,29.22037,2200
DCM,2023-12-13 06:39:00,29.22037,29.22037,29.22037,29.22037,2400
DCM,2023-12-13 06:40:00,29.22037,29.22037,29.22037,29.22037,400
DCM,2023-12-13 06:41:00,29.22037,29.26519,29.22037,29.26519,9400
DCM,2023-12-13 06:42:00,29.17556,29.17556,29.17556,29.17556,30000
DCM,2023-12-13 06:43:00,29.22037,29.22037,29.22037,29.22037,1400
DCM,2023-12-13 06:44:00,29.17556,29.22037,29.17556,29.22037,10500
DCM,2023-12-13 06:45:00,29.22037,29.22037,29.22037,29.22037,11000
DCM,2023-12-13 06:46:00,29.22037,29.22037,29.13074,29.13074,36600
DCM,2023-12-13 06:47:00,29.13074,29.17556,29.13074,29.13074,1400
DCM,2023-12-13 06:48:00,29.17556,29.17556,29.13074,29.13074,47900
DCM,2023-12-13 06:49:00,29.13074,29.13074,29.13074,29.13074,10900
DCM,2023-12-13 06:50:00,29.08592,29.13074,29.04111,29.04111,61300
DCM,2023-12-13 06:51:00,29.08592,29.08592,29.08592,29.08592,7500
DCM,2023-12-13 06:52:00,29.08592,29.08592,29.08592,29.08592,2700
DCM,2023-12-13 06:53:00,29.08592,29.13074,29.08592,29.13074,12600
DCM,2023-12-13 06:54:00,29.13074,29.13074,29.13074,29.13074,18700
DCM,2023-12-13 06:55:00,29.13074,29.13074,29.08592,29.13074,7800
DCM,2023-12-13 06:56:00,29.13074,29.13074,29.13074,29.13074,16000
DCM,2023-12-13 06:57:00,29.13074,29.17556,29.13074,29.17556,1600
DCM,2023-12-13 06:58:00,29.17556,29.17556,29.17556,29.17556,800
DCM,2023-12-13 06:59:00,29.17556,29.17556,29.08592,29.08592,28300
DCM,2023-12-13 07:00:00,29.08592,29.13074,29.08592,29.08592,53600
DCM,2023-12-13 07:01:00,29.08592,29.08592,29.08592,29.08592,13100
DCM,2023-12-13 07:02:00,29.08592,29.13074,29.04111,29.04111,3800
DCM,2023-12-13 07:03:00,29.04111,29.08592,29.04111,29.04111,46900
DCM,2023-12-13 07:04:00,29.04111,29.08592,28.99629,28.99629,31700
DCM,2023-12-13 07:05:00,29.04111,29.08592,28.99629,29.08592,14200
DCM,2023-12-13 07:06:00,29.04111,29.08592,29.04111,29.08592,9500
DCM,2023-12-13 07:07:00,29.13074,29.13074,29.08592,29.13074,29100
DCM,2023-12-13 07:08:00,29.17556,29.17556,29.17556,29.17556,8200
DCM,2023-12-13 07:09:00,29.22037,29.22037,29.17556,29.22037,14800
DCM,2023-12-13 07:10:00,29.22037,29.22037,29.22037,29.22037,2100
DCM,2023-12-13 07:11:00,29.22037,29.26519,29.22037,29.22037,4800
DCM,2023-12-13 07:12:00,29.22037,29.22037,29.17556,29.17556,13200
DCM,2023-12-13 07:13:00,29.17556,29.17556,29.13074,29.13074,18000
DCM,2023-12-13 07:14:00,29.13074,29.13074,29.13074,29.13074,14500
DCM,2023-12-13 07:15:00,29.13074,29.17556,29.13074,29.13074,5300
DCM,2023-12-13 07:16:00,29.13074,29.13074,29.13074,29.13074,28900
DCM,2023-12-13 07:17:00,29.08592,29.08592,28.99629,29.04111,63600
DCM,2023-12-13 07:18:00,29.04111,29.08592,28.95148,28.95148,119700
DCM,2023-12-13 07:19:00,28.95148,29.04111,28.90666,28.90666,26000
DCM,2023-12-13 07:20:00,28.95148,28.95148,28.86184,28.86184,62600
DCM,2023-12-13 07:21:00,28.90666,28.90666,28.72739,28.72739,101900
DCM,2023-12-13 07:22:00,28.81703,28.81703,28.68258,28.72739,66500
DCM,2023-12-13 07:23:00,28.81703,28.95148,28.77221,28.95148,42000
DCM,2023-12-13 07:24:00,28.90666,28.95148,28.90666,28.95148,71100
DCM,2023-12-13 07:25:00,29.04111,29.13074,29.04111,29.13074,13500
DCM,2023-12-13 07:26:00,29.13074,29.13074,29.13074,29.13074,31600
DCM,2023-12-13 07:27:00,29.13074,29.13074,29.08592,29.08592,22300
DCM,2023-12-13 07:28:00,29.08592,29.17556,29.08592,29.13074,21600
DCM,2023-12-13 07:29:00,29.13074,29.13074,28.90666,29.13074,69700
DCM,2023-12-13 07:45:00,29.13074,29.13074,29.13074,29.13074,186500
DCM,2023-12-14 02:15:00,29.22037,29.22037,29.22037,29.22037,18200
DCM,2023-12-14 02:16:00,29.22037,29.26519,29.22037,29.26519,3800
DCM,2023-12-14 02:17:00,29.22037,29.22037,29.22037,29.22037,8700
DCM,2023-12-14 02:18:00,29.26519,29.26519,29.22037,29.22037,20500
DCM,2023-12-14 02:19:00,29.22037,29.22037,29.22037,29.22037,6700
DCM,2023-12-14 02:20:00,29.17556,29.22037,29.17556,29.22037,8700
DCM,2023-12-14 02:21:00,29.22037,29.22037,29.22037,29.22037,3800
DCM,2023-12-14 02:22:00,29.22037,29.22037,29.17556,29.17556,11900
DCM,2023-12-14 02:23:00,29.17556,29.17556,29.17556,29.17556,9300
DCM,2023-12-14 02:24:00,29.17556,29.17556,29.13074,29.13074,2600
DCM,2023-12-14 02:25:00,29.13074,29.13074,29.08592,29.13074,23000
DCM,2023-12-14 02:26:00,29.13074,29.13074,29.08592,29.08592,6200
DCM,2023-12-14 02:27:00,29.13074,29.13074,29.08592,29.13074,2300
DCM,2023-12-14 02:28:00,29.08592,29.13074,29.08592,29.13074,12200
DCM,2023-12-14 02:29:00,29.13074,29.13074,29.13074,29.13074,200
DCM,2023-12-14 02:30:00,29.08592,29.08592,29.04111,29.04111,2000
DCM,2023-12-14 02:31:00,29.04111,29.04111,29.04111,29.04111,11000
DCM,2023-12-14 02:32:00,29.04111,29.08592,29.04111,29.08592,10000
DCM,2023-12-14 02:33:00,29.04111,29.04111,29.04111,29.04111,500
DCM,2023-12-14 02:34:00,29.08592,29.08592,29.04111,29.04111,1600
DCM,2023-12-14 02:35:00,29.04111,29.04111,29.04111,29.04111,6400
DCM,2023-12-14 02:36:00,29.04111,29.04111,28.99629,28.99629,2200
DCM,2023-12-14 02:37:00,28.99629,28.99629,28.99629,28.99629,1700
DCM,2023-12-14 02:38:00,28.99629,28.99629,28.99629,28.99629,3800
DCM,2023-12-14 02:39:00,29.04111,29.04111,28.99629,29.04111,1900
DCM,2023-12-14 02:40:00,29.04111,29.04111,28.99629,28.99629,1300
DCM,2023-12-14 02:41:00,29.04111,29.04111,29.04111,29.04111,12800
DCM,2023-12-14 02:42:00,29.04111,29.08592,29.04111,29.04111,7800
DCM,2023-12-14 02:43:00,29.04111,29.08592,29.04111,29.08592,8000
DCM,2023-12-14 02:44:00,29.04111,29.04111,29.04111,29.04111,1000
DCM,2023-12-14 02:45:00,29.04111,29.04111,29.04111,29.04111,800
DCM,2023-12-14 02:46:00,29.04111,29.13074,29.04111,29.13074,14200
DCM,2023-12-14 02:47:00,29.13074,29.13074,29.04111,29.04111,1700
DCM,2023-12-14 02:48:00,29.08592,29.13074,29.08592,29.13074,16000
DCM,2023-12-14 02:49:00,29.13074,29.13074,29.13074,29.13074,1200
DCM,2023-12-14 02:50:00,29.13074,29.13074,29.08592,29.08592,600
DCM,2023-12-14 02:51:00,29.08592,29.08592,29.08592,29.08592,900
DCM,2023-12-14 02:52:00,29.08592,29.08592,29.08592,29.08592,2200
DCM,2023-12-14 02:53:00,29.08592,29.13074,29.08592,29.08592,900
DCM,2023-12-14 02:54:00,29.08592,29.13074,29.08592,29.13074,800
DCM,2023-12-14 02:55:00,29.08592,29.13074,29.08592,29.13074,5000
DCM,2023-12-14 02:56:00,29.08592,29.08592,29.08592,29.08592,1100
DCM,2023-12-14 02:57:00,29.08592,29.08592,29.08592,29.08592,3900
DCM,2023-12-14 02:58:00,29.08592,29.08592,29.04111,29.04111,17800
DCM,2023-12-14 02:59:00,29.04111,29.08592,29.04111,29.08592,600
DCM,2023-12-14 03:00:00,29.08592,29.08592,29.04111,29.08592,5600
DCM,2023-12-14 03:01:00,29.08592,29.08592,29.04111,29.04111,34800
DCM,2023-12-14 03:02:00,29.04111,29.04111,28.99629,28.99629,700
DCM,2023-12-14 03:03:00,28.99629,28.99629,28.99629,28.99629,700
DCM,2023-12-14 03:04:00,29.04111,29.04111,28.99629,28.99629,2000
DCM,2023-12-14 03:05:00,28.99629,28.99629,28.99629,28.99629,1300
DCM,2023-12-14 03:06:00,28.99629,28.99629,28.99629,28.99629,4300
DCM,2023-12-14 03:07:00,29.04111,29.04111,28.99629,29.04111,800
DCM,2023-12-14 03:08:00,29.04111,29.04111,29.04111,29.04111,2400
DCM,2023-12-14 03:09:00,28.95148,29.04111,28.95148,29.04111,30600
DCM,2023-12-14 03:10:00,28.95148,28.95148,28.95148,28.95148,500
DCM,2023-12-14 03:11:00,28.95148,28.99629,28.95148,28.99629,10200
DCM,2023-12-14 03:12:00,28.99629,28.99629,28.90666,28.99629,17100
DCM,2023-12-14 03:13:00,28.99629,28.99629,28.90666,28.90666,3100
DCM,2023-12-14 03:14:00,28.90666,28.90666,28.90666,28.90666,1800
DCM,2023-12-14 03:15:00,28.90666,28.99629,28.86184,28.86184,25400
DCM,2023-12-14 03:16:00,28.90666,28.90666,28.86184,28.90666,7200
DCM,2023-12-14 03:17:00,28.86184,28.86184,28.86184,28.86184,8100
DCM,2023-12-14 03:18:00,28.86184,28.90666,28.86184,28.86184,2500
DCM,2023-12-14 03:19:00,28.86184,28.90666,28.86184,28.90666,4800
DCM,2023-12-14 03:20:00,28.90666,28.90666,28.86184,28.90666,18300
DCM,2023-12-14 03:21:00,28.90666,28.90666,28.90666,28.90666,9400
DCM,2023-12-14 03:22:00,28.90666,28.90666,28.90666,28.90666,4900
DCM,2023-12-14 03:23:00,28.90666,28.90666,28.90666,28.90666,3600
DCM,2023-12-14 03:24:00,28.90666,28.95148,28.90666,28.95148,500
DCM,2023-12-14 03:25:00,28.95148,28.95148,28.90666,28.95148,3200
DCM,2023-12-14 03:26:00,28.95148,28.95148,28.95148,28.95148,7400
DCM,2023-12-14 03:27:00,28.95148,28.99629,28.95148,28.95148,1800
DCM,2023-12-14 03:28:00,28.95148,28.95148,28.95148,28.95148,1000
DCM,2023-12-14 03:29:00,28.99629,28.99629,28.95148,28.95148,1800
DCM,2023-12-14 03:30:00,28.95148,28.99629,28.95148,28.95148,3100
DCM,2023-12-14 03:31:00,28.95148,28.95148,28.95148,28.95148,29500
DCM,2023-12-14 03:32:00,28.95148,28.95148,28.95148,28.95148,2600
DCM,2023-12-14 03:33:00,28.95148,28.95148,28.90666,28.90666,3800
DCM,2023-12-14 03:34:00,28.95148,28.95148,28.95148,28.95148,2100
DCM,2023-12-14 03:35:00,28.95148,28.95148,28.90666,28.90666,3200
DCM,2023-12-14 03:36:00,28.95148,28.95148,28.90666,28.90666,11300
DCM,2023-12-14 03:37:00,28.95148,28.95148,28.90666,28.95148,5600
DCM,2023-12-14 03:38:00,28.95148,28.95148,28.95148,28.95148,1800
DCM,2023-12-14 03:39:00,28.99629,28.99629,28.95148,28.95148,12000
DCM,2023-12-14 03:40:00,28.95148,28.99629,28.90666,28.99629,62900
DCM,2023-12-14 03:41:00,28.99629,28.99629,28.95148,28.95148,1000
DCM,2023-12-14 03:42:00,28.99629,28.99629,28.95148,28.95148,500
DCM,2023-12-14 03:43:00,28.95148,28.95148,28.90666,28.90666,4800
DCM,2023-12-14 03:44:00,28.95148,29.04111,28.95148,29.04111,2600
DCM,2023-12-14 03:45:00,29.04111,29.04111,28.99629,28.99629,600
DCM,2023-12-14 03:46:00,28.99629,29.04111,28.99629,28.99629,7000
DCM,2023-12-14 03:47:00,28.99629,28.99629,28.95148,28.95148,500
DCM,2023-12-14 03:48:00,28.95148,28.95148,28.90666,28.90666,4100
DCM,2023-12-14 03:49:00,28.90666,28.90666,28.90666,28.90666,5700
DCM,2023-12-14 03:50:00,28.90666,28.90666,28.90666,28.90666,600
DCM,2023-12-14 03:51:00,28.90666,28.95148,28.90666,28.90666,3100
DCM,2023-12-14 03:52:00,28.90666,28.95148,28.90666,28.90666,400
DCM,2023-12-14 03:53:00,28.90666,28.90666,28.90666,28.90666,800
DCM,2023-12-14 03:54:00,28.90666,28.95148,28.90666,28.90666,5100
DCM,2023-12-14 03:55:00,28.90666,28.95148,28.90666,28.95148,26100
DCM,2023-12-14 03:56:00,28.95148,28.95148,28.95148,28.95148,100
DCM,2023-12-14 03:57:00,28.90666,28.95148,28.90666,28.90666,8300
DCM,2023-12-14 03:58:00,28.95148,28.95148,28.90666,28.90666,1300
DCM,2023-12-14 03:59:00,28.90666,28.95148,28.90666,28.95148,9400
DCM,2023-12-14 04:00:00,28.95148,28.95148,28.90666,28.95148,5600
DCM,2023-12-14 04:01:00,28.95148,28.99629,28.95148,28.99629,2900
DCM,2023-12-14 04:02:00,28.99629,29.04111,28.99629,29.04111,500
DCM,2023-12-14 04:03:00,29.04111,29.04111,28.95148,28.95148,3500
DCM,2023-12-14 04:04:00,28.95148,28.95148,28.95148,28.95148,2200
DCM,2023-12-14 04:05:00,28.95148,28.95148,28.95148,28.95148,3700
DCM,2023-12-14 04:06:00,28.95148,29.04111,28.95148,29.04111,800
DCM,2023-12-14 04:07:00,29.04111,29.04111,28.90666,28.90666,3700
DCM,2023-12-14 04:08:00,28.90666,29.04111,28.90666,29.04111,500
DCM,2023-12-14 04:09:00,28.99629,29.04111,28.99629,29.04111,500
DCM,2023-12-14 04:10:00,29.04111,29.04111,28.99629,28.99629,600
DCM,2023-12-14 04:11:00,28.99629,29.04111,28.99629,28.99629,1500
DCM,2023-12-14 04:12:00,28.99629,29.04111,28.99629,29.04111,400
DCM,2023-12-14 04:13:00,29.04111,29.04111,28.99629,28.99629,600
DCM,2023-12-14 04:14:00,29.04111,29.04111,28.99629,29.04111,5500
DCM,2023-12-14 04:15:00,29.04111,29.04111,28.99629,28.99629,7200
DCM,2023-12-14 04:16:00,28.99629,29.04111,28.99629,28.99629,7600
DCM,2023-12-14 04:17:00,28.99629,29.04111,28.99629,29.04111,4000
DCM,2023-12-14 04:18:00,29.04111,29.08592,29.04111,29.08592,700
DCM,2023-12-14 04:19:00,29.04111,29.08592,29.04111,29.04111,4300
DCM,2023-12-14 04:20:00,29.04111,29.08592,29.04111,29.04111,1600
DCM,2023-12-14 04:21:00,29.04111,29.08592,29.04111,29.04111,5600
DCM,2023-12-14 04:22:00,29.04111,29.08592,29.04111,29.04111,700
DCM,2023-12-14 04:23:00,29.04111,29.08592,29.04111,29.04111,900
DCM,2023-12-14 04:24:00,29.08592,29.08592,29.04111,29.04111,7000
DCM,2023-12-14 04:25:00,29.08592,29.08592,29.08592,29.08592,1600
DCM,2023-12-14 04:26:00,29.04111,29.08592,29.04111,29.08592,8300
DCM,2023-12-14 04:27:00,29.08592,29.08592,29.08592,29.08592,10900
DCM,2023-12-14 04:28:00,29.08592,29.08592,29.04111,29.04111,2400
DCM,2023-12-14 04:29:00,29.04111,29.04111,29.04111,29.04111,1000
DCM,2023-12-14 06:00:00,29.04111,29.04111,29.04111,29.04111,4600
DCM,2023-12-14 06:01:00,29.04111,29.04111,28.99629,28.99629,3000
DCM,2023-12-14 06:02:00,29.08592,29.08592,28.99629,28.99629,5900
DCM,2023-12-14 06:03:00,29.08592,29.08592,28.99629,28.99629,1200
DCM,2023-12-14 06:04:00,28.99629,29.08592,28.99629,29.08592,400
DCM,2023-12-14 06:05:00,29.08592,29.08592,28.99629,28.99629,5400
DCM,2023-12-14 06:06:00,29.04111,29.08592,29.04111,29.04111,4200
DCM,2023-12-14 06:07:00,29.04111,29.17556,29.04111,29.17556,9400
DCM,2023-12-14 06:08:00,29.17556,29.17556,29.13074,29.13074,6100
DCM,2023-12-14 06:09:00,29.17556,29.17556,29.13074,29.13074,2200
DCM,2023-12-14 06:10:00,29.13074,29.17556,29.13074,29.13074,9100
DCM,2023-12-14 06:11:00,29.04111,29.04111,29.04111,29.04111,400
DCM,2023-12-14 06:12:00,29.04111,29.13074,29.04111,29.13074,1400
DCM,2023-12-14 06:13:00,29.04111,29.08592,29.04111,29.08592,12800
DCM,2023-12-14 06:14:00,29.04111,29.08592,29.04111,29.08592,3700
DCM,2023-12-14 06:15:00,29.08592,29.08592,29.04111,29.08592,12200
DCM,2023-12-14 06:16:00,29.08592,29.08592,29.04111,29.04111,1000
DCM,2023-12-14 06:17:00,29.04111,29.08592,29.04111,29.04111,800
DCM,2023-12-14 06:18:00,29.04111,29.08592,29.04111,29.04111,2800
DCM,2023-12-14 06:19:00,29.04111,29.04111,29.04111,29.04111,1500
DCM,2023-12-14 06:20:00,29.04111,29.04111,28.95148,28.95148,11100
DCM,2023-12-14 06:21:00,28.95148,28.95148,28.95148,28.95148,500
DCM,2023-12-14 06:22:00,28.95148,29.04111,28.95148,29.04111,400
DCM,2023-12-14 06:23:00,29.04111,29.04111,28.95148,28.95148,15900
DCM,2023-12-14 06:24:00,28.95148,28.99629,28.90666,28.90666,25200
DCM,2023-12-14 06:25:00,28.86184,28.95148,28.86184,28.90666,10200
DCM,2023-12-14 06:26:00,28.90666,28.90666,28.86184,28.90666,1800
DCM,2023-12-14 06:27:00,28.90666,28.90666,28.86184,28.90666,6900
DCM,2023-12-14 06:28:00,28.90666,28.95148,28.90666,28.90666,6500
DCM,2023-12-14 06:29:00,28.90666,28.90666,28.90666,28.90666,700
DCM,2023-12-14 06:30:00,28.90666,28.95148,28.90666,28.95148,1300
DCM,2023-12-14 06:31:00,28.95148,28.95148,28.90666,28.90666,500
DCM,2023-12-14 06:32:00,28.90666,28.95148,28.90666,28.95148,900
DCM,2023-12-14 06:33:00,28.95148,28.95148,28.90666,28.95148,4200
DCM,2023-12-14 06:34:00,28.95148,28.95148,28.95148,28.95148,300
DCM,2023-12-14 06:35:00,28.95148,28.95148,28.90666,28.90666,200
DCM,2023-12-14 06:36:00,28.90666,28.95148,28.90666,28.95148,1700
DCM,2023-12-14 06:37:00,28.95148,28.95148,28.90666,28.90666,6100
DCM,2023-12-14 06:38:00,28.90666,28.90666,28.90666,28.90666,12600
DCM,2023-12-14 06:39:00,28.95148,28.95148,28.90666,28.90666,14700
DCM,2023-12-14 06:40:00,28.95148,28.95148,28.90666,28.95148,2200
DCM,2023-12-14 06:41:00,28.95148,28.99629,28.95148,28.95148,6200
DCM,2023-12-14 06:42:00,28.95148,28.99629,28.95148,28.95148,7400
DCM,2023-12-14 06:43:00,28.95148,28.99629,28.95148,28.99629,500
DCM,2023-12-14 06:44:00,28.95148,28.99629,28.95148,28.95148,5700
DCM,2023-12-14 06:45:00,28.95148,28.99629,28.95148,28.99629,700
DCM,2023-12-14 06:46:00,28.95148,28.99629,28.95148,28.99629,500
DCM,2023-12-14 06:47:00,28.99629,28.99629,28.95148,28.99629,5500
DCM,2023-12-14 06:48:00,28.95148,28.99629,28.95148,28.99629,300
DCM,2023-12-14 06:49:00,28.95148,28.99629,28.95148,28.99629,1400
DCM,2023-12-14 06:50:00,28.99629,28.99629,28.95148,28.99629,800
DCM,2023-12-14 06:51:00,28.99629,28.99629,28.95148,28.95148,2600
DCM,2023-12-14 06:52:00,28.95148,28.99629,28.95148,28.95148,11400
DCM,2023-12-14 06:53:00,28.95148,28.95148,28.90666,28.90666,12400
DCM,2023-12-14 06:54:00,28.90666,28.90666,28.90666,28.90666,22700
DCM,2023-12-14 06:55:00,28.90666,28.95148,28.90666,28.90666,8300
DCM,2023-12-14 06:56:00,28.95148,28.95148,28.90666,28.95148,1300
DCM,2023-12-14 06:57:00,28.90666,28.95148,28.90666,28.90666,22700
DCM,2023-12-14 06:58:00,28.90666,28.90666,28.86184,28.86184,4300
DCM,2023-12-14 06:59:00,28.86184,28.90666,28.86184,28.86184,6300
DCM,2023-12-14 07:00:00,28.86184,28.90666,28.86184,28.90666,11500
DCM,2023-12-14 07:01:00,28.90666,28.90666,28.86184,28.86184,700
DCM,2023-12-14 07:02:00,28.86184,28.90666,28.86184,28.90666,5500
DCM,2023-12-14 07:03:00,28.90666,28.90666,28.81703,28.86184,125200
DCM,2023-12-14 07:04:00,28.81703,28.81703,28.77221,28.77221,21900
DCM,2023-12-14 07:05:00,28.77221,28.81703,28.77221,28.77221,25600
DCM,2023-12-14 07:06:00,28.77221,28.81703,28.77221,28.77221,6900
DCM,2023-12-14 07:07:00,28.81703,28.86184,28.81703,28.86184,54000
DCM,2023-12-14 07:08:00,28.81703,28.86184,28.81703,28.86184,6400
DCM,2023-12-14 07:09:00,28.86184,28.86184,28.81703,28.86184,18900
DCM,2023-12-14 07:10:00,28.81703,28.90666,28.81703,28.90666,5100
DCM,2023-12-14 07:11:00,28.86184,28.90666,28.86184,28.86184,4300
DCM,2023-12-14 07:12:00,28.86184,28.90666,28.86184,28.90666,4200
DCM,2023-12-14 07:13:00,28.86184,28.90666,28.86184,28.90666,600
DCM,2023-12-14 07:14:00,28.86184,28.90666,28.86184,28.86184,1600
DCM,2023-12-14 07:15:00,28.86184,28.86184,28.81703,28.81703,4900
DCM,2023-12-14 07:16:00,28.81703,28.86184,28.81703,28.81703,17400
DCM,2023-12-14 07:17:00,28.81703,28.81703,28.77221,28.81703,11100
DCM,2023-12-14 07:18:00,28.81703,28.81703,28.72739,28.72739,119900
DCM,2023-12-14 07:19:00,28.72739,28.77221,28.72739,28.72739,5600
DCM,2023-12-14 07:20:00,28.72739,28.72739,28.63776,28.63776,224800
DCM,2023-12-14 07:21:00,28.63776,28.63776,28.54813,28.59294,85000
DCM,2023-12-14 07:22:00,28.59294,28.59294,28.50331,28.50331,73300
DCM,2023-12-14 07:23:00,28.50331,28.50331,28.41368,28.41368,44500
DCM,2023-12-14 07:24:00,28.45849,28.45849,28.36886,28.36886,79800
DCM,2023-12-14 07:25:00,28.41368,28.41368,28.36886,28.36886,41700
DCM,2023-12-14 07:26:00,28.41368,28.45849,28.36886,28.45849,81500
DCM,2023-12-14 07:27:00,28.50331,28.63776,28.50331,28.50331,16300
DCM,2023-12-14 07:28:00,28.50331,28.68258,28.50331,28.63776,32600
DCM,2023-12-14 07:29:00,28.68258,28.77221,28.68258,28.68258,57200
DCM,2023-12-14 07:45:00,28.59294,28.59294,28.59294,28.59294,146200
DCM,2023-12-15 02:15:00,28.59294,28.59294,28.59294,28.59294,10400
DCM,2023-12-15 02:16:00,28.59294,28.68258,28.59294,28.68258,1300
DCM,2023-12-15 02:17:00,28.68258,28.68258,28.68258,28.68258,1000
DCM,2023-12-15 02:19:00,28.59294,28.68258,28.59294,28.68258,1000
DCM,2023-12-15 02:20:00,28.68258,28.68258,28.59294,28.59294,500
DCM,2023-12-15 02:21:00,28.59294,28.59294,28.45849,28.45849,6400
DCM,2023-12-15 02:22:00,28.41368,28.41368,28.41368,28.41368,8600
DCM,2023-12-15 02:23:00,28.59294,28.59294,28.59294,28.59294,100
DCM,2023-12-15 02:24:00,28.59294,28.59294,28.45849,28.45849,500
DCM,2023-12-15 02:25:00,28.45849,28.50331,28.41368,28.41368,2400
DCM,2023-12-15 02:26:00,28.41368,28.41368,28.41368,28.41368,6800
DCM,2023-12-15 02:27:00,28.36886,28.36886,28.36886,28.36886,29500
DCM,2023-12-15 02:28:00,28.32404,28.32404,28.32404,28.32404,8900
DCM,2023-12-15 02:29:00,28.32404,28.32404,28.32404,28.32404,2000
DCM,2023-12-15 02:30:00,28.32404,28.32404,28.32404,28.32404,9400
DCM,2023-12-15 02:31:00,28.32404,28.32404,28.27923,28.27923,12900
DCM,2023-12-15 02:32:00,28.32404,28.36886,28.32404,28.36886,12900
DCM,2023-12-15 02:33:00,28.32404,28.36886,28.32404,28.36886,4800
DCM,2023-12-15 02:34:00,28.36886,28.41368,28.36886,28.36886,4200
DCM,2023-12-15 02:35:00,28.41368,28.41368,28.36886,28.41368,14700
DCM,2023-12-15 02:36:00,28.41368,28.45849,28.36886,28.45849,12600
DCM,2023-12-15 02:37:00,28.45849,28.45849,28.41368,28.45849,7500
DCM,2023-12-15 02:38:00,28.45849,28.50331,28.45849,28.50331,800
DCM,2023-12-15 02:39:00,28.50331,28.59294,28.45849,28.59294,2800
DCM,2023-12-15 02:40:00,28.59294,28.59294,28.54813,28.54813,700
DCM,2023-12-15 02:41:00,28.59294,28.59294,28.59294,28.59294,3800
DCM,2023-12-15 02:42:00,28.59294,28.68258,28.59294,28.59294,10100
DCM,2023-12-15 02:43:00,28.59294,28.59294,28.50331,28.50331,2300
DCM,2023-12-15 02:44:00,28.50331,28.54813,28.50331,28.54813,5600
DCM,2023-12-15 02:45:00,28.54813,28.54813,28.50331,28.50331,3300
DCM,2023-12-15 02:46:00,28.50331,28.54813,28.50331,28.54813,14500
DCM,2023-12-15 02:47:00,28.59294,28.59294,28.54813,28.54813,2400
DCM,2023-12-15 02:48:00,28.54813,28.68258,28.54813,28.68258,800
DCM,2023-12-15 02:49:00,28.68258,28.68258,28.54813,28.59294,1000
DCM,2023-12-15 02:50:00,28.59294,28.59294,28.54813,28.59294,14000
DCM,2023-12-15 02:51:00,28.59294,28.59294,28.54813,28.59294,1100
DCM,2023-12-15 02:52:00,28.59294,28.59294,28.54813,28.54813,2100
DCM,2023-12-15 02:53:00,28.54813,28.59294,28.54813,28.59294,700
DCM,2023-12-15 02:54:00,28.54813,28.59294,28.54813,28.54813,1700
DCM,2023-12-15 02:55:00,28.54813,28.59294,28.54813,28.59294,12500
DCM,2023-12-15 02:56:00,28.54813,28.54813,28.54813,28.54813,7700
DCM,2023-12-15 02:57:00,28.59294,28.59294,28.54813,28.59294,800
DCM,2023-12-15 02:58:00,28.59294,28.59294,28.54813,28.59294,4700
DCM,2023-12-15 02:59:00,28.59294,28.59294,28.54813,28.54813,700
DCM,2023-12-15 03:00:00,28.59294,28.59294,28.54813,28.59294,1800
DCM,2023-12-15 03:01:00,28.54813,28.59294,28.54813,28.59294,800
DCM,2023-12-15 03:02:00,28.59294,28.59294,28.54813,28.59294,13000
DCM,2023-12-15 03:03:00,28.54813,28.59294,28.54813,28.59294,7800
DCM,2023-12-15 03:04:00,28.59294,28.63776,28.59294,28.59294,3700
DCM,2023-12-15 03:05:00,28.59294,28.59294,28.59294,28.59294,1900
DCM,2023-12-15 03:06:00,28.63776,28.63776,28.59294,28.59294,1200
DCM,2023-12-15 03:07:00,28.59294,28.63776,28.59294,28.63776,2000
DCM,2023-12-15 03:08:00,28.59294,28.63776,28.59294,28.63776,800
DCM,2023-12-15 03:09:00,28.59294,28.59294,28.59294,28.59294,1500
DCM,2023-12-15 03:10:00,28.59294,28.63776,28.59294,28.63776,1700
DCM,2023-12-15 03:11:00,28.59294,28.63776,28.59294,28.63776,700
DCM,2023-12-15 03:12:00,28.59294,28.63776,28.59294,28.59294,1900
DCM,2023-12-15 03:13:00,28.59294,28.63776,28.59294,28.59294,6700
DCM,2023-12-15 03:14:00,28.59294,28.59294,28.59294,28.59294,700
DCM,2023-12-15 03:15:00,28.59294,28.59294,28.54813,28.54813,17500
DCM,2023-12-15 03:16:00,28.54813,28.59294,28.54813,28.54813,3100
DCM,2023-12-15 03:17:00,28.54813,28.59294,28.54813,28.54813,1300
DCM,2023-12-15 03:18:00,28.59294,28.59294,28.54813,28.59294,2000
DCM,2023-12-15 03:19:00,28.54813,28.59294,28.54813,28.59294,700
DCM,2023-12-15 03:20:00,28.54813,28.59294,28.54813,28.59294,1800
DCM,2023-12-15 03:21:00,28.54813,28.59294,28.54813,28.54813,700
DCM,2023-12-15 03:22:00,28.54813,28.59294,28.54813,28.54813,8800
DCM,2023-12-15 03:23:00,28.54813,28.59294,28.54813,28.54813,21900
DCM,2023-12-15 03:24:00,28.54813,28.59294,28.54813,28.54813,9100
DCM,2023-12-15 03:25:00,28.54813,28.54813,28.54813,28.54813,4400
DCM,2023-12-15 03:26:00,28.54813,28.59294,28.54813,28.54813,15400
DCM,2023-12-15 03:27:00,28.54813,28.54813,28.50331,28.50331,1000
DCM,2023-12-15 03:28:00,28.50331,28.50331,28.50331,28.50331,1600
DCM,2023-12-15 03:29:00,28.50331,28.54813,28.50331,28.50331,1600
DCM,2023-12-15 03:30:00,28.50331,28.54813,28.50331,28.50331,1900
DCM,2023-12-15 03:31:00,28.50331,28.50331,28.50331,28.50331,700
DCM,2023-12-15 03:32:00,28.50331,28.54813,28.50331,28.50331,35000
DCM,2023-12-15 03:33:00,28.54813,28.54813,28.50331,28.50331,1700
DCM,2023-12-15 03:34:00,28.50331,28.54813,28.50331,28.50331,1400
DCM,2023-12-15 03:35:00,28.50331,28.50331,28.50331,28.50331,12700
DCM,2023-12-15 03:36:00,28.50331,28.50331,28.45849,28.45849,2100
DCM,2023-12-15 03:37:00,28.50331,28.54813,28.50331,28.50331,1600
DCM,2023-12-15 03:38:00,28.50331,28.54813,28.50331,28.50331,700
DCM,2023-12-15 03:39:00,28.50331,28.54813,28.50331,28.50331,1600
DCM,2023-12-15 03:40:00,28.50331,28.50331,28.45849,28.45849,2100
DCM,2023-12-15 03:41:00,28.45849,28.50331,28.45849,28.45849,1200
DCM,2023-12-15 03:42:00,28.45849,28.50331,28.45849,28.45849,1200
DCM,2023-12-15 03:43:00,28.50331,28.50331,28.45849,28.45849,9000
DCM,2023-12-15 03:44:00,28.50331,28.50331,28.45849,28.45849,1000
DCM,2023-12-15 03:45:00,28.45849,28.50331,28.45849,28.45849,1700
DCM,2023-12-15 03:46:00,28.50331,28.50331,28.45849,28.45849,2500
DCM,2023-12-15 03:47:00,28.50331,28.50331,28.45849,28.45849,1900
DCM,2023-12-15 03:48:00,28.45849,28.50331,28.45849,28.50331,6700
DCM,2023-12-15 03:49:00,28.45849,28.50331,28.45849,28.50331,1900
DCM,2023-12-15 03:50:00,28.50331,28.50331,28.45849,28.45849,1000
DCM,2023-12-15 03:51:00,28.50331,28.50331,28.50331,28.50331,1900
DCM,2023-12-15 03:52:00,28.50331,28.50331,28.45849,28.45849,2500
DCM,2023-12-15 03:53:00,28.45849,28.45849,28.45849,28.45849,900
DCM,2023-12-15 03:54:00,28.50331,28.50331,28.45849,28.45849,1300
DCM,2023-12-15 03:55:00,28.50331,28.50331,28.45849,28.50331,4600
DCM,2023-12-15 03:56:00,28.50331,28.50331,28.45849,28.45849,1100
DCM,2023-12-15 03:57:00,28.45849,28.50331,28.45849,28.45849,1900
DCM,2023-12-15 03:58:00,28.45849,28.50331,28.45849,28.50331,1000
DCM,2023-12-15 03:59:00,28.45849,28.50331,28.45849,28.45849,4300
DCM,2023-12-15 04:00:00,28.50331,28.50331,28.45849,28.45849,2400
DCM,2023-12-15 04:01:00,28.50331,28.50331,28.45849,28.45849,900
DCM,2023-12-15 04:02:00,28.50331,28.50331,28.45849,28.45849,3300
DCM,2023-12-15 04:03:00,28.45849,28.50331,28.45849,28.45849,5300
DCM,2023-12-15 04:04:00,28.45849,28.50331,28.45849,28.50331,3600
DCM,2023-12-15 04:05:00,28.50331,28.54813,28.50331,28.50331,900
DCM,2023-12-15 04:06:00,28.50331,28.50331,28.45849,28.50331,15600
DCM,2023-12-15 04:07:00,28.45849,28.50331,28.45849,28.50331,13300
DCM,2023-12-15 04:08:00,28.45849,28.45849,28.41368,28.41368,7100
DCM,2023-12-15 04:09:00,28.41368,28.45849,28.41368,28.45849,10900
DCM,2023-12-15 04:10:00,28.41368,28.45849,28.41368,28.45849,2100
DCM,2023-12-15 04:11:00,28.41368,28.41368,28.41368,28.41368,1100
DCM,2023-12-15 04:12:00,28.41368,28.45849,28.41368,28.41368,12400
DCM,2023-12-15 04:13:00,28.45849,28.45849,28.41368,28.45849,3800
DCM,2023-12-15 04:14:00,28.41368,28.45849,28.41368,28.45849,6800
DCM,2023-12-15 04:15:00,28.41368,28.45849,28.41368,28.41368,59700
DCM,2023-12-15 04:16:00,28.41368,28.41368,28.36886,28.36886,5100
DCM,2023-12-15 04:17:00,28.36886,28.41368,28.36886,28.36886,1300
DCM,2023-12-15 04:18:00,28.36886,28.41368,28.36886,28.36886,22800
DCM,2023-12-15 04:19:00,28.32404,28.36886,28.32404,28.36886,15700
DCM,2023-12-15 04:20:00,28.32404,28.36886,28.32404,28.36886,2200
DCM,2023-12-15 04:21:00,28.32404,28.36886,28.32404,28.32404,5200
DCM,2023-12-15 04:22:00,28.36886,28.36886,28.32404,28.36886,3800
DCM,2023-12-15 04:23:00,28.32404,28.36886,28.32404,28.32404,1400
DCM,2023-12-15 04:24:00,28.32404,28.36886,28.32404,28.36886,8000
DCM,2023-12-15 04:25:00,28.36886,28.36886,28.32404,28.32404,4000
DCM,2023-12-15 04:26:00,28.32404,28.41368,28.32404,28.36886,7200
DCM,2023-12-15 04:27:00,28.36886,28.41368,28.36886,28.41368,2500
DCM,2023-12-15 04:28:00,28.36886,28.41368,28.36886,28.41368,1800
DCM,2023-12-15 04:29:00,28.45849,28.45849,28.45849,28.45849,2000
DCM,2023-12-15 04:30:00,28.45849,28.45849,28.45849,28.45849,200
DCM,2023-12-15 06:00:00,28.41368,28.41368,28.32404,28.36886,23300
DCM,2023-12-15 06:01:00,28.36886,28.41368,28.36886,28.36886,2100
DCM,2023-12-15 06:02:00,28.36886,28.41368,28.36886,28.36886,3000
DCM,2023-12-15 06:03:00,28.36886,28.41368,28.36886,28.41368,3400
DCM,2023-12-15 06:04:00,28.36886,28.41368,28.36886,28.41368,3900
DCM,2023-12-15 06:05:00,28.41368,28.45849,28.36886,28.45849,4900
DCM,2023-12-15 06:06:00,28.41368,28.45849,28.41368,28.41368,6700
DCM,2023-12-15 06:07:00,28.41368,28.50331,28.41368,28.45849,2000
DCM,2023-12-15 06:08:00,28.45849,28.50331,28.45849,28.50331,31700
DCM,2023-12-15 06:09:00,28.45849,28.59294,28.45849,28.59294,6500
DCM,2023-12-15 06:10:00,28.50331,28.54813,28.50331,28.50331,1900
DCM,2023-12-15 06:11:00,28.50331,28.54813,28.50331,28.54813,9500
DCM,2023-12-15 06:12:00,28.50331,28.54813,28.50331,28.54813,9100
DCM,2023-12-15 06:13:00,28.54813,28.54813,28.54813,28.54813,4700
DCM,2023-12-15 06:14:00,28.54813,28.54813,28.54813,28.54813,1700
DCM,2023-12-15 06:15:00,28.54813,28.54813,28.50331,28.54813,1500
DCM,2023-12-15 06:16:00,28.50331,28.54813,28.50331,28.50331,800
DCM,2023-12-15 06:17:00,28.54813,28.54813,28.50331,28.54813,4300
DCM,2023-12-15 06:18:00,28.54813,28.54813,28.50331,28.54813,1900
DCM,2023-12-15 06:19:00,28.50331,28.50331,28.50331,28.50331,9500
DCM,2023-12-15 06:20:00,28.45849,28.50331,28.45849,28.50331,1500
DCM,2023-12-15 06:21:00,28.50331,28.50331,28.45849,28.45849,900
DCM,2023-12-15 06:22:00,28.45849,28.50331,28.45849,28.45849,25200
DCM,2023-12-15 06:23:00,28.50331,28.54813,28.50331,28.50331,4300
DCM,2023-12-15 06:24:00,28.50331,28.59294,28.50331,28.59294,1400
DCM,2023-12-15 06:25:00,28.54813,28.59294,28.54813,28.59294,2900
DCM,2023-12-15 06:26:00,28.59294,28.59294,28.54813,28.59294,2600
DCM,2023-12-15 06:27:00,28.59294,28.59294,28.54813,28.54813,9200
DCM,2023-12-15 06:28:00,28.54813,28.59294,28.54813,28.59294,6500
DCM,2023-12-15 06:29:00,28.59294,28.59294,28.54813,28.59294,17500
DCM,2023-12-15 06:30:00,28.59294,28.63776,28.59294,28.63776,600
DCM,2023-12-15 06:31:00,28.63776,28.63776,28.59294,28.59294,3900
DCM,2023-12-15 06:32:00,28.59294,28.63776,28.59294,28.63776,2200
DCM,2023-12-15 06:33:00,28.63776,28.63776,28.59294,28.59294,12200
DCM,2023-12-15 06:34:00,28.59294,28.63776,28.59294,28.59294,18900
DCM,2023-12-15 06:35:00,28.59294,28.63776,28.59294,28.63776,2300
DCM,2023-12-15 06:36:00,28.63776,28.63776,28.63776,28.63776,4300
DCM,2023-12-15 06:37:00,28.63776,28.68258,28.63776,28.63776,6300
DCM,2023-12-15 06:38:00,28.63776,28.63776,28.63776,28.63776,2500
DCM,2023-12-15 06:39:00,28.68258,28.68258,28.63776,28.68258,4900
DCM,2023-12-15 06:40:00,28.63776,28.68258,28.63776,28.68258,4600
DCM,2023-12-15 06:41:00,28.68258,28.68258,28.68258,28.68258,5300
DCM,2023-12-15 06:42:00,28.68258,28.68258,28.63776,28.63776,7300
DCM,2023-12-15 06:43:00,28.63776,28.63776,28.63776,28.63776,100
DCM,2023-12-15 06:44:00,28.59294,28.63776,28.59294,28.63776,3400
DCM,2023-12-15 06:45:00,28.63776,28.63776,28.63776,28.63776,2000
DCM,2023-12-15 06:46:00,28.63776,28.63776,28.59294,28.59294,7700
DCM,2023-12-15 06:47:00,28.59294,28.63776,28.59294,28.59294,10400
DCM,2023-12-15 06:48:00,28.59294,28.59294,28.59294,28.59294,1200
DCM,2023-12-15 06:49:00,28.59294,28.59294,28.59294,28.59294,100
DCM,2023-12-15 06:50:00,28.63776,28.63776,28.59294,28.59294,3400
DCM,2023-12-15 06:51:00,28.63776,28.63776,28.59294,28.63776,4200
DCM,2023-12-15 06:52:00,28.63776,28.63776,28.59294,28.63776,2700
DCM,2023-12-15 06:53:00,28.59294,28.59294,28.59294,28.59294,10000
DCM,2023-12-15 06:54:00,28.59294,28.59294,28.59294,28.59294,6000
DCM,2023-12-15 06:55:00,28.59294,28.59294,28.59294,28.59294,2800
DCM,2023-12-15 06:56:00,28.59294,28.63776,28.59294,28.59294,3300
DCM,2023-12-15 06:57:00,28.59294,28.59294,28.59294,28.59294,6600
DCM,2023-12-15 06:58:00,28.59294,28.63776,28.59294,28.63776,500
DCM,2023-12-15 06:59:00,28.63776,28.63776,28.63776,28.63776,2600
DCM,2023-12-15 07:00:00,28.63776,28.63776,28.63776,28.63776,3800
DCM,2023-12-15 07:01:00,28.63776,28.63776,28.63776,28.63776,32700
DCM,2023-12-15 07:02:00,28.63776,28.68258,28.63776,28.68258,10100
DCM,2023-12-15 07:03:00,28.68258,28.72739,28.68258,28.68258,42700
DCM,2023-12-15 07:04:00,28.72739,28.72739,28.68258,28.72739,16200
DCM,2023-12-15 07:05:00,28.68258,28.72739,28.68258,28.72739,2500
DCM,2023-12-15 07:06:00,28.72739,28.72739,28.72739,28.72739,34600
DCM,2023-12-15 07:07:00,28.72739,28.77221,28.72739,28.77221,4600
DCM,2023-12-15 07:08:00,28.77221,28.77221,28.77221,28.77221,2000
DCM,2023-12-15 07:09:00,28.77221,28.81703,28.77221,28.81703,14100
DCM,2023-12-15 07:10:00,28.81703,28.86184,28.81703,28.81703,14800
DCM,2023-12-15 07:11:00,28.81703,28.81703,28.77221,28.77221,10700
DCM,2023-12-15 07:12:00,28.77221,28.77221,28.77221,28.77221,6100
DCM,2023-12-15 07:13:00,28.72739,28.77221,28.63776,28.72739,19000
DCM,2023-12-15 07:14:00,28.72739,28.72739,28.68258,28.68258,3100
DCM,2023-12-15 07:15:00,28.68258,28.68258,28.68258,28.68258,1400
DCM,2023-12-15 07:16:00,28.68258,28.72739,28.68258,28.72739,2500
DCM,2023-12-15 07:17:00,28.63776,28.63776,28.63776,28.63776,27200
DCM,2023-12-15 07:18:00,28.63776,28.63776,28.59294,28.59294,19500
DCM,2023-12-15 07:19:00,28.59294,28.59294,28.59294,28.59294,3900
DCM,2023-12-15 07:20:00,28.59294,28.63776,28.59294,28.63776,6900
DCM,2023-12-15 07:21:00,28.63776,28.63776,28.63776,28.63776,13000
DCM,2023-12-15 07:22:00,28.63776,28.68258,28.63776,28.68258,6000
DCM,2023-12-15 07:23:00,28.68258,28.68258,28.68258,28.68258,3900
DCM,2023-12-15 07:24:00,28.63776,28.63776,28.63776,28.63776,200
DCM,2023-12-15 07:25:00,28.68258,28.68258,28.63776,28.63776,7000
DCM,2023-12-15 07:26:00,28.59294,28.59294,28.54813,28.54813,35800
DCM,2023-12-15 07:27:00,28.54813,28.54813,28.50331,28.50331,60800
DCM,2023-12-15 07:28:00,28.50331,28.50331,28.41368,28.45849,27600
DCM,2023-12-15 07:29:00,28.45849,28.50331,28.32404,28.50331,91200
DCM,2023-12-15 07:45:00,28.23441,28.23441,28.23441,28.23441,518700
DCM,2023-12-18 02:15:00,28.23441,28.32404,28.23441,28.32404,23000
DCM,2023-12-18 02:16:00,28.50331,28.50331,28.50331,28.50331,600
DCM,2023-12-18 02:17:00,28.32404,28.32404,28.32404,28.32404,3900
DCM,2023-12-18 02:18:00,28.32404,28.32404,28.27923,28.32404,7100
DCM,2023-12-18 02:19:00,28.32404,28.32404,28.32404,28.32404,1300
DCM,2023-12-18 02:20:00,28.32404,28.32404,28.27923,28.27923,1000
DCM,2023-12-18 02:21:00,28.27923,28.32404,28.27923,28.32404,15000
DCM,2023-12-18 02:23:00,28.32404,28.45849,28.32404,28.45849,2700
DCM,2023-12-18 02:24:00,28.45849,28.45849,28.41368,28.41368,8600
DCM,2023-12-18 02:25:00,28.41368,28.41368,28.32404,28.32404,300
DCM,2023-12-18 02:26:00,28.32404,28.32404,28.32404,28.32404,4600
DCM,2023-12-18 02:27:00,28.27923,28.27923,28.27923,28.27923,2500
DCM,2023-12-18 02:28:00,28.27923,28.27923,28.23441,28.23441,12700
DCM,2023-12-18 02:29:00,28.18959,28.18959,28.18959,28.18959,1600
DCM,2023-12-18 02:30:00,28.18959,28.18959,28.09996,28.14478,17200
DCM,2023-12-18 02:31:00,28.14478,28.14478,28.05514,28.05514,27000
DCM,2023-12-18 02:32:00,28.05514,28.09996,28.05514,28.09996,3100
DCM,2023-12-18 02:33:00,28.09996,28.14478,28.09996,28.14478,4200
DCM,2023-12-18 02:34:00,28.14478,28.14478,28.09996,28.09996,700
DCM,2023-12-18 02:35:00,28.14478,28.18959,28.14478,28.18959,10200
DCM,2023-12-18 02:36:00,28.23441,28.23441,28.23441,28.23441,500
DCM,2023-12-18 02:37:00,28.23441,28.23441,28.23441,28.23441,400
DCM,2023-12-18 02:38:00,28.23441,28.23441,28.23441,28.23441,6500
DCM,2023-12-18 02:39:00,28.23441,28.23441,28.23441,28.23441,1000
DCM,2023-12-18 02:40:00,28.23441,28.23441,28.23441,28.23441,4800
DCM,2023-12-18 02:41:00,28.23441,28.23441,28.23441,28.23441,2100
DCM,2023-12-18 02:43:00,28.27923,28.27923,28.27923,28.27923,100
DCM,2023-12-18 02:44:00,28.27923,28.27923,28.23441,28.23441,2000
DCM,2023-12-18 02:45:00,28.23441,28.23441,28.23441,28.23441,300
DCM,2023-12-18 02:47:00,28.23441,28.32404,28.23441,28.32404,500
DCM,2023-12-18 02:49:00,28.32404,28.32404,28.32404,28.32404,5400
DCM,2023-12-18 02:50:00,28.32404,28.32404,28.32404,28.32404,2600
DCM,2023-12-18 02:51:00,28.32404,28.32404,28.32404,28.32404,4900
DCM,2023-12-18 02:52:00,28.32404,28.32404,28.32404,28.32404,3500
DCM,2023-12-18 02:53:00,28.32404,28.32404,28.32404,28.32404,1100
DCM,2023-12-18 02:55:00,28.32404,28.32404,28.32404,28.32404,700
DCM,2023-12-18 02:57:00,28.36886,28.36886,28.32404,28.32404,600
DCM,2023-12-18 02:58:00,28.32404,28.32404,28.32404,28.32404,200
DCM,2023-12-18 02:59:00,28.32404,28.32404,28.32404,28.32404,3700
DCM,2023-12-18 03:01:00,28.36886,28.36886,28.36886,28.36886,800
DCM,2023-12-18 03:02:00,28.36886,28.36886,28.36886,28.36886,1200
DCM,2023-12-18 03:03:00,28.36886,28.36886,28.36886,28.36886,100
DCM,2023-12-18 03:04:00,28.36886,28.36886,28.36886,28.36886,2000
DCM,2023-12-18 03:05:00,28.36886,28.41368,28.36886,28.41368,3500
DCM,2023-12-18 03:06:00,28.36886,28.36886,28.32404,28.32404,21000
DCM,2023-12-18 03:07:00,28.36886,28.36886,28.23441,28.32404,33500
DCM,2023-12-18 03:08:00,28.32404,28.32404,28.27923,28.27923,3400
DCM,2023-12-18 03:09:00,28.27923,28.27923,28.27923,28.27923,400
DCM,2023-12-18 03:10:00,28.23441,28.23441,28.23441,28.23441,2300
DCM,2023-12-18 03:11:00,28.23441,28.23441,28.23441,28.23441,3700
DCM,2023-12-18 03:12:00,28.18959,28.23441,28.14478,28.14478,21600
DCM,2023-12-18 03:13:00,28.14478,28.14478,28.14478,28.14478,1600
DCM,2023-12-18 03:14:00,28.14478,28.14478,28.14478,28.14478,1400
DCM,2023-12-18 03:15:00,28.14478,28.14478,28.14478,28.14478,1600
DCM,2023-12-18 03:16:00,28.14478,28.14478,28.14478,28.14478,2100
DCM,2023-12-18 03:17:00,28.14478,28.14478,28.14478,28.14478,3300
DCM,2023-12-18 03:18:00,28.18959,28.18959,28.18959,28.18959,3100
DCM,2023-12-18 03:19:00,28.18959,28.18959,28.18959,28.18959,1100
DCM,2023-12-18 03:20:00,28.23441,28.23441,28.18959,28.23441,4000
DCM,2023-12-18 03:21:00,28.27923,28.27923,28.27923,28.27923,2000
DCM,2023-12-18 03:22:00,28.27923,28.27923,28.23441,28.23441,1100
DCM,2023-12-18 03:23:00,28.18959,28.18959,28.18959,28.18959,1500
DCM,2023-12-18 03:24:00,28.18959,28.18959,28.18959,28.18959,1100
DCM,2023-12-18 03:25:00,28.23441,28.23441,28.23441,28.23441,8100
DCM,2023-12-18 03:26:00,28.23441,28.23441,28.23441,28.23441,5300
DCM,2023-12-18 03:27:00,28.27923,28.27923,28.23441,28.23441,4300
DCM,2023-12-18 03:28:00,28.23441,28.23441,28.18959,28.18959,1400
DCM,2023-12-18 03:29:00,28.23441,28.23441,28.23441,28.23441,1700
DCM,2023-12-18 03:30:00,28.23441,28.23441,28.23441,28.23441,1100
DCM,2023-12-18 03:31:00,28.23441,28.23441,28.23441,28.23441,1300
DCM,2023-12-18 03:32:00,28.23441,28.23441,28.18959,28.18959,2200
DCM,2023-12-18 03:33:00,28.18959,28.18959,28.18959,28.18959,1100
DCM,2023-12-18 03:34:00,28.18959,28.18959,28.18959,28.18959,5900
DCM,2023-12-18 03:35:00,28.23441,28.23441,28.18959,28.18959,1400
DCM,2023-12-18 03:36:00,28.18959,28.18959,28.18959,28.18959,1100
DCM,2023-12-18 03:37:00,28.18959,28.18959,28.18959,28.18959,5400
DCM,2023-12-18 03:38:00,28.18959,28.18959,28.18959,28.18959,1100
DCM,2023-12-18 03:39:00,28.18959,28.18959,28.18959,28.18959,1100
DCM,2023-12-18 03:40:00,28.18959,28.18959,28.18959,28.18959,2000
DCM,2023-12-18 03:41:00,28.14478,28.14478,28.14478,28.14478,2200
DCM,2023-12-18 03:42:00,28.14478,28.14478,28.14478,28.14478,2100
DCM,2023-12-18 03:43:00,28.18959,28.18959,28.18959,28.18959,2100
DCM,2023-12-18 03:44:00,28.18959,28.23441,28.18959,28.18959,8100
DCM,2023-12-18 03:45:00,28.23441,28.23441,28.23441,28.23441,1100
DCM,2023-12-18 03:46:00,28.18959,28.23441,28.18959,28.23441,1100
DCM,2023-12-18 03:47:00,28.23441,28.23441,28.23441,28.23441,1100
DCM,2023-12-18 03:48:00,28.18959,28.18959,28.18959,28.18959,5200
DCM,2023-12-18 03:49:00,28.18959,28.18959,28.14478,28.18959,6100
DCM,2023-12-18 03:50:00,28.14478,28.18959,28.14478,28.18959,7000
DCM,2023-12-18 03:51:00,28.14478,28.14478,28.14478,28.14478,22400
DCM,2023-12-18 03:52:00,28.14478,28.14478,28.09996,28.09996,28400
DCM,2023-12-18 03:53:00,28.09996,28.09996,27.96551,27.96551,42900
DCM,2023-12-18 03:54:00,27.96551,28.05514,27.96551,28.01033,6500
DCM,2023-12-18 03:55:00,28.05514,28.05514,28.05514,28.05514,6300
DCM,2023-12-18 03:56:00,28.05514,28.05514,28.05514,28.05514,5000
DCM,2023-12-18 03:57:00,28.05514,28.05514,28.05514,28.05514,3000
DCM,2023-12-18 03:58:00,28.05514,28.05514,28.05514,28.05514,7100
DCM,2023-12-18 03:59:00,28.05514,28.05514,28.01033,28.01033,1800
DCM,2023-12-18 04:00:00,28.01033,28.01033,28.01033,28.01033,3600
DCM,2023-12-18 04:01:00,28.01033,28.01033,28.01033,28.01033,2200
DCM,2023-12-18 04:02:00,28.05514,28.05514,27.96551,27.96551,27700
DCM,2023-12-18 04:03:00,27.96551,27.96551,27.96551,27.96551,800
DCM,2023-12-18 04:04:00,27.96551,27.96551,27.9207,27.9207,7700
DCM,2023-12-18 04:05:00,27.9207,27.96551,27.9207,27.9207,4100
DCM,2023-12-18 04:06:00,27.96551,27.96551,27.96551,27.96551,5200
DCM,2023-12-18 04:07:00,27.96551,27.96551,27.9207,27.9207,1400
DCM,2023-12-18 04:08:00,27.9207,27.9207,27.9207,27.9207,28700
DCM,2023-12-18 04:09:00,27.9207,28.01033,27.9207,27.96551,8000
DCM,2023-12-18 04:10:00,27.96551,28.01033,27.96551,28.01033,6400
DCM,2023-12-18 04:11:00,27.96551,27.96551,27.96551,27.96551,4300
DCM,2023-12-18 04:12:00,27.96551,27.96551,27.9207,27.96551,5200
DCM,2023-12-18 04:13:00,27.96551,27.96551,27.96551,27.96551,3600
DCM,2023-12-18 04:14:00,27.96551,27.96551,27.9207,27.9207,5100
DCM,2023-12-18 04:15:00,27.96551,27.96551,27.87588,27.9207,2500
DCM,2023-12-18 04:16:00,27.9207,27.9207,27.9207,27.9207,1000
DCM,2023-12-18 04:17:00,27.9207,27.9207,27.9207,27.9207,1100
DCM,2023-12-18 04:18:00,27.9207,27.96551,27.9207,27.96551,13000
DCM,2023-12-18 04:19:00,27.9207,27.96551,27.9207,27.9207,7400
DCM,2023-12-18 04:20:00,27.96551,27.96551,27.96551,27.96551,2500
DCM,2023-12-18 04:21:00,27.96551,27.96551,27.87588,27.87588,32500
DCM,2023-12-18 04:22:00,27.87588,27.87588,27.87588,27.87588,1100
DCM,2023-12-18 04:23:00,27.87588,27.87588,27.87588,27.87588,1000
DCM,2023-12-18 04:24:00,27.87588,27.87588,27.87588,27.87588,1000
DCM,2023-12-18 04:25:00,27.87588,27.9207,27.87588,27.9207,6900
DCM,2023-12-18 04:26:00,27.9207,27.9207,27.9207,27.9207,4400
DCM,2023-12-18 04:27:00,27.9207,27.9207,27.87588,27.87588,15200
DCM,2023-12-18 04:28:00,27.87588,27.9207,27.87588,27.87588,12200
DCM,2023-12-18 06:00:00,27.83106,27.87588,27.83106,27.87588,5800
DCM,2023-12-18 06:01:00,27.87588,27.87588,27.87588,27.87588,5000
DCM,2023-12-18 06:02:00,27.9207,27.9207,27.87588,27.87588,9200
DCM,2023-12-18 06:03:00,27.87588,27.9207,27.87588,27.87588,6000
DCM,2023-12-18 06:04:00,27.87588,27.9207,27.87588,27.9207,1800
DCM,2023-12-18 06:05:00,27.9207,27.96551,27.9207,27.9207,5900
DCM,2023-12-18 06:06:00,27.9207,27.9207,27.9207,27.9207,2500
DCM,2023-12-18 06:07:00,27.9207,27.96551,27.9207,27.96551,6500
DCM,2023-12-18 06:08:00,27.9207,27.9207,27.9207,27.9207,2700
DCM,2023-12-18 06:09:00,27.9207,27.9207,27.9207,27.9207,3100
DCM,2023-12-18 06:10:00,27.9207,27.96551,27.9207,27.96551,12200
DCM,2023-12-18 06:11:00,27.96551,27.96551,27.9207,27.96551,5200
DCM,2023-12-18 06:12:00,27.9207,27.96551,27.9207,27.9207,4500
DCM,2023-12-18 06:13:00,27.9207,27.9207,27.9207,27.9207,17700
DCM,2023-12-18 06:14:00,27.87588,27.87588,27.87588,27.87588,3500
DCM,2023-12-18 06:15:00,27.87588,27.9207,27.87588,27.87588,3400
DCM,2023-12-18 06:16:00,27.87588,27.9207,27.87588,27.87588,26600
DCM,2023-12-18 06:17:00,27.87588,27.87588,27.83106,27.87588,4400
DCM,2023-12-18 06:18:00,27.83106,27.83106,27.83106,27.83106,34200
DCM,2023-12-18 06:19:00,27.83106,27.83106,27.78625,27.83106,16000
DCM,2023-12-18 06:20:00,27.83106,27.83106,27.78625,27.83106,5800
DCM,2023-12-18 06:21:00,27.78625,27.78625,27.78625,27.78625,203100
DCM,2023-12-18 06:22:00,27.74143,27.74143,27.74143,27.74143,7100
DCM,2023-12-18 06:23:00,27.74143,27.78625,27.74143,27.74143,22400
DCM,2023-12-18 06:24:00,27.78625,27.78625,27.74143,27.74143,34300
DCM,2023-12-18 06:25:00,27.74143,27.78625,27.74143,27.78625,44000
DCM,2023-12-18 06:26:00,27.78625,27.83106,27.78625,27.83106,8100
DCM,2023-12-18 06:27:00,27.83106,27.83106,27.83106,27.83106,6100
DCM,2023-12-18 06:28:00,27.83106,27.87588,27.83106,27.87588,4100
DCM,2023-12-18 06:29:00,27.87588,27.87588,27.83106,27.87588,14600
DCM,2023-12-18 06:30:00,27.87588,27.87588,27.87588,27.87588,14600
DCM,2023-12-18 06:31:00,27.87588,27.87588,27.87588,27.87588,2600
DCM,2023-12-18 06:32:00,27.83106,27.87588,27.83106,27.87588,5000
DCM,2023-12-18 06:33:00,27.87588,27.87588,27.87588,27.87588,16100
DCM,2023-12-18 06:34:00,27.87588,27.87588,27.83106,27.83106,4500
DCM,2023-12-18 06:35:00,27.83106,27.87588,27.83106,27.83106,24200
DCM,2023-12-18 06:36:00,27.83106,27.83106,27.83106,27.83106,3900
DCM,2023-12-18 06:37:00,27.83106,27.83106,27.83106,27.83106,800
DCM,2023-12-18 06:38:00,27.78625,27.78625,27.78625,27.78625,1900
DCM,2023-12-18 06:39:00,27.78625,27.83106,27.78625,27.78625,7900
DCM,2023-12-18 06:40:00,27.78625,27.78625,27.78625,27.78625,8200
DCM,2023-12-18 06:41:00,27.78625,27.83106,27.78625,27.83106,8100
DCM,2023-12-18 06:42:00,27.83106,27.83106,27.78625,27.83106,29500
DCM,2023-12-18 06:43:00,27.83106,27.9207,27.83106,27.9207,32100
DCM,2023-12-18 06:44:00,27.9207,27.96551,27.87588,27.96551,28700
DCM,2023-12-18 06:45:00,27.9207,27.96551,27.9207,27.96551,12800
DCM,2023-12-18 06:46:00,27.9207,27.96551,27.9207,27.96551,4800
DCM,2023-12-18 06:47:00,27.9207,27.96551,27.9207,27.96551,5000
DCM,2023-12-18 06:48:00,27.9207,27.96551,27.9207,27.96551,4600
DCM,2023-12-18 06:49:00,27.96551,27.96551,27.9207,27.9207,18100
DCM,2023-12-18 06:50:00,27.9207,27.96551,27.9207,27.96551,7400
DCM,2023-12-18 06:51:00,27.96551,27.96551,27.9207,27.96551,5500
DCM,2023-12-18 06:52:00,27.9207,27.9207,27.9207,27.9207,54700
DCM,2023-12-18 06:53:00,27.87588,27.87588,27.87588,27.87588,4400
DCM,2023-12-18 06:54:00,27.87588,27.9207,27.87588,27.9207,5500
DCM,2023-12-18 06:55:00,27.87588,27.9207,27.87588,27.87588,11000
DCM,2023-12-18 06:56:00,27.87588,27.9207,27.87588,27.9207,25900
DCM,2023-12-18 06:57:00,27.9207,27.9207,27.9207,27.9207,19100
DCM,2023-12-18 06:58:00,27.9207,27.9207,27.87588,27.87588,4800
DCM,2023-12-18 06:59:00,27.87588,27.9207,27.87588,27.9207,3600
DCM,2023-12-18 07:00:00,27.9207,27.96551,27.9207,27.96551,12400
DCM,2023-12-18 07:01:00,27.96551,27.96551,27.9207,27.9207,3900
DCM,2023-12-18 07:02:00,27.9207,27.9207,27.9207,27.9207,1900
DCM,2023-12-18 07:03:00,27.9207,27.96551,27.9207,27.96551,1500
DCM,2023-12-18 07:04:00,27.9207,27.96551,27.87588,27.87588,6200
DCM,2023-12-18 07:05:00,27.87588,27.9207,27.87588,27.9207,6800
DCM,2023-12-18 07:06:00,27.9207,27.9207,27.87588,27.9207,17600
DCM,2023-12-18 07:07:00,27.9207,27.9207,27.87588,27.87588,13200
DCM,2023-12-18 07:08:00,27.87588,27.87588,27.87588,27.87588,12900
DCM,2023-12-18 07:09:00,27.87588,27.87588,27.87588,27.87588,2800
DCM,2023-12-18 07:10:00,27.87588,27.9207,27.87588,27.87588,20900
DCM,2023-12-18 07:11:00,27.87588,27.87588,27.83106,27.87588,4800
DCM,2023-12-18 07:12:00,27.87588,27.87588,27.83106,27.83106,6300
DCM,2023-12-18 07:13:00,27.87588,27.87588,27.83106,27.83106,32300
DCM,2023-12-18 07:14:00,27.83106,27.87588,27.83106,27.87588,5900
DCM,2023-12-18 07:15:00,27.83106,27.83106,27.83106,27.83106,1800
DCM,2023-12-18 07:16:00,27.83106,27.87588,27.83106,27.83106,2200
DCM,2023-12-18 07:17:00,27.87588,27.87588,27.87588,27.87588,20700
DCM,2023-12-18 07:18:00,27.9207,27.96551,27.9207,27.96551,20400
DCM,2023-12-18 07:19:00,27.96551,27.96551,27.96551,27.96551,6900
DCM,2023-12-18 07:20:00,27.96551,27.96551,27.9207,27.9207,3200
DCM,2023-12-18 07:21:00,27.96551,27.96551,27.9207,27.9207,8600
DCM,2023-12-18 07:22:00,27.96551,28.01033,27.9207,28.01033,128500
DCM,2023-12-18 07:23:00,27.96551,28.05514,27.96551,28.01033,14200
DCM,2023-12-18 07:24:00,28.01033,28.01033,27.9207,27.9207,27200
DCM,2023-12-18 07:25:00,27.9207,27.96551,27.9207,27.9207,39300
DCM,2023-12-18 07:26:00,27.9207,27.9207,27.83106,27.83106,60200
DCM,2023-12-18 07:27:00,27.83106,27.83106,27.78625,27.83106,52800
DCM,2023-12-18 07:28:00,27.83106,27.83106,27.78625,27.78625,19300
DCM,2023-12-18 07:29:00,27.83106,27.83106,27.78625,27.83106,51600
DCM,2023-12-18 07:45:00,27.69661,27.69661,27.69661,27.69661,174300
DCM,2023-12-19 02:15:00,27.87588,27.87588,27.87588,27.87588,2200
DCM,2023-12-19 02:16:00,27.87588,27.87588,27.87588,27.87588,200
DCM,2023-12-19 02:17:00,27.87588,27.87588,27.87588,27.87588,1100
DCM,2023-12-19 02:18:00,27.87588,27.87588,27.78625,27.78625,2500
DCM,2023-12-19 02:19:00,27.78625,27.78625,27.78625,27.78625,7000
DCM,2023-12-19 02:20:00,27.78625,27.78625,27.78625,27.78625,800
DCM,2023-12-19 02:21:00,27.78625,27.78625,27.78625,27.78625,400
DCM,2023-12-19 02:22:00,27.74143,27.74143,27.74143,27.74143,4800
DCM,2023-12-19 02:24:00,27.69661,27.87588,27.69661,27.87588,15200
DCM,2023-12-19 02:25:00,27.9207,27.9207,27.9207,27.9207,1600
DCM,2023-12-19 02:26:00,27.9207,27.9207,27.87588,27.87588,2000
DCM,2023-12-19 02:27:00,27.9207,27.9207,27.87588,27.87588,4600
DCM,2023-12-19 02:28:00,27.87588,27.87588,27.87588,27.87588,400
DCM,2023-12-19 02:29:00,27.87588,27.87588,27.87588,27.87588,700
DCM,2023-12-19 02:30:00,27.87588,27.87588,27.87588,27.87588,1000
DCM,2023-12-19 02:31:00,27.87588,27.87588,27.87588,27.87588,100
DCM,2023-12-19 02:32:00,27.87588,27.87588,27.87588,27.87588,400
DCM,2023-12-19 02:34:00,27.87588,27.87588,27.87588,27.87588,3100
DCM,2023-12-19 02:35:00,27.87588,27.87588,27.87588,27.87588,200
DCM,2023-12-19 02:36:00,27.87588,27.87588,27.87588,27.87588,3200
DCM,2023-12-19 02:37:00,27.87588,27.87588,27.87588,27.87588,1000
DCM,2023-12-19 02:38:00,27.87588,27.87588,27.83106,27.83106,2700
DCM,2023-12-19 02:39:00,27.87588,27.87588,27.83106,27.83106,800
DCM,2023-12-19 02:40:00,27.87588,27.87588,27.87588,27.87588,2700
DCM,2023-12-19 02:41:00,27.87588,27.87588,27.87588,27.87588,2100
DCM,2023-12-19 02:42:00,27.87588,27.87588,27.87588,27.87588,800
DCM,2023-12-19 02:43:00,27.87588,27.87588,27.87588,27.87588,1800
DCM,2023-12-19 02:44:00,27.87588,27.87588,27.87588,27.87588,200
DCM,2023-12-19 02:45:00,27.87588,27.87588,27.87588,27.87588,100
DCM,2023-12-19 02:46:00,27.87588,27.9207,27.87588,27.87588,12200
DCM,2023-12-19 02:47:00,27.87588,27.87588,27.87588,27.87588,600
DCM,2023-12-19 02:48:00,27.87588,27.87588,27.87588,27.87588,200
DCM,2023-12-19 02:49:00,27.9207,27.9207,27.9207,27.9207,16200
DCM,2023-12-19 02:50:00,27.9207,27.9207,27.9207,27.9207,700
DCM,2023-12-19 02:51:00,27.96551,27.96551,27.96551,27.96551,24400
DCM,2023-12-19 02:52:00,27.96551,27.96551,27.96551,27.96551,8400
DCM,2023-12-19 02:53:00,27.96551,27.96551,27.96551,27.96551,300
DCM,2023-12-19 02:54:00,27.9207,27.9207,27.9207,27.9207,3400
DCM,2023-12-19 02:55:00,27.9207,27.9207,27.9207,27.9207,3700
DCM,2023-12-19 02:56:00,27.9207,27.9207,27.87588,27.9207,20900
DCM,2023-12-19 02:57:00,27.87588,27.87588,27.87588,27.87588,1400
DCM,2023-12-19 02:58:00,27.87588,27.87588,27.87588,27.87588,6800
DCM,2023-12-19 02:59:00,27.87588,27.87588,27.87588,27.87588,2400
DCM,2023-12-19 03:00:00,27.87588,27.87588,27.87588,27.87588,9900
DCM,2023-12-19 03:01:00,27.87588,27.87588,27.87588,27.87588,2000
DCM,2023-12-19 03:02:00,27.87588,27.87588,27.83106,27.83106,6500
DCM,2023-12-19 03:03:00,27.83106,27.87588,27.83106,27.87588,3300
DCM,2023-12-19 03:05:00,27.87588,27.87588,27.87588,27.87588,1000
DCM,2023-12-19 03:06:00,27.83106,27.83106,27.83106,27.83106,700
DCM,2023-12-19 03:07:00,27.83106,27.83106,27.83106,27.83106,12000
DCM,2023-12-19 03:08:00,27.78625,27.78625,27.78625,27.78625,21700
DCM,2023-12-19 03:09:00,27.74143,27.74143,27.74143,27.74143,10000
DCM,2023-12-19 03:11:00,27.74143,27.74143,27.74143,27.74143,100
DCM,2023-12-19 03:12:00,27.74143,27.74143,27.74143,27.74143,1000
DCM,2023-12-19 03:13:00,27.74143,27.74143,27.74143,27.74143,900
DCM,2023-12-19 03:14:00,27.74143,27.74143,27.74143,27.74143,300
DCM,2023-12-19 03:15:00,27.74143,27.74143,27.74143,27.74143,700
DCM,2023-12-19 03:16:00,27.74143,27.74143,27.74143,27.74143,100
DCM,2023-12-19 03:17:00,27.69661,27.69661,27.69661,27.69661,5300
DCM,2023-12-19 03:18:00,27.69661,27.69661,27.69661,27.69661,1200
DCM,2023-12-19 03:20:00,27.69661,27.69661,27.69661,27.69661,3200
DCM,2023-12-19 03:21:00,27.69661,27.69661,27.69661,27.69661,300
DCM,2023-12-19 03:22:00,27.74143,27.74143,27.74143,27.74143,500
DCM,2023-12-19 03:23:00,27.69661,27.74143,27.69661,27.74143,16800
DCM,2023-12-19 03:24:00,27.74143,27.74143,27.74143,27.74143,4200
DCM,2023-12-19 03:25:00,27.74143,27.74143,27.74143,27.74143,12400
DCM,2023-12-19 03:26:00,27.69661,27.69661,27.6518,27.69661,3300
DCM,2023-12-19 03:27:00,27.69661,27.69661,27.69661,27.69661,200
DCM,2023-12-19 03:28:00,27.6518,27.69661,27.6518,27.69661,2900
DCM,2023-12-19 03:29:00,27.69661,27.69661,27.6518,27.6518,8100
DCM,2023-12-19 03:33:00,27.6518,27.69661,27.6518,27.69661,5100
DCM,2023-12-19 03:34:00,27.69661,27.69661,27.69661,27.69661,1100
DCM,2023-12-19 03:35:00,27.69661,27.69661,27.69661,27.69661,100
DCM,2023-12-19 03:37:00,27.69661,27.69661,27.69661,27.69661,12900
DCM,2023-12-19 03:39:00,27.69661,27.69661,27.69661,27.69661,2000
DCM,2023-12-19 03:40:00,27.69661,27.69661,27.69661,27.69661,1000
DCM,2023-12-19 03:42:00,27.69661,27.69661,27.69661,27.69661,2000
DCM,2023-12-19 03:43:00,27.69661,27.69661,27.69661,27.69661,2000
DCM,2023-12-19 03:44:00,27.69661,27.74143,27.69661,27.74143,1500
DCM,2023-12-19 03:45:00,27.69661,27.69661,27.69661,27.69661,10600
DCM,2023-12-19 03:46:00,27.69661,27.69661,27.69661,27.69661,1400
DCM,2023-12-19 03:47:00,27.69661,27.69661,27.6518,27.6518,7700
DCM,2023-12-19 03:48:00,27.6518,27.6518,27.6518,27.6518,200
DCM,2023-12-19 03:49:00,27.6518,27.69661,27.6518,27.6518,900
DCM,2023-12-19 03:50:00,27.69661,27.69661,27.69661,27.69661,3100
DCM,2023-12-19 03:52:00,27.69661,27.69661,27.69661,27.69661,1700
DCM,2023-12-19 03:53:00,27.6518,27.6518,27.6518,27.6518,200
DCM,2023-12-19 03:54:00,27.6518,27.6518,27.6518,27.6518,5200
DCM,2023-12-19 03:55:00,27.6518,27.6518,27.6518,27.6518,4300
DCM,2023-12-19 03:56:00,27.6518,27.6518,27.6518,27.6518,2600
DCM,2023-12-19 03:57:00,27.60698,27.6518,27.60698,27.60698,1900
DCM,2023-12-19 03:58:00,27.6518,27.6518,27.60698,27.6518,7100
DCM,2023-12-19 03:59:00,27.6518,27.6518,27.6518,27.6518,2300
DCM,2023-12-19 04:00:00,27.6518,27.6518,27.6518,27.6518,1600
DCM,2023-12-19 04:01:00,27.6518,27.69661,27.6518,27.69661,1800
DCM,2023-12-19 04:02:00,27.6518,27.6518,27.6518,27.6518,1600
DCM,2023-12-19 04:03:00,27.6518,27.69661,27.6518,27.69661,4500
DCM,2023-12-19 04:04:00,27.69661,27.69661,27.6518,27.6518,1700
DCM,2023-12-19 04:05:00,27.6518,27.6518,27.6518,27.6518,1600
DCM,2023-12-19 04:06:00,27.6518,27.69661,27.6518,27.69661,1700
DCM,2023-12-19 04:07:00,27.69661,27.69661,27.6518,27.6518,7500
DCM,2023-12-19 04:08:00,27.6518,27.6518,27.6518,27.6518,800
DCM,2023-12-19 04:09:00,27.6518,27.69661,27.6518,27.69661,2100
DCM,2023-12-19 04:10:00,27.6518,27.6518,27.6518,27.6518,1600
DCM,2023-12-19 04:11:00,27.6518,27.6518,27.6518,27.6518,3000
DCM,2023-12-19 04:12:00,27.6518,27.6518,27.6518,27.6518,1600
DCM,2023-12-19 04:13:00,27.6518,27.6518,27.6518,27.6518,2600
DCM,2023-12-19 04:14:00,27.6518,27.6518,27.6518,27.6518,1600
DCM,2023-12-19 04:15:00,27.69661,27.69661,27.6518,27.6518,2000
DCM,2023-12-19 04:16:00,27.6518,27.69661,27.6518,27.6518,3600
DCM,2023-12-19 04:17:00,27.6518,27.69661,27.6518,27.6518,3700
DCM,2023-12-19 04:18:00,27.69661,27.69661,27.6518,27.6518,1800
DCM,2023-12-19 04:19:00,27.6518,27.69661,27.6518,27.6518,1800
DCM,2023-12-19 04:20:00,27.6518,27.6518,27.6518,27.6518,2200
DCM,2023-12-19 04:21:00,27.6518,27.6518,27.6518,27.6518,1600
DCM,2023-12-19 04:22:00,27.6518,27.6518,27.6518,27.6518,1800
DCM,2023-12-19 04:23:00,27.6518,27.6518,27.6518,27.6518,800
DCM,2023-12-19 04:24:00,27.6518,27.6518,27.6518,27.6518,14500
DCM,2023-12-19 04:25:00,27.6518,27.6518,27.6518,27.6518,2000
DCM,2023-12-19 04:26:00,27.6518,27.6518,27.60698,27.60698,14000
DCM,2023-12-19 04:27:00,27.60698,27.6518,27.60698,27.6518,3600
DCM,2023-12-19 04:28:00,27.6518,27.6518,27.60698,27.6518,1700
DCM,2023-12-19 04:29:00,27.6518,27.6518,27.6518,27.6518,6400
DCM,2023-12-19 06:00:00,27.60698,27.60698,27.60698,27.60698,1000
DCM,2023-12-19 06:01:00,27.60698,27.60698,27.60698,27.60698,2000
DCM,2023-12-19 06:02:00,27.60698,27.60698,27.60698,27.60698,1800
DCM,2023-12-19 06:03:00,27.6518,27.6518,27.60698,27.60698,1800
DCM,2023-12-19 06:04:00,27.60698,27.60698,27.60698,27.60698,2400
DCM,2023-12-19 06:05:00,27.6518,27.6518,27.60698,27.6518,3300
DCM,2023-12-19 06:06:00,27.60698,27.60698,27.60698,27.60698,1700
DCM,2023-12-19 06:07:00,27.6518,27.6518,27.60698,27.60698,12100
DCM,2023-12-19 06:08:00,27.60698,27.6518,27.60698,27.6518,3400
DCM,2023-12-19 06:09:00,27.60698,27.6518,27.60698,27.6518,10700
DCM,2023-12-19 06:10:00,27.60698,27.6518,27.60698,27.6518,2400
DCM,2023-12-19 06:11:00,27.6518,27.69661,27.60698,27.6518,2100
DCM,2023-12-19 06:12:00,27.60698,27.6518,27.60698,27.6518,1600
DCM,2023-12-19 06:13:00,27.6518,27.6518,27.6518,27.6518,6500
DCM,2023-12-19 06:14:00,27.6518,27.69661,27.6518,27.6518,2000
DCM,2023-12-19 06:15:00,27.6518,27.69661,27.6518,27.69661,8100
DCM,2023-12-19 06:16:00,27.69661,27.69661,27.6518,27.6518,4100
DCM,2023-12-19 06:17:00,27.69661,27.69661,27.6518,27.69661,2800
DCM,2023-12-19 06:18:00,27.69661,27.69661,27.6518,27.6518,9500
DCM,2023-12-19 06:19:00,27.6518,27.69661,27.6518,27.6518,2900
DCM,2023-12-19 06:20:00,27.69661,27.69661,27.6518,27.6518,9300
DCM,2023-12-19 06:21:00,27.69661,27.69661,27.6518,27.69661,5400
DCM,2023-12-19 06:22:00,27.69661,27.69661,27.69661,27.69661,5200
DCM,2023-12-19 06:23:00,27.69661,27.69661,27.6518,27.69661,12900
DCM,2023-12-19 06:24:00,27.6518,27.6518,27.6518,27.6518,2300
DCM,2023-12-19 06:25:00,27.6518,27.69661,27.6518,27.69661,6800
DCM,2023-12-19 06:26:00,27.69661,27.69661,27.69661,27.69661,2000
DCM,2023-12-19 06:27:00,27.69661,27.69661,27.69661,27.69661,6000
DCM,2023-12-19 06:28:00,27.69661,27.69661,27.6518,27.6518,4400
DCM,2023-12-19 06:29:00,27.6518,27.69661,27.6518,27.69661,4000
DCM,2023-12-19 06:30:00,27.6518,27.6518,27.6518,27.6518,5000
DCM,2023-12-19 06:31:00,27.69661,27.69661,27.6518,27.6518,10100
DCM,2023-12-19 06:34:00,27.6518,27.69661,27.6518,27.69661,2000
DCM,2023-12-19 06:35:00,27.69661,27.69661,27.69661,27.69661,3000
DCM,2023-12-19 06:36:00,27.69661,27.69661,27.69661,27.69661,2700
DCM,2023-12-19 06:37:00,27.69661,27.69661,27.69661,27.69661,1300
DCM,2023-12-19 06:38:00,27.69661,27.69661,27.69661,27.69661,5600
DCM,2023-12-19 06:39:00,27.69661,27.69661,27.69661,27.69661,700
DCM,2023-12-19 06:40:00,27.69661,27.69661,27.69661,27.69661,10300
DCM,2023-12-19 06:41:00,27.69661,27.69661,27.69661,27.69661,5100
DCM,2023-12-19 06:42:00,27.69661,27.69661,27.69661,27.69661,11000
DCM,2023-12-19 06:43:00,27.6518,27.6518,27.6518,27.6518,9000
DCM,2023-12-19 06:44:00,27.6518,27.6518,27.6518,27.6518,3600
DCM,2023-12-19 06:45:00,27.6518,27.6518,27.6518,27.6518,300
DCM,2023-12-19 06:46:00,27.6518,27.6518,27.6518,27.6518,6700
DCM,2023-12-19 06:47:00,27.6518,27.6518,27.6518,27.6518,12600
DCM,2023-12-19 06:48:00,27.6518,27.6518,27.6518,27.6518,300
DCM,2023-12-19 06:49:00,27.6518,27.6518,27.60698,27.6518,3200
DCM,2023-12-19 06:50:00,27.60698,27.60698,27.60698,27.60698,1000
DCM,2023-12-19 06:51:00,27.60698,27.60698,27.60698,27.60698,10300
DCM,2023-12-19 06:52:00,27.60698,27.6518,27.60698,27.60698,8100
DCM,2023-12-19 06:53:00,27.60698,27.6518,27.60698,27.6518,600
DCM,2023-12-19 06:54:00,27.60698,27.60698,27.60698,27.60698,1200
DCM,2023-12-19 06:55:00,27.6518,27.6518,27.6518,27.6518,7000
DCM,2023-12-19 06:56:00,27.6518,27.6518,27.6518,27.6518,2000
DCM,2023-12-19 06:57:00,27.60698,27.6518,27.60698,27.6518,1800
DCM,2023-12-19 06:58:00,27.6518,27.6518,27.60698,27.6518,24400
DCM,2023-12-19 07:00:00,27.60698,27.6518,27.60698,27.60698,8400
DCM,2023-12-19 07:01:00,27.60698,27.6518,27.60698,27.60698,2600
DCM,2023-12-19 07:02:00,27.6518,27.6518,27.60698,27.60698,6600
DCM,2023-12-19 07:03:00,27.6518,27.6518,27.60698,27.60698,1800
DCM,2023-12-19 07:05:00,27.60698,27.6518,27.60698,27.6518,1100
DCM,2023-12-19 07:06:00,27.60698,27.6518,27.60698,27.6518,12600
DCM,2023-12-19 07:07:00,27.6518,27.6518,27.6518,27.6518,300
DCM,2023-12-19 07:08:00,27.6518,27.6518,27.6518,27.6518,4000
DCM,2023-12-19 07:09:00,27.60698,27.6518,27.60698,27.60698,4700
DCM,2023-12-19 07:10:00,27.60698,27.60698,27.60698,27.60698,5500
DCM,2023-12-19 07:11:00,27.60698,27.60698,27.51735,27.51735,101200
DCM,2023-12-19 07:12:00,27.51735,27.60698,27.51735,27.60698,4900
DCM,2023-12-19 07:13:00,27.51735,27.51735,27.47253,27.47253,43800
DCM,2023-12-19 07:14:00,27.47253,27.47253,27.33808,27.33808,79700
DCM,2023-12-19 07:15:00,27.33808,27.42771,27.33808,27.3829,21400
DCM,2023-12-19 07:16:00,27.3829,27.3829,27.3829,27.3829,3000
DCM,2023-12-19 07:17:00,27.3829,27.3829,27.33808,27.33808,95900
DCM,2023-12-19 07:18:00,27.33808,27.33808,27.24845,27.24845,106800
DCM,2023-12-19 07:19:00,27.24845,27.33808,27.15881,27.15881,95900
DCM,2023-12-19 07:20:00,27.15881,27.33808,27.15881,27.33808,15300
DCM,2023-12-19 07:21:00,27.33808,27.42771,27.33808,27.42771,16400
DCM,2023-12-19 07:22:00,27.42771,27.47253,27.42771,27.47253,25600
DCM,2023-12-19 07:23:00,27.47253,27.47253,27.42771,27.42771,25300
DCM,2023-12-19 07:24:00,27.51735,27.60698,27.51735,27.60698,6300
DCM,2023-12-19 07:25:00,27.60698,27.60698,27.51735,27.56216,15100
DCM,2023-12-19 07:26:00,27.60698,27.6518,27.60698,27.60698,15800
DCM,2023-12-19 07:27:00,27.6518,27.6518,27.60698,27.6518,20900
DCM,2023-12-19 07:28:00,27.69661,27.74143,27.69661,27.74143,4500
DCM,2023-12-19 07:29:00,27.74143,27.78625,27.69661,27.78625,13400
DCM,2023-12-19 07:45:00,27.9207,27.9207,27.9207,27.9207,115800
DCM,2023-12-20 02:15:00,28.14478,28.14478,28.05514,28.05514,9400
DCM,2023-12-20 02:16:00,28.05514,28.05514,28.05514,28.05514,12300
DCM,2023-12-20 02:17:00,28.05514,28.05514,28.05514,28.05514,9200
DCM,2023-12-20 02:18:00,28.05514,28.05514,28.05514,28.05514,800
DCM,2023-12-20 02:19:00,28.05514,28.09996,28.05514,28.09996,800
DCM,2023-12-20 02:20:00,28.09996,28.09996,28.09996,28.09996,6200
DCM,2023-12-20 02:21:00,28.09996,28.09996,28.09996,28.09996,5800
DCM,2023-12-20 02:22:00,28.09996,28.09996,28.09996,28.09996,1100
DCM,2023-12-20 02:23:00,28.09996,28.09996,28.09996,28.09996,1300
DCM,2023-12-20 02:24:00,28.14478,28.14478,28.14478,28.14478,1900
DCM,2023-12-20 02:25:00,28.14478,28.18959,28.09996,28.14478,12700
DCM,2023-12-20 02:26:00,28.18959,28.18959,28.14478,28.18959,5800
DCM,2023-12-20 02:27:00,28.18959,28.18959,28.14478,28.18959,11400
DCM,2023-12-20 02:28:00,28.18959,28.23441,28.18959,28.23441,2600
DCM,2023-12-20 02:29:00,28.23441,28.23441,28.23441,28.23441,1900
DCM,2023-12-20 02:30:00,28.23441,28.23441,28.23441,28.23441,1300
DCM,2023-12-20 02:31:00,28.23441,28.23441,28.18959,28.18959,10800
DCM,2023-12-20 02:32:00,28.14478,28.14478,28.14478,28.14478,8200
DCM,2023-12-20 02:33:00,28.14478,28.14478,28.14478,28.14478,4800
DCM,2023-12-20 02:34:00,28.14478,28.14478,28.14478,28.14478,1100
DCM,2023-12-20 02:35:00,28.14478,28.18959,28.14478,28.18959,1600
DCM,2023-12-20 02:36:00,28.14478,28.18959,28.14478,28.18959,14200
DCM,2023-12-20 02:37:00,28.18959,28.18959,28.18959,28.18959,2800
DCM,2023-12-20 02:38:00,28.18959,28.18959,28.18959,28.18959,800
DCM,2023-12-20 02:39:00,28.18959,28.18959,28.14478,28.18959,5900
DCM,2023-12-20 02:40:00,28.18959,28.18959,28.14478,28.14478,3100
DCM,2023-12-20 02:41:00,28.18959,28.18959,28.14478,28.14478,19100
DCM,2023-12-20 02:42:00,28.14478,28.14478,28.14478,28.14478,900
DCM,2023-12-20 02:43:00,28.14478,28.14478,28.14478,28.14478,500
DCM,2023-12-20 02:44:00,28.14478,28.14478,28.14478,28.14478,1200
DCM,2023-12-20 02:45:00,28.14478,28.14478,28.09996,28.09996,17300
DCM,2023-12-20 02:48:00,28.09996,28.09996,28.09996,28.09996,100
DCM,2023-12-20 02:51:00,28.09996,28.09996,28.09996,28.09996,1100
DCM,2023-12-20 02:52:00,28.09996,28.09996,28.09996,28.09996,2000
DCM,2023-12-20 02:54:00,28.09996,28.14478,28.09996,28.14478,4400
DCM,2023-12-20 02:55:00,28.14478,28.14478,28.14478,28.14478,600
DCM,2023-12-20 02:56:00,28.14478,28.14478,28.14478,28.14478,500
DCM,2023-12-20 02:57:00,28.14478,28.14478,28.14478,28.14478,10200
DCM,2023-12-20 02:58:00,28.14478,28.14478,28.14478,28.14478,1000
DCM,2023-12-20 02:59:00,28.09996,28.09996,28.09996,28.09996,4400
DCM,2023-12-20 03:00:00,28.09996,28.09996,28.09996,28.09996,500
DCM,2023-12-20 03:02:00,28.09996,28.09996,28.09996,28.09996,3000
DCM,2023-12-20 03:04:00,28.09996,28.09996,28.09996,28.09996,5800
DCM,2023-12-20 03:05:00,28.09996,28.09996,28.05514,28.05514,800
DCM,2023-12-20 03:06:00,28.05514,28.05514,28.05514,28.05514,1300
DCM,2023-12-20 03:07:00,28.05514,28.05514,28.05514,28.05514,5400
DCM,2023-12-20 03:08:00,28.09996,28.09996,28.09996,28.09996,8800
DCM,2023-12-20 03:09:00,28.09996,28.09996,28.09996,28.09996,4200
DCM,2023-12-20 03:10:00,28.09996,28.09996,28.09996,28.09996,1600
DCM,2023-12-20 03:11:00,28.09996,28.09996,28.05514,28.05514,1300
DCM,2023-12-20 03:12:00,28.05514,28.05514,28.05514,28.05514,4000
DCM,2023-12-20 03:13:00,28.05514,28.09996,28.05514,28.09996,2600
DCM,2023-12-20 03:14:00,28.09996,28.09996,28.09996,28.09996,1300
DCM,2023-12-20 03:15:00,28.09996,28.09996,28.09996,28.09996,900
DCM,2023-12-20 03:16:00,28.09996,28.09996,28.09996,28.09996,100
DCM,2023-12-20 03:17:00,28.09996,28.14478,28.09996,28.14478,900
DCM,2023-12-20 03:18:00,28.14478,28.14478,28.14478,28.14478,400
DCM,2023-12-20 03:19:00,28.09996,28.09996,28.09996,28.09996,1200
DCM,2023-12-20 03:20:00,28.09996,28.09996,28.09996,28.09996,1000
DCM,2023-12-20 03:21:00,28.14478,28.14478,28.14478,28.14478,1600
DCM,2023-12-20 03:22:00,28.14478,28.14478,28.14478,28.14478,500
DCM,2023-12-20 03:23:00,28.14478,28.14478,28.14478,28.14478,400
DCM,2023-12-20 03:24:00,28.14478,28.14478,28.14478,28.14478,1000
DCM,2023-12-20 03:25:00,28.14478,28.14478,28.14478,28.14478,500
DCM,2023-12-20 03:26:00,28.14478,28.14478,28.14478,28.14478,500
DCM,2023-12-20 03:27:00,28.14478,28.14478,28.09996,28.09996,1900
DCM,2023-12-20 03:28:00,28.09996,28.09996,28.09996,28.09996,200
DCM,2023-12-20 03:29:00,28.09996,28.09996,28.09996,28.09996,300
DCM,2023-12-20 03:30:00,28.09996,28.09996,28.09996,28.09996,200
DCM,2023-12-20 03:32:00,28.09996,28.09996,28.09996,28.09996,500
DCM,2023-12-20 03:33:00,28.09996,28.09996,28.09996,28.09996,1500
DCM,2023-12-20 03:34:00,28.09996,28.09996,28.09996,28.09996,1000
DCM,2023-12-20 03:36:00,28.09996,28.09996,28.09996,28.09996,1200
DCM,2023-12-20 03:37:00,28.14478,28.14478,28.14478,28.14478,700
DCM,2023-12-20 03:38:00,28.14478,28.14478,28.14478,28.14478,700
DCM,2023-12-20 03:39:00,28.14478,28.14478,28.14478,28.14478,500
DCM,2023-12-20 03:40:00,28.14478,28.14478,28.09996,28.09996,1200
DCM,2023-12-20 03:41:00,28.09996,28.09996,28.09996,28.09996,1500
DCM,2023-12-20 03:42:00,28.09996,28.09996,28.09996,28.09996,1000
DCM,2023-12-20 03:46:00,28.09996,28.09996,28.09996,28.09996,2600
DCM,2023-12-20 03:47:00,28.09996,28.09996,28.09996,28.09996,5700
DCM,2023-12-20 03:51:00,28.09996,28.09996,28.09996,28.09996,300
DCM,2023-12-20 03:54:00,28.09996,28.09996,28.09996,28.09996,500
DCM,2023-12-20 03:55:00,28.09996,28.14478,28.09996,28.14478,6700
DCM,2023-12-20 03:56:00,28.09996,28.09996,28.09996,28.09996,300
DCM,2023-12-20 03:57:00,28.09996,28.09996,28.09996,28.09996,100
DCM,2023-12-20 03:58:00,28.09996,28.09996,28.09996,28.09996,1000
DCM,2023-12-20 03:59:00,28.09996,28.09996,28.09996,28.09996,9000
DCM,2023-12-20 04:00:00,28.09996,28.09996,28.09996,28.09996,9100
DCM,2023-12-20 04:01:00,28.09996,28.09996,28.09996,28.09996,3200
DCM,2023-12-20 04:02:00,28.09996,28.09996,28.09996,28.09996,1600
DCM,2023-12-20 04:03:00,28.09996,28.09996,28.05514,28.05514,4600
DCM,2023-12-20 04:06:00,28.09996,28.09996,28.09996,28.09996,3500
DCM,2023-12-20 04:09:00,28.09996,28.09996,28.09996,28.09996,200
DCM,2023-12-20 04:10:00,28.09996,28.09996,28.09996,28.09996,200
DCM,2023-12-20 04:11:00,28.09996,28.09996,28.09996,28.09996,100
DCM,2023-12-20 04:12:00,28.09996,28.09996,28.09996,28.09996,7200
DCM,2023-12-20 04:13:00,28.09996,28.09996,28.09996,28.09996,1000
DCM,2023-12-20 04:14:00,28.09996,28.09996,28.09996,28.09996,2600
DCM,2023-12-20 04:15:00,28.09996,28.09996,28.09996,28.09996,500
DCM,2023-12-20 04:16:00,28.09996,28.09996,28.05514,28.05514,1800
DCM,2023-12-20 04:17:00,28.05514,28.05514,28.05514,28.05514,200
DCM,2023-12-20 04:19:00,28.09996,28.09996,28.09996,28.09996,400
DCM,2023-12-20 04:20:00,28.09996,28.09996,28.09996,28.09996,700
DCM,2023-12-20 04:21:00,28.09996,28.09996,28.09996,28.09996,500
DCM,2023-12-20 04:22:00,28.09996,28.09996,28.09996,28.09996,4600
DCM,2023-12-20 04:23:00,28.09996,28.09996,28.09996,28.09996,600
DCM,2023-12-20 04:24:00,28.09996,28.09996,28.09996,28.09996,400
DCM,2023-12-20 04:25:00,28.09996,28.09996,28.09996,28.09996,500
DCM,2023-12-20 04:26:00,28.09996,28.09996,28.05514,28.05514,20900
DCM,2023-12-20 04:28:00,28.05514,28.05514,28.05514,28.05514,200
DCM,2023-12-20 04:29:00,28.05514,28.05514,28.05514,28.05514,20000
DCM,2023-12-20 06:00:00,28.05514,28.09996,28.05514,28.09996,7500
DCM,2023-12-20 06:01:00,28.09996,28.09996,28.09996,28.09996,5300
DCM,2023-12-20 06:02:00,28.05514,28.05514,28.05514,28.05514,300
DCM,2023-12-20 06:03:00,28.05514,28.05514,28.05514,28.05514,200
DCM,2023-12-20 06:05:00,28.05514,28.05514,28.05514,28.05514,400
DCM,2023-12-20 06:09:00,28.05514,28.05514,28.05514,28.05514,400
DCM,2023-12-20 06:10:00,28.09996,28.09996,28.09996,28.09996,500
DCM,2023-12-20 06:11:00,28.09996,28.09996,28.09996,28.09996,12200
DCM,2023-12-20 06:12:00,28.09996,28.09996,28.09996,28.09996,800
DCM,2023-12-20 06:13:00,28.09996,28.09996,28.09996,28.09996,500
DCM,2023-12-20 06:14:00,28.09996,28.09996,28.09996,28.09996,2300
DCM,2023-12-20 06:15:00,28.09996,28.09996,28.09996,28.09996,3600
DCM,2023-12-20 06:16:00,28.09996,28.09996,28.09996,28.09996,500
DCM,2023-12-20 06:17:00,28.09996,28.09996,28.09996,28.09996,1900
DCM,2023-12-20 06:18:00,28.09996,28.09996,28.09996,28.09996,1200
DCM,2023-12-20 06:19:00,28.09996,28.09996,28.09996,28.09996,200
DCM,2023-12-20 06:20:00,28.09996,28.09996,28.09996,28.09996,800
DCM,2023-12-20 06:21:00,28.09996,28.09996,28.09996,28.09996,400
DCM,2023-12-20 06:22:00,28.09996,28.09996,28.09996,28.09996,7800
DCM,2023-12-20 06:23:00,28.09996,28.09996,28.09996,28.09996,500
DCM,2023-12-20 06:24:00,28.09996,28.09996,28.09996,28.09996,15100
DCM,2023-12-20 06:26:00,28.14478,28.14478,28.14478,28.14478,10200
DCM,2023-12-20 06:27:00,28.14478,28.14478,28.14478,28.14478,18200
DCM,2023-12-20 06:28:00,28.14478,28.14478,28.14478,28.14478,6700
DCM,2023-12-20 06:29:00,28.14478,28.14478,28.14478,28.14478,6500
DCM,2023-12-20 06:30:00,28.14478,28.14478,28.14478,28.14478,8800
DCM,2023-12-20 06:31:00,28.14478,28.14478,28.14478,28.14478,2200
DCM,2023-12-20 06:32:00,28.14478,28.14478,28.14478,28.14478,2800
DCM,2023-12-20 06:33:00,28.14478,28.14478,28.09996,28.09996,5300
DCM,2023-12-20 06:34:00,28.09996,28.14478,28.09996,28.14478,1600
DCM,2023-12-20 06:35:00,28.14478,28.14478,28.09996,28.09996,700
DCM,2023-12-20 06:36:00,28.14478,28.14478,28.09996,28.09996,1500
DCM,2023-12-20 06:37:00,28.09996,28.09996,28.09996,28.09996,100
DCM,2023-12-20 06:38:00,28.14478,28.14478,28.14478,28.14478,6700
DCM,2023-12-20 06:39:00,28.09996,28.09996,28.09996,28.09996,300
DCM,2023-12-20 06:40:00,28.14478,28.14478,28.14478,28.14478,2100
DCM,2023-12-20 06:41:00,28.14478,28.14478,28.14478,28.14478,6800
DCM,2023-12-20 06:42:00,28.14478,28.14478,28.14478,28.14478,2100
DCM,2023-12-20 06:43:00,28.14478,28.14478,28.09996,28.09996,2600
DCM,2023-12-20 06:44:00,28.09996,28.14478,28.09996,28.14478,3200
DCM,2023-12-20 06:45:00,28.14478,28.14478,28.14478,28.14478,14300
DCM,2023-12-20 06:46:00,28.14478,28.14478,28.09996,28.09996,10700
DCM,2023-12-20 06:47:00,28.09996,28.09996,28.09996,28.09996,5000
DCM,2023-12-20 06:48:00,28.09996,28.09996,28.09996,28.09996,3500
DCM,2023-12-20 06:49:00,28.14478,28.14478,28.14478,28.14478,5100
DCM,2023-12-20 06:50:00,28.14478,28.14478,28.09996,28.09996,10800
DCM,2023-12-20 06:51:00,28.14478,28.14478,28.14478,28.14478,8700
DCM,2023-12-20 06:52:00,28.09996,28.09996,28.09996,28.09996,200
DCM,2023-12-20 06:54:00,28.14478,28.14478,28.14478,28.14478,1300
DCM,2023-12-20 06:55:00,28.14478,28.14478,28.09996,28.09996,6600
DCM,2023-12-20 06:56:00,28.09996,28.14478,28.09996,28.14478,600
DCM,2023-12-20 06:57:00,28.14478,28.14478,28.14478,28.14478,600
DCM,2023-12-20 06:58:00,28.14478,28.14478,28.14478,28.14478,800
DCM,2023-12-20 06:59:00,28.14478,28.14478,28.09996,28.09996,6600
DCM,2023-12-20 07:00:00,28.09996,28.09996,28.09996,28.09996,900
DCM,2023-12-20 07:01:00,28.09996,28.09996,28.09996,28.09996,5000
DCM,2023-12-20 07:02:00,28.09996,28.09996,28.09996,28.09996,1100
DCM,2023-12-20 07:03:00,28.09996,28.09996,28.09996,28.09996,16300
DCM,2023-12-20 07:04:00,28.09996,28.14478,28.09996,28.14478,10400
DCM,2023-12-20 07:05:00,28.14478,28.14478,28.14478,28.14478,1100
DCM,2023-12-20 07:06:00,28.14478,28.14478,28.14478,28.14478,5700
DCM,2023-12-20 07:07:00,28.14478,28.14478,28.14478,28.14478,4400
DCM,2023-12-20 07:08:00,28.14478,28.14478,28.14478,28.14478,4700
DCM,2023-12-20 07:09:00,28.14478,28.18959,28.14478,28.14478,13800
DCM,2023-12-20 07:10:00,28.14478,28.14478,28.14478,28.14478,1000
DCM,2023-12-20 07:11:00,28.14478,28.14478,28.14478,28.14478,9000
DCM,2023-12-20 07:12:00,28.14478,28.14478,28.14478,28.14478,11100
DCM,2023-12-20 07:13:00,28.14478,28.14478,28.14478,28.14478,10900
DCM,2023-12-20 07:14:00,28.14478,28.14478,28.14478,28.14478,25100
DCM,2023-12-20 07:15:00,28.14478,28.14478,28.09996,28.09996,16500
DCM,2023-12-20 07:16:00,28.14478,28.14478,28.09996,28.09996,3300
DCM,2023-12-20 07:17:00,28.14478,28.14478,28.14478,28.14478,6800
DCM,2023-12-20 07:18:00,28.14478,28.14478,28.14478,28.14478,2000
DCM,2023-12-20 07:19:00,28.14478,28.14478,28.14478,28.14478,21700
DCM,2023-12-20 07:20:00,28.14478,28.18959,28.14478,28.18959,3100
DCM,2023-12-20 07:21:00,28.14478,28.14478,28.14478,28.14478,6500
DCM,2023-12-20 07:22:00,28.14478,28.14478,28.14478,28.14478,2900
DCM,2023-12-20 07:23:00,28.14478,28.14478,28.14478,28.14478,3800
DCM,2023-12-20 07:24:00,28.14478,28.14478,28.14478,28.14478,7800
DCM,2023-12-20 07:25:00,28.14478,28.14478,28.14478,28.14478,1500
DCM,2023-12-20 07:26:00,28.14478,28.14478,28.09996,28.14478,28600
DCM,2023-12-20 07:27:00,28.09996,28.18959,28.09996,28.18959,14800
DCM,2023-12-20 07:28:00,28.14478,28.14478,28.14478,28.14478,2600
DCM,2023-12-20 07:29:00,28.14478,28.14478,28.14478,28.14478,3900
DCM,2023-12-20 07:45:00,28.09996,28.09996,28.09996,28.09996,50400
DCM,2023-12-21 02:15:00,28.05514,28.05514,28.05514,28.05514,25300
DCM,2023-12-21 02:16:00,28.05514,28.05514,28.01033,28.01033,5200
DCM,2023-12-21 02:17:00,28.01033,28.01033,28.01033,28.01033,9200
DCM,2023-12-21 02:18:00,28.01033,28.01033,28.01033,28.01033,3500
DCM,2023-12-21 02:19:00,27.96551,28.01033,27.96551,28.01033,7300
DCM,2023-12-21 02:20:00,28.01033,28.01033,27.96551,27.96551,15200
DCM,2023-12-21 02:21:00,27.96551,27.96551,27.96551,27.96551,10300
DCM,2023-12-21 02:22:00,28.05514,28.05514,27.96551,27.96551,4300
DCM,2023-12-21 02:23:00,27.96551,27.96551,27.96551,27.96551,6800
DCM,2023-12-21 02:24:00,27.96551,28.05514,27.96551,28.05514,7300
DCM,2023-12-21 02:25:00,28.05514,28.05514,28.05514,28.05514,400
DCM,2023-12-21 02:26:00,28.09996,28.09996,28.09996,28.09996,8100
DCM,2023-12-21 02:27:00,28.14478,28.14478,28.14478,28.14478,3000
DCM,2023-12-21 02:28:00,28.14478,28.14478,28.14478,28.14478,2000
DCM,2023-12-21 02:29:00,28.14478,28.14478,28.14478,28.14478,1100
DCM,2023-12-21 02:30:00,28.14478,28.14478,28.14478,28.14478,2600
DCM,2023-12-21 02:31:00,28.09996,28.09996,28.09996,28.09996,300
DCM,2023-12-21 02:32:00,28.09996,28.18959,28.09996,28.18959,7700
DCM,2023-12-21 02:33:00,28.18959,28.18959,28.18959,28.18959,400
DCM,2023-12-21 02:34:00,28.18959,28.18959,28.18959,28.18959,1900
DCM,2023-12-21 02:35:00,28.18959,28.18959,28.18959,28.18959,5000
DCM,2023-12-21 02:37:00,28.18959,28.18959,28.18959,28.18959,7400
DCM,2023-12-21 02:38:00,28.14478,28.14478,28.14478,28.14478,100
DCM,2023-12-21 02:39:00,28.14478,28.14478,28.14478,28.14478,1000
DCM,2023-12-21 02:40:00,28.14478,28.18959,28.14478,28.14478,10400
DCM,2023-12-21 02:41:00,28.14478,28.14478,28.14478,28.14478,900
DCM,2023-12-21 02:42:00,28.14478,28.14478,28.14478,28.14478,400
DCM,2023-12-21 02:43:00,28.09996,28.09996,28.09996,28.09996,3000
DCM,2023-12-21 02:44:00,28.09996,28.09996,28.09996,28.09996,1700
DCM,2023-12-21 02:45:00,28.09996,28.09996,28.09996,28.09996,600
DCM,2023-12-21 02:46:00,28.14478,28.14478,28.14478,28.14478,100
DCM,2023-12-21 02:47:00,28.14478,28.14478,28.14478,28.14478,100
DCM,2023-12-21 02:48:00,28.14478,28.14478,28.14478,28.14478,500
DCM,2023-12-21 02:50:00,28.14478,28.14478,28.14478,28.14478,14500
DCM,2023-12-21 02:51:00,28.14478,28.18959,28.14478,28.18959,3500
DCM,2023-12-21 02:53:00,28.18959,28.18959,28.18959,28.18959,100
DCM,2023-12-21 02:55:00,28.14478,28.14478,28.14478,28.14478,500
DCM,2023-12-21 02:56:00,28.18959,28.18959,28.18959,28.18959,5100
DCM,2023-12-21 02:57:00,28.18959,28.18959,28.18959,28.18959,1300
DCM,2023-12-21 02:58:00,28.18959,28.18959,28.18959,28.18959,4900
DCM,2023-12-21 02:59:00,28.18959,28.18959,28.18959,28.18959,2500
DCM,2023-12-21 03:00:00,28.23441,28.23441,28.18959,28.18959,5400
DCM,2023-12-21 03:01:00,28.18959,28.23441,28.18959,28.23441,18400
DCM,2023-12-21 03:02:00,28.23441,28.23441,28.23441,28.23441,5300
DCM,2023-12-21 03:03:00,28.23441,28.27923,28.23441,28.27923,3200
DCM,2023-12-21 03:04:00,28.27923,28.27923,28.23441,28.23441,2500
DCM,2023-12-21 03:05:00,28.23441,28.23441,28.23441,28.23441,3500
DCM,2023-12-21 03:06:00,28.23441,28.23441,28.18959,28.18959,5100
DCM,2023-12-21 03:08:00,28.18959,28.18959,28.18959,28.18959,400
DCM,2023-12-21 03:09:00,28.18959,28.18959,28.18959,28.18959,5100
DCM,2023-12-21 03:10:00,28.23441,28.23441,28.18959,28.18959,6200
DCM,2023-12-21 03:12:00,28.23441,28.23441,28.23441,28.23441,9900
DCM,2023-12-21 03:13:00,28.23441,28.23441,28.23441,28.23441,5200
DCM,2023-12-21 03:14:00,28.23441,28.23441,28.23441,28.23441,2800
DCM,2023-12-21 03:17:00,28.23441,28.23441,28.23441,28.23441,800
DCM,2023-12-21 03:18:00,28.23441,28.23441,28.23441,28.23441,200
DCM,2023-12-21 03:19:00,28.23441,28.23441,28.23441,28.23441,800
DCM,2023-12-21 03:20:00,28.23441,28.23441,28.23441,28.23441,600
DCM,2023-12-21 03:21:00,28.23441,28.23441,28.23441,28.23441,3700
DCM,2023-12-21 03:22:00,28.23441,28.23441,28.23441,28.23441,6600
DCM,2023-12-21 03:24:00,28.23441,28.23441,28.23441,28.23441,3000
DCM,2023-12-21 03:25:00,28.23441,28.23441,28.23441,28.23441,300
DCM,2023-12-21 03:26:00,28.23441,28.23441,28.23441,28.23441,1300
DCM,2023-12-21 03:27:00,28.23441,28.23441,28.23441,28.23441,300
DCM,2023-12-21 03:28:00,28.23441,28.23441,28.23441,28.23441,200
DCM,2023-12-21 03:29:00,28.27923,28.27923,28.23441,28.27923,2100
DCM,2023-12-21 03:30:00,28.27923,28.27923,28.27923,28.27923,400
DCM,2023-12-21 03:31:00,28.27923,28.27923,28.23441,28.23441,500
DCM,2023-12-21 03:32:00,28.27923,28.27923,28.27923,28.27923,100
DCM,2023-12-21 03:33:00,28.27923,28.27923,28.27923,28.27923,300
DCM,2023-12-21 03:34:00,28.27923,28.27923,28.27923,28.27923,17000
DCM,2023-12-21 03:35:00,28.27923,28.27923,28.27923,28.27923,3600
DCM,2023-12-21 03:36:00,28.27923,28.27923,28.27923,28.27923,14400
DCM,2023-12-21 03:37:00,28.27923,28.27923,28.27923,28.27923,200
DCM,2023-12-21 03:38:00,28.27923,28.27923,28.27923,28.27923,2200
DCM,2023-12-21 03:39:00,28.27923,28.27923,28.27923,28.27923,3700
DCM,2023-12-21 03:41:00,28.27923,28.27923,28.27923,28.27923,2500
DCM,2023-12-21 03:42:00,28.27923,28.27923,28.27923,28.27923,800
DCM,2023-12-21 03:44:00,28.32404,28.32404,28.27923,28.27923,2600
DCM,2023-12-21 03:46:00,28.27923,28.27923,28.27923,28.27923,5000
DCM,2023-12-21 03:47:00,28.27923,28.27923,28.27923,28.27923,4700
DCM,2023-12-21 03:48:00,28.32404,28.32404,28.27923,28.27923,4500
DCM,2023-12-21 03:49:00,28.32404,28.32404,28.32404,28.32404,2100
DCM,2023-12-21 03:50:00,28.27923,28.32404,28.27923,28.32404,5500
DCM,2023-12-21 03:51:00,28.27923,28.27923,28.27923,28.27923,5000
DCM,2023-12-21 03:52:00,28.27923,28.27923,28.27923,28.27923,1500
DCM,2023-12-21 03:53:00,28.27923,28.27923,28.27923,28.27923,300
DCM,2023-12-21 03:55:00,28.27923,28.27923,28.23441,28.23441,2400
DCM,2023-12-21 03:56:00,28.27923,28.27923,28.27923,28.27923,200
DCM,2023-12-21 03:57:00,28.27923,28.27923,28.27923,28.27923,8200
DCM,2023-12-21 04:01:00,28.23441,28.23441,28.23441,28.23441,19700
DCM,2023-12-21 04:04:00,28.23441,28.23441,28.23441,28.23441,2100
DCM,2023-12-21 04:05:00,28.23441,28.23441,28.23441,28.23441,100
DCM,2023-12-21 04:06:00,28.23441,28.23441,28.23441,28.23441,500
DCM,2023-12-21 04:07:00,28.23441,28.23441,28.23441,28.23441,3600
DCM,2023-12-21 04:08:00,28.23441,28.23441,28.23441,28.23441,500
DCM,2023-12-21 04:11:00,28.23441,28.23441,28.23441,28.23441,2000
DCM,2023-12-21 04:12:00,28.23441,28.23441,28.23441,28.23441,1000
DCM,2023-12-21 04:13:00,28.23441,28.23441,28.23441,28.23441,300
DCM,2023-12-21 04:14:00,28.23441,28.27923,28.23441,28.27923,2700
DCM,2023-12-21 04:16:00,28.23441,28.23441,28.23441,28.23441,4300
DCM,2023-12-21 04:17:00,28.23441,28.23441,28.23441,28.23441,6100
DCM,2023-12-21 04:21:00,28.18959,28.18959,28.18959,28.18959,1500
DCM,2023-12-21 04:22:00,28.18959,28.18959,28.18959,28.18959,1600
DCM,2023-12-21 04:23:00,28.18959,28.18959,28.18959,28.18959,12200
DCM,2023-12-21 04:24:00,28.18959,28.18959,28.18959,28.18959,10200
DCM,2023-12-21 04:25:00,28.14478,28.14478,28.14478,28.14478,500
DCM,2023-12-21 04:29:00,28.14478,28.18959,28.14478,28.18959,2200
DCM,2023-12-21 06:00:00,28.14478,28.18959,28.14478,28.14478,14900
DCM,2023-12-21 06:01:00,28.14478,28.14478,28.14478,28.14478,9200
DCM,2023-12-21 06:02:00,28.14478,28.14478,28.14478,28.14478,1600
DCM,2023-12-21 06:03:00,28.14478,28.14478,28.14478,28.14478,500
DCM,2023-12-21 06:04:00,28.14478,28.14478,28.14478,28.14478,1600
DCM,2023-12-21 06:05:00,28.14478,28.14478,28.14478,28.14478,10900
DCM,2023-12-21 06:06:00,28.14478,28.14478,28.09996,28.09996,4400
DCM,2023-12-21 06:07:00,28.09996,28.09996,28.09996,28.09996,400
DCM,2023-12-21 06:10:00,28.09996,28.09996,28.09996,28.09996,1200
DCM,2023-12-21 06:12:00,28.09996,28.14478,28.09996,28.09996,7100
DCM,2023-12-21 06:13:00,28.14478,28.14478,28.14478,28.14478,12000
DCM,2023-12-21 06:14:00,28.14478,28.14478,28.14478,28.14478,100
DCM,2023-12-21 06:16:00,28.14478,28.18959,28.14478,28.18959,1100
DCM,2023-12-21 06:17:00,28.18959,28.18959,28.18959,28.18959,100
DCM,2023-12-21 06:18:00,28.18959,28.18959,28.14478,28.14478,11000
DCM,2023-12-21 06:19:00,28.18959,28.18959,28.18959,28.18959,1000
DCM,2023-12-21 06:22:00,28.18959,28.18959,28.18959,28.18959,12600
DCM,2023-12-21 06:23:00,28.18959,28.23441,28.18959,28.23441,3400
DCM,2023-12-21 06:25:00,28.18959,28.18959,28.18959,28.18959,2000
DCM,2023-12-21 06:26:00,28.18959,28.18959,28.18959,28.18959,5200
DCM,2023-12-21 06:27:00,28.18959,28.18959,28.18959,28.18959,2100
DCM,2023-12-21 06:28:00,28.23441,28.23441,28.23441,28.23441,10000
DCM,2023-12-21 06:29:00,28.23441,28.23441,28.18959,28.18959,5100
DCM,2023-12-21 06:31:00,28.18959,28.18959,28.18959,28.18959,2000
DCM,2023-12-21 06:32:00,28.18959,28.18959,28.18959,28.18959,100
DCM,2023-12-21 06:33:00,28.18959,28.18959,28.18959,28.18959,5000
DCM,2023-12-21 06:34:00,28.18959,28.18959,28.18959,28.18959,1900
DCM,2023-12-21 06:35:00,28.18959,28.18959,28.18959,28.18959,500
DCM,2023-12-21 06:36:00,28.18959,28.18959,28.18959,28.18959,1300
DCM,2023-12-21 06:37:00,28.18959,28.18959,28.18959,28.18959,5000
DCM,2023-12-21 06:39:00,28.18959,28.18959,28.18959,28.18959,500
DCM,2023-12-21 06:40:00,28.18959,28.18959,28.14478,28.14478,18700
DCM,2023-12-21 06:41:00,28.14478,28.14478,28.14478,28.14478,1500
DCM,2023-12-21 06:42:00,28.14478,28.14478,28.14478,28.14478,2500
DCM,2023-12-21 06:43:00,28.14478,28.14478,28.14478,28.14478,1800
DCM,2023-12-21 06:45:00,28.14478,28.14478,28.09996,28.09996,6000
DCM,2023-12-21 06:46:00,28.09996,28.09996,28.09996,28.09996,5000
DCM,2023-12-21 06:47:00,28.09996,28.09996,28.05514,28.05514,34600
DCM,2023-12-21 06:49:00,28.09996,28.09996,28.09996,28.09996,200
DCM,2023-12-21 06:50:00,28.09996,28.09996,28.09996,28.09996,100
DCM,2023-12-21 06:51:00,28.05514,28.09996,28.05514,28.09996,8900
DCM,2023-12-21 06:52:00,28.05514,28.05514,28.05514,28.05514,1500
DCM,2023-12-21 06:53:00,28.05514,28.09996,28.05514,28.05514,4800
DCM,2023-12-21 06:54:00,28.09996,28.09996,28.09996,28.09996,6200
DCM,2023-12-21 06:55:00,28.09996,28.09996,28.09996,28.09996,1300
DCM,2023-12-21 06:56:00,28.09996,28.09996,28.09996,28.09996,2000
DCM,2023-12-21 06:57:00,28.09996,28.09996,28.05514,28.09996,10600
DCM,2023-12-21 06:58:00,28.09996,28.09996,28.09996,28.09996,1100
DCM,2023-12-21 06:59:00,28.09996,28.09996,28.09996,28.09996,11300
DCM,2023-12-21 07:00:00,28.09996,28.09996,28.05514,28.09996,24000
DCM,2023-12-21 07:01:00,28.09996,28.09996,28.09996,28.09996,600
DCM,2023-12-21 07:02:00,28.09996,28.09996,28.05514,28.05514,8900
DCM,2023-12-21 07:03:00,28.09996,28.09996,28.09996,28.09996,3000
DCM,2023-12-21 07:04:00,28.09996,28.09996,28.09996,28.09996,26300
DCM,2023-12-21 07:05:00,28.09996,28.09996,28.09996,28.09996,26400
DCM,2023-12-21 07:06:00,28.09996,28.09996,28.09996,28.09996,400
DCM,2023-12-21 07:07:00,28.09996,28.09996,28.05514,28.09996,2500
DCM,2023-12-21 07:09:00,28.05514,28.05514,28.05514,28.05514,2300
DCM,2023-12-21 07:10:00,28.05514,28.05514,28.05514,28.05514,37600
DCM,2023-12-21 07:11:00,28.05514,28.05514,28.05514,28.05514,12600
DCM,2023-12-21 07:12:00,28.05514,28.05514,28.05514,28.05514,1400
DCM,2023-12-21 07:13:00,28.05514,28.05514,28.05514,28.05514,1300
DCM,2023-12-21 07:14:00,28.05514,28.05514,28.05514,28.05514,6000
DCM,2023-12-21 07:17:00,28.09996,28.09996,28.05514,28.05514,36700
DCM,2023-12-21 07:18:00,28.09996,28.09996,28.09996,28.09996,2900
DCM,2023-12-21 07:19:00,28.09996,28.09996,28.09996,28.09996,3400
DCM,2023-12-21 07:20:00,28.09996,28.09996,28.09996,28.09996,6600
DCM,2023-12-21 07:21:00,28.09996,28.09996,28.09996,28.09996,2300
DCM,2023-12-21 07:22:00,28.09996,28.14478,28.09996,28.14478,2800
DCM,2023-12-21 07:23:00,28.09996,28.14478,28.09996,28.09996,2200
DCM,2023-12-21 07:24:00,28.09996,28.14478,28.09996,28.14478,4500
DCM,2023-12-21 07:25:00,28.14478,28.18959,28.14478,28.14478,11100
DCM,2023-12-21 07:26:00,28.14478,28.14478,28.14478,28.14478,3400
DCM,2023-12-21 07:27:00,28.14478,28.14478,28.14478,28.14478,5500
DCM,2023-12-21 07:28:00,28.14478,28.14478,28.14478,28.14478,600
DCM,2023-12-21 07:29:00,28.14478,28.18959,28.14478,28.18959,6000
DCM,2023-12-21 07:45:00,28.09996,28.09996,28.09996,28.09996,52200
DCM,2023-12-22 02:15:00,28.14478,28.14478,28.14478,28.14478,7500
DCM,2023-12-22 02:16:00,28.14478,28.14478,28.14478,28.14478,2100
DCM,2023-12-22 02:17:00,28.14478,28.23441,28.14478,28.23441,20100
DCM,2023-12-22 02:18:00,28.23441,28.27923,28.23441,28.27923,6700
DCM,2023-12-22 02:19:00,28.23441,28.23441,28.23441,28.23441,3600
DCM,2023-12-22 02:20:00,28.23441,28.23441,28.23441,28.23441,4300
DCM,2023-12-22 02:21:00,28.23441,28.27923,28.23441,28.27923,4400
DCM,2023-12-22 02:22:00,28.27923,28.27923,28.23441,28.27923,11600
DCM,2023-12-22 02:23:00,28.27923,28.32404,28.27923,28.32404,7100
DCM,2023-12-22 02:24:00,28.32404,28.32404,28.32404,28.32404,20500
DCM,2023-12-22 02:25:00,28.32404,28.36886,28.32404,28.36886,1100
DCM,2023-12-22 02:26:00,28.36886,28.36886,28.32404,28.36886,23000
DCM,2023-12-22 02:27:00,28.36886,28.41368,28.36886,28.36886,15600
DCM,2023-12-22 02:28:00,28.36886,28.36886,28.36886,28.36886,7700
DCM,2023-12-22 02:29:00,28.32404,28.32404,28.27923,28.32404,19000
DCM,2023-12-22 02:30:00,28.32404,28.32404,28.32404,28.32404,4100
DCM,2023-12-22 02:31:00,28.32404,28.32404,28.32404,28.32404,2500
DCM,2023-12-22 02:32:00,28.32404,28.32404,28.32404,28.32404,300
DCM,2023-12-22 02:33:00,28.32404,28.32404,28.32404,28.32404,4000
DCM,2023-12-22 02:34:00,28.32404,28.36886,28.32404,28.32404,7400
DCM,2023-12-22 02:35:00,28.32404,28.36886,28.32404,28.36886,25000
DCM,2023-12-22 02:36:00,28.36886,28.36886,28.36886,28.36886,8000
DCM,2023-12-22 02:37:00,28.36886,28.36886,28.36886,28.36886,4200
DCM,2023-12-22 02:38:00,28.36886,28.36886,28.36886,28.36886,2100
DCM,2023-12-22 02:39:00,28.36886,28.36886,28.36886,28.36886,3000
DCM,2023-12-22 02:40:00,28.36886,28.41368,28.36886,28.41368,4800
DCM,2023-12-22 02:41:00,28.41368,28.41368,28.36886,28.36886,800
DCM,2023-12-22 02:42:00,28.36886,28.36886,28.32404,28.36886,9500
DCM,2023-12-22 02:43:00,28.36886,28.36886,28.32404,28.36886,2200
DCM,2023-12-22 02:44:00,28.32404,28.32404,28.32404,28.32404,16200
DCM,2023-12-22 02:45:00,28.32404,28.32404,28.27923,28.27923,2500
DCM,2023-12-22 02:46:00,28.27923,28.27923,28.27923,28.27923,300
DCM,2023-12-22 02:47:00,28.27923,28.27923,28.27923,28.27923,4300
DCM,2023-12-22 02:48:00,28.27923,28.27923,28.27923,28.27923,1100
DCM,2023-12-22 02:49:00,28.27923,28.27923,28.27923,28.27923,10600
DCM,2023-12-22 02:51:00,28.27923,28.27923,28.23441,28.23441,6100
DCM,2023-12-22 02:52:00,28.27923,28.27923,28.27923,28.27923,15900
DCM,2023-12-22 02:53:00,28.27923,28.27923,28.27923,28.27923,1000
DCM,2023-12-22 02:54:00,28.27923,28.27923,28.27923,28.27923,100
DCM,2023-12-22 02:55:00,28.27923,28.27923,28.27923,28.27923,800
DCM,2023-12-22 02:56:00,28.27923,28.27923,28.27923,28.27923,100
DCM,2023-12-22 02:57:00,28.27923,28.27923,28.27923,28.27923,800
DCM,2023-12-22 02:58:00,28.27923,28.27923,28.27923,28.27923,100
DCM,2023-12-22 02:59:00,28.27923,28.27923,28.27923,28.27923,2700
DCM,2023-12-22 03:00:00,28.27923,28.27923,28.27923,28.27923,300
DCM,2023-12-22 03:01:00,28.27923,28.27923,28.27923,28.27923,300
DCM,2023-12-22 03:03:00,28.27923,28.27923,28.27923,28.27923,4000
DCM,2023-12-22 03:05:00,28.27923,28.27923,28.27923,28.27923,700
DCM,2023-12-22 03:08:00,28.27923,28.27923,28.27923,28.27923,700
DCM,2023-12-22 03:09:00,28.27923,28.27923,28.27923,28.27923,300
DCM,2023-12-22 03:10:00,28.27923,28.27923,28.23441,28.23441,5000
DCM,2023-12-22 03:11:00,28.23441,28.23441,28.23441,28.23441,2000
DCM,2023-12-22 03:12:00,28.23441,28.23441,28.23441,28.23441,100
DCM,2023-12-22 03:13:00,28.27923,28.27923,28.27923,28.27923,2100
DCM,2023-12-22 03:15:00,28.23441,28.23441,28.23441,28.23441,3200
DCM,2023-12-22 03:16:00,28.23441,28.23441,28.23441,28.23441,600
DCM,2023-12-22 03:17:00,28.23441,28.23441,28.23441,28.23441,1000
DCM,2023-12-22 03:19:00,28.23441,28.23441,28.23441,28.23441,100
DCM,2023-12-22 03:20:00,28.23441,28.23441,28.18959,28.18959,5500
DCM,2023-12-22 03:21:00,28.18959,28.18959,28.18959,28.18959,600
DCM,2023-12-22 03:22:00,28.18959,28.18959,28.18959,28.18959,6100
DCM,2023-12-22 03:23:00,28.18959,28.18959,28.18959,28.18959,400
DCM,2023-12-22 03:26:00,28.18959,28.18959,28.18959,28.18959,1000
DCM,2023-12-22 03:27:00,28.18959,28.18959,28.18959,28.18959,3300
DCM,2023-12-22 03:28:00,28.18959,28.18959,28.18959,28.18959,1900
DCM,2023-12-22 03:31:00,28.18959,28.18959,28.18959,28.18959,100
DCM,2023-12-22 03:32:00,28.18959,28.18959,28.18959,28.18959,300
DCM,2023-12-22 03:34:00,28.18959,28.18959,28.18959,28.18959,200
DCM,2023-12-22 03:36:00,28.18959,28.18959,28.18959,28.18959,500
DCM,2023-12-22 03:37:00,28.18959,28.18959,28.18959,28.18959,200
DCM,2023-12-22 03:38:00,28.18959,28.18959,28.18959,28.18959,100
DCM,2023-12-22 03:39:00,28.18959,28.18959,28.18959,28.18959,4100
DCM,2023-12-22 03:40:00,28.18959,28.18959,28.18959,28.18959,3000
DCM,2023-12-22 03:41:00,28.18959,28.18959,28.18959,28.18959,3000
DCM,2023-12-22 03:42:00,28.18959,28.18959,28.18959,28.18959,500
DCM,2023-12-22 03:43:00,28.18959,28.18959,28.18959,28.18959,1400
DCM,2023-12-22 03:44:00,28.23441,28.23441,28.18959,28.18959,2600
DCM,2023-12-22 03:46:00,28.18959,28.18959,28.18959,28.18959,1200
DCM,2023-12-22 03:48:00,28.18959,28.18959,28.18959,28.18959,1500
DCM,2023-12-22 03:49:00,28.14478,28.14478,28.14478,28.14478,1000
DCM,2023-12-22 03:50:00,28.14478,28.14478,28.14478,28.14478,2500
DCM,2023-12-22 03:51:00,28.14478,28.14478,28.14478,28.14478,5000
DCM,2023-12-22 03:52:00,28.14478,28.14478,28.14478,28.14478,3000
DCM,2023-12-22 03:54:00,28.14478,28.14478,28.14478,28.14478,2200
DCM,2023-12-22 03:55:00,28.18959,28.18959,28.18959,28.18959,400
DCM,2023-12-22 03:56:00,28.14478,28.14478,28.14478,28.14478,200
DCM,2023-12-22 03:58:00,28.14478,28.18959,28.14478,28.18959,1600
DCM,2023-12-22 03:59:00,28.18959,28.18959,28.18959,28.18959,13300
DCM,2023-12-22 04:01:00,28.18959,28.18959,28.18959,28.18959,3800
DCM,2023-12-22 04:03:00,28.18959,28.18959,28.18959,28.18959,5400
DCM,2023-12-22 04:05:00,28.18959,28.18959,28.18959,28.18959,700
DCM,2023-12-22 04:06:00,28.18959,28.18959,28.18959,28.18959,100
DCM,2023-12-22 04:07:00,28.18959,28.18959,28.18959,28.18959,700
DCM,2023-12-22 04:09:00,28.18959,28.18959,28.18959,28.18959,900
DCM,2023-12-22 04:10:00,28.23441,28.23441,28.23441,28.23441,400
DCM,2023-12-22 04:11:00,28.23441,28.23441,28.23441,28.23441,700
DCM,2023-12-22 04:12:00,28.23441,28.23441,28.18959,28.18959,2500
DCM,2023-12-22 04:14:00,28.18959,28.18959,28.18959,28.18959,1400
DCM,2023-12-22 04:15:00,28.14478,28.14478,28.14478,28.14478,500
DCM,2023-12-22 04:17:00,28.18959,28.18959,28.18959,28.18959,800
DCM,2023-12-22 04:18:00,28.18959,28.18959,28.18959,28.18959,500
DCM,2023-12-22 04:19:00,28.18959,28.18959,28.18959,28.18959,1000
DCM,2023-12-22 04:26:00,28.23441,28.23441,28.18959,28.18959,5600
DCM,2023-12-22 04:27:00,28.23441,28.23441,28.23441,28.23441,1000
DCM,2023-12-22 04:28:00,28.23441,28.23441,28.23441,28.23441,700
DCM,2023-12-22 04:29:00,28.23441,28.23441,28.23441,28.23441,2100
DCM,2023-12-22 06:00:00,28.23441,28.23441,28.23441,28.23441,7900
DCM,2023-12-22 06:04:00,28.18959,28.18959,28.18959,28.18959,600
DCM,2023-12-22 06:06:00,28.23441,28.23441,28.23441,28.23441,500
DCM,2023-12-22 06:07:00,28.23441,28.23441,28.23441,28.23441,6100
DCM,2023-12-22 06:08:00,28.23441,28.23441,28.23441,28.23441,500
DCM,2023-12-22 06:09:00,28.23441,28.23441,28.23441,28.23441,400
DCM,2023-12-22 06:11:00,28.27923,28.27923,28.27923,28.27923,400
DCM,2023-12-22 06:12:00,28.27923,28.27923,28.27923,28.27923,2200
DCM,2023-12-22 06:13:00,28.27923,28.27923,28.27923,28.27923,1000
DCM,2023-12-22 06:15:00,28.27923,28.27923,28.23441,28.23441,1400
DCM,2023-12-22 06:16:00,28.23441,28.23441,28.23441,28.23441,13300
DCM,2023-12-22 06:17:00,28.23441,28.23441,28.23441,28.23441,2800
DCM,2023-12-22 06:18:00,28.23441,28.23441,28.23441,28.23441,2300
DCM,2023-12-22 06:20:00,28.23441,28.23441,28.23441,28.23441,200
DCM,2023-12-22 06:22:00,28.23441,28.23441,28.23441,28.23441,5500
DCM,2023-12-22 06:23:00,28.23441,28.23441,28.23441,28.23441,4700
DCM,2023-12-22 06:24:00,28.23441,28.23441,28.23441,28.23441,1600
DCM,2023-12-22 06:25:00,28.23441,28.23441,28.23441,28.23441,10400
DCM,2023-12-22 06:26:00,28.23441,28.23441,28.23441,28.23441,3400
DCM,2023-12-22 06:27:00,28.27923,28.27923,28.27923,28.27923,400
DCM,2023-12-22 06:28:00,28.27923,28.27923,28.27923,28.27923,2400
DCM,2023-12-22 06:29:00,28.27923,28.27923,28.27923,28.27923,1100
DCM,2023-12-22 06:30:00,28.27923,28.27923,28.23441,28.23441,1500
DCM,2023-12-22 06:31:00,28.23441,28.23441,28.23441,28.23441,2100
DCM,2023-12-22 06:32:00,28.23441,28.23441,28.23441,28.23441,900
DCM,2023-12-22 06:35:00,28.23441,28.23441,28.23441,28.23441,3000
DCM,2023-12-22 06:36:00,28.23441,28.23441,28.23441,28.23441,1100
DCM,2023-12-22 06:37:00,28.27923,28.27923,28.27923,28.27923,200
DCM,2023-12-22 06:38:00,28.27923,28.27923,28.27923,28.27923,300
DCM,2023-12-22 06:39:00,28.27923,28.27923,28.27923,28.27923,5000
DCM,2023-12-22 06:40:00,28.27923,28.27923,28.27923,28.27923,100
DCM,2023-12-22 06:41:00,28.27923,28.27923,28.27923,28.27923,1700
DCM,2023-12-22 06:42:00,28.23441,28.27923,28.23441,28.27923,4300
DCM,2023-12-22 06:43:00,28.27923,28.27923,28.27923,28.27923,1000
DCM,2023-12-22 06:44:00,28.27923,28.27923,28.27923,28.27923,1200
DCM,2023-12-22 06:45:00,28.27923,28.27923,28.27923,28.27923,900
DCM,2023-12-22 06:46:00,28.27923,28.27923,28.23441,28.23441,2200
DCM,2023-12-22 06:47:00,28.23441,28.23441,28.23441,28.23441,2100
DCM,2023-12-22 06:48:00,28.27923,28.27923,28.27923,28.27923,1300
DCM,2023-12-22 06:49:00,28.27923,28.27923,28.27923,28.27923,800
DCM,2023-12-22 06:50:00,28.27923,28.27923,28.23441,28.23441,2800
DCM,2023-12-22 06:51:00,28.23441,28.23441,28.23441,28.23441,2900
DCM,2023-12-22 06:52:00,28.23441,28.23441,28.23441,28.23441,8400
DCM,2023-12-22 06:53:00,28.23441,28.23441,28.23441,28.23441,4700
DCM,2023-12-22 06:54:00,28.23441,28.23441,28.23441,28.23441,3000
DCM,2023-12-22 06:55:00,28.23441,28.23441,28.18959,28.18959,22700
DCM,2023-12-22 06:56:00,28.18959,28.18959,28.18959,28.18959,3400
DCM,2023-12-22 06:57:00,28.18959,28.18959,28.18959,28.18959,1300
DCM,2023-12-22 06:58:00,28.18959,28.18959,28.14478,28.14478,5200
DCM,2023-12-22 06:59:00,28.18959,28.18959,28.18959,28.18959,4600
DCM,2023-12-22 07:00:00,28.18959,28.18959,28.18959,28.18959,11600
DCM,2023-12-22 07:01:00,28.18959,28.18959,28.18959,28.18959,1500
DCM,2023-12-22 07:02:00,28.18959,28.18959,28.18959,28.18959,900
DCM,2023-12-22 07:03:00,28.18959,28.18959,28.18959,28.18959,13000
DCM,2023-12-22 07:04:00,28.23441,28.23441,28.23441,28.23441,600
DCM,2023-12-22 07:05:00,28.23441,28.23441,28.23441,28.23441,300
DCM,2023-12-22 07:06:00,28.23441,28.23441,28.18959,28.23441,1500
DCM,2023-12-22 07:07:00,28.18959,28.23441,28.18959,28.23441,2200
DCM,2023-12-22 07:08:00,28.18959,28.18959,28.14478,28.14478,4000
DCM,2023-12-22 07:09:00,28.23441,28.23441,28.23441,28.23441,100
DCM,2023-12-22 07:10:00,28.18959,28.18959,28.18959,28.18959,900
DCM,2023-12-22 07:11:00,28.18959,28.23441,28.18959,28.23441,2000
DCM,2023-12-22 07:12:00,28.23441,28.23441,28.23441,28.23441,700
DCM,2023-12-22 07:13:00,28.23441,28.23441,28.18959,28.18959,1200
DCM,2023-12-22 07:14:00,28.18959,28.18959,28.18959,28.18959,1000
DCM,2023-12-22 07:15:00,28.18959,28.18959,28.18959,28.18959,700
DCM,2023-12-22 07:16:00,28.18959,28.18959,28.14478,28.14478,1100
DCM,2023-12-22 07:17:00,28.14478,28.18959,28.14478,28.18959,4300
DCM,2023-12-22 07:18:00,28.18959,28.18959,28.14478,28.18959,2500
DCM,2023-12-22 07:19:00,28.14478,28.18959,28.14478,28.14478,11500
DCM,2023-12-22 07:20:00,28.14478,28.14478,28.09996,28.09996,47700
DCM,2023-12-22 07:21:00,28.09996,28.09996,28.05514,28.05514,46800
DCM,2023-12-22 07:22:00,28.09996,28.09996,28.01033,28.01033,6200
DCM,2023-12-22 07:23:00,28.05514,28.09996,28.01033,28.09996,7700
DCM,2023-12-22 07:24:00,28.09996,28.09996,28.09996,28.09996,15700
DCM,2023-12-22 07:25:00,28.09996,28.14478,28.05514,28.14478,12800
DCM,2023-12-22 07:26:00,28.14478,28.14478,28.14478,28.14478,1400
DCM,2023-12-22 07:27:00,28.14478,28.14478,28.09996,28.09996,3900
DCM,2023-12-22 07:28:00,28.14478,28.14478,28.09996,28.14478,7300
DCM,2023-12-22 07:29:00,28.14478,28.36886,28.14478,28.32404,83000
DCM,2023-12-22 07:45:00,28.32404,28.32404,28.32404,28.32404,132000
DCM,2023-12-25 02:15:00,28.45849,28.50331,28.45849,28.50331,3400
DCM,2023-12-25 02:16:00,28.50331,28.50331,28.45849,28.45849,4500
DCM,2023-12-25 02:17:00,28.45849,28.45849,28.45849,28.45849,3000
DCM,2023-12-25 02:18:00,28.45849,28.45849,28.45849,28.45849,2000
DCM,2023-12-25 02:19:00,28.45849,28.50331,28.45849,28.50331,1300
DCM,2023-12-25 02:20:00,28.45849,28.45849,28.45849,28.45849,600
DCM,2023-12-25 02:21:00,28.45849,28.45849,28.45849,28.45849,400
DCM,2023-12-25 02:22:00,28.41368,28.41368,28.41368,28.41368,100
DCM,2023-12-25 02:23:00,28.41368,28.41368,28.41368,28.41368,1000
DCM,2023-12-25 02:24:00,28.45849,28.45849,28.45849,28.45849,15000
DCM,2023-12-25 02:25:00,28.41368,28.41368,28.41368,28.41368,600
DCM,2023-12-25 02:26:00,28.36886,28.36886,28.36886,28.36886,1800
DCM,2023-12-25 02:27:00,28.32404,28.32404,28.32404,28.32404,4000
DCM,2023-12-25 02:28:00,28.32404,28.32404,28.32404,28.32404,3700
DCM,2023-12-25 02:29:00,28.27923,28.27923,28.27923,28.27923,500
DCM,2023-12-25 02:30:00,28.27923,28.27923,28.27923,28.27923,200
DCM,2023-12-25 02:31:00,28.27923,28.27923,28.27923,28.27923,200
DCM,2023-12-25 02:32:00,28.27923,28.27923,28.27923,28.27923,300
DCM,2023-12-25 02:33:00,28.27923,28.27923,28.27923,28.27923,700
DCM,2023-12-25 02:34:00,28.27923,28.27923,28.27923,28.27923,2500
DCM,2023-12-25 02:35:00,28.27923,28.32404,28.23441,28.32404,2000
DCM,2023-12-25 02:36:00,28.32404,28.32404,28.32404,28.32404,20200
DCM,2023-12-25 02:37:00,28.32404,28.32404,28.27923,28.27923,8200
DCM,2023-12-25 02:38:00,28.27923,28.27923,28.27923,28.27923,6100
DCM,2023-12-25 02:39:00,28.27923,28.36886,28.27923,28.36886,5300
DCM,2023-12-25 02:40:00,28.36886,28.41368,28.36886,28.41368,2400
DCM,2023-12-25 02:41:00,28.41368,28.41368,28.36886,28.36886,6300
DCM,2023-12-25 02:42:00,28.36886,28.41368,28.36886,28.41368,2600
DCM,2023-12-25 02:43:00,28.41368,28.41368,28.41368,28.41368,2200
DCM,2023-12-25 02:44:00,28.41368,28.41368,28.41368,28.41368,1100
DCM,2023-12-25 02:45:00,28.41368,28.41368,28.36886,28.36886,2000
DCM,2023-12-25 02:46:00,28.36886,28.36886,28.36886,28.36886,4000
DCM,2023-12-25 02:47:00,28.36886,28.36886,28.36886,28.36886,2500
DCM,2023-12-25 02:48:00,28.36886,28.36886,28.36886,28.36886,2300
DCM,2023-12-25 02:49:00,28.36886,28.41368,28.36886,28.41368,2800
DCM,2023-12-25 02:50:00,28.41368,28.41368,28.41368,28.41368,2800
DCM,2023-12-25 02:51:00,28.41368,28.41368,28.41368,28.41368,3600
DCM,2023-12-25 02:52:00,28.41368,28.41368,28.41368,28.41368,800
DCM,2023-12-25 02:53:00,28.36886,28.41368,28.36886,28.36886,17800
DCM,2023-12-25 02:54:00,28.36886,28.36886,28.36886,28.36886,700
DCM,2023-12-25 02:55:00,28.32404,28.36886,28.32404,28.36886,3700
DCM,2023-12-25 02:56:00,28.36886,28.36886,28.36886,28.36886,1000
DCM,2023-12-25 02:58:00,28.36886,28.36886,28.32404,28.36886,1800
DCM,2023-12-25 02:59:00,28.32404,28.32404,28.32404,28.32404,1000
DCM,2023-12-25 03:00:00,28.32404,28.32404,28.32404,28.32404,1000
DCM,2023-12-25 03:01:00,28.32404,28.32404,28.32404,28.32404,4200
DCM,2023-12-25 03:02:00,28.32404,28.36886,28.32404,28.36886,2100
DCM,2023-12-25 03:03:00,28.32404,28.32404,28.32404,28.32404,1000
DCM,2023-12-25 03:05:00,28.32404,28.32404,28.32404,28.32404,5600
DCM,2023-12-25 03:06:00,28.32404,28.32404,28.32404,28.32404,16900
DCM,2023-12-25 03:07:00,28.32404,28.32404,28.32404,28.32404,500
DCM,2023-12-25 03:08:00,28.32404,28.32404,28.32404,28.32404,2100
DCM,2023-12-25 03:09:00,28.32404,28.32404,28.32404,28.32404,9000
DCM,2023-12-25 03:10:00,28.27923,28.27923,28.27923,28.27923,5000
DCM,2023-12-25 03:11:00,28.27923,28.27923,28.27923,28.27923,10800
DCM,2023-12-25 03:12:00,28.27923,28.27923,28.27923,28.27923,400
DCM,2023-12-25 03:13:00,28.32404,28.32404,28.32404,28.32404,2200
DCM,2023-12-25 03:14:00,28.32404,28.32404,28.32404,28.32404,11500
DCM,2023-12-25 03:15:00,28.32404,28.36886,28.32404,28.36886,2800
DCM,2023-12-25 03:17:00,28.32404,28.32404,28.32404,28.32404,6600
DCM,2023-12-25 03:18:00,28.32404,28.32404,28.32404,28.32404,7500
DCM,2023-12-25 03:19:00,28.32404,28.32404,28.32404,28.32404,3200
DCM,2023-12-25 03:21:00,28.32404,28.32404,28.32404,28.32404,11400
DCM,2023-12-25 03:22:00,28.32404,28.32404,28.32404,28.32404,1000
DCM,2023-12-25 03:23:00,28.32404,28.32404,28.32404,28.32404,300
DCM,2023-12-25 03:24:00,28.32404,28.32404,28.32404,28.32404,6000
DCM,2023-12-25 03:25:00,28.32404,28.32404,28.32404,28.32404,4900
DCM,2023-12-25 03:26:00,28.32404,28.32404,28.32404,28.32404,3700
DCM,2023-12-25 03:27:00,28.32404,28.32404,28.32404,28.32404,3900
DCM,2023-12-25 03:28:00,28.32404,28.32404,28.27923,28.27923,19100
DCM,2023-12-25 03:29:00,28.27923,28.32404,28.27923,28.32404,20600
DCM,2023-12-25 03:30:00,28.36886,28.36886,28.36886,28.36886,1200
DCM,2023-12-25 03:31:00,28.36886,28.36886,28.36886,28.36886,800
DCM,2023-12-25 03:32:00,28.36886,28.36886,28.32404,28.32404,19100
DCM,2023-12-25 03:34:00,28.36886,28.36886,28.36886,28.36886,100
DCM,2023-12-25 03:35:00,28.32404,28.32404,28.32404,28.32404,1000
DCM,2023-12-25 03:36:00,28.32404,28.32404,28.32404,28.32404,1400
DCM,2023-12-25 03:37:00,28.32404,28.36886,28.32404,28.32404,5100
DCM,2023-12-25 03:38:00,28.36886,28.36886,28.36886,28.36886,13900
DCM,2023-12-25 03:39:00,28.41368,28.41368,28.41368,28.41368,600
DCM,2023-12-25 03:40:00,28.41368,28.41368,28.41368,28.41368,5000
DCM,2023-12-25 03:41:00,28.36886,28.41368,28.36886,28.41368,2300
DCM,2023-12-25 03:42:00,28.41368,28.41368,28.41368,28.41368,25200
DCM,2023-12-25 03:43:00,28.41368,28.41368,28.41368,28.41368,3200
DCM,2023-12-25 03:44:00,28.41368,28.45849,28.41368,28.45849,5000
DCM,2023-12-25 03:45:00,28.45849,28.45849,28.45849,28.45849,4500
DCM,2023-12-25 03:46:00,28.45849,28.45849,28.41368,28.45849,5200
DCM,2023-12-25 03:47:00,28.45849,28.45849,28.45849,28.45849,4200
DCM,2023-12-25 03:48:00,28.45849,28.45849,28.45849,28.45849,100
DCM,2023-12-25 03:49:00,28.45849,28.50331,28.45849,28.50331,1300
DCM,2023-12-25 03:50:00,28.50331,28.50331,28.45849,28.50331,7600
DCM,2023-12-25 03:51:00,28.50331,28.50331,28.50331,28.50331,1200
DCM,2023-12-25 03:52:00,28.50331,28.50331,28.50331,28.50331,700
DCM,2023-12-25 03:53:00,28.50331,28.50331,28.50331,28.50331,900
DCM,2023-12-25 03:54:00,28.50331,28.50331,28.45849,28.50331,3500
DCM,2023-12-25 03:55:00,28.50331,28.50331,28.50331,28.50331,5800
DCM,2023-12-25 03:56:00,28.50331,28.50331,28.50331,28.50331,300
DCM,2023-12-25 03:57:00,28.45849,28.50331,28.45849,28.50331,3400
DCM,2023-12-25 03:58:00,28.50331,28.50331,28.45849,28.45849,12200
DCM,2023-12-25 03:59:00,28.45849,28.45849,28.45849,28.45849,2500
DCM,2023-12-25 04:00:00,28.45849,28.54813,28.45849,28.54813,31700
DCM,2023-12-25 04:01:00,28.54813,28.54813,28.54813,28.54813,1200
DCM,2023-12-25 04:02:00,28.54813,28.54813,28.54813,28.54813,1700
DCM,2023-12-25 04:03:00,28.45849,28.45849,28.45849,28.45849,800
DCM,2023-12-25 04:04:00,28.54813,28.54813,28.50331,28.50331,8200
DCM,2023-12-25 04:05:00,28.54813,28.54813,28.54813,28.54813,1900
DCM,2023-12-25 04:06:00,28.54813,28.54813,28.54813,28.54813,1800
DCM,2023-12-25 04:07:00,28.54813,28.54813,28.50331,28.54813,11500
DCM,2023-12-25 04:08:00,28.54813,28.54813,28.54813,28.54813,4600
DCM,2023-12-25 04:09:00,28.54813,28.54813,28.54813,28.54813,19500
DCM,2023-12-25 04:10:00,28.54813,28.54813,28.54813,28.54813,2300
DCM,2023-12-25 04:11:00,28.54813,28.54813,28.54813,28.54813,2900
DCM,2023-12-25 04:12:00,28.54813,28.54813,28.54813,28.54813,800
DCM,2023-12-25 04:13:00,28.59294,28.59294,28.59294,28.59294,2400
DCM,2023-12-25 04:14:00,28.59294,28.59294,28.59294,28.59294,32300
DCM,2023-12-25 04:15:00,28.59294,28.59294,28.59294,28.59294,7500
DCM,2023-12-25 04:16:00,28.63776,28.63776,28.63776,28.63776,2500
DCM,2023-12-25 04:17:00,28.63776,28.63776,28.59294,28.59294,13600
DCM,2023-12-25 04:18:00,28.59294,28.59294,28.59294,28.59294,1300
DCM,2023-12-25 04:19:00,28.59294,28.59294,28.54813,28.54813,21800
DCM,2023-12-25 04:20:00,28.54813,28.54813,28.54813,28.54813,5400
DCM,2023-12-25 04:21:00,28.54813,28.54813,28.54813,28.54813,100
DCM,2023-12-25 04:22:00,28.54813,28.54813,28.54813,28.54813,300
DCM,2023-12-25 04:23:00,28.59294,28.59294,28.54813,28.54813,2500
DCM,2023-12-25 04:24:00,28.54813,28.59294,28.54813,28.59294,2200
DCM,2023-12-25 04:26:00,28.54813,28.54813,28.54813,28.54813,800
DCM,2023-12-25 04:27:00,28.59294,28.59294,28.54813,28.54813,5100
DCM,2023-12-25 04:28:00,28.54813,28.59294,28.54813,28.59294,8900
DCM,2023-12-25 04:29:00,28.59294,28.59294,28.59294,28.59294,1300
DCM,2023-12-25 06:00:00,28.54813,28.59294,28.54813,28.54813,16400
DCM,2023-12-25 06:01:00,28.54813,28.59294,28.54813,28.54813,12500
DCM,2023-12-25 06:02:00,28.50331,28.50331,28.50331,28.50331,2900
DCM,2023-12-25 06:03:00,28.50331,28.50331,28.50331,28.50331,5800
DCM,2023-12-25 06:04:00,28.50331,28.50331,28.50331,28.50331,5900
DCM,2023-12-25 06:05:00,28.50331,28.50331,28.50331,28.50331,5800
DCM,2023-12-25 06:06:00,28.50331,28.59294,28.50331,28.59294,15800
DCM,2023-12-25 06:07:00,28.50331,28.50331,28.50331,28.50331,5800
DCM,2023-12-25 06:08:00,28.50331,28.54813,28.50331,28.50331,7300
DCM,2023-12-25 06:09:00,28.50331,28.54813,28.50331,28.54813,7800
DCM,2023-12-25 06:10:00,28.50331,28.50331,28.50331,28.50331,8800
DCM,2023-12-25 06:11:00,28.50331,28.50331,28.50331,28.50331,5800
DCM,2023-12-25 06:12:00,28.50331,28.54813,28.50331,28.54813,11900
DCM,2023-12-25 06:13:00,28.54813,28.54813,28.50331,28.50331,7600
DCM,2023-12-25 06:14:00,28.50331,28.50331,28.50331,28.50331,5800
DCM,2023-12-25 06:15:00,28.54813,28.54813,28.50331,28.50331,6800
DCM,2023-12-25 06:16:00,28.50331,28.50331,28.50331,28.50331,6300
DCM,2023-12-25 06:17:00,28.50331,28.50331,28.50331,28.50331,5800
DCM,2023-12-25 06:18:00,28.50331,28.50331,28.50331,28.50331,19600
DCM,2023-12-25 06:19:00,28.50331,28.54813,28.45849,28.50331,11900
DCM,2023-12-25 06:20:00,28.45849,28.50331,28.45849,28.50331,7800
DCM,2023-12-25 06:21:00,28.50331,28.50331,28.45849,28.45849,9700
DCM,2023-12-25 06:22:00,28.45849,28.50331,28.45849,28.50331,6400
DCM,2023-12-25 06:23:00,28.45849,28.45849,28.45849,28.45849,6000
DCM,2023-12-25 06:24:00,28.45849,28.50331,28.45849,28.50331,22500
DCM,2023-12-25 06:25:00,28.50331,28.50331,28.45849,28.50331,9500
DCM,2023-12-25 06:26:00,28.45849,28.50331,28.45849,28.50331,16400
DCM,2023-12-25 06:27:00,28.50331,28.54813,28.50331,28.50331,6100
DCM,2023-12-25 06:28:00,28.50331,28.54813,28.50331,28.54813,7000
DCM,2023-12-25 06:29:00,28.54813,28.54813,28.45849,28.50331,8300
DCM,2023-12-25 06:30:00,28.50331,28.50331,28.45849,28.50331,9500
DCM,2023-12-25 06:31:00,28.50331,28.50331,28.45849,28.45849,6000
DCM,2023-12-25 06:32:00,28.45849,28.50331,28.45849,28.50331,6400
DCM,2023-12-25 06:33:00,28.50331,28.50331,28.45849,28.45849,16200
DCM,2023-12-25 06:34:00,28.45849,28.50331,28.45849,28.50331,6300
DCM,2023-12-25 06:35:00,28.45849,28.50331,28.45849,28.45849,9600
DCM,2023-12-25 06:36:00,28.45849,28.45849,28.45849,28.45849,6000
DCM,2023-12-25 06:37:00,28.45849,28.45849,28.45849,28.45849,16400
DCM,2023-12-25 06:38:00,28.41368,28.41368,28.41368,28.41368,6000
DCM,2023-12-25 06:39:00,28.41368,28.45849,28.41368,28.41368,6200
DCM,2023-12-25 06:40:00,28.41368,28.45849,28.41368,28.41368,31400
DCM,2023-12-25 06:41:00,28.41368,28.41368,28.41368,28.41368,19700
DCM,2023-12-25 06:42:00,28.41368,28.41368,28.41368,28.41368,8900
DCM,2023-12-25 06:43:00,28.41368,28.41368,28.36886,28.36886,7600
DCM,2023-12-25 06:44:00,28.36886,28.36886,28.36886,28.36886,6000
DCM,2023-12-25 06:45:00,28.36886,28.36886,28.36886,28.36886,6000
DCM,2023-12-25 06:46:00,28.36886,28.36886,28.36886,28.36886,6000
DCM,2023-12-25 06:47:00,28.36886,28.36886,28.36886,28.36886,15500
DCM,2023-12-25 06:48:00,28.36886,28.36886,28.36886,28.36886,12300
DCM,2023-12-25 06:49:00,28.36886,28.36886,28.32404,28.36886,6300
DCM,2023-12-25 06:50:00,28.32404,28.36886,28.32404,28.32404,6500
DCM,2023-12-25 06:51:00,28.32404,28.36886,28.32404,28.36886,6000
DCM,2023-12-25 06:52:00,28.36886,28.41368,28.36886,28.41368,6400
DCM,2023-12-25 06:53:00,28.32404,28.32404,28.32404,28.32404,12300
DCM,2023-12-25 06:54:00,28.32404,28.36886,28.32404,28.36886,10100
DCM,2023-12-25 06:55:00,28.32404,28.36886,28.32404,28.36886,8100
DCM,2023-12-25 06:56:00,28.36886,28.41368,28.36886,28.36886,8900
DCM,2023-12-25 06:57:00,28.36886,28.36886,28.36886,28.36886,6000
DCM,2023-12-25 06:58:00,28.36886,28.36886,28.36886,28.36886,6500
DCM,2023-12-25 06:59:00,28.36886,28.41368,28.36886,28.41368,6000
DCM,2023-12-25 07:00:00,28.41368,28.41368,28.36886,28.41368,7700
DCM,2023-12-25 07:01:00,28.41368,28.41368,28.36886,28.36886,25500
DCM,2023-12-25 07:02:00,28.36886,28.36886,28.36886,28.36886,6000
DCM,2023-12-25 07:03:00,28.41368,28.41368,28.36886,28.41368,11700
DCM,2023-12-25 07:04:00,28.41368,28.45849,28.36886,28.45849,11200
DCM,2023-12-25 07:05:00,28.45849,28.50331,28.36886,28.36886,11800
DCM,2023-12-25 07:06:00,28.41368,28.45849,28.36886,28.36886,8700
DCM,2023-12-25 07:07:00,28.36886,28.36886,28.36886,28.36886,6100
DCM,2023-12-25 07:08:00,28.36886,28.36886,28.36886,28.36886,16100
DCM,2023-12-25 07:09:00,28.41368,28.41368,28.36886,28.41368,6300
DCM,2023-12-25 07:10:00,28.41368,28.41368,28.36886,28.36886,14000
DCM,2023-12-25 07:11:00,28.36886,28.36886,28.36886,28.36886,6200
DCM,2023-12-25 07:12:00,28.36886,28.36886,28.36886,28.36886,15500
DCM,2023-12-25 07:13:00,28.32404,28.41368,28.32404,28.41368,11500
DCM,2023-12-25 07:14:00,28.41368,28.41368,28.41368,28.41368,7200
DCM,2023-12-25 07:15:00,28.41368,28.41368,28.41368,28.41368,7500
DCM,2023-12-25 07:16:00,28.41368,28.41368,28.41368,28.41368,8500
DCM,2023-12-25 07:17:00,28.41368,28.41368,28.41368,28.41368,7000
DCM,2023-12-25 07:18:00,28.41368,28.41368,28.41368,28.41368,7400
DCM,2023-12-25 07:19:00,28.41368,28.41368,28.36886,28.36886,6500
DCM,2023-12-25 07:20:00,28.36886,28.41368,28.36886,28.41368,8700
DCM,2023-12-25 07:21:00,28.41368,28.41368,28.41368,28.41368,15200
DCM,2023-12-25 07:22:00,28.41368,28.41368,28.36886,28.41368,8900
DCM,2023-12-25 07:23:00,28.41368,28.41368,28.32404,28.32404,73500
DCM,2023-12-25 07:24:00,28.36886,28.41368,28.36886,28.36886,8000
DCM,2023-12-25 07:25:00,28.41368,28.41368,28.36886,28.41368,10300
DCM,2023-12-25 07:26:00,28.41368,28.41368,28.36886,28.41368,9300
DCM,2023-12-25 07:27:00,28.41368,28.45849,28.41368,28.45849,12500
DCM,2023-12-25 07:28:00,28.45849,28.45849,28.41368,28.41368,11300
DCM,2023-12-25 07:29:00,28.41368,28.45849,28.41368,28.41368,7300
DCM,2023-12-25 07:45:00,28.50331,28.50331,28.50331,28.50331,114900
DCM,2023-12-26 02:15:00,28.50331,28.50331,28.50331,28.50331,8100
DCM,2023-12-26 02:17:00,28.50331,28.59294,28.50331,28.54813,3500
DCM,2023-12-26 02:18:00,28.54813,28.59294,28.54813,28.59294,5200
DCM,2023-12-26 02:19:00,28.59294,28.59294,28.59294,28.59294,5600
DCM,2023-12-26 02:20:00,28.59294,28.63776,28.59294,28.59294,5300
DCM,2023-12-26 02:21:00,28.59294,28.63776,28.59294,28.63776,9600
DCM,2023-12-26 02:22:00,28.68258,28.68258,28.68258,28.68258,34600
DCM,2023-12-26 02:23:00,28.68258,28.72739,28.68258,28.72739,2900
DCM,2023-12-26 02:24:00,28.72739,28.77221,28.72739,28.77221,20000
DCM,2023-12-26 02:25:00,28.72739,28.77221,28.68258,28.68258,22900
DCM,2023-12-26 02:26:00,28.68258,28.68258,28.68258,28.68258,4500
DCM,2023-12-26 02:27:00,28.68258,28.68258,28.68258,28.68258,17100
DCM,2023-12-26 02:28:00,28.63776,28.68258,28.63776,28.63776,28700
DCM,2023-12-26 02:29:00,28.63776,28.63776,28.63776,28.63776,2700
DCM,2023-12-26 02:30:00,28.63776,28.63776,28.63776,28.63776,7600
DCM,2023-12-26 02:31:00,28.63776,28.63776,28.59294,28.63776,5600
DCM,2023-12-26 02:32:00,28.63776,28.63776,28.63776,28.63776,10700
DCM,2023-12-26 02:33:00,28.63776,28.63776,28.59294,28.59294,7800
DCM,2023-12-26 02:34:00,28.59294,28.63776,28.59294,28.63776,10100
DCM,2023-12-26 02:35:00,28.59294,28.68258,28.59294,28.68258,21200
DCM,2023-12-26 02:36:00,28.63776,28.63776,28.63776,28.63776,2100
DCM,2023-12-26 02:37:00,28.68258,28.68258,28.68258,28.68258,9700
DCM,2023-12-26 02:38:00,28.68258,28.68258,28.68258,28.68258,7400
DCM,2023-12-26 02:39:00,28.68258,28.68258,28.68258,28.68258,3100
DCM,2023-12-26 02:40:00,28.68258,28.77221,28.68258,28.77221,68800
DCM,2023-12-26 02:41:00,28.77221,28.86184,28.77221,28.86184,43100
DCM,2023-12-26 02:42:00,28.86184,28.95148,28.86184,28.95148,62200
DCM,2023-12-26 02:43:00,28.95148,28.95148,28.90666,28.95148,43200
DCM,2023-12-26 02:44:00,28.95148,28.95148,28.90666,28.95148,8300
DCM,2023-12-26 02:45:00,28.90666,28.95148,28.86184,28.86184,25200
DCM,2023-12-26 02:46:00,28.86184,28.86184,28.81703,28.81703,13500
DCM,2023-12-26 02:47:00,28.81703,28.81703,28.81703,28.81703,9200
DCM,2023-12-26 02:48:00,28.81703,28.86184,28.81703,28.86184,16700
DCM,2023-12-26 02:49:00,28.86184,28.86184,28.86184,28.86184,7900
DCM,2023-12-26 02:50:00,28.86184,28.86184,28.81703,28.81703,12900
DCM,2023-12-26 02:51:00,28.86184,28.86184,28.81703,28.86184,17800
DCM,2023-12-26 02:52:00,28.86184,28.86184,28.86184,28.86184,11400
DCM,2023-12-26 02:53:00,28.86184,28.86184,28.81703,28.81703,2700
DCM,2023-12-26 02:54:00,28.81703,28.81703,28.81703,28.81703,6300
DCM,2023-12-26 02:55:00,28.81703,28.86184,28.81703,28.86184,2000
DCM,2023-12-26 02:56:00,28.86184,28.86184,28.86184,28.86184,3600
DCM,2023-12-26 02:57:00,28.86184,28.86184,28.81703,28.81703,1700
DCM,2023-12-26 02:58:00,28.81703,28.86184,28.81703,28.86184,2300
DCM,2023-12-26 02:59:00,28.86184,28.86184,28.86184,28.86184,10000
DCM,2023-12-26 03:00:00,28.86184,28.86184,28.81703,28.81703,10900
DCM,2023-12-26 03:01:00,28.81703,28.86184,28.81703,28.86184,52900
DCM,2023-12-26 03:02:00,28.86184,28.86184,28.86184,28.86184,2300
DCM,2023-12-26 03:03:00,28.86184,28.86184,28.86184,28.86184,900
DCM,2023-12-26 03:04:00,28.86184,28.86184,28.86184,28.86184,1000
DCM,2023-12-26 03:05:00,28.86184,28.90666,28.86184,28.90666,6600
DCM,2023-12-26 03:06:00,28.90666,28.90666,28.90666,28.90666,3300
DCM,2023-12-26 03:07:00,28.90666,28.90666,28.90666,28.90666,2100
DCM,2023-12-26 03:08:00,28.90666,28.90666,28.86184,28.86184,1600
DCM,2023-12-26 03:09:00,28.86184,28.90666,28.86184,28.90666,2900
DCM,2023-12-26 03:10:00,28.90666,28.90666,28.86184,28.86184,2400
DCM,2023-12-26 03:11:00,28.86184,28.90666,28.86184,28.86184,8100
DCM,2023-12-26 03:12:00,28.86184,28.86184,28.86184,28.86184,42000
DCM,2023-12-26 03:13:00,28.86184,28.86184,28.86184,28.86184,9500
DCM,2023-12-26 03:14:00,28.86184,28.90666,28.86184,28.90666,17200
DCM,2023-12-26 03:15:00,28.86184,28.86184,28.86184,28.86184,400
DCM,2023-12-26 03:16:00,28.86184,28.90666,28.86184,28.86184,12900
DCM,2023-12-26 03:17:00,28.86184,28.86184,28.86184,28.86184,2300
DCM,2023-12-26 03:18:00,28.86184,28.90666,28.86184,28.90666,5600
DCM,2023-12-26 03:19:00,28.90666,28.90666,28.90666,28.90666,2000
DCM,2023-12-26 03:20:00,28.90666,28.90666,28.90666,28.90666,2100
DCM,2023-12-26 03:21:00,28.90666,28.90666,28.86184,28.90666,2500
DCM,2023-12-26 03:22:00,28.90666,28.90666,28.90666,28.90666,4000
DCM,2023-12-26 03:23:00,28.90666,28.90666,28.90666,28.90666,1000
DCM,2023-12-26 03:24:00,28.90666,28.90666,28.86184,28.86184,2900
DCM,2023-12-26 03:25:00,28.86184,28.86184,28.86184,28.86184,9500
DCM,2023-12-26 03:26:00,28.90666,28.90666,28.86184,28.86184,4400
DCM,2023-12-26 03:27:00,28.86184,28.86184,28.86184,28.86184,38800
DCM,2023-12-26 03:28:00,28.86184,28.86184,28.86184,28.86184,3400
DCM,2023-12-26 03:29:00,28.86184,28.86184,28.86184,28.86184,7300
DCM,2023-12-26 03:30:00,28.86184,28.86184,28.81703,28.81703,55000
DCM,2023-12-26 03:31:00,28.81703,28.86184,28.81703,28.86184,3100
DCM,2023-12-26 03:32:00,28.86184,28.86184,28.86184,28.86184,4800
DCM,2023-12-26 03:33:00,28.86184,28.86184,28.86184,28.86184,2000
DCM,2023-12-26 03:34:00,28.86184,28.86184,28.86184,28.86184,1900
DCM,2023-12-26 03:35:00,28.86184,28.86184,28.86184,28.86184,1900
DCM,2023-12-26 03:36:00,28.81703,28.81703,28.81703,28.81703,3600
DCM,2023-12-26 03:37:00,28.81703,28.86184,28.81703,28.86184,9500
DCM,2023-12-26 03:38:00,28.86184,28.86184,28.86184,28.86184,2900
DCM,2023-12-26 03:39:00,28.86184,28.86184,28.86184,28.86184,1900
DCM,2023-12-26 03:40:00,28.86184,28.86184,28.86184,28.86184,11900
DCM,2023-12-26 03:41:00,28.86184,28.86184,28.86184,28.86184,1900
DCM,2023-12-26 03:42:00,28.86184,28.86184,28.86184,28.86184,7900
DCM,2023-12-26 03:43:00,28.81703,28.86184,28.81703,28.86184,40800
DCM,2023-12-26 03:44:00,28.81703,28.81703,28.81703,28.81703,1900
DCM,2023-12-26 03:45:00,28.81703,28.81703,28.81703,28.81703,5200
DCM,2023-12-26 03:46:00,28.81703,28.81703,28.81703,28.81703,300
DCM,2023-12-26 03:47:00,28.81703,28.81703,28.81703,28.81703,5000
DCM,2023-12-26 03:48:00,28.81703,28.81703,28.81703,28.81703,4500
DCM,2023-12-26 03:49:00,28.81703,28.81703,28.81703,28.81703,2000
DCM,2023-12-26 03:50:00,28.81703,28.81703,28.81703,28.81703,9000
DCM,2023-12-26 03:51:00,28.81703,28.81703,28.81703,28.81703,4100
DCM,2023-12-26 03:52:00,28.81703,28.81703,28.77221,28.77221,9100
DCM,2023-12-26 03:53:00,28.77221,28.81703,28.77221,28.81703,7700
DCM,2023-12-26 03:56:00,28.81703,28.81703,28.81703,28.81703,500
DCM,2023-12-26 03:57:00,28.86184,28.86184,28.86184,28.86184,11900
DCM,2023-12-26 03:58:00,28.86184,28.86184,28.86184,28.86184,6100
DCM,2023-12-26 03:59:00,28.86184,28.86184,28.81703,28.86184,5300
DCM,2023-12-26 04:00:00,28.86184,28.86184,28.81703,28.81703,20500
DCM,2023-12-26 04:01:00,28.86184,28.86184,28.81703,28.81703,8100
DCM,2023-12-26 04:02:00,28.81703,28.86184,28.81703,28.86184,19000
DCM,2023-12-26 04:03:00,28.81703,28.86184,28.81703,28.86184,1400
DCM,2023-12-26 04:04:00,28.86184,28.86184,28.86184,28.86184,4000
DCM,2023-12-26 04:05:00,28.86184,28.86184,28.81703,28.81703,2700
DCM,2023-12-26 04:06:00,28.86184,28.86184,28.86184,28.86184,1700
DCM,2023-12-26 04:07:00,28.81703,28.81703,28.81703,28.81703,2700
DCM,2023-12-26 04:08:00,28.81703,28.86184,28.81703,28.81703,4000
DCM,2023-12-26 04:09:00,28.81703,28.81703,28.81703,28.81703,400
DCM,2023-12-26 04:10:00,28.81703,28.86184,28.81703,28.86184,3000
DCM,2023-12-26 04:11:00,28.86184,28.86184,28.81703,28.86184,2600
DCM,2023-12-26 04:12:00,28.86184,28.86184,28.86184,28.86184,1900
DCM,2023-12-26 04:13:00,28.86184,28.86184,28.86184,28.86184,1900
DCM,2023-12-26 04:14:00,28.86184,28.86184,28.81703,28.86184,15800
DCM,2023-12-26 04:15:00,28.81703,28.81703,28.81703,28.81703,1500
DCM,2023-12-26 04:16:00,28.81703,28.81703,28.81703,28.81703,500
DCM,2023-12-26 04:17:00,28.81703,28.81703,28.81703,28.81703,400
DCM,2023-12-26 04:18:00,28.81703,28.81703,28.81703,28.81703,500
DCM,2023-12-26 04:20:00,28.86184,28.86184,28.86184,28.86184,10000
DCM,2023-12-26 04:21:00,28.86184,28.86184,28.81703,28.86184,4100
DCM,2023-12-26 04:22:00,28.86184,28.86184,28.81703,28.81703,5600
DCM,2023-12-26 04:24:00,28.81703,28.81703,28.81703,28.81703,5000
DCM,2023-12-26 04:25:00,28.81703,28.81703,28.81703,28.81703,5000
DCM,2023-12-26 04:27:00,28.81703,28.81703,28.81703,28.81703,1000
DCM,2023-12-26 04:28:00,28.81703,28.81703,28.81703,28.81703,32000
DCM,2023-12-26 04:29:00,28.81703,28.81703,28.81703,28.81703,28000
DCM,2023-12-26 06:00:00,28.81703,28.81703,28.81703,28.81703,4500
DCM,2023-12-26 06:01:00,28.81703,28.81703,28.81703,28.81703,1600
DCM,2023-12-26 06:03:00,28.81703,28.81703,28.81703,28.81703,2200
DCM,2023-12-26 06:05:00,28.81703,28.86184,28.81703,28.86184,1800
DCM,2023-12-26 06:06:00,28.86184,28.86184,28.81703,28.81703,16200
DCM,2023-12-26 06:07:00,28.81703,28.81703,28.81703,28.81703,100
DCM,2023-12-26 06:08:00,28.81703,28.81703,28.81703,28.81703,10700
DCM,2023-12-26 06:10:00,28.86184,28.86184,28.86184,28.86184,24700
DCM,2023-12-26 06:11:00,28.86184,28.86184,28.86184,28.86184,2400
DCM,2023-12-26 06:12:00,28.86184,28.86184,28.86184,28.86184,3900
DCM,2023-12-26 06:13:00,28.86184,28.86184,28.86184,28.86184,2300
DCM,2023-12-26 06:14:00,28.86184,28.86184,28.86184,28.86184,4200
DCM,2023-12-26 06:15:00,28.86184,28.86184,28.81703,28.81703,5500
DCM,2023-12-26 06:16:00,28.86184,28.86184,28.86184,28.86184,4200
DCM,2023-12-26 06:17:00,28.90666,28.90666,28.90666,28.90666,23500
DCM,2023-12-26 06:18:00,28.90666,28.90666,28.90666,28.90666,1900
DCM,2023-12-26 06:19:00,28.90666,28.90666,28.86184,28.86184,1400
DCM,2023-12-26 06:20:00,28.86184,28.86184,28.86184,28.86184,500
DCM,2023-12-26 06:21:00,28.86184,28.86184,28.86184,28.86184,1900
DCM,2023-12-26 06:22:00,28.86184,28.90666,28.86184,28.90666,3000
DCM,2023-12-26 06:23:00,28.90666,28.90666,28.86184,28.86184,38000
DCM,2023-12-26 06:24:00,28.86184,28.86184,28.81703,28.86184,6000
DCM,2023-12-26 06:25:00,28.86184,28.86184,28.86184,28.86184,7400
DCM,2023-12-26 06:26:00,28.86184,28.86184,28.86184,28.86184,7900
DCM,2023-12-26 06:27:00,28.86184,28.86184,28.86184,28.86184,8600
DCM,2023-12-26 06:28:00,28.86184,28.86184,28.86184,28.86184,400
DCM,2023-12-26 06:29:00,28.86184,28.86184,28.86184,28.86184,1400
DCM,2023-12-26 06:30:00,28.86184,28.86184,28.86184,28.86184,1500
DCM,2023-12-26 06:31:00,28.86184,28.86184,28.86184,28.86184,17000
DCM,2023-12-26 06:32:00,28.86184,28.86184,28.86184,28.86184,6200
DCM,2023-12-26 06:33:00,28.86184,28.86184,28.86184,28.86184,8900
DCM,2023-12-26 06:34:00,28.86184,28.86184,28.81703,28.86184,10200
DCM,2023-12-26 06:35:00,28.86184,28.86184,28.86184,28.86184,700
DCM,2023-12-26 06:36:00,28.86184,28.86184,28.86184,28.86184,4600
DCM,2023-12-26 06:37:00,28.86184,28.86184,28.81703,28.81703,20300
DCM,2023-12-26 06:38:00,28.86184,28.86184,28.86184,28.86184,1800
DCM,2023-12-26 06:39:00,28.86184,28.86184,28.86184,28.86184,17800
DCM,2023-12-26 06:40:00,28.86184,28.86184,28.86184,28.86184,5400
DCM,2023-12-26 06:41:00,28.81703,28.86184,28.81703,28.86184,7600
DCM,2023-12-26 06:42:00,28.86184,28.90666,28.86184,28.86184,62900
DCM,2023-12-26 06:43:00,28.90666,28.90666,28.86184,28.90666,12500
DCM,2023-12-26 06:44:00,28.90666,28.95148,28.90666,28.95148,12600
DCM,2023-12-26 06:45:00,28.90666,28.95148,28.90666,28.90666,44400
DCM,2023-12-26 06:46:00,28.86184,28.90666,28.86184,28.90666,26500
DCM,2023-12-26 06:47:00,28.90666,28.90666,28.90666,28.90666,6900
DCM,2023-12-26 06:48:00,28.90666,28.90666,28.86184,28.86184,1900
DCM,2023-12-26 06:49:00,28.86184,28.90666,28.86184,28.90666,2200
DCM,2023-12-26 06:50:00,28.90666,28.90666,28.86184,28.86184,2300
DCM,2023-12-26 06:53:00,28.86184,28.86184,28.86184,28.86184,600
DCM,2023-12-26 06:54:00,28.86184,28.86184,28.86184,28.86184,10700
DCM,2023-12-26 06:55:00,28.86184,28.86184,28.86184,28.86184,600
DCM,2023-12-26 06:56:00,28.86184,28.86184,28.86184,28.86184,2200
DCM,2023-12-26 06:57:00,28.86184,28.86184,28.86184,28.86184,7300
DCM,2023-12-26 06:58:00,28.90666,28.90666,28.90666,28.90666,38200
DCM,2023-12-26 06:59:00,28.90666,28.90666,28.90666,28.90666,8300
DCM,2023-12-26 07:00:00,28.90666,28.95148,28.86184,28.95148,18100
DCM,2023-12-26 07:01:00,28.95148,28.95148,28.90666,28.90666,11100
DCM,2023-12-26 07:02:00,28.90666,28.90666,28.90666,28.90666,12400
DCM,2023-12-26 07:03:00,28.90666,28.90666,28.90666,28.90666,2000
DCM,2023-12-26 07:04:00,28.90666,28.90666,28.86184,28.86184,3100
DCM,2023-12-26 07:05:00,28.86184,28.86184,28.86184,28.86184,600
DCM,2023-12-26 07:06:00,28.86184,28.86184,28.81703,28.86184,61200
DCM,2023-12-26 07:07:00,28.86184,28.86184,28.81703,28.86184,24200
DCM,2023-12-26 07:08:00,28.86184,28.86184,28.81703,28.81703,8600
DCM,2023-12-26 07:09:00,28.81703,28.86184,28.77221,28.77221,49900
DCM,2023-12-26 07:10:00,28.81703,28.81703,28.81703,28.81703,9800
DCM,2023-12-26 07:11:00,28.81703,28.81703,28.81703,28.81703,20400
DCM,2023-12-26 07:12:00,28.81703,28.86184,28.81703,28.86184,8800
DCM,2023-12-26 07:13:00,28.86184,28.86184,28.81703,28.81703,5900
DCM,2023-12-26 07:14:00,28.81703,28.81703,28.81703,28.81703,8600
DCM,2023-12-26 07:15:00,28.81703,28.81703,28.77221,28.81703,7000
DCM,2023-12-26 07:16:00,28.81703,28.81703,28.81703,28.81703,33500
DCM,2023-12-26 07:17:00,28.81703,28.81703,28.81703,28.81703,4200
DCM,2023-12-26 07:18:00,28.81703,28.81703,28.81703,28.81703,100
DCM,2023-12-26 07:19:00,28.81703,28.81703,28.81703,28.81703,3500
DCM,2023-12-26 07:20:00,28.86184,28.86184,28.86184,28.86184,2400
DCM,2023-12-26 07:21:00,28.86184,28.86184,28.81703,28.86184,17800
DCM,2023-12-26 07:22:00,28.81703,28.81703,28.81703,28.81703,1300
DCM,2023-12-26 07:23:00,28.81703,28.81703,28.81703,28.81703,800
DCM,2023-12-26 07:24:00,28.81703,28.86184,28.81703,28.86184,8500
DCM,2023-12-26 07:25:00,28.86184,28.86184,28.86184,28.86184,1000
DCM,2023-12-26 07:26:00,28.86184,28.86184,28.81703,28.86184,15200
DCM,2023-12-26 07:27:00,28.86184,28.86184,28.86184,28.86184,2800
DCM,2023-12-26 07:28:00,28.86184,28.86184,28.81703,28.86184,20300
DCM,2023-12-26 07:29:00,28.81703,28.86184,28.81703,28.86184,66400
DCM,2023-12-26 07:45:00,29.08592,29.08592,29.08592,29.08592,437200
DCM,2023-12-27 02:15:00,29.13074,29.13074,29.13074,29.13074,11000
DCM,2023-12-27 02:16:00,29.13074,29.13074,29.08592,29.08592,9300
DCM,2023-12-27 02:17:00,29.08592,29.08592,29.08592,29.08592,3400
DCM,2023-12-27 02:18:00,29.04111,29.04111,29.04111,29.04111,6500
DCM,2023-12-27 02:19:00,29.04111,29.04111,29.04111,29.04111,1800
DCM,2023-12-27 02:20:00,29.04111,29.04111,29.04111,29.04111,7000
DCM,2023-12-27 02:21:00,29.04111,29.04111,28.99629,28.99629,2200
DCM,2023-12-27 02:22:00,28.99629,28.99629,28.99629,28.99629,4000
DCM,2023-12-27 02:23:00,28.99629,28.99629,28.99629,28.99629,2000
DCM,2023-12-27 02:24:00,28.99629,29.04111,28.99629,29.04111,3300
DCM,2023-12-27 02:25:00,28.99629,29.04111,28.99629,28.99629,14400
DCM,2023-12-27 02:26:00,28.99629,28.99629,28.99629,28.99629,1100
DCM,2023-12-27 02:27:00,28.99629,28.99629,28.99629,28.99629,8700
DCM,2023-12-27 02:28:00,28.99629,28.99629,28.99629,28.99629,26800
DCM,2023-12-27 02:29:00,28.99629,28.99629,28.99629,28.99629,5100
DCM,2023-12-27 02:31:00,28.99629,29.04111,28.99629,29.04111,1200
DCM,2023-12-27 02:32:00,29.04111,29.04111,29.04111,29.04111,200
DCM,2023-12-27 02:33:00,29.04111,29.04111,28.99629,28.99629,15800
DCM,2023-12-27 02:34:00,28.99629,28.99629,28.99629,28.99629,500
DCM,2023-12-27 02:35:00,29.04111,29.04111,29.04111,29.04111,11000
DCM,2023-12-27 02:36:00,28.99629,29.04111,28.99629,29.04111,6500
DCM,2023-12-27 02:39:00,29.04111,29.08592,29.04111,29.08592,4500
DCM,2023-12-27 02:40:00,29.08592,29.08592,29.04111,29.04111,23900
DCM,2023-12-27 02:41:00,29.04111,29.04111,29.04111,29.04111,1600
DCM,2023-12-27 02:42:00,29.04111,29.04111,29.04111,29.04111,15200
DCM,2023-12-27 02:43:00,29.04111,29.04111,29.04111,29.04111,3200
DCM,2023-12-27 02:44:00,29.04111,29.04111,28.99629,29.04111,10200
DCM,2023-12-27 02:45:00,29.04111,29.04111,28.99629,29.04111,6100
DCM,2023-12-27 02:46:00,28.99629,28.99629,28.99629,28.99629,21200
DCM,2023-12-27 02:47:00,29.04111,29.08592,28.99629,29.08592,67600
DCM,2023-12-27 02:48:00,29.04111,29.04111,29.04111,29.04111,5400
DCM,2023-12-27 02:49:00,29.04111,29.04111,29.04111,29.04111,24600
DCM,2023-12-27 02:50:00,29.04111,29.04111,28.99629,28.99629,13000
DCM,2023-12-27 02:51:00,28.99629,28.99629,28.95148,28.95148,11400
DCM,2023-12-27 02:52:00,28.95148,29.04111,28.95148,29.04111,29300
DCM,2023-12-27 02:53:00,29.04111,29.04111,28.99629,28.99629,7000
DCM,2023-12-27 02:54:00,28.99629,29.04111,28.99629,29.04111,48100
DCM,2023-12-27 02:55:00,29.04111,29.04111,28.99629,28.99629,6300
DCM,2023-12-27 02:56:00,28.99629,28.99629,28.99629,28.99629,24700
DCM,2023-12-27 02:57:00,28.99629,28.99629,28.99629,28.99629,2200
DCM,2023-12-27 02:58:00,28.99629,28.99629,28.95148,28.95148,21200
DCM,2023-12-27 02:59:00,28.95148,28.95148,28.95148,28.95148,2200
DCM,2023-12-27 03:00:00,28.95148,28.95148,28.95148,28.95148,19200
DCM,2023-12-27 03:01:00,28.95148,28.95148,28.95148,28.95148,10200
DCM,2023-12-27 03:02:00,28.95148,28.95148,28.95148,28.95148,6100
DCM,2023-12-27 03:03:00,28.90666,28.95148,28.90666,28.95148,2100
DCM,2023-12-27 03:04:00,28.95148,28.95148,28.95148,28.95148,8300
DCM,2023-12-27 03:05:00,28.95148,28.95148,28.90666,28.95148,23100
DCM,2023-12-27 03:06:00,28.95148,28.95148,28.95148,28.95148,2000
DCM,2023-12-27 03:07:00,28.95148,28.95148,28.95148,28.95148,10300
DCM,2023-12-27 03:08:00,28.95148,28.95148,28.95148,28.95148,11600
DCM,2023-12-27 03:09:00,28.95148,28.95148,28.95148,28.95148,300
DCM,2023-12-27 03:10:00,28.95148,28.95148,28.95148,28.95148,7200
DCM,2023-12-27 03:11:00,28.90666,28.90666,28.90666,28.90666,33200
DCM,2023-12-27 03:12:00,28.90666,28.90666,28.90666,28.90666,2000
DCM,2023-12-27 03:14:00,28.90666,28.90666,28.90666,28.90666,100
DCM,2023-12-27 03:15:00,28.95148,28.95148,28.95148,28.95148,40000
DCM,2023-12-27 03:16:00,28.95148,28.95148,28.90666,28.90666,54700
DCM,2023-12-27 03:17:00,28.90666,28.90666,28.86184,28.86184,65000
DCM,2023-12-27 03:18:00,28.86184,28.90666,28.86184,28.90666,59900
DCM,2023-12-27 03:19:00,28.90666,28.90666,28.86184,28.90666,42500
DCM,2023-12-27 03:20:00,28.90666,28.90666,28.90666,28.90666,1200
DCM,2023-12-27 03:21:00,28.90666,28.90666,28.90666,28.90666,11300
DCM,2023-12-27 03:22:00,28.90666,28.90666,28.90666,28.90666,2600
DCM,2023-12-27 03:23:00,28.95148,28.95148,28.95148,28.95148,1700
DCM,2023-12-27 03:24:00,28.95148,28.95148,28.95148,28.95148,17500
DCM,2023-12-27 03:25:00,28.95148,28.95148,28.95148,28.95148,3900
DCM,2023-12-27 03:26:00,28.95148,28.95148,28.95148,28.95148,1200
DCM,2023-12-27 03:27:00,28.95148,28.99629,28.95148,28.99629,1900
DCM,2023-12-27 03:29:00,28.99629,28.99629,28.99629,28.99629,2600
DCM,2023-12-27 03:30:00,28.99629,28.99629,28.95148,28.95148,1900
DCM,2023-12-27 03:31:00,28.95148,28.95148,28.95148,28.95148,2000
DCM,2023-12-27 03:32:00,28.95148,28.95148,28.95148,28.95148,200
DCM,2023-12-27 03:33:00,28.95148,28.95148,28.95148,28.95148,1100
DCM,2023-12-27 03:34:00,28.99629,28.99629,28.99629,28.99629,1500
DCM,2023-12-27 03:35:00,28.95148,28.99629,28.95148,28.99629,6300
DCM,2023-12-27 03:37:00,28.99629,28.99629,28.95148,28.95148,5100
DCM,2023-12-27 03:38:00,28.99629,28.99629,28.95148,28.99629,24700
DCM,2023-12-27 03:39:00,28.95148,28.95148,28.90666,28.90666,33300
DCM,2023-12-27 03:40:00,28.90666,28.90666,28.90666,28.90666,800
DCM,2023-12-27 03:41:00,28.86184,28.95148,28.86184,28.95148,51200
DCM,2023-12-27 03:43:00,28.95148,28.95148,28.95148,28.95148,1800
DCM,2023-12-27 03:44:00,28.95148,28.95148,28.95148,28.95148,8800
DCM,2023-12-27 03:45:00,28.95148,28.95148,28.95148,28.95148,1500
DCM,2023-12-27 03:47:00,28.95148,28.95148,28.95148,28.95148,9200
DCM,2023-12-27 03:48:00,28.95148,28.95148,28.95148,28.95148,100
DCM,2023-12-27 03:49:00,28.95148,28.95148,28.95148,28.95148,1400
DCM,2023-12-27 03:50:00,28.90666,28.90666,28.90666,28.90666,300
DCM,2023-12-27 03:51:00,28.95148,28.95148,28.90666,28.90666,31200
DCM,2023-12-27 03:52:00,28.90666,28.90666,28.86184,28.90666,72800
DCM,2023-12-27 03:53:00,28.90666,28.90666,28.90666,28.90666,11400
DCM,2023-12-27 03:54:00,28.90666,28.90666,28.90666,28.90666,12200
DCM,2023-12-27 03:55:00,28.90666,28.90666,28.90666,28.90666,2000
DCM,2023-12-27 03:56:00,28.90666,28.90666,28.86184,28.86184,57700
DCM,2023-12-27 03:57:00,28.86184,28.95148,28.86184,28.95148,800
DCM,2023-12-27 03:59:00,28.90666,28.90666,28.90666,28.90666,4000
DCM,2023-12-27 04:00:00,28.90666,28.90666,28.90666,28.90666,3700
DCM,2023-12-27 04:01:00,28.90666,28.90666,28.90666,28.90666,2100
DCM,2023-12-27 04:02:00,28.90666,28.90666,28.86184,28.86184,6000
DCM,2023-12-27 04:03:00,28.86184,28.90666,28.86184,28.90666,1100
DCM,2023-12-27 04:05:00,28.90666,28.90666,28.90666,28.90666,4700
DCM,2023-12-27 04:06:00,28.90666,28.90666,28.86184,28.86184,52400
DCM,2023-12-27 04:07:00,28.86184,28.95148,28.86184,28.90666,9300
DCM,2023-12-27 04:08:00,28.90666,28.90666,28.90666,28.90666,500
DCM,2023-12-27 04:09:00,28.90666,28.90666,28.90666,28.90666,1100
DCM,2023-12-27 04:11:00,28.90666,28.90666,28.90666,28.90666,5700
DCM,2023-12-27 04:12:00,28.90666,28.90666,28.90666,28.90666,2400
DCM,2023-12-27 04:13:00,28.90666,28.90666,28.90666,28.90666,700
DCM,2023-12-27 04:15:00,28.90666,28.90666,28.90666,28.90666,1200
DCM,2023-12-27 04:17:00,28.90666,28.90666,28.90666,28.90666,700
DCM,2023-12-27 04:18:00,28.90666,28.90666,28.90666,28.90666,200
DCM,2023-12-27 04:19:00,28.90666,28.90666,28.90666,28.90666,1200
DCM,2023-12-27 04:20:00,28.90666,28.90666,28.90666,28.90666,100
DCM,2023-12-27 04:21:00,28.90666,28.90666,28.90666,28.90666,1700
DCM,2023-12-27 04:22:00,28.86184,28.86184,28.86184,28.86184,2500
DCM,2023-12-27 04:23:00,28.86184,28.90666,28.86184,28.90666,1200
DCM,2023-12-27 04:24:00,28.90666,28.90666,28.90666,28.90666,500
DCM,2023-12-27 04:25:00,28.90666,28.90666,28.90666,28.90666,6600
DCM,2023-12-27 04:26:00,28.86184,28.90666,28.86184,28.90666,2200
DCM,2023-12-27 04:27:00,28.90666,28.90666,28.86184,28.86184,400
DCM,2023-12-27 04:28:00,28.86184,28.86184,28.86184,28.86184,50000
DCM,2023-12-27 04:29:00,28.86184,28.86184,28.86184,28.86184,2000
DCM,2023-12-27 06:00:00,28.86184,28.86184,28.86184,28.86184,14800
DCM,2023-12-27 06:01:00,28.86184,28.86184,28.86184,28.86184,5700
DCM,2023-12-27 06:02:00,28.86184,28.86184,28.86184,28.86184,1800
DCM,2023-12-27 06:03:00,28.86184,28.90666,28.86184,28.90666,8100
DCM,2023-12-27 06:04:00,28.86184,28.86184,28.86184,28.86184,1500
DCM,2023-12-27 06:05:00,28.86184,28.86184,28.86184,28.86184,4200
DCM,2023-12-27 06:06:00,28.86184,28.86184,28.86184,28.86184,17200
DCM,2023-12-27 06:07:00,28.86184,28.86184,28.86184,28.86184,8600
DCM,2023-12-27 06:08:00,28.86184,28.86184,28.86184,28.86184,22200
DCM,2023-12-27 06:10:00,28.86184,28.90666,28.86184,28.86184,6900
DCM,2023-12-27 06:11:00,28.86184,28.90666,28.86184,28.90666,16200
DCM,2023-12-27 06:12:00,28.90666,28.90666,28.90666,28.90666,20900
DCM,2023-12-27 06:13:00,28.90666,28.90666,28.86184,28.86184,4700
DCM,2023-12-27 06:14:00,28.90666,28.90666,28.90666,28.90666,3600
DCM,2023-12-27 06:15:00,28.90666,28.90666,28.90666,28.90666,1400
DCM,2023-12-27 06:16:00,28.95148,28.95148,28.95148,28.95148,8400
DCM,2023-12-27 06:17:00,28.90666,28.90666,28.90666,28.90666,11000
DCM,2023-12-27 06:18:00,28.90666,28.95148,28.90666,28.95148,1800
DCM,2023-12-27 06:19:00,28.95148,28.95148,28.90666,28.90666,7100
DCM,2023-12-27 06:21:00,28.95148,28.95148,28.90666,28.90666,54400
DCM,2023-12-27 06:22:00,28.90666,28.95148,28.90666,28.95148,5100
DCM,2023-12-27 06:23:00,28.95148,28.95148,28.90666,28.95148,6400
DCM,2023-12-27 06:24:00,28.95148,28.95148,28.90666,28.90666,11200
DCM,2023-12-27 06:25:00,28.95148,28.95148,28.95148,28.95148,1200
DCM,2023-12-27 06:26:00,28.95148,28.95148,28.95148,28.95148,4700
DCM,2023-12-27 06:27:00,28.95148,28.95148,28.90666,28.95148,7600
DCM,2023-12-27 06:28:00,28.90666,28.95148,28.90666,28.95148,21700
DCM,2023-12-27 06:29:00,28.95148,28.95148,28.95148,28.95148,6500
DCM,2023-12-27 06:30:00,28.90666,28.90666,28.90666,28.90666,300
DCM,2023-12-27 06:31:00,28.95148,28.95148,28.90666,28.95148,4600
DCM,2023-12-27 06:32:00,28.95148,28.95148,28.90666,28.95148,9200
DCM,2023-12-27 06:33:00,28.90666,28.95148,28.90666,28.95148,48400
DCM,2023-12-27 06:34:00,28.95148,28.95148,28.95148,28.95148,100
DCM,2023-12-27 06:35:00,28.95148,28.99629,28.95148,28.99629,1100
DCM,2023-12-27 06:36:00,28.99629,28.99629,28.95148,28.95148,8300
DCM,2023-12-27 06:37:00,28.95148,28.95148,28.95148,28.95148,600
DCM,2023-12-27 06:38:00,28.95148,28.95148,28.95148,28.95148,1200
DCM,2023-12-27 06:39:00,28.99629,28.99629,28.99629,28.99629,6400
DCM,2023-12-27 06:40:00,28.99629,28.99629,28.99629,28.99629,1000
DCM,2023-12-27 06:41:00,28.99629,28.99629,28.95148,28.95148,4000
DCM,2023-12-27 06:42:00,28.99629,28.99629,28.99629,28.99629,300
DCM,2023-12-27 06:43:00,28.99629,28.99629,28.99629,28.99629,13900
DCM,2023-12-27 06:44:00,28.95148,28.95148,28.95148,28.95148,12500
DCM,2023-12-27 06:45:00,28.99629,28.99629,28.95148,28.95148,2500
DCM,2023-12-27 06:46:00,28.99629,28.99629,28.99629,28.99629,6700
DCM,2023-12-27 06:47:00,28.99629,28.99629,28.95148,28.95148,3400
DCM,2023-12-27 06:48:00,28.99629,28.99629,28.99629,28.99629,3500
DCM,2023-12-27 06:49:00,28.99629,28.99629,28.95148,28.95148,800
DCM,2023-12-27 06:50:00,28.99629,28.99629,28.95148,28.99629,44300
DCM,2023-12-27 06:51:00,28.99629,29.04111,28.99629,29.04111,28500
DCM,2023-12-27 06:52:00,29.04111,29.04111,29.04111,29.04111,7300
DCM,2023-12-27 06:53:00,29.04111,29.04111,29.04111,29.04111,26800
DCM,2023-12-27 06:54:00,29.04111,29.04111,29.04111,29.04111,300
DCM,2023-12-27 06:55:00,29.04111,29.04111,29.04111,29.04111,23000
DCM,2023-12-27 06:56:00,29.04111,29.04111,29.04111,29.04111,4200
DCM,2023-12-27 06:57:00,29.04111,29.04111,29.04111,29.04111,1600
DCM,2023-12-27 06:58:00,29.04111,29.08592,29.04111,29.08592,3300
DCM,2023-12-27 06:59:00,29.08592,29.08592,29.08592,29.08592,6500
DCM,2023-12-27 07:00:00,29.04111,29.04111,29.04111,29.04111,6700
DCM,2023-12-27 07:01:00,29.08592,29.08592,29.04111,29.04111,20300
DCM,2023-12-27 07:02:00,29.04111,29.04111,29.04111,29.04111,18500
DCM,2023-12-27 07:03:00,29.04111,29.04111,29.04111,29.04111,2300
DCM,2023-12-27 07:04:00,29.04111,29.04111,29.04111,29.04111,7500
DCM,2023-12-27 07:05:00,29.04111,29.08592,29.04111,29.04111,2500
DCM,2023-12-27 07:06:00,29.04111,29.04111,29.04111,29.04111,5400
DCM,2023-12-27 07:07:00,29.04111,29.04111,29.04111,29.04111,800
DCM,2023-12-27 07:08:00,29.04111,29.04111,29.04111,29.04111,7200
DCM,2023-12-27 07:09:00,29.04111,29.04111,28.99629,29.04111,10400
DCM,2023-12-27 07:10:00,29.04111,29.04111,29.04111,29.04111,6400
DCM,2023-12-27 07:11:00,29.04111,29.04111,29.04111,29.04111,6500
DCM,2023-12-27 07:12:00,29.04111,29.04111,28.99629,28.99629,19500
DCM,2023-12-27 07:13:00,28.99629,29.04111,28.99629,28.99629,27600
DCM,2023-12-27 07:14:00,28.95148,28.99629,28.95148,28.99629,50800
DCM,2023-12-27 07:15:00,28.95148,28.95148,28.95148,28.95148,7300
DCM,2023-12-27 07:16:00,28.99629,28.99629,28.95148,28.95148,12100
DCM,2023-12-27 07:17:00,28.95148,28.99629,28.95148,28.95148,7200
DCM,2023-12-27 07:18:00,28.95148,28.95148,28.95148,28.95148,8300
DCM,2023-12-27 07:19:00,28.95148,28.95148,28.95148,28.95148,3800
DCM,2023-12-27 07:20:00,28.99629,28.99629,28.99629,28.99629,20500
DCM,2023-12-27 07:21:00,28.99629,28.99629,28.99629,28.99629,1500
DCM,2023-12-27 07:22:00,28.99629,28.99629,28.95148,28.99629,600
DCM,2023-12-27 07:23:00,28.99629,28.99629,28.99629,28.99629,1300
DCM,2023-12-27 07:24:00,28.99629,28.99629,28.99629,28.99629,100
DCM,2023-12-27 07:25:00,28.95148,28.99629,28.95148,28.99629,13800
DCM,2023-12-27 07:26:00,28.99629,28.99629,28.95148,28.95148,5600
DCM,2023-12-27 07:27:00,28.95148,28.99629,28.95148,28.99629,4500
DCM,2023-12-27 07:28:00,28.99629,28.99629,28.95148,28.95148,14500
DCM,2023-12-27 07:29:00,28.95148,28.95148,28.90666,28.95148,11700
DCM,2023-12-27 07:45:00,28.95148,28.95148,28.95148,28.95148,128500
DCM,2023-12-28 02:15:00,28.95148,28.95148,28.90666,28.90666,14400
DCM,2023-12-28 02:16:00,28.81703,28.81703,28.81703,28.81703,5800
DCM,2023-12-28 02:17:00,28.81703,28.81703,28.81703,28.81703,9900
DCM,2023-12-28 02:19:00,28.81703,28.81703,28.81703,28.81703,2300
DCM,2023-12-28 02:20:00,28.81703,28.81703,28.81703,28.81703,300
DCM,2023-12-28 02:21:00,28.81703,28.81703,28.81703,28.81703,200
DCM,2023-12-28 02:22:00,28.81703,28.86184,28.81703,28.86184,10000
DCM,2023-12-28 02:23:00,28.86184,28.86184,28.86184,28.86184,1300
DCM,2023-12-28 02:24:00,28.86184,28.90666,28.86184,28.90666,1500
DCM,2023-12-28 02:25:00,28.90666,28.90666,28.90666,28.90666,1300
DCM,2023-12-28 02:26:00,28.90666,28.95148,28.90666,28.95148,34400
DCM,2023-12-28 02:27:00,28.95148,28.95148,28.95148,28.95148,2800
DCM,2023-12-28 02:28:00,28.90666,28.95148,28.90666,28.95148,3800
DCM,2023-12-28 02:29:00,28.90666,28.90666,28.90666,28.90666,1400
DCM,2023-12-28 02:30:00,28.90666,28.90666,28.90666,28.90666,5900
DCM,2023-12-28 02:31:00,28.90666,28.90666,28.86184,28.86184,23200
DCM,2023-12-28 02:32:00,28.86184,28.86184,28.86184,28.86184,5200
DCM,2023-12-28 02:33:00,28.86184,28.86184,28.81703,28.86184,1000
DCM,2023-12-28 02:34:00,28.81703,28.81703,28.81703,28.81703,15700
DCM,2023-12-28 02:35:00,28.81703,28.81703,28.77221,28.81703,14900
DCM,2023-12-28 02:36:00,28.81703,28.81703,28.81703,28.81703,5500
DCM,2023-12-28 02:37:00,28.81703,28.81703,28.81703,28.81703,600
DCM,2023-12-28 02:38:00,28.81703,28.81703,28.81703,28.81703,5400
DCM,2023-12-28 02:39:00,28.81703,28.81703,28.81703,28.81703,3600
DCM,2023-12-28 02:40:00,28.81703,28.81703,28.77221,28.77221,12700
DCM,2023-12-28 02:41:00,28.77221,28.77221,28.77221,28.77221,1700
DCM,2023-12-28 02:42:00,28.81703,28.81703,28.77221,28.81703,2100
DCM,2023-12-28 02:43:00,28.81703,28.81703,28.77221,28.77221,9400
DCM,2023-12-28 02:44:00,28.77221,28.77221,28.77221,28.77221,3300
DCM,2023-12-28 02:45:00,28.77221,28.77221,28.77221,28.77221,4900
DCM,2023-12-28 02:46:00,28.77221,28.77221,28.72739,28.77221,8700
DCM,2023-12-28 02:47:00,28.77221,28.77221,28.77221,28.77221,1000
DCM,2023-12-28 02:48:00,28.81703,28.81703,28.77221,28.77221,2200
DCM,2023-12-28 02:49:00,28.77221,28.81703,28.77221,28.81703,1000
DCM,2023-12-28 02:50:00,28.81703,28.81703,28.81703,28.81703,800
DCM,2023-12-28 02:51:00,28.81703,28.81703,28.81703,28.81703,5600
DCM,2023-12-28 02:52:00,28.81703,28.81703,28.81703,28.81703,500
DCM,2023-12-28 02:53:00,28.81703,28.81703,28.77221,28.77221,15700
DCM,2023-12-28 02:54:00,28.81703,28.81703,28.81703,28.81703,6000
DCM,2023-12-28 02:55:00,28.81703,28.81703,28.81703,28.81703,8300
DCM,2023-12-28 02:56:00,28.81703,28.81703,28.81703,28.81703,3200
DCM,2023-12-28 02:57:00,28.81703,28.81703,28.81703,28.81703,900
DCM,2023-12-28 02:59:00,28.81703,28.81703,28.81703,28.81703,3600
DCM,2023-12-28 03:01:00,28.81703,28.81703,28.77221,28.77221,1500
DCM,2023-12-28 03:02:00,28.77221,28.77221,28.77221,28.77221,1100
DCM,2023-12-28 03:03:00,28.77221,28.81703,28.77221,28.81703,5300
DCM,2023-12-28 03:04:00,28.81703,28.81703,28.81703,28.81703,2000
DCM,2023-12-28 03:05:00,28.81703,28.81703,28.81703,28.81703,500
DCM,2023-12-28 03:06:00,28.81703,28.81703,28.81703,28.81703,3000
DCM,2023-12-28 03:07:00,28.77221,28.77221,28.77221,28.77221,2500
DCM,2023-12-28 03:08:00,28.81703,28.81703,28.77221,28.77221,10300
DCM,2023-12-28 03:09:00,28.77221,28.77221,28.77221,28.77221,6100
DCM,2023-12-28 03:10:00,28.77221,28.77221,28.77221,28.77221,10300
DCM,2023-12-28 03:11:00,28.77221,28.77221,28.77221,28.77221,5300
DCM,2023-12-28 03:12:00,28.77221,28.77221,28.72739,28.72739,7700
DCM,2023-12-28 03:13:00,28.77221,28.77221,28.77221,28.77221,3500
DCM,2023-12-28 03:14:00,28.77221,28.77221,28.77221,28.77221,900
DCM,2023-12-28 03:15:00,28.77221,28.77221,28.72739,28.72739,21000
DCM,2023-12-28 03:16:00,28.77221,28.77221,28.77221,28.77221,1100
DCM,2023-12-28 03:17:00,28.77221,28.77221,28.72739,28.72739,200
DCM,2023-12-28 03:18:00,28.72739,28.72739,28.72739,28.72739,900
DCM,2023-12-28 03:19:00,28.72739,28.72739,28.72739,28.72739,1100
DCM,2023-12-28 03:20:00,28.72739,28.72739,28.72739,28.72739,14100
DCM,2023-12-28 03:21:00,28.72739,28.72739,28.72739,28.72739,18000
DCM,2023-12-28 03:22:00,28.72739,28.72739,28.72739,28.72739,9700
DCM,2023-12-28 03:23:00,28.72739,28.72739,28.72739,28.72739,5000
DCM,2023-12-28 03:24:00,28.72739,28.72739,28.72739,28.72739,1500
DCM,2023-12-28 03:25:00,28.72739,28.72739,28.72739,28.72739,1600
DCM,2023-12-28 03:26:00,28.72739,28.72739,28.72739,28.72739,16500
DCM,2023-12-28 03:27:00,28.77221,28.77221,28.72739,28.72739,13800
DCM,2023-12-28 03:28:00,28.72739,28.72739,28.68258,28.72739,24000
DCM,2023-12-28 03:29:00,28.72739,28.72739,28.72739,28.72739,2800
DCM,2023-12-28 03:30:00,28.68258,28.72739,28.63776,28.63776,152900
DCM,2023-12-28 03:31:00,28.63776,28.68258,28.63776,28.68258,43900
DCM,2023-12-28 03:32:00,28.63776,28.63776,28.63776,28.63776,10300
DCM,2023-12-28 03:33:00,28.59294,28.68258,28.59294,28.68258,31200
DCM,2023-12-28 03:34:00,28.68258,28.68258,28.63776,28.63776,4400
DCM,2023-12-28 03:35:00,28.68258,28.68258,28.68258,28.68258,1700
DCM,2023-12-28 03:36:00,28.68258,28.68258,28.68258,28.68258,28800
DCM,2023-12-28 03:37:00,28.68258,28.68258,28.68258,28.68258,6700
DCM,2023-12-28 03:38:00,28.68258,28.68258,28.68258,28.68258,11000
DCM,2023-12-28 03:39:00,28.68258,28.68258,28.68258,28.68258,5300
DCM,2023-12-28 03:40:00,28.68258,28.68258,28.68258,28.68258,6400
DCM,2023-12-28 03:41:00,28.68258,28.68258,28.68258,28.68258,4400
DCM,2023-12-28 03:42:00,28.68258,28.68258,28.68258,28.68258,500
DCM,2023-12-28 03:43:00,28.68258,28.68258,28.68258,28.68258,7000
DCM,2023-12-28 03:44:00,28.68258,28.68258,28.68258,28.68258,5000
DCM,2023-12-28 03:45:00,28.68258,28.68258,28.68258,28.68258,20100
DCM,2023-12-28 03:46:00,28.68258,28.68258,28.59294,28.59294,77200
DCM,2023-12-28 03:47:00,28.59294,28.63776,28.59294,28.63776,700
DCM,2023-12-28 03:48:00,28.63776,28.63776,28.59294,28.63776,8000
DCM,2023-12-28 03:49:00,28.63776,28.63776,28.63776,28.63776,11500
DCM,2023-12-28 03:50:00,28.63776,28.63776,28.63776,28.63776,2300
DCM,2023-12-28 03:51:00,28.63776,28.63776,28.63776,28.63776,2000
DCM,2023-12-28 03:52:00,28.63776,28.63776,28.63776,28.63776,9100
DCM,2023-12-28 03:53:00,28.63776,28.63776,28.63776,28.63776,3200
DCM,2023-12-28 03:54:00,28.63776,28.63776,28.63776,28.63776,10900
DCM,2023-12-28 03:55:00,28.63776,28.63776,28.63776,28.63776,1800
DCM,2023-12-28 03:56:00,28.63776,28.63776,28.59294,28.63776,21800
DCM,2023-12-28 03:59:00,28.63776,28.68258,28.63776,28.68258,700
DCM,2023-12-28 04:00:00,28.68258,28.68258,28.68258,28.68258,100
DCM,2023-12-28 04:01:00,28.68258,28.68258,28.68258,28.68258,5500
DCM,2023-12-28 04:02:00,28.68258,28.68258,28.68258,28.68258,11900
DCM,2023-12-28 04:03:00,28.68258,28.68258,28.68258,28.68258,7000
DCM,2023-12-28 04:04:00,28.63776,28.63776,28.63776,28.63776,21000
DCM,2023-12-28 04:05:00,28.63776,28.63776,28.63776,28.63776,1000
DCM,2023-12-28 04:06:00,28.63776,28.63776,28.63776,28.63776,900
DCM,2023-12-28 04:07:00,28.63776,28.63776,28.63776,28.63776,4000
DCM,2023-12-28 04:08:00,28.63776,28.63776,28.63776,28.63776,1500
DCM,2023-12-28 04:09:00,28.63776,28.63776,28.63776,28.63776,14000
DCM,2023-12-28 04:10:00,28.63776,28.63776,28.63776,28.63776,6000
DCM,2023-12-28 04:12:00,28.68258,28.68258,28.68258,28.68258,1500
DCM,2023-12-28 04:13:00,28.68258,28.68258,28.63776,28.63776,700
DCM,2023-12-28 04:14:00,28.68258,28.68258,28.68258,28.68258,1800
DCM,2023-12-28 04:15:00,28.68258,28.68258,28.68258,28.68258,100
DCM,2023-12-28 04:16:00,28.68258,28.68258,28.68258,28.68258,1500
DCM,2023-12-28 04:17:00,28.68258,28.68258,28.68258,28.68258,9200
DCM,2023-12-28 04:18:00,28.68258,28.68258,28.68258,28.68258,10400
DCM,2023-12-28 04:19:00,28.68258,28.72739,28.68258,28.68258,11700
DCM,2023-12-28 04:20:00,28.72739,28.72739,28.72739,28.72739,17200
DCM,2023-12-28 04:21:00,28.77221,28.77221,28.77221,28.77221,300
DCM,2023-12-28 04:22:00,28.77221,28.77221,28.77221,28.77221,500
DCM,2023-12-28 04:23:00,28.77221,28.77221,28.72739,28.72739,10400
DCM,2023-12-28 04:24:00,28.72739,28.77221,28.72739,28.77221,3000
DCM,2023-12-28 04:25:00,28.68258,28.68258,28.68258,28.68258,9600
DCM,2023-12-28 04:26:00,28.77221,28.77221,28.72739,28.77221,10400
DCM,2023-12-28 04:27:00,28.77221,28.77221,28.72739,28.72739,1600
DCM,2023-12-28 04:28:00,28.72739,28.72739,28.72739,28.72739,1100
DCM,2023-12-28 04:29:00,28.72739,28.77221,28.72739,28.72739,3100
DCM,2023-12-28 06:00:00,28.77221,28.81703,28.72739,28.81703,13400
DCM,2023-12-28 06:01:00,28.81703,28.81703,28.81703,28.81703,1200
DCM,2023-12-28 06:02:00,28.81703,28.81703,28.81703,28.81703,1200
DCM,2023-12-28 06:03:00,28.81703,28.81703,28.81703,28.81703,8700
DCM,2023-12-28 06:04:00,28.81703,28.81703,28.72739,28.77221,25900
DCM,2023-12-28 06:05:00,28.77221,28.77221,28.77221,28.77221,1800
DCM,2023-12-28 06:06:00,28.77221,28.77221,28.72739,28.72739,19800
DCM,2023-12-28 06:07:00,28.77221,28.77221,28.68258,28.72739,6700
DCM,2023-12-28 06:08:00,28.72739,28.77221,28.68258,28.72739,15900
DCM,2023-12-28 06:09:00,28.72739,28.77221,28.72739,28.77221,6600
DCM,2023-12-28 06:10:00,28.77221,28.77221,28.77221,28.77221,9500
DCM,2023-12-28 06:11:00,28.77221,28.77221,28.77221,28.77221,20600
DCM,2023-12-28 06:12:00,28.68258,28.72739,28.68258,28.72739,27300
DCM,2023-12-28 06:13:00,28.68258,28.68258,28.63776,28.68258,51700
DCM,2023-12-28 06:14:00,28.63776,28.68258,28.63776,28.68258,7300
DCM,2023-12-28 06:15:00,28.68258,28.68258,28.68258,28.68258,8900
DCM,2023-12-28 06:16:00,28.72739,28.72739,28.63776,28.68258,46600
DCM,2023-12-28 06:17:00,28.63776,28.68258,28.63776,28.68258,1300
DCM,2023-12-28 06:18:00,28.68258,28.68258,28.68258,28.68258,2600
DCM,2023-12-28 06:19:00,28.68258,28.68258,28.68258,28.68258,300
DCM,2023-12-28 06:20:00,28.68258,28.68258,28.63776,28.63776,31900
DCM,2023-12-28 06:21:00,28.63776,28.63776,28.63776,28.63776,1200
DCM,2023-12-28 06:22:00,28.63776,28.68258,28.63776,28.63776,7500
DCM,2023-12-28 06:23:00,28.63776,28.63776,28.63776,28.63776,500
DCM,2023-12-28 06:24:00,28.68258,28.68258,28.68258,28.68258,9400
DCM,2023-12-28 06:25:00,28.68258,28.68258,28.63776,28.68258,18000
DCM,2023-12-28 06:26:00,28.68258,28.72739,28.68258,28.72739,29400
DCM,2023-12-28 06:27:00,28.72739,28.72739,28.68258,28.68258,34000
DCM,2023-12-28 06:28:00,28.68258,28.68258,28.68258,28.68258,8900
DCM,2023-12-28 06:29:00,28.68258,28.68258,28.68258,28.68258,11800
DCM,2023-12-28 06:30:00,28.68258,28.72739,28.68258,28.68258,1500
DCM,2023-12-28 06:31:00,28.68258,28.77221,28.68258,28.72739,38900
DCM,2023-12-28 06:32:00,28.77221,28.77221,28.77221,28.77221,400
DCM,2023-12-28 06:33:00,28.77221,28.77221,28.77221,28.77221,500
DCM,2023-12-28 06:34:00,28.77221,28.77221,28.72739,28.72739,42400
DCM,2023-12-28 06:35:00,28.72739,28.77221,28.72739,28.77221,26800
DCM,2023-12-28 06:36:00,28.77221,28.77221,28.72739,28.72739,55100
DCM,2023-12-28 06:37:00,28.72739,28.72739,28.72739,28.72739,16000
DCM,2023-12-28 06:38:00,28.68258,28.72739,28.68258,28.72739,3700
DCM,2023-12-28 06:39:00,28.68258,28.72739,28.68258,28.68258,31300
DCM,2023-12-28 06:40:00,28.68258,28.72739,28.68258,28.72739,29400
DCM,2023-12-28 06:41:00,28.72739,28.72739,28.68258,28.68258,8600
DCM,2023-12-28 06:42:00,28.68258,28.68258,28.63776,28.68258,17700
DCM,2023-12-28 06:43:00,28.68258,28.68258,28.68258,28.68258,9500
DCM,2023-12-28 06:44:00,28.72739,28.72739,28.68258,28.72739,4400
DCM,2023-12-28 06:45:00,28.72739,28.77221,28.68258,28.77221,1500
DCM,2023-12-28 06:46:00,28.72739,28.72739,28.72739,28.72739,800
DCM,2023-12-28 06:47:00,28.72739,28.72739,28.72739,28.72739,2600
DCM,2023-12-28 06:48:00,28.72739,28.72739,28.72739,28.72739,10400
DCM,2023-12-28 06:49:00,28.72739,28.72739,28.72739,28.72739,13100
DCM,2023-12-28 06:50:00,28.72739,28.72739,28.72739,28.72739,2700
DCM,2023-12-28 06:51:00,28.72739,28.72739,28.68258,28.72739,32400
DCM,2023-12-28 06:52:00,28.72739,28.72739,28.63776,28.63776,24300
DCM,2023-12-28 06:53:00,28.68258,28.68258,28.68258,28.68258,3200
DCM,2023-12-28 06:54:00,28.63776,28.68258,28.63776,28.63776,28400
DCM,2023-12-28 06:55:00,28.63776,28.63776,28.63776,28.63776,31400
DCM,2023-12-28 06:56:00,28.68258,28.68258,28.63776,28.63776,57200
DCM,2023-12-28 06:57:00,28.63776,28.63776,28.63776,28.63776,2900
DCM,2023-12-28 06:58:00,28.63776,28.68258,28.63776,28.63776,11000
DCM,2023-12-28 06:59:00,28.68258,28.68258,28.68258,28.68258,200
DCM,2023-12-28 07:00:00,28.68258,28.68258,28.68258,28.68258,12200
DCM,2023-12-28 07:01:00,28.68258,28.68258,28.63776,28.63776,35000
DCM,2023-12-28 07:02:00,28.68258,28.68258,28.63776,28.68258,20400
DCM,2023-12-28 07:03:00,28.68258,28.68258,28.68258,28.68258,300
DCM,2023-12-28 07:04:00,28.68258,28.68258,28.68258,28.68258,400
DCM,2023-12-28 07:05:00,28.68258,28.68258,28.63776,28.68258,15700
DCM,2023-12-28 07:06:00,28.68258,28.68258,28.63776,28.68258,9900
DCM,2023-12-28 07:07:00,28.68258,28.68258,28.63776,28.68258,33500
DCM,2023-12-28 07:08:00,28.63776,28.68258,28.63776,28.68258,25000
DCM,2023-12-28 07:09:00,28.63776,28.68258,28.63776,28.68258,51400
DCM,2023-12-28 07:10:00,28.68258,28.68258,28.63776,28.68258,10100
DCM,2023-12-28 07:11:00,28.68258,28.68258,28.63776,28.68258,18200
DCM,2023-12-28 07:12:00,28.68258,28.72739,28.68258,28.72739,26300
DCM,2023-12-28 07:13:00,28.68258,28.72739,28.68258,28.72739,53500
DCM,2023-12-28 07:14:00,28.72739,28.72739,28.72739,28.72739,5500
DCM,2023-12-28 07:15:00,28.72739,28.72739,28.72739,28.72739,2300
DCM,2023-12-28 07:16:00,28.72739,28.72739,28.72739,28.72739,2200
DCM,2023-12-28 07:17:00,28.72739,28.72739,28.68258,28.72739,14000
DCM,2023-12-28 07:18:00,28.72739,28.72739,28.72739,28.72739,2400
DCM,2023-12-28 07:19:00,28.72739,28.72739,28.72739,28.72739,13900
DCM,2023-12-28 07:20:00,28.72739,28.72739,28.68258,28.72739,2300
DCM,2023-12-28 07:21:00,28.72739,28.72739,28.68258,28.68258,6700
DCM,2023-12-28 07:22:00,28.72739,28.72739,28.68258,28.68258,96500
DCM,2023-12-28 07:23:00,28.68258,28.68258,28.63776,28.68258,3300
DCM,2023-12-28 07:24:00,28.63776,28.68258,28.63776,28.63776,2100
DCM,2023-12-28 07:25:00,28.68258,28.68258,28.63776,28.63776,18200
DCM,2023-12-28 07:26:00,28.68258,28.68258,28.63776,28.63776,120000
DCM,2023-12-28 07:27:00,28.63776,28.63776,28.54813,28.59294,284900
DCM,2023-12-28 07:28:00,28.54813,28.54813,28.50331,28.54813,65800
DCM,2023-12-28 07:29:00,28.54813,28.59294,28.54813,28.54813,56700
DCM,2023-12-28 07:45:00,28.54813,28.54813,28.54813,28.54813,174000
DCM,2023-12-29 02:15:00,28.63776,28.63776,28.63776,28.63776,13000
DCM,2023-12-29 02:16:00,28.63776,28.63776,28.63776,28.63776,1200
DCM,2023-12-29 02:17:00,28.63776,28.63776,28.63776,28.63776,5200
DCM,2023-12-29 02:18:00,28.63776,28.63776,28.63776,28.63776,9800
DCM,2023-12-29 02:20:00,28.59294,28.63776,28.59294,28.63776,11500
DCM,2023-12-29 02:21:00,28.63776,28.63776,28.63776,28.63776,10800
DCM,2023-12-29 02:22:00,28.63776,28.63776,28.63776,28.63776,100
DCM,2023-12-29 02:23:00,28.63776,28.63776,28.63776,28.63776,9700
DCM,2023-12-29 02:24:00,28.63776,28.68258,28.63776,28.63776,8400
DCM,2023-12-29 02:25:00,28.63776,28.68258,28.63776,28.63776,8600
DCM,2023-12-29 02:26:00,28.63776,28.63776,28.63776,28.63776,4300
DCM,2023-12-29 02:27:00,28.63776,28.63776,28.63776,28.63776,100
DCM,2023-12-29 02:28:00,28.68258,28.68258,28.63776,28.63776,4300
DCM,2023-12-29 02:29:00,28.63776,28.63776,28.63776,28.63776,1700
DCM,2023-12-29 02:30:00,28.63776,28.63776,28.59294,28.59294,13600
DCM,2023-12-29 02:31:00,28.59294,28.59294,28.54813,28.54813,34300
DCM,2023-12-29 02:32:00,28.54813,28.54813,28.54813,28.54813,7100
DCM,2023-12-29 02:33:00,28.54813,28.54813,28.54813,28.54813,9300
DCM,2023-12-29 02:34:00,28.54813,28.54813,28.54813,28.54813,700
DCM,2023-12-29 02:35:00,28.59294,28.59294,28.59294,28.59294,1300
DCM,2023-12-29 02:36:00,28.59294,28.59294,28.59294,28.59294,2300
DCM,2023-12-29 02:37:00,28.63776,28.63776,28.63776,28.63776,200
DCM,2023-12-29 02:38:00,28.63776,28.63776,28.63776,28.63776,100
DCM,2023-12-29 02:42:00,28.63776,28.63776,28.59294,28.59294,1400
DCM,2023-12-29 02:43:00,28.59294,28.59294,28.59294,28.59294,2500
DCM,2023-12-29 02:44:00,28.59294,28.59294,28.59294,28.59294,2000
DCM,2023-12-29 02:45:00,28.59294,28.59294,28.59294,28.59294,2500
DCM,2023-12-29 02:46:00,28.59294,28.59294,28.59294,28.59294,1400
DCM,2023-12-29 02:47:00,28.59294,28.59294,28.59294,28.59294,500
DCM,2023-12-29 02:48:00,28.59294,28.59294,28.59294,28.59294,14200
DCM,2023-12-29 02:49:00,28.59294,28.59294,28.59294,28.59294,900
DCM,2023-12-29 02:50:00,28.59294,28.59294,28.59294,28.59294,100
DCM,2023-12-29 02:51:00,28.59294,28.59294,28.59294,28.59294,1400
DCM,2023-12-29 02:53:00,28.59294,28.59294,28.59294,28.59294,2900
DCM,2023-12-29 02:54:00,28.59294,28.59294,28.59294,28.59294,3300
DCM,2023-12-29 02:55:00,28.59294,28.59294,28.59294,28.59294,600
DCM,2023-12-29 02:56:00,28.59294,28.59294,28.59294,28.59294,4600
DCM,2023-12-29 02:57:00,28.59294,28.59294,28.59294,28.59294,900
DCM,2023-12-29 02:58:00,28.59294,28.59294,28.59294,28.59294,2200
DCM,2023-12-29 02:59:00,28.59294,28.59294,28.59294,28.59294,200
DCM,2023-12-29 03:00:00,28.59294,28.59294,28.59294,28.59294,1000
DCM,2023-12-29 03:02:00,28.59294,28.59294,28.59294,28.59294,5000
DCM,2023-12-29 03:03:00,28.59294,28.59294,28.59294,28.59294,2000
DCM,2023-12-29 03:04:00,28.59294,28.59294,28.59294,28.59294,1400
DCM,2023-12-29 03:05:00,28.59294,28.59294,28.59294,28.59294,200
DCM,2023-12-29 03:06:00,28.59294,28.63776,28.59294,28.63776,600
DCM,2023-12-29 03:07:00,28.63776,28.63776,28.63776,28.63776,200
DCM,2023-12-29 03:09:00,28.59294,28.59294,28.59294,28.59294,10000
DCM,2023-12-29 03:10:00,28.59294,28.59294,28.59294,28.59294,5300
DCM,2023-12-29 03:11:00,28.59294,28.59294,28.59294,28.59294,6800
DCM,2023-12-29 03:12:00,28.59294,28.59294,28.59294,28.59294,1600
DCM,2023-12-29 03:13:00,28.59294,28.59294,28.59294,28.59294,600
DCM,2023-12-29 03:15:00,28.59294,28.59294,28.59294,28.59294,4200
DCM,2023-12-29 03:16:00,28.59294,28.59294,28.59294,28.59294,4100
DCM,2023-12-29 03:17:00,28.59294,28.63776,28.59294,28.59294,4200
DCM,2023-12-29 03:18:00,28.59294,28.59294,28.54813,28.54813,6200
DCM,2023-12-29 03:19:00,28.54813,28.54813,28.54813,28.54813,300
DCM,2023-12-29 03:20:00,28.54813,28.54813,28.54813,28.54813,1600
DCM,2023-12-29 03:21:00,28.54813,28.54813,28.54813,28.54813,5500
DCM,2023-12-29 03:22:00,28.54813,28.54813,28.54813,28.54813,900
DCM,2023-12-29 03:23:00,28.54813,28.54813,28.54813,28.54813,22000
DCM,2023-12-29 03:24:00,28.54813,28.63776,28.54813,28.59294,21800
DCM,2023-12-29 03:25:00,28.59294,28.59294,28.59294,28.59294,1600
DCM,2023-12-29 03:26:00,28.59294,28.59294,28.59294,28.59294,6000
DCM,2023-12-29 03:27:00,28.59294,28.59294,28.59294,28.59294,200
DCM,2023-12-29 03:28:00,28.59294,28.59294,28.59294,28.59294,200
DCM,2023-12-29 03:30:00,28.59294,28.59294,28.59294,28.59294,3000
DCM,2023-12-29 03:31:00,28.59294,28.59294,28.59294,28.59294,29900
DCM,2023-12-29 03:32:00,28.59294,28.59294,28.59294,28.59294,3900
DCM,2023-12-29 03:34:00,28.59294,28.59294,28.59294,28.59294,2800
DCM,2023-12-29 03:36:00,28.59294,28.59294,28.59294,28.59294,300
DCM,2023-12-29 03:38:00,28.59294,28.63776,28.59294,28.63776,10700
DCM,2023-12-29 03:39:00,28.63776,28.63776,28.63776,28.63776,100
DCM,2023-12-29 03:40:00,28.63776,28.63776,28.63776,28.63776,2400
DCM,2023-12-29 03:41:00,28.59294,28.59294,28.59294,28.59294,21200
DCM,2023-12-29 03:42:00,28.59294,28.59294,28.59294,28.59294,800
DCM,2023-12-29 03:44:00,28.59294,28.59294,28.59294,28.59294,19000
DCM,2023-12-29 03:45:00,28.59294,28.59294,28.54813,28.54813,10000
DCM,2023-12-29 03:47:00,28.54813,28.59294,28.54813,28.59294,500
DCM,2023-12-29 03:48:00,28.59294,28.59294,28.59294,28.59294,700
DCM,2023-12-29 03:49:00,28.54813,28.54813,28.54813,28.54813,41600
DCM,2023-12-29 03:50:00,28.54813,28.59294,28.54813,28.59294,1200
DCM,2023-12-29 03:51:00,28.59294,28.59294,28.59294,28.59294,11600
DCM,2023-12-29 03:52:00,28.59294,28.59294,28.59294,28.59294,500
DCM,2023-12-29 03:53:00,28.59294,28.59294,28.59294,28.59294,1300
DCM,2023-12-29 03:54:00,28.54813,28.54813,28.54813,28.54813,1000
DCM,2023-12-29 03:55:00,28.54813,28.59294,28.54813,28.59294,1300
DCM,2023-12-29 03:57:00,28.59294,28.59294,28.59294,28.59294,100
DCM,2023-12-29 03:58:00,28.59294,28.59294,28.59294,28.59294,500
DCM,2023-12-29 04:01:00,28.59294,28.59294,28.54813,28.54813,2700
DCM,2023-12-29 04:02:00,28.59294,28.59294,28.59294,28.59294,600
DCM,2023-12-29 04:03:00,28.59294,28.59294,28.59294,28.59294,700
DCM,2023-12-29 04:04:00,28.59294,28.59294,28.59294,28.59294,1100
DCM,2023-12-29 04:05:00,28.59294,28.59294,28.59294,28.59294,2100
DCM,2023-12-29 04:06:00,28.54813,28.54813,28.54813,28.54813,3700
DCM,2023-12-29 04:07:00,28.54813,28.54813,28.54813,28.54813,6300
DCM,2023-12-29 04:09:00,28.54813,28.54813,28.54813,28.54813,3600
DCM,2023-12-29 04:10:00,28.59294,28.59294,28.59294,28.59294,2700
DCM,2023-12-29 04:12:00,28.59294,28.59294,28.59294,28.59294,1200
DCM,2023-12-29 04:13:00,28.59294,28.59294,28.59294,28.59294,1000
DCM,2023-12-29 04:16:00,28.54813,28.54813,28.54813,28.54813,5000
DCM,2023-12-29 04:17:00,28.54813,28.54813,28.54813,28.54813,1000
DCM,2023-12-29 04:18:00,28.54813,28.54813,28.54813,28.54813,6000
DCM,2023-12-29 04:20:00,28.54813,28.59294,28.54813,28.59294,6100
DCM,2023-12-29 04:21:00,28.59294,28.59294,28.59294,28.59294,300
DCM,2023-12-29 04:23:00,28.54813,28.54813,28.54813,28.54813,500
DCM,2023-12-29 04:24:00,28.59294,28.59294,28.54813,28.59294,21700
DCM,2023-12-29 04:25:00,28.59294,28.59294,28.59294,28.59294,3000
DCM,2023-12-29 04:27:00,28.59294,28.59294,28.59294,28.59294,4300
DCM,2023-12-29 04:28:00,28.59294,28.59294,28.59294,28.59294,1500
DCM,2023-12-29 04:29:00,28.59294,28.59294,28.59294,28.59294,100
DCM,2023-12-29 06:00:00,28.54813,28.59294,28.54813,28.59294,4000
DCM,2023-12-29 06:01:00,28.59294,28.59294,28.59294,28.59294,1200
DCM,2023-12-29 06:03:00,28.59294,28.59294,28.59294,28.59294,500
DCM,2023-12-29 06:05:00,28.59294,28.59294,28.59294,28.59294,14300
DCM,2023-12-29 06:06:00,28.59294,28.59294,28.54813,28.54813,1700
DCM,2023-12-29 06:07:00,28.59294,28.59294,28.59294,28.59294,1100
DCM,2023-12-29 06:09:00,28.54813,28.54813,28.54813,28.54813,18300
DCM,2023-12-29 06:10:00,28.54813,28.59294,28.54813,28.59294,2000
DCM,2023-12-29 06:12:00,28.59294,28.59294,28.59294,28.59294,5100
DCM,2023-12-29 06:13:00,28.59294,28.59294,28.59294,28.59294,800
DCM,2023-12-29 06:14:00,28.59294,28.59294,28.59294,28.59294,5000
DCM,2023-12-29 06:15:00,28.54813,28.59294,28.54813,28.59294,4200
DCM,2023-12-29 06:16:00,28.54813,28.59294,28.54813,28.54813,3900
DCM,2023-12-29 06:17:00,28.54813,28.54813,28.54813,28.54813,10400
DCM,2023-12-29 06:18:00,28.54813,28.54813,28.54813,28.54813,6000
DCM,2023-12-29 06:19:00,28.59294,28.59294,28.54813,28.54813,13200
DCM,2023-12-29 06:20:00,28.54813,28.54813,28.54813,28.54813,40400
DCM,2023-12-29 06:21:00,28.54813,28.54813,28.54813,28.54813,17100
DCM,2023-12-29 06:22:00,28.54813,28.54813,28.54813,28.54813,1200
DCM,2023-12-29 06:23:00,28.50331,28.54813,28.50331,28.54813,1500
DCM,2023-12-29 06:24:00,28.54813,28.54813,28.50331,28.50331,3000
DCM,2023-12-29 06:25:00,28.50331,28.50331,28.50331,28.50331,23300
DCM,2023-12-29 06:26:00,28.54813,28.54813,28.50331,28.50331,1300
DCM,2023-12-29 06:27:00,28.54813,28.54813,28.50331,28.50331,8300
DCM,2023-12-29 06:28:00,28.50331,28.50331,28.50331,28.50331,64500
DCM,2023-12-29 06:29:00,28.50331,28.50331,28.50331,28.50331,48700
DCM,2023-12-29 06:30:00,28.50331,28.50331,28.50331,28.50331,15300
DCM,2023-12-29 06:31:00,28.50331,28.50331,28.50331,28.50331,6400
DCM,2023-12-29 06:32:00,28.50331,28.50331,28.50331,28.50331,9800
DCM,2023-12-29 06:33:00,28.50331,28.50331,28.50331,28.50331,1900
DCM,2023-12-29 06:34:00,28.50331,28.50331,28.50331,28.50331,1000
DCM,2023-12-29 06:35:00,28.50331,28.50331,28.50331,28.50331,2500
DCM,2023-12-29 06:36:00,28.50331,28.50331,28.50331,28.50331,10100
DCM,2023-12-29 06:37:00,28.50331,28.50331,28.50331,28.50331,700
DCM,2023-12-29 06:39:00,28.50331,28.50331,28.50331,28.50331,500
DCM,2023-12-29 06:40:00,28.50331,28.54813,28.50331,28.54813,17400
DCM,2023-12-29 06:41:00,28.54813,28.54813,28.50331,28.54813,5600
DCM,2023-12-29 06:42:00,28.54813,28.54813,28.54813,28.54813,15100
DCM,2023-12-29 06:43:00,28.54813,28.54813,28.50331,28.54813,30300
DCM,2023-12-29 06:44:00,28.54813,28.59294,28.54813,28.59294,14400
DCM,2023-12-29 06:45:00,28.59294,28.59294,28.59294,28.59294,1200
DCM,2023-12-29 06:46:00,28.54813,28.54813,28.54813,28.54813,20400
DCM,2023-12-29 06:47:00,28.54813,28.54813,28.54813,28.54813,1400
DCM,2023-12-29 06:49:00,28.54813,28.54813,28.54813,28.54813,13300
DCM,2023-12-29 06:50:00,28.54813,28.54813,28.50331,28.50331,8200
DCM,2023-12-29 06:51:00,28.54813,28.54813,28.54813,28.54813,22100
DCM,2023-12-29 06:52:00,28.54813,28.54813,28.54813,28.54813,10400
DCM,2023-12-29 06:53:00,28.54813,28.54813,28.54813,28.54813,3500
DCM,2023-12-29 06:54:00,28.50331,28.54813,28.50331,28.54813,700
DCM,2023-12-29 06:55:00,28.50331,28.54813,28.50331,28.54813,1900
DCM,2023-12-29 06:56:00,28.54813,28.54813,28.50331,28.50331,3900
DCM,2023-12-29 06:57:00,28.50331,28.50331,28.50331,28.50331,4000
DCM,2023-12-29 06:58:00,28.50331,28.54813,28.50331,28.50331,6000
DCM,2023-12-29 06:59:00,28.50331,28.50331,28.50331,28.50331,2000
DCM,2023-12-29 07:00:00,28.50331,28.50331,28.50331,28.50331,8000
DCM,2023-12-29 07:01:00,28.50331,28.50331,28.50331,28.50331,32200
DCM,2023-12-29 07:02:00,28.50331,28.50331,28.50331,28.50331,4300
DCM,2023-12-29 07:03:00,28.50331,28.54813,28.50331,28.54813,3900
DCM,2023-12-29 07:04:00,28.54813,28.54813,28.50331,28.54813,16900
DCM,2023-12-29 07:05:00,28.54813,28.54813,28.50331,28.54813,17700
DCM,2023-12-29 07:06:00,28.54813,28.54813,28.54813,28.54813,1500
DCM,2023-12-29 07:07:00,28.54813,28.54813,28.54813,28.54813,9700
DCM,2023-12-29 07:08:00,28.54813,28.54813,28.54813,28.54813,100
DCM,2023-12-29 07:09:00,28.59294,28.59294,28.54813,28.54813,14000
DCM,2023-12-29 07:10:00,28.54813,28.54813,28.54813,28.54813,700
DCM,2023-12-29 07:11:00,28.54813,28.59294,28.54813,28.59294,1500
DCM,2023-12-29 07:12:00,28.59294,28.59294,28.59294,28.59294,12000
DCM,2023-12-29 07:13:00,28.59294,28.59294,28.59294,28.59294,11700
DCM,2023-12-29 07:14:00,28.59294,28.59294,28.59294,28.59294,33100
DCM,2023-12-29 07:15:00,28.59294,28.59294,28.59294,28.59294,25600
DCM,2023-12-29 07:16:00,28.59294,28.59294,28.59294,28.59294,1000
DCM,2023-12-29 07:17:00,28.59294,28.59294,28.59294,28.59294,15700
DCM,2023-12-29 07:18:00,28.59294,28.59294,28.59294,28.59294,16000
DCM,2023-12-29 07:19:00,28.59294,28.63776,28.59294,28.63776,60900
DCM,2023-12-29 07:20:00,28.59294,28.63776,28.59294,28.63776,3000
DCM,2023-12-29 07:21:00,28.63776,28.63776,28.59294,28.59294,10000
DCM,2023-12-29 07:22:00,28.59294,28.63776,28.59294,28.59294,16000
DCM,2023-12-29 07:23:00,28.59294,28.63776,28.59294,28.63776,19700
DCM,2023-12-29 07:24:00,28.63776,28.63776,28.59294,28.63776,33800
DCM,2023-12-29 07:25:00,28.63776,28.63776,28.63776,28.63776,24200
DCM,2023-12-29 07:26:00,28.63776,28.68258,28.63776,28.68258,25000
DCM,2023-12-29 07:27:00,28.68258,28.68258,28.68258,28.68258,29500
DCM,2023-12-29 07:28:00,28.68258,28.72739,28.63776,28.72739,52100
DCM,2023-12-29 07:29:00,28.72739,28.72739,28.68258,28.68258,47800
DCM,2023-12-29 07:30:00,28.68258,28.68258,28.68258,28.68258,5000
DCM,2023-12-29 07:45:00,29.04111,29.04111,29.04111,29.04111,452800
