ticker,time,open,high,low,close,volume
VTP,2025-04-01 02:15:00,136.5,136.5,136.0,136.1,6400
VTP,2025-04-01 02:17:00,136.1,136.5,136.1,136.5,800
VTP,2025-04-01 02:18:00,136.5,137.5,136.5,136.8,200
VTP,2025-04-01 02:19:00,136.8,136.9,136.8,136.9,200
VTP,2025-04-01 02:20:00,136.9,137.0,136.9,137.0,700
VTP,2025-04-01 02:21:00,137.0,138.4,137.0,138.3,3300
VTP,2025-04-01 02:22:00,138.3,138.3,138.0,138.0,3300
VTP,2025-04-01 02:23:00,138.0,138.0,137.8,137.8,300
VTP,2025-04-01 02:25:00,137.8,137.8,137.8,137.8,1200
VTP,2025-04-01 02:27:00,137.8,137.8,137.0,137.0,1000
VTP,2025-04-01 02:29:00,137.0,137.0,137.0,137.0,300
VTP,2025-04-01 02:30:00,137.0,137.0,137.0,137.0,900
VTP,2025-04-01 02:31:00,137.0,137.0,137.0,137.0,100
VTP,2025-04-01 02:32:00,137.0,137.0,137.0,137.0,100
VTP,2025-04-01 02:34:00,137.0,137.0,137.0,137.0,100
VTP,2025-04-01 02:35:00,137.0,137.0,137.0,137.0,800
VTP,2025-04-01 02:36:00,137.0,137.0,137.0,137.0,1600
VTP,2025-04-01 02:38:00,137.0,137.0,137.0,137.0,300
VTP,2025-04-01 02:39:00,137.0,137.0,137.0,137.0,100
VTP,2025-04-01 02:40:00,137.0,137.0,136.5,136.5,2300
VTP,2025-04-01 02:41:00,136.5,136.5,136.5,136.5,1400
VTP,2025-04-01 02:42:00,136.5,136.5,136.2,136.2,400
VTP,2025-04-01 02:43:00,136.2,136.2,136.1,136.1,1000
VTP,2025-04-01 02:45:00,136.1,136.1,136.0,136.0,800
VTP,2025-04-01 02:46:00,136.0,136.0,135.9,135.9,300
VTP,2025-04-01 02:50:00,135.9,135.9,135.8,135.8,300
VTP,2025-04-01 02:51:00,135.8,135.9,135.8,135.9,100
VTP,2025-04-01 02:52:00,135.9,135.9,135.8,135.9,900
VTP,2025-04-01 02:53:00,135.9,135.9,135.9,135.9,2000
VTP,2025-04-01 02:54:00,135.9,135.9,135.9,135.9,500
VTP,2025-04-01 02:55:00,135.9,136.0,135.9,135.9,200
VTP,2025-04-01 02:57:00,135.9,136.9,135.9,136.9,1000
VTP,2025-04-01 03:00:00,136.9,136.9,136.9,136.9,100
VTP,2025-04-01 03:02:00,136.9,136.9,136.9,136.9,400
VTP,2025-04-01 03:06:00,136.9,136.9,136.5,136.8,800
VTP,2025-04-01 03:11:00,136.8,136.8,136.8,136.8,100
VTP,2025-04-01 03:12:00,136.8,137.0,136.8,137.0,400
VTP,2025-04-01 03:13:00,137.0,137.0,137.0,137.0,400
VTP,2025-04-01 03:16:00,137.0,137.0,137.0,137.0,1800
VTP,2025-04-01 03:20:00,137.0,137.0,136.9,136.9,1300
VTP,2025-04-01 03:23:00,136.9,136.9,136.8,136.8,100
VTP,2025-04-01 03:25:00,136.8,136.9,136.8,136.9,300
VTP,2025-04-01 03:27:00,136.9,136.9,136.9,136.9,100
VTP,2025-04-01 03:28:00,136.9,136.9,136.9,136.9,100
VTP,2025-04-01 03:29:00,136.9,136.9,136.9,136.9,300
VTP,2025-04-01 03:30:00,136.9,137.0,136.9,137.0,2400
VTP,2025-04-01 03:31:00,137.0,137.0,137.0,137.0,200
VTP,2025-04-01 03:32:00,137.0,137.0,137.0,137.0,2000
VTP,2025-04-01 03:33:00,137.0,137.0,137.0,137.0,200
VTP,2025-04-01 03:35:00,137.0,137.0,137.0,137.0,200
VTP,2025-04-01 03:36:00,137.0,137.0,137.0,137.0,100
VTP,2025-04-01 03:37:00,137.0,137.0,137.0,137.0,200
VTP,2025-04-01 03:38:00,137.0,137.0,137.0,137.0,500
VTP,2025-04-01 03:39:00,137.0,137.0,137.0,137.0,200
VTP,2025-04-01 03:40:00,137.0,137.0,137.0,137.0,200
VTP,2025-04-01 03:41:00,137.0,137.4,137.0,137.4,200
VTP,2025-04-01 03:42:00,137.4,137.8,137.4,137.8,500
VTP,2025-04-01 03:44:00,137.8,137.8,137.8,137.8,100
VTP,2025-04-01 03:45:00,137.8,137.8,137.8,137.8,900
VTP,2025-04-01 03:46:00,137.8,137.8,137.8,137.8,100
VTP,2025-04-01 03:48:00,137.8,138.0,137.8,138.0,300
VTP,2025-04-01 03:51:00,138.0,138.0,137.9,137.9,800
VTP,2025-04-01 03:52:00,137.9,137.9,137.9,137.9,100
VTP,2025-04-01 03:53:00,137.9,137.9,137.9,137.9,300
VTP,2025-04-01 03:56:00,137.9,137.9,137.8,137.8,600
VTP,2025-04-01 04:00:00,137.8,137.8,137.0,137.7,2600
VTP,2025-04-01 04:01:00,137.7,137.7,137.0,137.0,200
VTP,2025-04-01 04:05:00,137.0,137.1,137.0,137.0,1000
VTP,2025-04-01 04:06:00,137.0,137.3,137.0,137.3,2100
VTP,2025-04-01 04:07:00,137.3,137.3,137.0,137.0,600
VTP,2025-04-01 04:08:00,137.0,137.0,137.0,137.0,100
VTP,2025-04-01 04:12:00,137.0,137.0,136.9,136.9,700
VTP,2025-04-01 04:14:00,136.9,136.9,136.8,136.9,3200
VTP,2025-04-01 04:15:00,136.9,137.6,136.8,137.6,1700
VTP,2025-04-01 04:17:00,137.6,137.6,136.8,136.8,400
VTP,2025-04-01 04:18:00,136.8,137.5,136.8,137.5,2100
VTP,2025-04-01 04:24:00,137.5,137.5,137.3,137.3,100
VTP,2025-04-01 06:00:00,137.3,137.3,136.8,136.8,1000
VTP,2025-04-01 06:01:00,136.8,136.8,136.6,136.6,300
VTP,2025-04-01 06:02:00,136.6,136.6,136.5,136.5,600
VTP,2025-04-01 06:05:00,136.5,136.5,136.5,136.5,1000
VTP,2025-04-01 06:07:00,136.5,136.6,136.5,136.6,1000
VTP,2025-04-01 06:08:00,136.6,136.6,136.4,136.4,2100
VTP,2025-04-01 06:15:00,136.4,136.4,136.4,136.4,2200
VTP,2025-04-01 06:16:00,136.4,136.4,136.4,136.4,200
VTP,2025-04-01 06:17:00,136.4,136.4,136.4,136.4,900
VTP,2025-04-01 06:18:00,136.4,136.4,136.4,136.4,400
VTP,2025-04-01 06:19:00,136.4,136.4,136.4,136.4,900
VTP,2025-04-01 06:21:00,136.4,136.4,136.3,136.3,800
VTP,2025-04-01 06:22:00,136.3,136.6,136.3,136.3,500
VTP,2025-04-01 06:23:00,136.3,136.5,136.3,136.5,400
VTP,2025-04-01 06:24:00,136.5,136.5,136.5,136.5,100
VTP,2025-04-01 06:26:00,136.5,136.5,136.5,136.5,300
VTP,2025-04-01 06:27:00,136.5,136.6,136.5,136.5,300
VTP,2025-04-01 06:29:00,136.5,136.5,136.5,136.5,200
VTP,2025-04-01 06:30:00,136.5,136.5,136.5,136.5,1000
VTP,2025-04-01 06:32:00,136.5,136.5,136.4,136.4,1900
VTP,2025-04-01 06:34:00,136.4,136.4,136.3,136.3,200
VTP,2025-04-01 06:35:00,136.3,136.3,136.3,136.3,2400
VTP,2025-04-01 06:36:00,136.3,136.3,136.2,136.2,100
VTP,2025-04-01 06:37:00,136.2,136.2,136.2,136.2,100
VTP,2025-04-01 06:38:00,136.2,136.2,136.2,136.2,600
VTP,2025-04-01 06:39:00,136.2,136.2,136.2,136.2,500
VTP,2025-04-01 06:40:00,136.2,136.2,136.0,136.0,1900
VTP,2025-04-01 06:41:00,136.0,136.0,135.9,135.9,4300
VTP,2025-04-01 06:42:00,135.9,135.9,135.9,135.9,1300
VTP,2025-04-01 06:43:00,135.9,135.9,135.8,135.8,2600
VTP,2025-04-01 06:44:00,135.8,135.8,135.7,135.7,300
VTP,2025-04-01 06:45:00,135.7,135.7,135.6,135.7,300
VTP,2025-04-01 06:46:00,135.7,135.7,135.7,135.7,100
VTP,2025-04-01 06:47:00,135.7,135.7,135.6,135.6,600
VTP,2025-04-01 06:50:00,135.6,135.6,135.6,135.6,2600
VTP,2025-04-01 06:51:00,135.6,135.6,135.6,135.6,200
VTP,2025-04-01 06:52:00,135.6,135.6,135.5,135.5,900
VTP,2025-04-01 06:53:00,135.5,135.5,135.5,135.5,100
VTP,2025-04-01 06:54:00,135.5,135.5,135.5,135.5,100
VTP,2025-04-01 06:55:00,135.5,135.5,135.5,135.5,200
VTP,2025-04-01 06:56:00,135.5,135.5,135.5,135.5,100
VTP,2025-04-01 06:57:00,135.5,135.5,135.4,135.4,300
VTP,2025-04-01 06:58:00,135.4,135.4,135.4,135.4,100
VTP,2025-04-01 06:59:00,135.4,135.4,135.4,135.4,100
VTP,2025-04-01 07:00:00,135.4,135.5,135.4,135.5,200
VTP,2025-04-01 07:01:00,135.5,135.5,135.5,135.5,100
VTP,2025-04-01 07:03:00,135.5,135.5,135.5,135.5,200
VTP,2025-04-01 07:04:00,135.5,135.5,135.5,135.5,1600
VTP,2025-04-01 07:07:00,135.5,135.5,135.3,135.3,1800
VTP,2025-04-01 07:08:00,135.3,135.3,135.3,135.3,700
VTP,2025-04-01 07:09:00,135.3,135.3,135.2,135.2,1500
VTP,2025-04-01 07:10:00,135.2,135.2,135.0,135.0,2700
VTP,2025-04-01 07:11:00,135.0,135.0,135.0,135.0,200
VTP,2025-04-01 07:13:00,135.0,135.0,135.0,135.0,7200
VTP,2025-04-01 07:14:00,135.0,135.0,135.0,135.0,6300
VTP,2025-04-01 07:15:00,135.0,135.0,135.0,135.0,100
VTP,2025-04-01 07:17:00,135.0,135.0,135.0,135.0,200
VTP,2025-04-01 07:18:00,135.0,135.0,135.0,135.0,100
VTP,2025-04-01 07:19:00,135.0,135.0,135.0,135.0,100
VTP,2025-04-01 07:20:00,135.0,135.0,135.0,135.0,100
VTP,2025-04-01 07:21:00,135.0,135.0,134.9,134.9,1100
VTP,2025-04-01 07:22:00,134.9,134.9,134.9,134.9,100
VTP,2025-04-01 07:23:00,134.9,134.9,134.9,134.9,200
VTP,2025-04-01 07:24:00,134.9,135.5,134.9,135.5,2000
VTP,2025-04-01 07:25:00,135.5,135.5,135.0,135.0,2100
VTP,2025-04-01 07:26:00,135.0,135.0,135.0,135.0,400
VTP,2025-04-01 07:27:00,135.0,135.7,134.8,135.7,5700
VTP,2025-04-01 07:28:00,135.7,137.0,134.7,137.0,5500
VTP,2025-04-01 07:29:00,137.0,137.0,134.7,135.0,1100
VTP,2025-04-01 07:45:00,136.9,136.9,136.9,136.9,16700
VTP,2025-04-02 02:15:00,136.1,136.1,136.1,136.1,6600
VTP,2025-04-02 02:16:00,136.1,136.1,136.1,136.1,600
VTP,2025-04-02 02:17:00,136.1,136.1,136.0,136.0,800
VTP,2025-04-02 02:21:00,136.0,136.0,135.5,135.5,100
VTP,2025-04-02 02:22:00,135.5,135.5,135.5,135.5,900
VTP,2025-04-02 02:23:00,135.5,135.5,135.2,135.2,1500
VTP,2025-04-02 02:24:00,135.2,135.2,135.0,135.0,2200
VTP,2025-04-02 02:25:00,135.0,135.0,135.0,135.0,100
VTP,2025-04-02 02:26:00,135.0,135.0,134.9,134.9,100
VTP,2025-04-02 02:27:00,134.9,134.9,134.6,134.6,1100
VTP,2025-04-02 02:28:00,134.6,134.6,134.5,134.5,500
VTP,2025-04-02 02:29:00,134.5,134.5,134.2,134.3,500
VTP,2025-04-02 02:30:00,134.3,134.5,134.3,134.5,700
VTP,2025-04-02 02:32:00,134.5,134.5,134.5,134.5,100
VTP,2025-04-02 02:33:00,134.5,134.6,134.5,134.6,400
VTP,2025-04-02 02:34:00,134.6,134.6,134.6,134.6,500
VTP,2025-04-02 02:35:00,134.6,134.6,134.5,134.5,1600
VTP,2025-04-02 02:36:00,134.5,134.5,134.3,134.3,1000
VTP,2025-04-02 02:37:00,134.3,134.3,134.3,134.3,500
VTP,2025-04-02 02:38:00,134.3,134.3,134.2,134.3,800
VTP,2025-04-02 02:39:00,134.3,134.5,134.2,134.5,1300
VTP,2025-04-02 02:40:00,134.5,134.5,134.5,134.5,400
VTP,2025-04-02 02:41:00,134.5,134.5,134.4,134.4,2300
VTP,2025-04-02 02:43:00,134.4,134.5,134.4,134.5,1100
VTP,2025-04-02 02:44:00,134.5,134.6,134.5,134.6,600
VTP,2025-04-02 02:45:00,134.6,134.6,134.5,134.5,600
VTP,2025-04-02 02:46:00,134.5,134.7,134.5,134.7,400
VTP,2025-04-02 02:47:00,134.7,134.9,134.7,134.9,4100
VTP,2025-04-02 02:48:00,134.9,135.9,134.9,135.9,3400
VTP,2025-04-02 02:50:00,135.9,135.9,135.9,135.9,2500
VTP,2025-04-02 02:51:00,135.9,135.9,134.6,134.9,800
VTP,2025-04-02 02:53:00,134.9,134.9,134.9,134.9,400
VTP,2025-04-02 02:54:00,134.9,134.9,134.9,134.9,200
VTP,2025-04-02 02:55:00,134.9,134.9,134.8,134.8,400
VTP,2025-04-02 02:56:00,134.8,134.9,134.8,134.9,1000
VTP,2025-04-02 02:58:00,134.9,135.0,134.9,135.0,1600
VTP,2025-04-02 02:59:00,135.0,135.0,135.0,135.0,600
VTP,2025-04-02 03:00:00,135.0,135.0,135.0,135.0,100
VTP,2025-04-02 03:01:00,135.0,135.0,135.0,135.0,500
VTP,2025-04-02 03:03:00,135.0,135.0,134.9,135.0,1300
VTP,2025-04-02 03:04:00,135.0,135.7,135.0,135.1,900
VTP,2025-04-02 03:05:00,135.1,136.0,135.1,136.0,2400
VTP,2025-04-02 03:08:00,136.0,136.0,135.0,135.0,100
VTP,2025-04-02 03:09:00,135.0,135.0,135.0,135.0,3000
VTP,2025-04-02 03:10:00,135.0,135.0,134.9,135.0,300
VTP,2025-04-02 03:12:00,135.0,135.0,135.0,135.0,600
VTP,2025-04-02 03:13:00,135.0,135.0,135.0,135.0,400
VTP,2025-04-02 03:14:00,135.0,135.0,134.8,134.8,1100
VTP,2025-04-02 03:15:00,134.8,134.8,134.8,134.8,200
VTP,2025-04-02 03:17:00,134.8,134.8,134.7,134.7,1100
VTP,2025-04-02 03:18:00,134.7,134.7,134.7,134.7,100
VTP,2025-04-02 03:20:00,134.7,134.8,134.7,134.8,700
VTP,2025-04-02 03:21:00,134.8,134.8,134.8,134.8,100
VTP,2025-04-02 03:23:00,134.8,134.8,134.7,134.7,1300
VTP,2025-04-02 03:24:00,134.7,134.7,134.6,134.6,300
VTP,2025-04-02 03:25:00,134.6,134.6,134.6,134.6,900
VTP,2025-04-02 03:27:00,134.6,134.6,134.6,134.6,800
VTP,2025-04-02 03:29:00,134.6,134.6,134.6,134.6,1000
VTP,2025-04-02 03:31:00,134.6,134.6,134.5,134.5,1800
VTP,2025-04-02 03:33:00,134.5,134.5,134.5,134.5,3100
VTP,2025-04-02 03:34:00,134.5,134.5,134.2,134.3,4400
VTP,2025-04-02 03:37:00,134.3,134.3,134.3,134.3,700
VTP,2025-04-02 03:38:00,134.3,134.6,134.3,134.3,900
VTP,2025-04-02 03:39:00,134.3,134.3,134.3,134.3,200
VTP,2025-04-02 03:41:00,134.3,134.3,134.3,134.3,1000
VTP,2025-04-02 03:44:00,134.3,134.3,134.3,134.3,800
VTP,2025-04-02 03:47:00,134.3,134.6,134.3,134.6,100
VTP,2025-04-02 03:48:00,134.6,134.6,134.6,134.6,2000
VTP,2025-04-02 03:49:00,134.6,134.6,134.6,134.6,100
VTP,2025-04-02 03:51:00,134.6,134.6,134.4,134.4,1400
VTP,2025-04-02 03:52:00,134.4,134.4,134.4,134.4,200
VTP,2025-04-02 03:53:00,134.4,134.4,134.3,134.3,400
VTP,2025-04-02 03:55:00,134.3,134.3,134.3,134.3,5500
VTP,2025-04-02 03:56:00,134.3,134.8,134.3,134.8,700
VTP,2025-04-02 03:58:00,134.8,134.8,134.8,134.8,500
VTP,2025-04-02 03:59:00,134.8,134.8,134.8,134.8,500
VTP,2025-04-02 04:00:00,134.8,134.8,134.2,134.2,3700
VTP,2025-04-02 04:01:00,134.2,134.8,134.2,134.8,500
VTP,2025-04-02 04:03:00,134.8,135.0,134.2,135.0,6900
VTP,2025-04-02 04:04:00,135.0,135.8,134.1,134.1,800
VTP,2025-04-02 04:05:00,134.1,135.8,134.0,134.1,11400
VTP,2025-04-02 04:06:00,134.1,135.7,134.1,135.0,1600
VTP,2025-04-02 04:10:00,135.0,135.0,135.0,135.0,200
VTP,2025-04-02 04:11:00,135.0,135.1,135.0,135.1,500
VTP,2025-04-02 04:12:00,135.1,135.3,135.1,135.1,600
VTP,2025-04-02 04:13:00,135.1,135.3,135.1,135.1,1100
VTP,2025-04-02 04:15:00,135.1,135.1,135.1,135.1,900
VTP,2025-04-02 04:16:00,135.1,135.1,135.1,135.1,2200
VTP,2025-04-02 04:17:00,135.1,135.1,134.4,134.4,600
VTP,2025-04-02 04:18:00,134.4,134.4,134.4,134.4,200
VTP,2025-04-02 04:19:00,134.4,134.4,134.4,134.4,700
VTP,2025-04-02 04:20:00,134.4,134.4,134.4,134.4,200
VTP,2025-04-02 04:21:00,134.4,134.4,134.4,134.4,200
VTP,2025-04-02 04:23:00,134.4,134.4,134.4,134.4,2900
VTP,2025-04-02 04:26:00,134.4,134.4,134.4,134.4,1000
VTP,2025-04-02 04:27:00,134.4,134.4,134.3,134.3,1800
VTP,2025-04-02 04:28:00,134.3,135.0,134.3,135.0,600
VTP,2025-04-02 06:00:00,135.0,135.0,134.3,134.3,800
VTP,2025-04-02 06:01:00,134.3,134.3,134.2,134.2,2300
VTP,2025-04-02 06:02:00,134.2,134.2,134.2,134.2,500
VTP,2025-04-02 06:03:00,134.2,134.2,134.2,134.2,300
VTP,2025-04-02 06:04:00,134.2,134.2,134.2,134.2,500
VTP,2025-04-02 06:05:00,134.2,134.2,134.2,134.2,100
VTP,2025-04-02 06:06:00,134.2,134.2,134.2,134.2,1000
VTP,2025-04-02 06:07:00,134.2,134.2,134.2,134.2,500
VTP,2025-04-02 06:08:00,134.2,134.3,134.2,134.2,200
VTP,2025-04-02 06:09:00,134.2,134.2,134.2,134.2,2700
VTP,2025-04-02 06:10:00,134.2,134.2,134.2,134.2,2000
VTP,2025-04-02 06:11:00,134.2,134.2,134.1,134.1,600
VTP,2025-04-02 06:12:00,134.1,134.2,134.1,134.2,1400
VTP,2025-04-02 06:13:00,134.2,134.2,134.2,134.2,200
VTP,2025-04-02 06:14:00,134.2,134.2,134.2,134.2,600
VTP,2025-04-02 06:15:00,134.2,134.2,134.2,134.2,600
VTP,2025-04-02 06:16:00,134.2,134.2,134.1,134.1,600
VTP,2025-04-02 06:17:00,134.1,134.2,134.1,134.2,2500
VTP,2025-04-02 06:18:00,134.2,134.2,134.1,134.1,300
VTP,2025-04-02 06:19:00,134.1,134.1,133.9,133.9,10000
VTP,2025-04-02 06:20:00,133.9,133.9,133.8,133.8,100
VTP,2025-04-02 06:21:00,133.8,133.8,133.8,133.8,700
VTP,2025-04-02 06:22:00,133.8,134.0,133.8,134.0,500
VTP,2025-04-02 06:23:00,134.0,134.0,133.6,133.6,200
VTP,2025-04-02 06:24:00,133.6,133.8,133.3,133.3,5500
VTP,2025-04-02 06:25:00,133.3,133.5,133.3,133.5,400
VTP,2025-04-02 06:26:00,133.5,134.9,133.5,134.9,3000
VTP,2025-04-02 06:27:00,134.9,134.9,134.6,134.6,1000
VTP,2025-04-02 06:32:00,134.6,134.6,134.6,134.6,100
VTP,2025-04-02 06:33:00,134.6,134.6,133.7,133.7,100
VTP,2025-04-02 06:34:00,133.7,133.7,133.5,133.5,2800
VTP,2025-04-02 06:35:00,133.5,133.6,133.5,133.6,200
VTP,2025-04-02 06:36:00,133.6,134.6,133.6,134.5,1400
VTP,2025-04-02 06:38:00,134.5,134.5,134.5,134.5,1000
VTP,2025-04-02 06:40:00,134.5,134.5,134.5,134.5,100
VTP,2025-04-02 06:41:00,134.5,134.5,134.0,134.0,300
VTP,2025-04-02 06:42:00,134.0,134.5,134.0,134.5,100
VTP,2025-04-02 06:44:00,134.5,134.5,134.2,134.4,400
VTP,2025-04-02 06:45:00,134.4,134.4,134.4,134.4,200
VTP,2025-04-02 06:46:00,134.4,134.4,134.4,134.4,300
VTP,2025-04-02 06:47:00,134.4,134.4,134.2,134.2,200
VTP,2025-04-02 06:48:00,134.2,134.2,134.0,134.0,2700
VTP,2025-04-02 06:49:00,134.0,134.0,134.0,134.0,300
VTP,2025-04-02 06:50:00,134.0,134.2,134.0,134.2,200
VTP,2025-04-02 06:51:00,134.2,134.2,134.2,134.2,200
VTP,2025-04-02 06:52:00,134.2,134.2,134.2,134.2,300
VTP,2025-04-02 06:53:00,134.2,134.2,134.2,134.2,300
VTP,2025-04-02 06:54:00,134.2,134.2,134.2,134.2,700
VTP,2025-04-02 06:55:00,134.2,134.3,134.2,134.3,1100
VTP,2025-04-02 06:56:00,134.3,134.3,134.3,134.3,300
VTP,2025-04-02 06:57:00,134.3,134.3,134.3,134.3,3000
VTP,2025-04-02 06:58:00,134.3,134.3,134.3,134.3,400
VTP,2025-04-02 06:59:00,134.3,134.3,134.3,134.3,400
VTP,2025-04-02 07:00:00,134.3,134.5,134.3,134.5,1800
VTP,2025-04-02 07:01:00,134.5,134.6,134.5,134.5,2000
VTP,2025-04-02 07:02:00,134.5,134.5,134.4,134.4,100
VTP,2025-04-02 07:03:00,134.4,134.6,134.4,134.6,3000
VTP,2025-04-02 07:04:00,134.6,135.0,134.6,135.0,5800
VTP,2025-04-02 07:06:00,135.0,135.0,135.0,135.0,100
VTP,2025-04-02 07:12:00,135.0,135.1,134.8,135.1,600
VTP,2025-04-02 07:13:00,135.1,135.5,135.1,135.5,10000
VTP,2025-04-02 07:15:00,135.5,135.5,135.3,135.5,100
VTP,2025-04-02 07:17:00,135.5,135.5,135.5,135.5,6400
VTP,2025-04-02 07:18:00,135.5,135.6,135.5,135.5,1200
VTP,2025-04-02 07:21:00,135.5,135.5,135.4,135.4,200
VTP,2025-04-02 07:23:00,135.4,135.5,135.0,135.5,900
VTP,2025-04-02 07:24:00,135.5,135.9,135.5,135.6,9000
VTP,2025-04-02 07:25:00,135.6,135.6,135.1,135.5,1000
VTP,2025-04-02 07:26:00,135.5,135.5,135.0,135.0,3300
VTP,2025-04-02 07:27:00,135.0,135.0,135.0,135.0,500
VTP,2025-04-02 07:28:00,135.0,135.0,134.8,134.8,600
VTP,2025-04-02 07:29:00,134.8,134.8,134.4,134.4,200
VTP,2025-04-02 07:45:00,134.4,134.4,134.4,134.4,21200
VTP,2025-04-03 02:15:00,125.0,130.0,125.0,125.0,151300
VTP,2025-04-03 02:16:00,125.0,133.0,125.0,126.0,6000
VTP,2025-04-03 02:17:00,126.0,126.0,126.0,126.0,200
VTP,2025-04-03 02:18:00,126.0,126.5,126.0,126.1,3800
VTP,2025-04-03 02:19:00,126.1,126.2,126.1,126.2,100
VTP,2025-04-03 02:20:00,126.2,126.5,126.2,126.5,800
VTP,2025-04-03 02:21:00,126.5,126.5,126.5,126.5,2600
VTP,2025-04-03 02:22:00,126.5,126.5,126.5,126.5,100
VTP,2025-04-03 02:23:00,126.5,127.9,126.5,127.5,1200
VTP,2025-04-03 02:24:00,127.5,127.5,127.5,127.5,4000
VTP,2025-04-03 02:25:00,127.5,127.5,127.1,127.4,4500
VTP,2025-04-03 02:26:00,127.4,127.4,127.0,127.0,8400
VTP,2025-04-03 02:27:00,127.0,127.0,126.5,126.5,1200
VTP,2025-04-03 02:28:00,126.5,126.5,126.5,126.5,1200
VTP,2025-04-03 02:29:00,126.5,126.5,126.5,126.5,200
VTP,2025-04-03 02:30:00,126.5,126.5,126.3,126.4,1100
VTP,2025-04-03 02:31:00,126.4,126.4,126.0,126.0,11800
VTP,2025-04-03 02:32:00,126.0,126.0,125.5,125.5,6100
VTP,2025-04-03 02:33:00,125.5,125.5,125.0,125.0,22300
VTP,2025-04-03 02:34:00,125.0,125.0,125.0,125.0,62400
VTP,2025-04-03 02:35:00,125.0,125.0,125.0,125.0,4900
VTP,2025-04-03 02:36:00,125.0,125.0,125.0,125.0,13100
VTP,2025-04-03 02:37:00,125.0,125.0,125.0,125.0,5800
VTP,2025-04-03 02:38:00,125.0,125.0,125.0,125.0,4800
VTP,2025-04-03 02:39:00,125.0,125.0,125.0,125.0,500
VTP,2025-04-03 02:40:00,125.0,125.0,125.0,125.0,3900
VTP,2025-04-03 02:41:00,125.0,125.0,125.0,125.0,3600
VTP,2025-04-03 02:42:00,125.0,125.0,125.0,125.0,1500
VTP,2025-04-03 02:43:00,125.0,125.0,125.0,125.0,2300
VTP,2025-04-03 02:44:00,125.0,125.0,125.0,125.0,1500
VTP,2025-04-03 02:45:00,125.0,125.0,125.0,125.0,1400
VTP,2025-04-03 02:46:00,125.0,125.0,125.0,125.0,100
VTP,2025-04-03 02:47:00,125.0,125.0,125.0,125.0,20200
VTP,2025-04-03 02:48:00,125.0,125.0,125.0,125.0,300
VTP,2025-04-03 02:49:00,125.0,125.0,125.0,125.0,25300
VTP,2025-04-03 02:50:00,125.0,125.0,125.0,125.0,500
VTP,2025-04-03 02:51:00,125.0,125.0,125.0,125.0,25900
VTP,2025-04-03 02:52:00,125.0,125.0,125.0,125.0,5900
VTP,2025-04-03 02:53:00,125.0,125.0,125.0,125.0,5700
VTP,2025-04-03 02:54:00,125.0,125.0,125.0,125.0,5500
VTP,2025-04-03 02:55:00,125.0,125.0,125.0,125.0,3800
VTP,2025-04-03 02:56:00,125.0,125.0,125.0,125.0,1200
VTP,2025-04-03 02:57:00,125.0,125.0,125.0,125.0,2300
VTP,2025-04-03 02:58:00,125.0,125.0,125.0,125.0,2600
VTP,2025-04-03 02:59:00,125.0,125.0,125.0,125.0,1300
VTP,2025-04-03 03:00:00,125.0,125.0,125.0,125.0,32100
VTP,2025-04-03 03:01:00,125.0,125.0,125.0,125.0,17400
VTP,2025-04-03 03:02:00,125.0,125.0,125.0,125.0,28800
VTP,2025-04-03 03:03:00,125.0,125.0,125.0,125.0,20800
VTP,2025-04-03 03:04:00,125.0,125.0,125.0,125.0,2700
VTP,2025-04-03 03:05:00,125.0,125.0,125.0,125.0,1600
VTP,2025-04-03 03:06:00,125.0,125.0,125.0,125.0,16900
VTP,2025-04-03 03:07:00,125.0,125.0,125.0,125.0,3800
VTP,2025-04-03 03:08:00,125.0,125.0,125.0,125.0,700
VTP,2025-04-03 03:09:00,125.0,125.0,125.0,125.0,1100
VTP,2025-04-03 03:10:00,125.0,125.0,125.0,125.0,1200
VTP,2025-04-03 03:11:00,125.0,125.0,125.0,125.0,4600
VTP,2025-04-03 03:12:00,125.0,125.0,125.0,125.0,4800
VTP,2025-04-03 03:13:00,125.0,125.0,125.0,125.0,1400
VTP,2025-04-03 03:14:00,125.0,125.0,125.0,125.0,600
VTP,2025-04-03 03:15:00,125.0,125.0,125.0,125.0,4500
VTP,2025-04-03 03:16:00,125.0,125.0,125.0,125.0,2000
VTP,2025-04-03 03:17:00,125.0,125.0,125.0,125.0,1900
VTP,2025-04-03 03:18:00,125.0,125.0,125.0,125.0,600
VTP,2025-04-03 03:19:00,125.0,125.0,125.0,125.0,400
VTP,2025-04-03 03:20:00,125.0,125.0,125.0,125.0,25100
VTP,2025-04-03 03:21:00,125.0,125.0,125.0,125.0,8700
VTP,2025-04-03 03:22:00,125.0,125.0,125.0,125.0,13800
VTP,2025-04-03 03:23:00,125.0,125.0,125.0,125.0,2200
VTP,2025-04-03 03:24:00,125.0,125.0,125.0,125.0,200
VTP,2025-04-03 03:25:00,125.0,125.0,125.0,125.0,5400
VTP,2025-04-03 03:26:00,125.0,125.0,125.0,125.0,300
VTP,2025-04-03 03:27:00,125.0,125.0,125.0,125.0,1200
VTP,2025-04-03 03:28:00,125.0,125.0,125.0,125.0,1500
VTP,2025-04-03 03:29:00,125.0,125.0,125.0,125.0,1000
VTP,2025-04-03 03:30:00,125.0,125.0,125.0,125.0,3000
VTP,2025-04-03 03:31:00,125.0,125.0,125.0,125.0,200
VTP,2025-04-03 03:32:00,125.0,125.0,125.0,125.0,1200
VTP,2025-04-03 03:33:00,125.0,125.0,125.0,125.0,300
VTP,2025-04-03 03:34:00,125.0,125.0,125.0,125.0,100
VTP,2025-04-03 03:35:00,125.0,125.0,125.0,125.0,300
VTP,2025-04-03 03:37:00,125.0,125.0,125.0,125.0,300
VTP,2025-04-03 03:40:00,125.0,125.0,125.0,125.0,1500
VTP,2025-04-03 03:41:00,125.0,125.0,125.0,125.0,100
VTP,2025-04-03 03:42:00,125.0,125.0,125.0,125.0,1100
VTP,2025-04-03 03:43:00,125.0,125.0,125.0,125.0,4900
VTP,2025-04-03 03:44:00,125.0,125.0,125.0,125.0,900
VTP,2025-04-03 03:45:00,125.0,125.0,125.0,125.0,800
VTP,2025-04-03 03:46:00,125.0,125.0,125.0,125.0,200
VTP,2025-04-03 03:47:00,125.0,125.0,125.0,125.0,100
VTP,2025-04-03 03:48:00,125.0,125.0,125.0,125.0,100
VTP,2025-04-03 03:51:00,125.0,125.0,125.0,125.0,300
VTP,2025-04-03 03:53:00,125.0,125.0,125.0,125.0,100
VTP,2025-04-03 03:55:00,125.0,125.0,125.0,125.0,100
VTP,2025-04-03 03:59:00,125.0,125.0,125.0,125.0,100
VTP,2025-04-03 04:03:00,125.0,125.0,125.0,125.0,100
VTP,2025-04-03 04:05:00,125.0,125.0,125.0,125.0,300
VTP,2025-04-03 04:10:00,125.0,125.0,125.0,125.0,600
VTP,2025-04-03 04:12:00,125.0,125.0,125.0,125.0,500
VTP,2025-04-03 04:13:00,125.0,125.0,125.0,125.0,400
VTP,2025-04-03 04:14:00,125.0,125.0,125.0,125.0,500
VTP,2025-04-03 04:18:00,125.0,125.0,125.0,125.0,800
VTP,2025-04-03 04:19:00,125.0,125.0,125.0,125.0,900
VTP,2025-04-03 04:23:00,125.0,125.0,125.0,125.0,100
VTP,2025-04-03 04:28:00,125.0,125.0,125.0,125.0,700
VTP,2025-04-03 06:00:00,125.0,125.0,125.0,125.0,5300
VTP,2025-04-03 06:01:00,125.0,125.0,125.0,125.0,200
VTP,2025-04-03 06:02:00,125.0,125.0,125.0,125.0,200
VTP,2025-04-03 06:03:00,125.0,125.0,125.0,125.0,200
VTP,2025-04-03 06:05:00,125.0,125.0,125.0,125.0,500
VTP,2025-04-03 06:06:00,125.0,125.0,125.0,125.0,200
VTP,2025-04-03 06:07:00,125.0,125.0,125.0,125.0,200
VTP,2025-04-03 06:13:00,125.0,125.0,125.0,125.0,100
VTP,2025-04-03 06:15:00,125.0,125.0,125.0,125.0,100
VTP,2025-04-03 06:17:00,125.0,125.0,125.0,125.0,1000
VTP,2025-04-03 06:18:00,125.0,125.0,125.0,125.0,100
VTP,2025-04-03 06:23:00,125.0,125.0,125.0,125.0,200
VTP,2025-04-03 06:24:00,125.0,125.0,125.0,125.0,100
VTP,2025-04-03 06:25:00,125.0,125.0,125.0,125.0,100
VTP,2025-04-03 06:27:00,125.0,125.0,125.0,125.0,100
VTP,2025-04-03 06:32:00,125.0,125.0,125.0,125.0,500
VTP,2025-04-03 06:35:00,125.0,125.0,125.0,125.0,100
VTP,2025-04-03 06:36:00,125.0,125.0,125.0,125.0,500
VTP,2025-04-03 06:37:00,125.0,125.0,125.0,125.0,300
VTP,2025-04-03 06:39:00,125.0,125.0,125.0,125.0,100
VTP,2025-04-03 06:40:00,125.0,125.0,125.0,125.0,200
VTP,2025-04-03 06:41:00,125.0,125.0,125.0,125.0,100
VTP,2025-04-03 06:48:00,125.0,125.0,125.0,125.0,300
VTP,2025-04-03 06:49:00,125.0,125.0,125.0,125.0,1000
VTP,2025-04-03 06:50:00,125.0,125.0,125.0,125.0,100
VTP,2025-04-03 06:53:00,125.0,125.0,125.0,125.0,100
VTP,2025-04-03 06:54:00,125.0,125.0,125.0,125.0,100
VTP,2025-04-03 06:58:00,125.0,125.0,125.0,125.0,100
VTP,2025-04-03 07:01:00,125.0,125.0,125.0,125.0,300
VTP,2025-04-03 07:09:00,125.0,125.0,125.0,125.0,100
VTP,2025-04-03 07:12:00,125.0,125.0,125.0,125.0,9000
VTP,2025-04-03 07:14:00,125.0,125.0,125.0,125.0,500
VTP,2025-04-03 07:15:00,125.0,125.0,125.0,125.0,200
VTP,2025-04-03 07:19:00,125.0,125.0,125.0,125.0,300
VTP,2025-04-03 07:20:00,125.0,125.0,125.0,125.0,100
VTP,2025-04-03 07:21:00,125.0,125.0,125.0,125.0,200
VTP,2025-04-03 07:45:00,125.0,125.0,125.0,125.0,3200
VTP,2025-04-04 02:15:00,116.3,116.3,116.3,116.3,76200
VTP,2025-04-04 02:16:00,116.3,116.3,116.3,116.3,400
VTP,2025-04-04 02:17:00,116.3,116.3,116.3,116.3,1200
VTP,2025-04-04 02:18:00,116.3,116.3,116.3,116.3,1900
VTP,2025-04-04 02:19:00,116.3,116.3,116.3,116.3,6400
VTP,2025-04-04 02:20:00,116.3,116.3,116.3,116.3,1200
VTP,2025-04-04 02:21:00,116.3,116.3,116.3,116.3,700
VTP,2025-04-04 02:22:00,116.3,116.3,116.3,116.3,100
VTP,2025-04-04 02:23:00,116.3,116.3,116.3,116.3,100
VTP,2025-04-04 02:24:00,116.3,116.3,116.3,116.3,100
VTP,2025-04-04 02:25:00,116.3,116.3,116.3,116.3,700
VTP,2025-04-04 02:26:00,116.3,116.3,116.3,116.3,500
VTP,2025-04-04 02:27:00,116.3,116.3,116.3,116.3,100
VTP,2025-04-04 02:29:00,116.3,116.3,116.3,116.3,100
VTP,2025-04-04 02:30:00,116.3,116.3,116.3,116.3,500
VTP,2025-04-04 02:31:00,116.3,116.3,116.3,116.3,200
VTP,2025-04-04 02:32:00,116.3,116.3,116.3,116.3,500
VTP,2025-04-04 02:33:00,116.3,116.3,116.3,116.3,900
VTP,2025-04-04 02:36:00,116.3,116.3,116.3,116.3,1000
VTP,2025-04-04 02:37:00,116.3,116.3,116.3,116.3,1700
VTP,2025-04-04 02:38:00,116.3,116.3,116.3,116.3,600
VTP,2025-04-04 02:39:00,116.3,116.3,116.3,116.3,3400
VTP,2025-04-04 02:40:00,116.3,116.3,116.3,116.3,1100
VTP,2025-04-04 02:41:00,116.3,116.3,116.3,116.3,500
VTP,2025-04-04 02:43:00,116.3,116.3,116.3,116.3,700
VTP,2025-04-04 02:44:00,116.3,116.3,116.3,116.3,3500
VTP,2025-04-04 02:45:00,116.3,116.3,116.3,116.3,2200
VTP,2025-04-04 02:46:00,116.3,116.3,116.3,116.3,700
VTP,2025-04-04 02:47:00,116.3,116.3,116.3,116.3,100
VTP,2025-04-04 02:48:00,116.3,116.3,116.3,116.3,11800
VTP,2025-04-04 02:49:00,116.3,116.3,116.3,116.3,300
VTP,2025-04-04 02:50:00,116.3,116.3,116.3,116.3,600
VTP,2025-04-04 02:51:00,116.3,116.3,116.3,116.3,6500
VTP,2025-04-04 02:52:00,116.3,116.3,116.3,116.3,3400
VTP,2025-04-04 02:54:00,116.3,116.3,116.3,116.3,1200
VTP,2025-04-04 02:55:00,116.3,116.3,116.3,116.3,300
VTP,2025-04-04 02:56:00,116.3,116.3,116.3,116.3,400
VTP,2025-04-04 02:57:00,116.3,116.3,116.3,116.3,1100
VTP,2025-04-04 02:58:00,116.3,116.3,116.3,116.3,500
VTP,2025-04-04 02:59:00,116.3,116.3,116.3,116.3,2700
VTP,2025-04-04 03:01:00,116.3,116.3,116.3,116.3,300
VTP,2025-04-04 03:02:00,116.3,116.3,116.3,116.3,500
VTP,2025-04-04 03:03:00,116.3,116.3,116.3,116.3,1200
VTP,2025-04-04 03:04:00,116.3,116.3,116.3,116.3,6700
VTP,2025-04-04 03:05:00,116.3,116.3,116.3,116.3,16600
VTP,2025-04-04 03:06:00,116.3,116.3,116.3,116.3,2000
VTP,2025-04-04 03:07:00,116.3,116.3,116.3,116.3,5300
VTP,2025-04-04 03:08:00,116.3,116.3,116.3,116.3,4600
VTP,2025-04-04 03:09:00,116.3,116.3,116.3,116.3,3200
VTP,2025-04-04 03:10:00,116.3,116.3,116.3,116.3,8300
VTP,2025-04-04 03:11:00,116.3,116.3,116.3,116.3,15900
VTP,2025-04-04 03:12:00,116.3,116.3,116.3,116.3,5400
VTP,2025-04-04 03:13:00,116.3,116.3,116.3,116.3,1300
VTP,2025-04-04 03:14:00,116.3,116.3,116.3,116.3,5100
VTP,2025-04-04 03:16:00,116.3,116.3,116.3,116.3,100
VTP,2025-04-04 03:17:00,116.3,116.3,116.3,116.3,1200
VTP,2025-04-04 03:18:00,116.3,116.3,116.3,116.3,400
VTP,2025-04-04 03:19:00,116.3,116.3,116.3,116.3,600
VTP,2025-04-04 03:21:00,116.3,116.3,116.3,116.3,200
VTP,2025-04-04 03:22:00,116.3,116.3,116.3,116.3,600
VTP,2025-04-04 03:23:00,116.3,116.3,116.3,116.3,200
VTP,2025-04-04 03:24:00,116.3,116.3,116.3,116.3,1400
VTP,2025-04-04 03:25:00,116.3,116.3,116.3,116.3,300
VTP,2025-04-04 03:26:00,116.3,116.3,116.3,116.3,200
VTP,2025-04-04 03:27:00,116.3,116.3,116.3,116.3,200
VTP,2025-04-04 03:28:00,116.3,116.3,116.3,116.3,10000
VTP,2025-04-04 03:29:00,116.3,116.3,116.3,116.3,400
VTP,2025-04-04 03:31:00,116.3,116.3,116.3,116.3,800
VTP,2025-04-04 03:32:00,116.3,116.3,116.3,116.3,1200
VTP,2025-04-04 03:33:00,116.3,116.3,116.3,116.3,500
VTP,2025-04-04 03:35:00,116.3,116.3,116.3,116.3,200
VTP,2025-04-04 03:37:00,116.3,116.3,116.3,116.3,300
VTP,2025-04-04 03:38:00,116.3,116.3,116.3,116.3,2500
VTP,2025-04-04 03:39:00,116.3,116.3,116.3,116.3,200
VTP,2025-04-04 03:40:00,116.3,116.3,116.3,116.3,100
VTP,2025-04-04 03:44:00,116.3,116.3,116.3,116.3,100
VTP,2025-04-04 03:46:00,116.3,116.3,116.3,116.3,1700
VTP,2025-04-04 03:47:00,116.3,116.3,116.3,116.3,2000
VTP,2025-04-04 03:48:00,116.3,116.3,116.3,116.3,1000
VTP,2025-04-04 03:49:00,116.3,116.3,116.3,116.3,300
VTP,2025-04-04 03:51:00,116.3,116.3,116.3,116.3,300
VTP,2025-04-04 03:54:00,116.3,116.3,116.3,116.3,100
VTP,2025-04-04 03:56:00,116.3,116.3,116.3,116.3,200
VTP,2025-04-04 03:59:00,116.3,116.3,116.3,116.3,100
VTP,2025-04-04 04:01:00,116.3,116.3,116.3,116.3,400
VTP,2025-04-04 04:06:00,116.3,116.3,116.3,116.3,1000
VTP,2025-04-04 04:11:00,116.3,116.3,116.3,116.3,400
VTP,2025-04-04 04:15:00,116.3,116.3,116.3,116.3,500
VTP,2025-04-04 04:28:00,116.3,116.3,116.3,116.3,100
VTP,2025-04-04 06:00:00,116.3,116.3,116.3,116.3,1600
VTP,2025-04-04 06:02:00,116.3,116.3,116.3,116.3,1000
VTP,2025-04-04 06:04:00,116.3,116.3,116.3,116.3,200
VTP,2025-04-04 06:07:00,116.3,116.3,116.3,116.3,100
VTP,2025-04-04 06:15:00,116.3,116.3,116.3,116.3,100
VTP,2025-04-04 06:17:00,116.3,116.3,116.3,116.3,100
VTP,2025-04-04 06:25:00,116.3,116.3,116.3,116.3,400
VTP,2025-04-04 06:27:00,116.3,116.3,116.3,116.3,400
VTP,2025-04-04 06:29:00,116.3,116.3,116.3,116.3,400
VTP,2025-04-04 06:31:00,116.3,116.3,116.3,116.3,300
VTP,2025-04-04 06:36:00,116.3,116.3,116.3,116.3,200
VTP,2025-04-04 06:37:00,116.3,116.3,116.3,116.3,200
VTP,2025-04-04 06:38:00,116.3,116.3,116.3,116.3,500
VTP,2025-04-04 06:43:00,116.3,116.3,116.3,116.3,200
VTP,2025-04-04 06:44:00,116.3,116.3,116.3,116.3,400
VTP,2025-04-04 06:47:00,116.3,116.3,116.3,116.3,100
VTP,2025-04-04 06:50:00,116.3,116.3,116.3,116.3,1000
VTP,2025-04-04 07:01:00,116.3,116.3,116.3,116.3,200
VTP,2025-04-04 07:02:00,116.3,116.3,116.3,116.3,700
VTP,2025-04-04 07:04:00,116.3,116.3,116.3,116.3,1000
VTP,2025-04-04 07:05:00,116.3,116.3,116.3,116.3,100
VTP,2025-04-04 07:06:00,116.3,116.3,116.3,116.3,700
VTP,2025-04-04 07:07:00,116.3,116.3,116.3,116.3,600
VTP,2025-04-04 07:10:00,116.3,116.3,116.3,116.3,600
VTP,2025-04-04 07:11:00,116.3,116.3,116.3,116.3,100
VTP,2025-04-04 07:12:00,116.3,116.3,116.3,116.3,100
VTP,2025-04-04 07:14:00,116.3,116.3,116.3,116.3,600
VTP,2025-04-04 07:16:00,116.3,116.3,116.3,116.3,100
VTP,2025-04-04 07:22:00,116.3,116.3,116.3,116.3,5000
VTP,2025-04-04 07:23:00,116.3,116.3,116.3,116.3,100
VTP,2025-04-04 07:24:00,116.3,116.3,116.3,116.3,200
VTP,2025-04-04 07:25:00,116.3,116.3,116.3,116.3,200
VTP,2025-04-04 07:26:00,116.3,116.3,116.3,116.3,500
VTP,2025-04-04 07:27:00,116.3,116.3,116.3,116.3,2500
VTP,2025-04-04 07:28:00,116.3,116.3,116.3,116.3,1300
VTP,2025-04-04 07:29:00,116.3,116.3,116.3,116.3,2300
VTP,2025-04-04 07:45:00,116.3,116.3,116.3,116.3,16300
VTP,2025-04-08 02:15:00,108.2,108.2,108.2,108.2,27300
VTP,2025-04-08 02:16:00,108.2,108.2,108.2,108.2,1100
VTP,2025-04-08 02:17:00,108.2,108.2,108.2,108.2,6500
VTP,2025-04-08 02:18:00,108.2,108.2,108.2,108.2,300
VTP,2025-04-08 02:19:00,108.2,108.2,108.2,108.2,500
VTP,2025-04-08 02:20:00,108.2,108.2,108.2,108.2,700
VTP,2025-04-08 02:21:00,108.2,108.2,108.2,108.2,1200
VTP,2025-04-08 02:22:00,108.2,108.2,108.2,108.2,3200
VTP,2025-04-08 02:23:00,108.2,108.2,108.2,108.2,200
VTP,2025-04-08 02:24:00,108.2,108.2,108.2,108.2,300
VTP,2025-04-08 02:26:00,108.2,108.2,108.2,108.2,100
VTP,2025-04-08 02:27:00,108.2,108.2,108.2,108.2,100
VTP,2025-04-08 02:28:00,108.2,108.2,108.2,108.2,500
VTP,2025-04-08 02:29:00,108.2,108.2,108.2,108.2,200
VTP,2025-04-08 02:30:00,108.2,108.2,108.2,108.2,400
VTP,2025-04-08 02:31:00,108.2,108.2,108.2,108.2,100
VTP,2025-04-08 02:32:00,108.2,108.2,108.2,108.2,100
VTP,2025-04-08 02:33:00,108.2,108.2,108.2,108.2,200
VTP,2025-04-08 02:37:00,108.2,108.2,108.2,108.2,100
VTP,2025-04-08 02:38:00,108.2,108.2,108.2,108.2,200
VTP,2025-04-08 02:39:00,108.2,108.2,108.2,108.2,300
VTP,2025-04-08 02:41:00,108.2,108.2,108.2,108.2,900
VTP,2025-04-08 02:42:00,108.2,108.2,108.2,108.2,1000
VTP,2025-04-08 02:43:00,108.2,108.2,108.2,108.2,1000
VTP,2025-04-08 02:45:00,108.2,108.2,108.2,108.2,100
VTP,2025-04-08 02:47:00,108.2,108.2,108.2,108.2,100
VTP,2025-04-08 02:48:00,108.2,108.2,108.2,108.2,100
VTP,2025-04-08 02:50:00,108.2,108.2,108.2,108.2,700
VTP,2025-04-08 02:53:00,108.2,108.2,108.2,108.2,500
VTP,2025-04-08 02:54:00,108.2,108.2,108.2,108.2,400
VTP,2025-04-08 02:55:00,108.2,108.2,108.2,108.2,300
VTP,2025-04-08 02:59:00,108.2,108.2,108.2,108.2,100
VTP,2025-04-08 03:00:00,108.2,108.2,108.2,108.2,500
VTP,2025-04-08 03:05:00,108.2,108.2,108.2,108.2,2400
VTP,2025-04-08 03:06:00,108.2,108.2,108.2,108.2,100
VTP,2025-04-08 03:08:00,108.2,108.2,108.2,108.2,4700
VTP,2025-04-08 03:14:00,108.2,108.2,108.2,108.2,100
VTP,2025-04-08 03:16:00,108.2,108.2,108.2,108.2,500
VTP,2025-04-08 03:21:00,108.2,108.2,108.2,108.2,200
VTP,2025-04-08 03:22:00,108.2,108.2,108.2,108.2,300
VTP,2025-04-08 03:23:00,108.2,108.2,108.2,108.2,500
VTP,2025-04-08 03:29:00,108.2,108.2,108.2,108.2,500
VTP,2025-04-08 03:43:00,108.2,108.2,108.2,108.2,100
VTP,2025-04-08 03:55:00,108.2,108.2,108.2,108.2,500
VTP,2025-04-08 03:59:00,108.2,108.2,108.2,108.2,100
VTP,2025-04-08 04:06:00,108.2,108.2,108.2,108.2,100
VTP,2025-04-08 04:12:00,108.2,108.2,108.2,108.2,100
VTP,2025-04-08 04:13:00,108.2,108.2,108.2,108.2,100
VTP,2025-04-08 04:21:00,108.2,108.2,108.2,108.2,100
VTP,2025-04-08 04:28:00,108.2,108.2,108.2,108.2,500
VTP,2025-04-08 06:00:00,108.2,108.2,108.2,108.2,23400
VTP,2025-04-08 06:02:00,108.2,108.2,108.2,108.2,100
VTP,2025-04-08 06:06:00,108.2,108.2,108.2,108.2,200
VTP,2025-04-08 06:14:00,108.2,108.2,108.2,108.2,100
VTP,2025-04-08 06:28:00,108.2,108.2,108.2,108.2,300
VTP,2025-04-08 06:46:00,108.2,108.2,108.2,108.2,500
VTP,2025-04-08 06:53:00,108.2,108.2,108.2,108.2,100
VTP,2025-04-08 07:00:00,108.2,108.2,108.2,108.2,100
VTP,2025-04-08 07:03:00,108.2,108.2,108.2,108.2,100
VTP,2025-04-08 07:06:00,108.2,108.2,108.2,108.2,500
VTP,2025-04-08 07:09:00,108.2,108.2,108.2,108.2,100
VTP,2025-04-08 07:11:00,108.2,108.2,108.2,108.2,100
VTP,2025-04-08 07:12:00,108.2,108.2,108.2,108.2,100
VTP,2025-04-08 07:13:00,108.2,108.2,108.2,108.2,100
VTP,2025-04-09 02:15:00,100.7,100.7,100.7,100.7,4400
VTP,2025-04-09 02:16:00,100.7,100.7,100.7,100.7,100
VTP,2025-04-09 02:22:00,100.7,100.7,100.7,100.7,600
VTP,2025-04-09 02:23:00,100.7,100.7,100.7,100.7,500
VTP,2025-04-09 02:24:00,100.7,100.7,100.7,100.7,100
VTP,2025-04-09 02:25:00,100.7,100.7,100.7,100.7,500
VTP,2025-04-09 02:26:00,100.7,100.7,100.7,100.7,300
VTP,2025-04-09 02:27:00,100.7,100.7,100.7,100.7,600
VTP,2025-04-09 02:28:00,100.7,100.7,100.7,100.7,100
VTP,2025-04-09 02:29:00,100.7,100.7,100.7,100.7,100
VTP,2025-04-09 02:31:00,100.7,100.7,100.7,100.7,600
VTP,2025-04-09 02:34:00,100.7,100.7,100.7,100.7,200
VTP,2025-04-09 02:35:00,100.7,100.7,100.7,100.7,100
VTP,2025-04-09 02:38:00,100.7,100.7,100.7,100.7,5100
VTP,2025-04-09 02:39:00,100.7,100.7,100.7,100.7,100
VTP,2025-04-09 02:40:00,100.7,100.7,100.7,100.7,100
VTP,2025-04-09 02:41:00,100.7,100.7,100.7,100.7,1100
VTP,2025-04-09 02:42:00,100.7,100.7,100.7,100.7,2100
VTP,2025-04-09 02:43:00,100.7,100.7,100.7,100.7,3900
VTP,2025-04-09 02:44:00,100.7,100.7,100.7,100.7,200
VTP,2025-04-09 02:45:00,100.7,100.7,100.7,100.7,200
VTP,2025-04-09 02:46:00,100.7,100.7,100.7,100.7,400
VTP,2025-04-09 02:48:00,100.7,100.7,100.7,100.7,100
VTP,2025-04-09 02:49:00,100.7,100.7,100.7,100.7,100
VTP,2025-04-09 02:50:00,100.7,100.7,100.7,100.7,200
VTP,2025-04-09 02:51:00,100.7,100.7,100.7,100.7,100
VTP,2025-04-09 02:52:00,100.7,100.7,100.7,100.7,400
VTP,2025-04-09 02:53:00,100.7,100.7,100.7,100.7,100
VTP,2025-04-09 02:54:00,100.7,100.7,100.7,100.7,100
VTP,2025-04-09 02:57:00,100.7,100.7,100.7,100.7,300
VTP,2025-04-09 02:58:00,100.7,100.7,100.7,100.7,100
VTP,2025-04-09 02:59:00,100.7,100.7,100.7,100.7,200
VTP,2025-04-09 03:00:00,100.7,100.7,100.7,100.7,2000
VTP,2025-04-09 03:01:00,100.7,100.7,100.7,100.7,100
VTP,2025-04-09 03:02:00,100.7,100.7,100.7,100.7,1000
VTP,2025-04-09 03:03:00,100.7,100.7,100.7,100.7,4900
VTP,2025-04-09 03:04:00,100.7,100.7,100.7,100.7,800
VTP,2025-04-09 03:05:00,100.7,100.7,100.7,100.7,6700
VTP,2025-04-09 03:06:00,100.7,100.7,100.7,100.7,2100
VTP,2025-04-09 03:07:00,100.7,100.7,100.7,100.7,1800
VTP,2025-04-09 03:08:00,100.7,100.7,100.7,100.7,7900
VTP,2025-04-09 03:09:00,100.7,100.7,100.7,100.7,1600
VTP,2025-04-09 03:10:00,100.7,100.7,100.7,100.7,3700
VTP,2025-04-09 03:11:00,100.7,100.7,100.7,100.7,400
VTP,2025-04-09 03:14:00,100.7,100.7,100.7,100.7,5000
VTP,2025-04-09 03:17:00,100.7,100.7,100.7,100.7,200
VTP,2025-04-09 03:18:00,100.7,100.7,100.7,100.7,100
VTP,2025-04-09 03:19:00,100.7,100.7,100.7,100.7,400
VTP,2025-04-09 03:20:00,100.7,100.7,100.7,100.7,600
VTP,2025-04-09 03:21:00,100.7,100.7,100.7,100.7,1300
VTP,2025-04-09 03:22:00,100.7,100.7,100.7,100.7,600
VTP,2025-04-09 03:23:00,100.7,100.7,100.7,100.7,100
VTP,2025-04-09 03:24:00,100.7,100.7,100.7,100.7,100
VTP,2025-04-09 03:26:00,100.7,100.7,100.7,100.7,300
VTP,2025-04-09 03:29:00,100.7,100.7,100.7,100.7,500
VTP,2025-04-09 03:30:00,100.7,100.7,100.7,100.7,100
VTP,2025-04-09 03:31:00,100.7,100.7,100.7,100.7,400
VTP,2025-04-09 03:32:00,100.7,100.7,100.7,100.7,1900
VTP,2025-04-09 03:33:00,100.7,100.7,100.7,100.7,200
VTP,2025-04-09 03:34:00,100.7,100.7,100.7,100.7,300
VTP,2025-04-09 03:39:00,100.7,100.7,100.7,100.7,1000
VTP,2025-04-09 03:41:00,100.7,100.7,100.7,100.7,100
VTP,2025-04-09 03:45:00,100.7,100.7,100.7,100.7,100
VTP,2025-04-09 03:47:00,100.7,100.7,100.7,100.7,300
VTP,2025-04-09 03:49:00,100.7,100.7,100.7,100.7,400
VTP,2025-04-09 04:06:00,100.7,100.7,100.7,100.7,300
VTP,2025-04-09 04:12:00,100.7,100.7,100.7,100.7,100
VTP,2025-04-09 04:13:00,100.7,100.7,100.7,100.7,300
VTP,2025-04-09 04:15:00,100.7,100.7,100.7,100.7,100
VTP,2025-04-09 06:00:00,100.7,100.7,100.7,100.7,2000
VTP,2025-04-09 06:06:00,100.7,100.7,100.7,100.7,200
VTP,2025-04-09 06:07:00,100.7,100.7,100.7,100.7,600
VTP,2025-04-09 06:08:00,100.7,100.7,100.7,100.7,100
VTP,2025-04-09 06:11:00,100.7,100.7,100.7,100.7,100
VTP,2025-04-09 06:15:00,100.7,100.7,100.7,100.7,1000
VTP,2025-04-09 06:24:00,100.7,100.7,100.7,100.7,500
VTP,2025-04-09 06:28:00,100.7,100.7,100.7,100.7,1000
VTP,2025-04-09 06:30:00,100.7,100.7,100.7,100.7,100
VTP,2025-04-09 06:32:00,100.7,100.7,100.7,100.7,500
VTP,2025-04-09 06:36:00,100.7,100.7,100.7,100.7,600
VTP,2025-04-09 06:39:00,100.7,100.7,100.7,100.7,400
VTP,2025-04-09 06:40:00,100.7,100.7,100.7,100.7,600
VTP,2025-04-09 06:41:00,100.7,100.7,100.7,100.7,100
VTP,2025-04-09 06:42:00,100.7,100.7,100.7,100.7,500
VTP,2025-04-09 06:44:00,100.7,100.7,100.7,100.7,300
VTP,2025-04-09 07:01:00,100.7,100.7,100.7,100.7,100
VTP,2025-04-09 07:02:00,100.7,100.7,100.7,100.7,100
VTP,2025-04-09 07:04:00,100.7,100.7,100.7,100.7,100
VTP,2025-04-09 07:10:00,100.7,100.7,100.7,100.7,400
VTP,2025-04-09 07:13:00,100.7,100.7,100.7,100.7,300
VTP,2025-04-09 07:17:00,100.7,100.7,100.7,100.7,600
VTP,2025-04-09 07:21:00,100.7,100.7,100.7,100.7,300
VTP,2025-04-09 07:25:00,100.7,100.7,100.7,100.7,200
VTP,2025-04-09 07:26:00,100.7,100.7,100.7,100.7,300
VTP,2025-04-09 07:28:00,100.7,100.7,100.7,100.7,1200
VTP,2025-04-09 07:45:00,100.7,100.7,100.7,100.7,3400
VTP,2025-04-10 02:15:00,107.7,107.7,107.0,107.2,347400
VTP,2025-04-10 02:16:00,107.2,107.7,106.9,107.7,88800
VTP,2025-04-10 02:17:00,107.7,107.7,107.6,107.7,52100
VTP,2025-04-10 02:18:00,107.7,107.7,107.7,107.7,16800
VTP,2025-04-10 02:19:00,107.7,107.7,107.7,107.7,5200
VTP,2025-04-10 02:20:00,107.7,107.7,107.7,107.7,12600
VTP,2025-04-10 02:21:00,107.7,107.7,107.7,107.7,5700
VTP,2025-04-10 02:23:00,107.7,107.7,107.7,107.7,700
VTP,2025-04-10 02:24:00,107.7,107.7,107.7,107.7,3900
VTP,2025-04-10 02:25:00,107.7,107.7,107.7,107.7,87000
VTP,2025-04-10 02:26:00,107.7,107.7,107.7,107.7,5500
VTP,2025-04-10 02:27:00,107.7,107.7,107.7,107.7,1400
VTP,2025-04-10 02:28:00,107.7,107.7,107.7,107.7,100
VTP,2025-04-10 02:29:00,107.7,107.7,107.7,107.7,3500
VTP,2025-04-10 02:31:00,107.7,107.7,107.7,107.7,4200
VTP,2025-04-10 02:32:00,107.7,107.7,107.7,107.7,900
VTP,2025-04-10 02:33:00,107.7,107.7,107.7,107.7,100
VTP,2025-04-10 02:35:00,107.7,107.7,107.7,107.7,300
VTP,2025-04-10 02:38:00,107.7,107.7,107.7,107.7,700
VTP,2025-04-10 02:46:00,107.7,107.7,107.7,107.7,200
VTP,2025-04-10 02:48:00,107.7,107.7,107.7,107.7,100
VTP,2025-04-10 02:53:00,107.7,107.7,107.7,107.7,200
VTP,2025-04-10 02:55:00,107.7,107.7,107.7,107.7,100
VTP,2025-04-10 03:02:00,107.7,107.7,107.7,107.7,3000
VTP,2025-04-10 03:21:00,107.7,107.7,107.7,107.7,200
VTP,2025-04-10 03:33:00,107.7,107.7,107.7,107.7,2000
VTP,2025-04-10 03:34:00,107.7,107.7,107.7,107.7,5500
VTP,2025-04-10 03:38:00,107.7,107.7,107.7,107.7,100
VTP,2025-04-10 03:41:00,107.7,107.7,107.7,107.7,100
VTP,2025-04-10 03:42:00,107.7,107.7,107.7,107.7,2500
VTP,2025-04-10 03:43:00,107.7,107.7,107.7,107.7,300
VTP,2025-04-10 03:47:00,107.7,107.7,107.7,107.7,1000
VTP,2025-04-10 03:52:00,107.7,107.7,107.7,107.7,100
VTP,2025-04-10 03:57:00,107.7,107.7,107.7,107.7,100
VTP,2025-04-10 03:58:00,107.7,107.7,107.7,107.7,100
VTP,2025-04-10 04:17:00,107.7,107.7,107.7,107.7,200
VTP,2025-04-10 04:19:00,107.7,107.7,107.7,107.7,1000
VTP,2025-04-10 06:00:00,107.7,107.7,107.7,107.7,900
VTP,2025-04-10 06:02:00,107.7,107.7,107.7,107.7,100
VTP,2025-04-10 06:03:00,107.7,107.7,107.7,107.7,500
VTP,2025-04-10 07:14:00,107.7,107.7,107.7,107.7,400
VTP,2025-04-11 02:15:00,100.2,106.0,100.2,100.2,154300
VTP,2025-04-11 02:16:00,100.2,100.2,100.2,100.2,46400
VTP,2025-04-11 02:17:00,100.2,103.6,100.2,103.0,8400
VTP,2025-04-11 02:18:00,103.0,104.0,103.0,103.0,5900
VTP,2025-04-11 02:19:00,103.0,104.0,103.0,104.0,3100
VTP,2025-04-11 02:20:00,104.0,104.3,103.1,104.0,13200
VTP,2025-04-11 02:21:00,104.0,104.0,102.2,102.3,16400
VTP,2025-04-11 02:22:00,102.3,103.0,101.0,103.0,12700
VTP,2025-04-11 02:23:00,103.0,104.0,101.0,102.9,14500
VTP,2025-04-11 02:24:00,102.9,102.9,102.0,102.0,6200
VTP,2025-04-11 02:25:00,102.0,102.9,101.0,102.0,16500
VTP,2025-04-11 02:26:00,102.0,102.0,101.0,101.5,21300
VTP,2025-04-11 02:27:00,101.5,101.9,100.2,100.2,13200
VTP,2025-04-11 02:28:00,100.2,101.9,100.2,100.6,21500
VTP,2025-04-11 02:29:00,100.6,101.5,100.6,101.5,16800
VTP,2025-04-11 02:30:00,101.5,101.5,101.0,101.0,600
VTP,2025-04-11 02:31:00,101.0,101.2,100.9,101.0,11300
VTP,2025-04-11 02:32:00,101.0,101.0,100.7,100.7,2900
VTP,2025-04-11 02:33:00,100.7,101.0,100.7,100.9,12300
VTP,2025-04-11 02:34:00,100.9,100.9,100.8,100.8,6000
VTP,2025-04-11 02:35:00,100.8,100.9,100.7,100.8,7700
VTP,2025-04-11 02:36:00,100.8,100.9,100.7,100.7,12800
VTP,2025-04-11 02:37:00,100.7,100.8,100.5,100.5,12200
VTP,2025-04-11 02:38:00,100.5,100.7,100.5,100.6,5300
VTP,2025-04-11 02:39:00,100.6,100.8,100.6,100.8,12000
VTP,2025-04-11 02:40:00,100.8,100.8,100.4,100.5,18100
VTP,2025-04-11 02:41:00,100.5,100.5,100.2,100.2,96600
VTP,2025-04-11 02:42:00,100.2,100.2,100.2,100.2,7300
VTP,2025-04-11 02:43:00,100.2,100.2,100.2,100.2,8700
VTP,2025-04-11 02:44:00,100.2,100.2,100.2,100.2,34700
VTP,2025-04-11 02:45:00,100.2,100.2,100.2,100.2,6500
VTP,2025-04-11 02:46:00,100.2,100.2,100.2,100.2,14300
VTP,2025-04-11 02:47:00,100.2,100.2,100.2,100.2,10200
VTP,2025-04-11 02:48:00,100.2,100.2,100.2,100.2,3400
VTP,2025-04-11 02:49:00,100.2,100.2,100.2,100.2,4500
VTP,2025-04-11 02:50:00,100.2,100.2,100.2,100.2,6600
VTP,2025-04-11 02:51:00,100.2,100.2,100.2,100.2,22000
VTP,2025-04-11 02:52:00,100.2,100.2,100.2,100.2,2300
VTP,2025-04-11 02:53:00,100.2,100.2,100.2,100.2,1200
VTP,2025-04-11 02:54:00,100.2,100.2,100.2,100.2,2200
VTP,2025-04-11 02:55:00,100.2,100.2,100.2,100.2,1600
VTP,2025-04-11 02:56:00,100.2,100.2,100.2,100.2,400
VTP,2025-04-11 02:57:00,100.2,100.2,100.2,100.2,1800
VTP,2025-04-11 02:58:00,100.2,100.2,100.2,100.2,2800
VTP,2025-04-11 02:59:00,100.2,100.2,100.2,100.2,2100
VTP,2025-04-11 03:00:00,100.2,100.2,100.2,100.2,2200
VTP,2025-04-11 03:01:00,100.2,100.2,100.2,100.2,2400
VTP,2025-04-11 03:02:00,100.2,100.2,100.2,100.2,2300
VTP,2025-04-11 03:03:00,100.2,100.2,100.2,100.2,1800
VTP,2025-04-11 03:04:00,100.2,100.2,100.2,100.2,1400
VTP,2025-04-11 03:05:00,100.2,100.2,100.2,100.2,3800
VTP,2025-04-11 03:06:00,100.2,100.2,100.2,100.2,2000
VTP,2025-04-11 03:07:00,100.2,100.2,100.2,100.2,3900
VTP,2025-04-11 03:08:00,100.2,100.2,100.2,100.2,1100
VTP,2025-04-11 03:09:00,100.2,100.2,100.2,100.2,3600
VTP,2025-04-11 03:10:00,100.2,100.2,100.2,100.2,15600
VTP,2025-04-11 03:11:00,100.2,100.2,100.2,100.2,24300
VTP,2025-04-11 03:12:00,100.2,102.3,100.2,102.3,157900
VTP,2025-04-11 03:13:00,102.3,103.0,101.6,102.9,23300
VTP,2025-04-11 03:14:00,102.9,104.0,102.9,103.9,7000
VTP,2025-04-11 03:15:00,103.9,104.0,103.2,103.9,2900
VTP,2025-04-11 03:16:00,103.9,103.9,103.0,103.0,19200
VTP,2025-04-11 03:17:00,103.0,103.0,101.1,102.0,6700
VTP,2025-04-11 03:18:00,102.0,102.0,101.1,101.9,3700
VTP,2025-04-11 03:19:00,101.9,102.1,101.6,102.0,34300
VTP,2025-04-11 03:20:00,102.0,102.0,101.0,101.0,3600
VTP,2025-04-11 03:21:00,101.0,101.6,101.0,101.0,15800
VTP,2025-04-11 03:22:00,101.0,101.5,101.0,101.5,400
VTP,2025-04-11 03:23:00,101.5,101.7,101.3,101.7,4900
VTP,2025-04-11 03:24:00,101.7,102.1,101.7,102.1,13000
VTP,2025-04-11 03:25:00,102.1,102.6,102.0,102.4,2700
VTP,2025-04-11 03:26:00,102.4,102.6,102.0,102.6,4800
VTP,2025-04-11 03:27:00,102.6,103.5,102.5,103.5,10700
VTP,2025-04-11 03:28:00,103.5,103.7,103.2,103.7,1100
VTP,2025-04-11 03:29:00,103.7,104.0,103.7,103.8,5400
VTP,2025-04-11 03:30:00,103.8,104.3,103.8,103.9,4000
VTP,2025-04-11 03:31:00,103.9,104.3,103.9,104.0,4500
VTP,2025-04-11 03:32:00,104.0,104.0,103.7,103.7,8200
VTP,2025-04-11 03:33:00,103.7,103.8,103.6,103.8,5200
VTP,2025-04-11 03:34:00,103.8,104.4,103.7,104.4,9800
VTP,2025-04-11 03:35:00,104.4,104.4,103.8,104.4,1400
VTP,2025-04-11 03:36:00,104.4,104.4,103.7,103.8,8300
VTP,2025-04-11 03:37:00,103.8,103.8,103.5,103.8,22100
VTP,2025-04-11 03:38:00,103.8,103.8,103.5,103.7,13100
VTP,2025-04-11 03:39:00,103.7,104.1,103.7,104.0,13300
VTP,2025-04-11 03:40:00,104.0,104.4,104.0,104.2,5000
VTP,2025-04-11 03:41:00,104.2,104.2,104.2,104.2,2400
VTP,2025-04-11 03:42:00,104.2,104.2,103.0,103.5,12900
VTP,2025-04-11 03:43:00,103.5,103.5,103.0,103.1,2800
VTP,2025-04-11 03:44:00,103.1,103.1,102.9,102.9,2900
VTP,2025-04-11 03:45:00,102.9,102.9,102.8,102.8,1000
VTP,2025-04-11 03:46:00,102.8,102.8,102.6,102.6,1100
VTP,2025-04-11 03:47:00,102.6,102.6,102.4,102.4,1600
VTP,2025-04-11 03:48:00,102.4,102.4,102.4,102.4,400
VTP,2025-04-11 03:49:00,102.4,102.5,102.3,102.5,500
VTP,2025-04-11 03:50:00,102.5,102.5,102.3,102.5,1800
VTP,2025-04-11 03:51:00,102.5,102.5,102.2,102.5,3300
VTP,2025-04-11 03:52:00,102.5,103.0,102.5,103.0,10000
VTP,2025-04-11 03:53:00,103.0,103.2,103.0,103.2,4600
VTP,2025-04-11 03:54:00,103.2,103.2,103.1,103.2,3400
VTP,2025-04-11 03:55:00,103.2,103.3,103.2,103.2,700
VTP,2025-04-11 03:56:00,103.2,103.5,103.2,103.5,2500
VTP,2025-04-11 03:57:00,103.5,103.5,103.3,103.4,2300
VTP,2025-04-11 03:58:00,103.4,103.5,103.4,103.5,900
VTP,2025-04-11 03:59:00,103.5,104.0,103.5,103.9,7300
VTP,2025-04-11 04:00:00,103.9,103.9,103.5,103.6,7800
VTP,2025-04-11 04:01:00,103.6,103.9,103.4,103.5,2600
VTP,2025-04-11 04:02:00,103.5,103.5,103.4,103.5,1300
VTP,2025-04-11 04:03:00,103.5,103.9,103.4,103.4,1900
VTP,2025-04-11 04:04:00,103.4,103.5,103.4,103.4,300
VTP,2025-04-11 04:05:00,103.4,103.4,103.2,103.2,900
VTP,2025-04-11 04:06:00,103.2,103.9,103.2,103.9,1300
VTP,2025-04-11 04:07:00,103.9,104.0,103.3,103.3,1100
VTP,2025-04-11 04:08:00,103.3,103.5,103.3,103.3,2400
VTP,2025-04-11 04:09:00,103.3,103.5,103.3,103.5,1100
VTP,2025-04-11 04:10:00,103.5,103.5,103.0,103.0,7500
VTP,2025-04-11 04:11:00,103.0,103.0,102.8,102.8,1800
VTP,2025-04-11 04:12:00,102.8,102.8,102.6,102.6,800
VTP,2025-04-11 04:13:00,102.6,102.6,102.5,102.5,500
VTP,2025-04-11 04:14:00,102.5,103.0,102.5,102.7,2600
VTP,2025-04-11 04:15:00,102.7,103.2,102.6,103.2,2000
VTP,2025-04-11 04:16:00,103.2,103.2,102.6,103.2,1400
VTP,2025-04-11 04:17:00,103.2,103.2,102.6,102.6,800
VTP,2025-04-11 04:18:00,102.6,103.0,102.6,103.0,3500
VTP,2025-04-11 04:19:00,103.0,103.5,103.0,103.5,2800
VTP,2025-04-11 04:20:00,103.5,103.5,102.7,102.7,800
VTP,2025-04-11 04:21:00,102.7,102.7,102.7,102.7,300
VTP,2025-04-11 04:22:00,102.7,102.7,102.7,102.7,400
VTP,2025-04-11 04:23:00,102.7,102.8,102.7,102.8,400
VTP,2025-04-11 04:24:00,102.8,102.8,102.8,102.8,300
VTP,2025-04-11 04:25:00,102.8,103.1,102.8,102.9,800
VTP,2025-04-11 04:26:00,102.9,102.9,102.9,102.9,200
VTP,2025-04-11 04:27:00,102.9,102.9,102.6,102.6,7800
VTP,2025-04-11 04:28:00,102.6,103.5,102.6,103.0,3000
VTP,2025-04-11 04:29:00,103.0,103.0,103.0,103.0,100
VTP,2025-04-11 06:00:00,103.0,103.0,102.6,102.6,25000
VTP,2025-04-11 06:01:00,102.6,103.0,102.6,102.7,4600
VTP,2025-04-11 06:02:00,102.7,103.0,102.7,103.0,3900
VTP,2025-04-11 06:03:00,103.0,103.3,103.0,103.3,900
VTP,2025-04-11 06:04:00,103.3,103.4,103.3,103.4,2400
VTP,2025-04-11 06:05:00,103.4,103.5,103.3,103.3,3300
VTP,2025-04-11 06:06:00,103.3,103.3,103.0,103.0,1400
VTP,2025-04-11 06:07:00,103.0,103.2,103.0,103.0,3400
VTP,2025-04-11 06:08:00,103.0,103.3,102.7,103.0,1400
VTP,2025-04-11 06:09:00,103.0,103.1,103.0,103.1,300
VTP,2025-04-11 06:10:00,103.1,103.3,103.0,103.3,2800
VTP,2025-04-11 06:11:00,103.3,103.4,103.0,103.4,2100
VTP,2025-04-11 06:12:00,103.4,104.0,103.2,104.0,27100
VTP,2025-04-11 06:13:00,104.0,105.0,104.0,105.0,11300
VTP,2025-04-11 06:14:00,105.0,105.0,104.5,104.9,8900
VTP,2025-04-11 06:15:00,104.9,106.0,104.9,106.0,12700
VTP,2025-04-11 06:16:00,106.0,107.0,105.5,106.6,14600
VTP,2025-04-11 06:17:00,106.6,106.6,105.7,105.9,1900
VTP,2025-04-11 06:18:00,105.9,105.9,105.5,105.5,1400
VTP,2025-04-11 06:19:00,105.5,105.5,105.5,105.5,800
VTP,2025-04-11 06:20:00,105.5,105.8,105.3,105.8,8700
VTP,2025-04-11 06:21:00,105.8,105.9,105.3,105.5,5400
VTP,2025-04-11 06:22:00,105.5,105.5,105.3,105.4,4600
VTP,2025-04-11 06:23:00,105.4,105.8,105.4,105.8,5900
VTP,2025-04-11 06:24:00,105.8,105.9,105.6,105.8,3000
VTP,2025-04-11 06:25:00,105.8,106.2,105.8,106.2,7700
VTP,2025-04-11 06:26:00,106.2,107.0,106.0,106.0,14000
VTP,2025-04-11 06:27:00,106.0,106.2,105.0,106.0,14000
VTP,2025-04-11 06:28:00,106.0,106.0,105.4,105.6,4400
VTP,2025-04-11 06:29:00,105.6,105.7,105.6,105.6,2400
VTP,2025-04-11 06:30:00,105.6,106.0,105.6,106.0,1200
VTP,2025-04-11 06:31:00,106.0,106.5,106.0,106.5,17000
VTP,2025-04-11 06:32:00,106.5,106.5,106.2,106.3,3600
VTP,2025-04-11 06:33:00,106.3,106.5,106.3,106.5,4900
VTP,2025-04-11 06:34:00,106.5,106.5,106.2,106.4,11400
VTP,2025-04-11 06:35:00,106.4,106.5,106.1,106.1,15500
VTP,2025-04-11 06:36:00,106.1,106.5,106.1,106.3,4700
VTP,2025-04-11 06:37:00,106.3,106.5,106.3,106.4,5500
VTP,2025-04-11 06:38:00,106.4,106.5,106.3,106.3,2900
VTP,2025-04-11 06:39:00,106.3,106.3,106.3,106.3,5500
VTP,2025-04-11 06:40:00,106.3,106.5,106.2,106.2,3100
VTP,2025-04-11 06:41:00,106.2,106.6,106.2,106.6,12500
VTP,2025-04-11 06:42:00,106.6,106.9,106.3,106.3,5800
VTP,2025-04-11 06:43:00,106.3,106.9,106.3,106.8,4900
VTP,2025-04-11 06:44:00,106.8,107.0,106.5,107.0,14300
VTP,2025-04-11 06:45:00,107.0,107.2,107.0,107.2,1100
VTP,2025-04-11 06:46:00,107.2,107.2,107.0,107.1,2800
VTP,2025-04-11 06:47:00,107.1,107.5,107.1,107.5,11600
VTP,2025-04-11 06:48:00,107.5,107.7,107.3,107.7,5600
VTP,2025-04-11 06:49:00,107.7,109.1,107.7,109.1,23100
VTP,2025-04-11 06:50:00,109.1,110.4,109.0,110.4,17900
VTP,2025-04-11 06:51:00,110.4,111.7,110.4,111.7,19300
VTP,2025-04-11 06:52:00,111.7,112.8,111.2,112.4,11900
VTP,2025-04-11 06:53:00,112.4,112.4,111.0,111.1,12300
VTP,2025-04-11 06:54:00,111.1,111.7,110.4,110.4,5700
VTP,2025-04-11 06:55:00,110.4,110.4,110.0,110.2,7400
VTP,2025-04-11 06:56:00,110.2,110.4,109.9,110.0,12600
VTP,2025-04-11 06:57:00,110.0,110.4,109.8,109.9,5000
VTP,2025-04-11 06:58:00,109.9,110.1,109.7,110.0,3100
VTP,2025-04-11 06:59:00,110.0,110.0,109.0,109.0,5300
VTP,2025-04-11 07:00:00,109.0,109.0,108.6,108.6,5000
VTP,2025-04-11 07:01:00,108.6,108.7,108.6,108.7,300
VTP,2025-04-11 07:02:00,108.7,109.0,108.7,109.0,3300
VTP,2025-04-11 07:03:00,109.0,111.9,109.0,111.6,11800
VTP,2025-04-11 07:04:00,111.6,111.9,110.0,111.5,6800
VTP,2025-04-11 07:05:00,111.5,111.8,110.5,111.7,5100
VTP,2025-04-11 07:06:00,111.7,112.0,110.0,110.1,12300
VTP,2025-04-11 07:07:00,110.1,111.8,110.1,111.7,900
VTP,2025-04-11 07:08:00,111.7,111.8,111.7,111.7,2300
VTP,2025-04-11 07:09:00,111.7,111.8,111.4,111.4,6200
VTP,2025-04-11 07:10:00,111.4,111.4,110.5,111.4,2800
VTP,2025-04-11 07:11:00,111.4,111.4,110.6,110.7,2000
VTP,2025-04-11 07:12:00,110.7,111.2,110.7,110.8,3200
VTP,2025-04-11 07:13:00,110.8,110.8,110.6,110.6,3200
VTP,2025-04-11 07:14:00,110.6,110.8,110.6,110.8,1800
VTP,2025-04-11 07:15:00,110.8,111.1,110.7,111.0,3600
VTP,2025-04-11 07:16:00,111.0,111.1,110.8,111.0,3200
VTP,2025-04-11 07:17:00,111.0,111.0,110.8,110.8,2900
VTP,2025-04-11 07:18:00,110.8,111.0,110.8,111.0,8700
VTP,2025-04-11 07:19:00,111.0,111.2,111.0,111.2,3300
VTP,2025-04-11 07:20:00,111.2,111.9,111.2,111.8,9600
VTP,2025-04-11 07:21:00,111.8,111.8,111.6,111.7,5100
VTP,2025-04-11 07:22:00,111.7,111.9,111.7,111.8,7400
VTP,2025-04-11 07:23:00,111.8,112.0,111.8,112.0,6300
VTP,2025-04-11 07:24:00,112.0,112.1,111.8,112.0,12100
VTP,2025-04-11 07:25:00,112.0,112.0,111.9,111.9,8100
VTP,2025-04-11 07:26:00,111.9,112.0,111.9,111.9,8600
VTP,2025-04-11 07:27:00,111.9,112.0,111.9,112.0,4500
VTP,2025-04-11 07:28:00,112.0,112.1,111.9,111.9,7100
VTP,2025-04-11 07:29:00,111.9,112.0,111.5,112.0,9400
VTP,2025-04-11 07:45:00,112.0,112.0,112.0,112.0,79000
VTP,2025-04-14 02:15:00,112.5,112.5,112.3,112.4,25900
VTP,2025-04-14 02:16:00,112.4,112.5,112.1,112.4,12100
VTP,2025-04-14 02:17:00,112.4,112.4,112.1,112.3,6400
VTP,2025-04-14 02:18:00,112.3,112.3,112.1,112.2,1200
VTP,2025-04-14 02:19:00,112.2,112.2,112.1,112.2,3100
VTP,2025-04-14 02:20:00,112.2,112.9,112.2,112.9,22600
VTP,2025-04-14 02:21:00,112.9,113.9,112.9,113.9,1600
VTP,2025-04-14 02:22:00,113.9,115.0,113.1,115.0,5600
VTP,2025-04-14 02:23:00,115.0,115.0,113.2,114.3,13900
VTP,2025-04-14 02:24:00,114.3,114.4,114.3,114.4,3300
VTP,2025-04-14 02:25:00,114.4,114.5,114.2,114.5,4200
VTP,2025-04-14 02:26:00,114.5,114.5,114.0,114.0,3400
VTP,2025-04-14 02:27:00,114.0,114.0,113.7,113.7,3400
VTP,2025-04-14 02:28:00,113.7,113.7,113.6,113.7,2200
VTP,2025-04-14 02:29:00,113.7,114.0,113.7,114.0,2700
VTP,2025-04-14 02:30:00,114.0,114.0,113.6,113.6,3400
VTP,2025-04-14 02:31:00,113.6,114.0,113.6,114.0,1100
VTP,2025-04-14 02:32:00,114.0,114.0,113.7,113.8,11100
VTP,2025-04-14 02:33:00,113.8,113.9,113.8,113.9,300
VTP,2025-04-14 02:34:00,113.9,114.3,113.9,114.3,6800
VTP,2025-04-14 02:35:00,114.3,114.6,114.3,114.6,8900
VTP,2025-04-14 02:36:00,114.6,114.6,114.4,114.5,1300
VTP,2025-04-14 02:37:00,114.5,114.6,114.4,114.6,5900
VTP,2025-04-14 02:38:00,114.6,114.6,114.5,114.5,3500
VTP,2025-04-14 02:39:00,114.5,114.5,114.4,114.4,3900
VTP,2025-04-14 02:40:00,114.4,114.5,114.3,114.3,600
VTP,2025-04-14 02:41:00,114.3,114.3,114.0,114.0,900
VTP,2025-04-14 02:42:00,114.0,114.2,113.9,113.9,5800
VTP,2025-04-14 02:43:00,113.9,113.9,113.7,113.7,1300
VTP,2025-04-14 02:44:00,113.7,113.7,113.2,113.2,4700
VTP,2025-04-14 02:45:00,113.2,113.2,113.2,113.2,1300
VTP,2025-04-14 02:46:00,113.2,113.2,113.1,113.1,3500
VTP,2025-04-14 02:47:00,113.1,113.4,113.1,113.4,1100
VTP,2025-04-14 02:48:00,113.4,113.4,113.4,113.4,1200
VTP,2025-04-14 02:49:00,113.4,113.4,113.0,113.0,2000
VTP,2025-04-14 02:50:00,113.0,113.0,113.0,113.0,6900
VTP,2025-04-14 02:51:00,113.0,113.0,112.6,112.6,7000
VTP,2025-04-14 02:52:00,112.6,112.6,112.5,112.5,2400
VTP,2025-04-14 02:53:00,112.5,112.5,112.5,112.5,1500
VTP,2025-04-14 02:54:00,112.5,112.7,112.2,112.6,6300
VTP,2025-04-14 02:55:00,112.6,112.6,112.2,112.2,2100
VTP,2025-04-14 02:56:00,112.2,112.3,112.2,112.3,700
VTP,2025-04-14 02:57:00,112.3,112.3,112.3,112.3,2900
VTP,2025-04-14 02:58:00,112.3,112.3,112.2,112.2,2400
VTP,2025-04-14 02:59:00,112.2,112.2,112.1,112.1,7800
VTP,2025-04-14 03:00:00,112.1,112.1,111.9,111.9,8900
VTP,2025-04-14 03:01:00,111.9,111.9,111.8,111.9,2500
VTP,2025-04-14 03:02:00,111.9,112.0,111.9,112.0,1300
VTP,2025-04-14 03:03:00,112.0,112.0,112.0,112.0,500
VTP,2025-04-14 03:04:00,112.0,112.0,112.0,112.0,4700
VTP,2025-04-14 03:05:00,112.0,112.2,112.0,112.1,11500
VTP,2025-04-14 03:06:00,112.1,112.3,112.1,112.3,2300
VTP,2025-04-14 03:07:00,112.3,112.3,112.2,112.3,1700
VTP,2025-04-14 03:08:00,112.3,112.3,112.2,112.2,6000
VTP,2025-04-14 03:09:00,112.2,112.2,112.1,112.1,3400
VTP,2025-04-14 03:10:00,112.1,112.1,112.0,112.0,1200
VTP,2025-04-14 03:11:00,112.0,112.1,112.0,112.0,7100
VTP,2025-04-14 03:12:00,112.0,112.0,112.0,112.0,200
VTP,2025-04-14 03:13:00,112.0,112.0,111.9,111.9,200
VTP,2025-04-14 03:14:00,111.9,111.9,111.9,111.9,4300
VTP,2025-04-14 03:15:00,111.9,111.9,111.8,111.8,3100
VTP,2025-04-14 03:16:00,111.8,111.9,111.8,111.9,1900
VTP,2025-04-14 03:17:00,111.9,112.0,111.8,112.0,1300
VTP,2025-04-14 03:20:00,112.0,112.0,111.9,111.9,1100
VTP,2025-04-14 03:22:00,111.9,112.0,111.9,111.9,5200
VTP,2025-04-14 03:25:00,111.9,111.9,111.9,111.9,100
VTP,2025-04-14 03:26:00,111.9,112.0,111.9,112.0,5400
VTP,2025-04-14 03:28:00,112.0,112.3,112.0,112.3,5000
VTP,2025-04-14 03:29:00,112.3,112.3,112.3,112.3,1200
VTP,2025-04-14 03:30:00,112.3,112.3,112.3,112.3,900
VTP,2025-04-14 03:32:00,112.3,112.3,112.3,112.3,400
VTP,2025-04-14 03:33:00,112.3,112.3,112.2,112.2,200
VTP,2025-04-14 03:34:00,112.2,112.3,112.2,112.3,700
VTP,2025-04-14 03:36:00,112.3,112.3,112.3,112.3,5000
VTP,2025-04-14 03:37:00,112.3,112.3,112.3,112.3,800
VTP,2025-04-14 03:38:00,112.3,112.5,112.3,112.5,1200
VTP,2025-04-14 03:39:00,112.5,112.5,112.5,112.5,500
VTP,2025-04-14 03:40:00,112.5,112.5,112.5,112.5,1600
VTP,2025-04-14 03:41:00,112.5,112.5,112.4,112.4,1000
VTP,2025-04-14 03:42:00,112.4,112.5,112.4,112.5,200
VTP,2025-04-14 03:44:00,112.5,112.5,112.5,112.5,100
VTP,2025-04-14 03:45:00,112.5,112.5,112.5,112.5,1500
VTP,2025-04-14 03:46:00,112.5,112.7,112.5,112.7,3500
VTP,2025-04-14 03:47:00,112.7,113.0,112.7,113.0,1000
VTP,2025-04-14 03:48:00,113.0,113.0,113.0,113.0,8900
VTP,2025-04-14 03:49:00,113.0,113.0,113.0,113.0,1100
VTP,2025-04-14 03:50:00,113.0,113.1,113.0,113.1,7800
VTP,2025-04-14 03:51:00,113.1,113.1,113.1,113.1,1500
VTP,2025-04-14 03:52:00,113.1,113.2,113.1,113.2,1100
VTP,2025-04-14 03:53:00,113.2,113.2,113.2,113.2,100
VTP,2025-04-14 03:54:00,113.2,113.5,113.2,113.5,4400
VTP,2025-04-14 03:55:00,113.5,113.5,113.5,113.5,1500
VTP,2025-04-14 03:56:00,113.5,113.5,113.5,113.5,2400
VTP,2025-04-14 03:57:00,113.5,113.5,113.5,113.5,1300
VTP,2025-04-14 03:58:00,113.5,113.5,113.4,113.4,1100
VTP,2025-04-14 03:59:00,113.4,113.4,113.0,113.0,9000
VTP,2025-04-14 04:00:00,113.0,113.0,112.9,112.9,2700
VTP,2025-04-14 04:01:00,112.9,112.9,112.9,112.9,400
VTP,2025-04-14 04:02:00,112.9,112.9,112.9,112.9,500
VTP,2025-04-14 04:03:00,112.9,112.9,112.7,112.7,3500
VTP,2025-04-14 04:05:00,112.7,112.7,112.7,112.7,100
VTP,2025-04-14 04:06:00,112.7,112.7,112.6,112.6,500
VTP,2025-04-14 04:07:00,112.6,112.6,112.3,112.3,3000
VTP,2025-04-14 04:08:00,112.3,112.3,112.3,112.3,3500
VTP,2025-04-14 04:09:00,112.3,112.3,112.3,112.3,3700
VTP,2025-04-14 04:10:00,112.3,112.3,112.2,112.2,2100
VTP,2025-04-14 04:11:00,112.2,112.2,112.2,112.2,1000
VTP,2025-04-14 04:12:00,112.2,112.2,112.1,112.1,2400
VTP,2025-04-14 04:13:00,112.1,112.1,111.9,112.0,7200
VTP,2025-04-14 04:16:00,112.0,112.2,112.0,112.2,1400
VTP,2025-04-14 04:17:00,112.2,112.2,112.2,112.2,100
VTP,2025-04-14 04:18:00,112.2,112.2,112.0,112.0,3900
VTP,2025-04-14 04:19:00,112.0,112.0,112.0,112.0,1100
VTP,2025-04-14 04:20:00,112.0,112.0,111.9,111.9,1300
VTP,2025-04-14 04:21:00,111.9,112.0,111.9,112.0,2000
VTP,2025-04-14 04:22:00,112.0,112.0,111.9,111.9,2000
VTP,2025-04-14 04:24:00,111.9,111.9,111.9,111.9,1500
VTP,2025-04-14 04:25:00,111.9,111.9,111.9,111.9,200
VTP,2025-04-14 04:26:00,111.9,112.0,111.9,111.9,3300
VTP,2025-04-14 04:27:00,111.9,111.9,111.9,111.9,900
VTP,2025-04-14 04:28:00,111.9,111.9,111.9,111.9,1000
VTP,2025-04-14 04:29:00,111.9,112.0,111.9,112.0,3900
VTP,2025-04-14 06:00:00,112.0,112.0,111.8,111.8,21400
VTP,2025-04-14 06:01:00,111.8,111.8,111.8,111.8,100
VTP,2025-04-14 06:02:00,111.8,111.9,111.8,111.9,700
VTP,2025-04-14 06:03:00,111.9,111.9,111.8,111.8,1900
VTP,2025-04-14 06:04:00,111.8,111.8,111.8,111.8,4300
VTP,2025-04-14 06:05:00,111.8,111.8,111.8,111.8,3200
VTP,2025-04-14 06:06:00,111.8,111.8,111.8,111.8,1500
VTP,2025-04-14 06:07:00,111.8,111.8,111.8,111.8,500
VTP,2025-04-14 06:08:00,111.8,111.8,111.8,111.8,2200
VTP,2025-04-14 06:09:00,111.8,111.8,111.7,111.7,12500
VTP,2025-04-14 06:10:00,111.7,111.7,111.7,111.7,200
VTP,2025-04-14 06:11:00,111.7,111.8,111.7,111.8,200
VTP,2025-04-14 06:12:00,111.8,111.8,111.7,111.8,12200
VTP,2025-04-14 06:13:00,111.8,112.1,111.8,112.1,11200
VTP,2025-04-14 06:14:00,112.1,112.2,112.0,112.2,1000
VTP,2025-04-14 06:15:00,112.2,112.5,112.2,112.2,5800
VTP,2025-04-14 06:16:00,112.2,112.2,112.2,112.2,1000
VTP,2025-04-14 06:18:00,112.2,112.4,112.2,112.4,300
VTP,2025-04-14 06:19:00,112.4,112.4,112.4,112.4,2400
VTP,2025-04-14 06:20:00,112.4,112.4,112.2,112.2,900
VTP,2025-04-14 06:21:00,112.2,112.2,112.2,112.2,5600
VTP,2025-04-14 06:22:00,112.2,112.2,112.2,112.2,1400
VTP,2025-04-14 06:23:00,112.2,112.2,112.0,112.0,2600
VTP,2025-04-14 06:25:00,112.0,112.1,111.9,112.0,2700
VTP,2025-04-14 06:26:00,112.0,112.0,112.0,112.0,900
VTP,2025-04-14 06:27:00,112.0,112.0,111.9,112.0,200
VTP,2025-04-14 06:28:00,112.0,112.0,112.0,112.0,800
VTP,2025-04-14 06:29:00,112.0,112.0,111.9,111.9,17400
VTP,2025-04-14 06:30:00,111.9,111.9,111.9,111.9,400
VTP,2025-04-14 06:32:00,111.9,111.9,111.8,111.8,4400
VTP,2025-04-14 06:34:00,111.8,112.0,111.8,112.0,6600
VTP,2025-04-14 06:35:00,112.0,112.1,111.9,112.1,4500
VTP,2025-04-14 06:36:00,112.1,112.3,112.1,112.3,1700
VTP,2025-04-14 06:37:00,112.3,112.4,112.2,112.4,4300
VTP,2025-04-14 06:38:00,112.4,113.3,112.4,113.3,4100
VTP,2025-04-14 06:39:00,113.3,113.3,113.3,113.3,7000
VTP,2025-04-14 06:40:00,113.3,113.3,113.3,113.3,2700
VTP,2025-04-14 06:41:00,113.3,113.3,113.3,113.3,600
VTP,2025-04-14 06:42:00,113.3,113.3,112.5,112.5,500
VTP,2025-04-14 06:48:00,112.5,112.5,112.4,112.4,1900
VTP,2025-04-14 06:50:00,112.4,112.5,112.4,112.4,2900
VTP,2025-04-14 06:51:00,112.4,112.4,112.2,112.2,2300
VTP,2025-04-14 06:52:00,112.2,112.2,112.2,112.2,300
VTP,2025-04-14 06:53:00,112.2,112.3,112.2,112.3,700
VTP,2025-04-14 06:54:00,112.3,112.3,112.2,112.2,200
VTP,2025-04-14 06:55:00,112.2,112.2,112.0,112.0,1700
VTP,2025-04-14 06:56:00,112.0,112.0,112.0,112.0,2000
VTP,2025-04-14 06:57:00,112.0,112.1,112.0,112.1,1000
VTP,2025-04-14 06:59:00,112.1,112.1,112.1,112.1,1000
VTP,2025-04-14 07:00:00,112.1,112.1,112.1,112.1,200
VTP,2025-04-14 07:01:00,112.1,112.1,112.1,112.1,900
VTP,2025-04-14 07:02:00,112.1,112.1,112.1,112.1,1600
VTP,2025-04-14 07:03:00,112.1,112.1,112.1,112.1,400
VTP,2025-04-14 07:04:00,112.1,112.1,112.1,112.1,400
VTP,2025-04-14 07:05:00,112.1,113.0,112.1,113.0,5000
VTP,2025-04-14 07:08:00,113.0,113.0,112.0,112.1,6000
VTP,2025-04-14 07:10:00,112.1,112.1,112.0,112.0,5300
VTP,2025-04-14 07:11:00,112.0,112.1,112.0,112.1,1300
VTP,2025-04-14 07:12:00,112.1,112.1,112.0,112.1,5100
VTP,2025-04-14 07:13:00,112.1,112.1,112.0,112.0,1600
VTP,2025-04-14 07:16:00,112.0,112.2,112.0,112.1,1500
VTP,2025-04-14 07:18:00,112.1,112.1,112.1,112.1,1500
VTP,2025-04-14 07:19:00,112.1,112.1,112.1,112.1,200
VTP,2025-04-14 07:20:00,112.1,112.1,112.1,112.1,6100
VTP,2025-04-14 07:21:00,112.1,112.1,112.1,112.1,3700
VTP,2025-04-14 07:22:00,112.1,112.1,112.0,112.0,2100
VTP,2025-04-14 07:23:00,112.0,112.1,112.0,112.1,3500
VTP,2025-04-14 07:24:00,112.1,112.1,112.0,112.1,3200
VTP,2025-04-14 07:25:00,112.1,112.7,112.0,112.0,5500
VTP,2025-04-14 07:26:00,112.0,112.1,112.0,112.1,2300
VTP,2025-04-14 07:27:00,112.1,112.1,112.0,112.0,4500
VTP,2025-04-14 07:28:00,112.0,112.1,112.0,112.0,2300
VTP,2025-04-14 07:29:00,112.0,112.1,112.0,112.0,3500
VTP,2025-04-14 07:45:00,111.7,111.7,111.7,111.7,40600
VTP,2025-04-15 02:15:00,111.0,111.0,109.0,109.0,19300
VTP,2025-04-15 02:16:00,109.0,110.0,109.0,110.0,5600
VTP,2025-04-15 02:17:00,110.0,110.0,109.1,110.0,2400
VTP,2025-04-15 02:18:00,110.0,110.0,109.7,109.7,500
VTP,2025-04-15 02:19:00,109.7,109.7,109.0,109.1,15900
VTP,2025-04-15 02:20:00,109.1,109.3,109.1,109.3,2500
VTP,2025-04-15 02:21:00,109.3,109.4,109.3,109.4,2100
VTP,2025-04-15 02:22:00,109.4,109.8,109.4,109.8,8300
VTP,2025-04-15 02:23:00,109.8,110.0,109.6,110.0,3000
VTP,2025-04-15 02:24:00,110.0,110.0,110.0,110.0,1300
VTP,2025-04-15 02:25:00,110.0,110.5,110.0,110.5,200
VTP,2025-04-15 02:26:00,110.5,111.0,110.5,111.0,6700
VTP,2025-04-15 02:28:00,111.0,111.1,111.0,111.0,7200
VTP,2025-04-15 02:29:00,111.0,111.0,111.0,111.0,2800
VTP,2025-04-15 02:30:00,111.0,111.0,111.0,111.0,1300
VTP,2025-04-15 02:32:00,111.0,111.0,110.9,110.9,3100
VTP,2025-04-15 02:33:00,110.9,111.0,110.9,111.0,7000
VTP,2025-04-15 02:34:00,111.0,111.0,111.0,111.0,500
VTP,2025-04-15 02:35:00,111.0,111.0,111.0,111.0,400
VTP,2025-04-15 02:36:00,111.0,111.0,111.0,111.0,3800
VTP,2025-04-15 02:37:00,111.0,111.0,110.9,110.9,600
VTP,2025-04-15 02:38:00,110.9,111.0,110.9,111.0,5300
VTP,2025-04-15 02:39:00,111.0,111.0,111.0,111.0,2600
VTP,2025-04-15 02:40:00,111.0,111.3,111.0,111.3,3400
VTP,2025-04-15 02:41:00,111.3,111.3,111.3,111.3,100
VTP,2025-04-15 02:42:00,111.3,111.3,111.3,111.3,1400
VTP,2025-04-15 02:43:00,111.3,111.3,111.0,111.0,3500
VTP,2025-04-15 02:44:00,111.0,111.0,110.9,111.0,1400
VTP,2025-04-15 02:45:00,111.0,111.0,110.9,110.9,3300
VTP,2025-04-15 02:46:00,110.9,111.0,110.9,111.0,100
VTP,2025-04-15 02:47:00,111.0,111.0,111.0,111.0,1900
VTP,2025-04-15 02:48:00,111.0,111.0,110.9,110.9,200
VTP,2025-04-15 02:49:00,110.9,110.9,110.9,110.9,1400
VTP,2025-04-15 02:50:00,110.9,110.9,110.7,110.7,500
VTP,2025-04-15 02:51:00,110.7,110.7,110.5,110.5,6400
VTP,2025-04-15 02:52:00,110.5,110.5,110.5,110.5,500
VTP,2025-04-15 02:53:00,110.5,110.5,110.5,110.5,1300
VTP,2025-04-15 02:54:00,110.5,110.5,110.4,110.5,5300
VTP,2025-04-15 02:55:00,110.5,110.5,110.4,110.4,1400
VTP,2025-04-15 02:56:00,110.4,110.4,110.2,110.4,9200
VTP,2025-04-15 02:57:00,110.4,110.4,110.0,110.0,10600
VTP,2025-04-15 02:58:00,110.0,110.0,109.7,109.7,5100
VTP,2025-04-15 02:59:00,109.7,110.0,109.7,110.0,2500
VTP,2025-04-15 03:00:00,110.0,110.5,110.0,110.5,3100
VTP,2025-04-15 03:01:00,110.5,110.5,110.5,110.5,1200
VTP,2025-04-15 03:02:00,110.5,110.5,110.5,110.5,100
VTP,2025-04-15 03:03:00,110.5,110.5,110.2,110.2,1100
VTP,2025-04-15 03:04:00,110.2,110.2,110.2,110.2,500
VTP,2025-04-15 03:05:00,110.2,110.2,110.0,110.0,5000
VTP,2025-04-15 03:06:00,110.0,110.0,110.0,110.0,2100
VTP,2025-04-15 03:07:00,110.0,110.5,110.0,110.5,3400
VTP,2025-04-15 03:08:00,110.5,110.5,110.5,110.5,200
VTP,2025-04-15 03:09:00,110.5,110.5,110.4,110.4,400
VTP,2025-04-15 03:10:00,110.4,110.5,110.0,110.5,4200
VTP,2025-04-15 03:12:00,110.5,110.5,110.5,110.5,300
VTP,2025-04-15 03:13:00,110.5,110.5,110.3,110.3,1800
VTP,2025-04-15 03:16:00,110.3,110.7,110.3,110.7,1200
VTP,2025-04-15 03:17:00,110.7,110.7,110.7,110.7,1500
VTP,2025-04-15 03:18:00,110.7,110.9,110.6,110.9,8800
VTP,2025-04-15 03:20:00,110.9,110.9,110.9,110.9,100
VTP,2025-04-15 03:21:00,110.9,110.9,110.6,110.6,4100
VTP,2025-04-15 03:22:00,110.6,110.6,110.6,110.6,400
VTP,2025-04-15 03:23:00,110.6,110.6,110.3,110.4,3100
VTP,2025-04-15 03:24:00,110.4,110.4,110.4,110.4,100
VTP,2025-04-15 03:25:00,110.4,110.4,110.4,110.4,300
VTP,2025-04-15 03:27:00,110.4,110.4,109.9,109.9,5600
VTP,2025-04-15 03:28:00,109.9,109.9,109.9,109.9,1500
VTP,2025-04-15 03:29:00,109.9,109.9,109.8,109.8,1500
VTP,2025-04-15 03:30:00,109.8,109.8,109.7,109.7,800
VTP,2025-04-15 03:32:00,109.7,109.7,109.5,109.5,2100
VTP,2025-04-15 03:33:00,109.5,109.5,109.5,109.5,11000
VTP,2025-04-15 03:34:00,109.5,109.8,109.5,109.8,300
VTP,2025-04-15 03:36:00,109.8,109.8,109.7,109.7,2300
VTP,2025-04-15 03:37:00,109.7,109.7,109.7,109.7,100
VTP,2025-04-15 03:38:00,109.7,109.8,109.5,109.5,4500
VTP,2025-04-15 03:39:00,109.5,109.5,109.5,109.5,200
VTP,2025-04-15 03:41:00,109.5,109.5,109.4,109.4,1700
VTP,2025-04-15 03:42:00,109.4,109.4,109.4,109.4,500
VTP,2025-04-15 03:43:00,109.4,109.4,109.4,109.4,100
VTP,2025-04-15 03:44:00,109.4,109.4,109.4,109.4,1100
VTP,2025-04-15 03:46:00,109.4,109.5,109.4,109.5,1000
VTP,2025-04-15 03:48:00,109.5,109.5,109.4,109.4,1600
VTP,2025-04-15 03:49:00,109.4,109.4,109.3,109.3,3200
VTP,2025-04-15 03:50:00,109.3,109.3,109.2,109.2,2400
VTP,2025-04-15 03:51:00,109.2,109.3,109.0,109.0,5200
VTP,2025-04-15 03:52:00,109.0,109.4,109.0,109.0,5500
VTP,2025-04-15 03:53:00,109.0,109.0,108.6,108.6,16400
VTP,2025-04-15 03:54:00,108.6,108.9,108.6,108.9,300
VTP,2025-04-15 03:55:00,108.9,108.9,108.9,108.9,100
VTP,2025-04-15 03:56:00,108.9,108.9,108.4,108.6,3200
VTP,2025-04-15 03:57:00,108.6,108.6,108.2,108.3,2000
VTP,2025-04-15 03:58:00,108.3,108.3,108.0,108.0,7900
VTP,2025-04-15 03:59:00,108.0,108.0,107.6,107.6,4100
VTP,2025-04-15 04:00:00,107.6,107.6,107.6,107.6,300
VTP,2025-04-15 04:01:00,107.6,107.7,107.6,107.6,3200
VTP,2025-04-15 04:02:00,107.6,107.7,107.6,107.7,900
VTP,2025-04-15 04:03:00,107.7,107.7,107.5,107.6,8800
VTP,2025-04-15 04:04:00,107.6,107.6,107.4,107.6,1000
VTP,2025-04-15 04:05:00,107.6,107.6,107.6,107.6,1300
VTP,2025-04-15 04:06:00,107.6,107.6,107.6,107.6,600
VTP,2025-04-15 04:07:00,107.6,107.6,107.2,107.2,300
VTP,2025-04-15 04:08:00,107.2,107.4,107.0,107.4,21700
VTP,2025-04-15 04:09:00,107.4,107.6,107.0,107.0,6900
VTP,2025-04-15 04:10:00,107.0,107.0,107.0,107.0,2900
VTP,2025-04-15 04:11:00,107.0,107.0,107.0,107.0,700
VTP,2025-04-15 04:12:00,107.0,107.0,106.0,106.0,16500
VTP,2025-04-15 04:13:00,106.0,106.8,105.9,106.0,5400
VTP,2025-04-15 04:14:00,106.0,106.1,105.5,105.5,10400
VTP,2025-04-15 04:15:00,105.5,106.0,105.5,106.0,4100
VTP,2025-04-15 04:16:00,106.0,106.0,105.6,106.0,3500
VTP,2025-04-15 04:17:00,106.0,106.0,105.9,106.0,3600
VTP,2025-04-15 04:18:00,106.0,106.0,105.9,105.9,1700
VTP,2025-04-15 04:19:00,105.9,105.9,105.6,105.8,3600
VTP,2025-04-15 04:20:00,105.8,105.8,105.6,105.6,4500
VTP,2025-04-15 04:21:00,105.6,106.9,105.6,106.9,11300
VTP,2025-04-15 04:22:00,106.9,106.9,106.6,106.6,1100
VTP,2025-04-15 04:23:00,106.6,106.9,106.6,106.8,2500
VTP,2025-04-15 04:24:00,106.8,106.8,106.8,106.8,1400
VTP,2025-04-15 04:25:00,106.8,106.8,106.7,106.7,800
VTP,2025-04-15 04:26:00,106.7,106.7,106.6,106.6,1800
VTP,2025-04-15 04:27:00,106.6,106.6,106.5,106.6,4600
VTP,2025-04-15 04:28:00,106.6,106.6,106.5,106.5,1300
VTP,2025-04-15 04:29:00,106.5,106.6,106.5,106.6,3200
VTP,2025-04-15 06:00:00,106.6,106.6,104.0,104.0,72600
VTP,2025-04-15 06:01:00,104.0,104.0,103.9,103.9,52500
VTP,2025-04-15 06:02:00,103.9,103.9,103.9,103.9,27100
VTP,2025-04-15 06:03:00,103.9,103.9,103.9,103.9,6400
VTP,2025-04-15 06:04:00,103.9,103.9,103.9,103.9,4200
VTP,2025-04-15 06:05:00,103.9,103.9,103.9,103.9,4700
VTP,2025-04-15 06:06:00,103.9,103.9,103.9,103.9,4600
VTP,2025-04-15 06:07:00,103.9,103.9,103.9,103.9,6000
VTP,2025-04-15 06:08:00,103.9,103.9,103.9,103.9,17600
VTP,2025-04-15 06:09:00,103.9,104.0,103.9,104.0,82200
VTP,2025-04-15 06:10:00,104.0,104.5,103.9,104.5,8800
VTP,2025-04-15 06:11:00,104.5,105.5,104.5,105.5,5000
VTP,2025-04-15 06:12:00,105.5,106.5,105.5,106.5,15600
VTP,2025-04-15 06:13:00,106.5,106.5,105.2,105.2,3000
VTP,2025-04-15 06:14:00,105.2,105.2,104.6,104.6,10300
VTP,2025-04-15 06:15:00,104.6,104.6,104.4,104.4,22000
VTP,2025-04-15 06:16:00,104.4,104.6,104.2,104.6,2900
VTP,2025-04-15 06:17:00,104.6,104.6,104.5,104.6,3200
VTP,2025-04-15 06:19:00,104.6,105.0,104.6,105.0,1500
VTP,2025-04-15 06:20:00,105.0,105.0,104.9,105.0,2900
VTP,2025-04-15 06:21:00,105.0,105.0,105.0,105.0,1300
VTP,2025-04-15 06:22:00,105.0,105.0,104.8,104.9,4100
VTP,2025-04-15 06:23:00,104.9,104.9,104.8,104.8,5100
VTP,2025-04-15 06:24:00,104.8,104.8,104.5,104.5,11300
VTP,2025-04-15 06:25:00,104.5,105.0,104.5,105.0,8700
VTP,2025-04-15 06:26:00,105.0,105.1,105.0,105.1,11400
VTP,2025-04-15 06:27:00,105.1,105.1,104.7,104.8,7800
VTP,2025-04-15 06:28:00,104.8,104.9,104.8,104.8,1100
VTP,2025-04-15 06:29:00,104.8,104.9,104.7,104.8,8300
VTP,2025-04-15 06:30:00,104.8,104.8,104.8,104.8,2300
VTP,2025-04-15 06:31:00,104.8,104.8,104.7,104.8,3700
VTP,2025-04-15 06:32:00,104.8,104.9,104.8,104.9,3100
VTP,2025-04-15 06:33:00,104.9,105.0,104.9,105.0,1000
VTP,2025-04-15 06:34:00,105.0,105.0,104.9,104.9,6500
VTP,2025-04-15 06:35:00,104.9,105.2,104.9,105.0,2000
VTP,2025-04-15 06:36:00,105.0,105.1,104.8,104.8,7100
VTP,2025-04-15 06:37:00,104.8,104.8,104.8,104.8,100
VTP,2025-04-15 06:38:00,104.8,104.9,104.8,104.9,900
VTP,2025-04-15 06:39:00,104.9,104.9,104.8,104.8,12400
VTP,2025-04-15 06:40:00,104.8,104.8,104.8,104.8,2300
VTP,2025-04-15 06:41:00,104.8,104.8,104.7,104.7,2400
VTP,2025-04-15 06:42:00,104.7,104.7,104.6,104.6,800
VTP,2025-04-15 06:43:00,104.6,104.6,104.1,104.2,8900
VTP,2025-04-15 06:44:00,104.2,104.2,104.0,104.0,19000
VTP,2025-04-15 06:45:00,104.0,104.0,104.0,104.0,24500
VTP,2025-04-15 06:46:00,104.0,104.0,104.0,104.0,4600
VTP,2025-04-15 06:47:00,104.0,104.5,104.0,104.5,2500
VTP,2025-04-15 06:48:00,104.5,104.5,104.1,104.1,7300
VTP,2025-04-15 06:49:00,104.1,104.2,104.0,104.1,2500
VTP,2025-04-15 06:50:00,104.1,104.1,104.0,104.1,13600
VTP,2025-04-15 06:51:00,104.1,104.2,104.1,104.1,600
VTP,2025-04-15 06:52:00,104.1,104.1,104.0,104.0,13400
VTP,2025-04-15 06:53:00,104.0,104.0,103.9,103.9,83300
VTP,2025-04-15 06:54:00,103.9,103.9,103.9,103.9,8200
VTP,2025-04-15 06:55:00,103.9,103.9,103.9,103.9,7300
VTP,2025-04-15 06:56:00,103.9,103.9,103.9,103.9,7800
VTP,2025-04-15 06:57:00,103.9,103.9,103.9,103.9,10300
VTP,2025-04-15 06:58:00,103.9,103.9,103.9,103.9,59000
VTP,2025-04-15 06:59:00,103.9,104.0,103.9,104.0,17100
VTP,2025-04-15 07:00:00,104.0,104.2,104.0,104.2,1200
VTP,2025-04-15 07:01:00,104.2,105.0,104.2,105.0,2200
VTP,2025-04-15 07:02:00,105.0,105.0,104.8,104.8,5400
VTP,2025-04-15 07:03:00,104.8,104.9,104.7,104.7,1300
VTP,2025-04-15 07:04:00,104.7,104.8,104.7,104.8,900
VTP,2025-04-15 07:05:00,104.8,104.8,104.7,104.7,4700
VTP,2025-04-15 07:06:00,104.7,104.7,104.6,104.6,600
VTP,2025-04-15 07:07:00,104.6,104.6,104.4,104.5,2900
VTP,2025-04-15 07:08:00,104.5,104.5,103.9,104.0,38700
VTP,2025-04-15 07:09:00,104.0,104.0,103.9,104.0,12800
VTP,2025-04-15 07:10:00,104.0,104.0,103.9,103.9,25900
VTP,2025-04-15 07:11:00,103.9,104.0,103.9,103.9,2300
VTP,2025-04-15 07:12:00,103.9,104.0,103.9,103.9,15100
VTP,2025-04-15 07:13:00,103.9,103.9,103.9,103.9,1500
VTP,2025-04-15 07:14:00,103.9,103.9,103.9,103.9,3300
VTP,2025-04-15 07:15:00,103.9,103.9,103.9,103.9,3400
VTP,2025-04-15 07:16:00,103.9,103.9,103.9,103.9,2000
VTP,2025-04-15 07:17:00,103.9,103.9,103.9,103.9,6800
VTP,2025-04-15 07:18:00,103.9,103.9,103.9,103.9,5000
VTP,2025-04-15 07:19:00,103.9,103.9,103.9,103.9,25600
VTP,2025-04-15 07:20:00,103.9,103.9,103.9,103.9,18700
VTP,2025-04-15 07:21:00,103.9,104.2,103.9,104.2,5100
VTP,2025-04-15 07:22:00,104.2,104.5,104.1,104.1,1900
VTP,2025-04-15 07:23:00,104.1,104.5,104.1,104.1,5800
VTP,2025-04-15 07:24:00,104.1,104.1,103.9,103.9,30700
VTP,2025-04-15 07:25:00,103.9,103.9,103.9,103.9,5500
VTP,2025-04-15 07:26:00,103.9,103.9,103.9,103.9,6800
VTP,2025-04-15 07:27:00,103.9,103.9,103.9,103.9,3900
VTP,2025-04-15 07:28:00,103.9,103.9,103.9,103.9,8200
VTP,2025-04-15 07:29:00,103.9,103.9,103.9,103.9,2700
VTP,2025-04-15 07:45:00,103.9,103.9,103.9,103.9,9900
VTP,2025-04-16 02:15:00,98.6,102.9,98.6,102.0,93700
VTP,2025-04-16 02:16:00,102.0,102.0,100.2,100.2,1200
VTP,2025-04-16 02:17:00,100.2,101.5,100.2,101.2,1200
VTP,2025-04-16 02:18:00,101.2,101.7,101.0,101.4,28300
VTP,2025-04-16 02:19:00,101.4,101.4,100.8,101.2,6100
VTP,2025-04-16 02:20:00,101.2,101.2,101.1,101.1,2100
VTP,2025-04-16 02:21:00,101.1,101.1,100.8,100.8,3200
VTP,2025-04-16 02:22:00,100.8,100.8,100.4,100.8,4100
VTP,2025-04-16 02:23:00,100.8,100.9,100.8,100.8,3000
VTP,2025-04-16 02:24:00,100.8,101.4,100.8,101.2,4300
VTP,2025-04-16 02:25:00,101.2,101.7,101.2,101.7,4200
VTP,2025-04-16 02:26:00,101.7,102.9,101.7,102.9,8000
VTP,2025-04-16 02:27:00,102.9,102.9,102.6,102.8,900
VTP,2025-04-16 02:28:00,102.8,102.8,102.8,102.8,100
VTP,2025-04-16 02:29:00,102.8,102.8,102.3,102.3,500
VTP,2025-04-16 02:30:00,102.3,102.5,102.3,102.3,1600
VTP,2025-04-16 02:31:00,102.3,102.3,102.2,102.3,800
VTP,2025-04-16 02:32:00,102.3,102.7,102.0,102.0,14700
VTP,2025-04-16 02:33:00,102.0,102.1,102.0,102.0,4700
VTP,2025-04-16 02:34:00,102.0,102.0,101.8,101.8,300
VTP,2025-04-16 02:35:00,101.8,101.8,101.8,101.8,1000
VTP,2025-04-16 02:36:00,101.8,101.9,101.8,101.8,1900
VTP,2025-04-16 02:37:00,101.8,101.8,101.8,101.8,600
VTP,2025-04-16 02:38:00,101.8,101.8,101.6,101.6,1000
VTP,2025-04-16 02:39:00,101.6,101.6,101.2,101.2,3100
VTP,2025-04-16 02:40:00,101.2,101.2,100.8,100.8,10800
VTP,2025-04-16 02:41:00,100.8,100.9,100.5,100.5,17700
VTP,2025-04-16 02:42:00,100.5,100.6,100.5,100.6,7900
VTP,2025-04-16 02:43:00,100.6,100.9,100.6,100.9,300
VTP,2025-04-16 02:44:00,100.9,101.0,100.9,101.0,5400
VTP,2025-04-16 02:45:00,101.0,101.6,101.0,101.1,1300
VTP,2025-04-16 02:46:00,101.1,101.7,101.0,101.2,1500
VTP,2025-04-16 02:47:00,101.2,101.7,101.2,101.7,800
VTP,2025-04-16 02:49:00,101.7,101.7,101.6,101.7,700
VTP,2025-04-16 02:50:00,101.7,101.8,101.7,101.8,1700
VTP,2025-04-16 02:51:00,101.8,101.8,101.8,101.8,2000
VTP,2025-04-16 02:52:00,101.8,101.8,101.8,101.8,1500
VTP,2025-04-16 02:53:00,101.8,102.0,101.8,102.0,2400
VTP,2025-04-16 02:54:00,102.0,102.7,102.0,102.6,3400
VTP,2025-04-16 02:55:00,102.6,102.6,102.4,102.5,7700
VTP,2025-04-16 02:57:00,102.5,102.5,102.4,102.5,10400
VTP,2025-04-16 02:58:00,102.5,102.6,102.5,102.6,1100
VTP,2025-04-16 02:59:00,102.6,102.6,102.6,102.6,200
VTP,2025-04-16 03:00:00,102.6,102.6,102.5,102.6,10500
VTP,2025-04-16 03:01:00,102.6,102.9,102.6,102.9,12500
VTP,2025-04-16 03:02:00,102.9,103.5,102.9,103.5,7600
VTP,2025-04-16 03:03:00,103.5,103.6,103.4,103.6,5500
VTP,2025-04-16 03:04:00,103.6,104.0,103.6,103.9,5900
VTP,2025-04-16 03:05:00,103.9,104.2,103.9,104.2,4800
VTP,2025-04-16 03:06:00,104.2,107.0,104.2,107.0,35700
VTP,2025-04-16 03:07:00,107.0,107.0,106.0,107.0,1700
VTP,2025-04-16 03:08:00,107.0,107.0,106.0,106.5,11000
VTP,2025-04-16 03:09:00,106.5,106.5,106.3,106.3,8800
VTP,2025-04-16 03:10:00,106.3,106.3,106.1,106.1,6300
VTP,2025-04-16 03:11:00,106.1,106.9,106.0,106.9,12800
VTP,2025-04-16 03:12:00,106.9,107.3,106.9,107.0,13800
VTP,2025-04-16 03:13:00,107.0,107.5,107.0,107.3,3300
VTP,2025-04-16 03:14:00,107.3,107.5,107.1,107.3,2900
VTP,2025-04-16 03:15:00,107.3,107.3,107.3,107.3,3100
VTP,2025-04-16 03:16:00,107.3,107.3,107.1,107.1,1000
VTP,2025-04-16 03:17:00,107.1,107.2,107.1,107.2,2600
VTP,2025-04-16 03:18:00,107.2,107.2,107.0,107.0,4100
VTP,2025-04-16 03:19:00,107.0,107.0,106.5,106.5,4800
VTP,2025-04-16 03:20:00,106.5,106.5,106.1,106.1,3000
VTP,2025-04-16 03:21:00,106.1,106.4,106.1,106.2,2400
VTP,2025-04-16 03:22:00,106.2,106.2,106.2,106.2,1900
VTP,2025-04-16 03:23:00,106.2,106.5,106.2,106.5,12500
VTP,2025-04-16 03:24:00,106.5,106.5,106.4,106.4,600
VTP,2025-04-16 03:25:00,106.4,106.4,106.3,106.3,1600
VTP,2025-04-16 03:26:00,106.3,106.3,106.3,106.3,700
VTP,2025-04-16 03:27:00,106.3,106.4,106.2,106.2,2800
VTP,2025-04-16 03:28:00,106.2,106.3,106.2,106.3,300
VTP,2025-04-16 03:29:00,106.3,106.3,106.2,106.3,1200
VTP,2025-04-16 03:30:00,106.3,106.3,106.2,106.2,100
VTP,2025-04-16 03:31:00,106.2,106.2,106.2,106.2,4000
VTP,2025-04-16 03:32:00,106.2,106.2,106.2,106.2,700
VTP,2025-04-16 03:33:00,106.2,106.2,105.6,105.6,8400
VTP,2025-04-16 03:34:00,105.6,105.6,105.6,105.6,1000
VTP,2025-04-16 03:35:00,105.6,105.6,105.4,105.4,2600
VTP,2025-04-16 03:36:00,105.4,105.4,105.4,105.4,100
VTP,2025-04-16 03:37:00,105.4,105.4,105.3,105.4,100
VTP,2025-04-16 03:38:00,105.4,105.4,105.3,105.3,1200
VTP,2025-04-16 03:39:00,105.3,105.3,105.3,105.3,300
VTP,2025-04-16 03:40:00,105.3,105.3,105.2,105.2,1700
VTP,2025-04-16 03:41:00,105.2,105.2,105.1,105.1,5100
VTP,2025-04-16 03:42:00,105.1,105.1,105.0,105.1,5400
VTP,2025-04-16 03:43:00,105.1,105.1,105.0,105.0,3000
VTP,2025-04-16 03:44:00,105.0,105.0,104.6,104.6,1300
VTP,2025-04-16 03:45:00,104.6,104.6,104.6,104.6,1500
VTP,2025-04-16 03:46:00,104.6,104.7,104.0,104.0,4800
VTP,2025-04-16 03:47:00,104.0,104.0,104.0,104.0,3200
VTP,2025-04-16 03:49:00,104.0,104.3,104.0,104.0,10000
VTP,2025-04-16 03:51:00,104.0,104.0,103.9,104.0,4600
VTP,2025-04-16 03:53:00,104.0,104.5,104.0,104.5,500
VTP,2025-04-16 03:54:00,104.5,105.1,104.5,105.1,8300
VTP,2025-04-16 03:55:00,105.1,105.1,105.1,105.1,300
VTP,2025-04-16 03:56:00,105.1,105.1,105.1,105.1,500
VTP,2025-04-16 03:57:00,105.1,105.1,105.0,105.0,1000
VTP,2025-04-16 03:58:00,105.0,105.1,105.0,105.0,2200
VTP,2025-04-16 03:59:00,105.0,105.1,105.0,105.1,500
VTP,2025-04-16 04:00:00,105.1,105.1,105.1,105.1,100
VTP,2025-04-16 04:01:00,105.1,105.1,104.9,104.9,1900
VTP,2025-04-16 04:02:00,104.9,104.9,104.5,104.5,2700
VTP,2025-04-16 04:03:00,104.5,104.5,104.4,104.4,2600
VTP,2025-04-16 04:04:00,104.4,104.5,104.4,104.5,700
VTP,2025-04-16 04:07:00,104.5,104.7,104.5,104.7,600
VTP,2025-04-16 04:08:00,104.7,104.7,104.5,104.5,200
VTP,2025-04-16 04:10:00,104.5,104.5,104.5,104.5,1000
VTP,2025-04-16 04:11:00,104.5,104.5,104.4,104.4,500
VTP,2025-04-16 04:12:00,104.4,104.4,104.4,104.4,300
VTP,2025-04-16 04:13:00,104.4,104.4,104.3,104.3,2000
VTP,2025-04-16 04:14:00,104.3,104.4,104.1,104.1,1600
VTP,2025-04-16 04:15:00,104.1,104.1,104.1,104.1,1000
VTP,2025-04-16 04:16:00,104.1,104.1,104.0,104.0,1600
VTP,2025-04-16 04:17:00,104.0,104.0,104.0,104.0,1100
VTP,2025-04-16 04:19:00,104.0,104.1,104.0,104.1,400
VTP,2025-04-16 04:20:00,104.1,104.2,104.1,104.2,1200
VTP,2025-04-16 04:21:00,104.2,104.4,104.2,104.4,200
VTP,2025-04-16 04:22:00,104.4,104.4,104.2,104.4,2500
VTP,2025-04-16 04:25:00,104.4,104.6,104.4,104.4,2700
VTP,2025-04-16 04:26:00,104.4,104.4,104.4,104.4,1400
VTP,2025-04-16 04:27:00,104.4,104.4,104.4,104.4,1000
VTP,2025-04-16 04:28:00,104.4,104.4,104.4,104.4,100
VTP,2025-04-16 04:29:00,104.4,104.5,104.4,104.5,100
VTP,2025-04-16 06:00:00,104.5,104.5,104.3,104.4,2500
VTP,2025-04-16 06:01:00,104.4,104.4,104.3,104.4,1100
VTP,2025-04-16 06:02:00,104.4,104.4,104.2,104.3,1400
VTP,2025-04-16 06:03:00,104.3,104.4,104.2,104.2,900
VTP,2025-04-16 06:04:00,104.2,104.2,104.1,104.2,3300
VTP,2025-04-16 06:05:00,104.2,104.2,104.0,104.0,5500
VTP,2025-04-16 06:06:00,104.0,104.1,103.9,103.9,7100
VTP,2025-04-16 06:07:00,103.9,104.0,103.9,104.0,2900
VTP,2025-04-16 06:08:00,104.0,104.2,104.0,104.2,2200
VTP,2025-04-16 06:09:00,104.2,104.2,104.0,104.1,1100
VTP,2025-04-16 06:10:00,104.1,104.1,104.0,104.0,600
VTP,2025-04-16 06:11:00,104.0,104.0,104.0,104.0,600
VTP,2025-04-16 06:12:00,104.0,104.0,104.0,104.0,300
VTP,2025-04-16 06:13:00,104.0,104.0,103.9,104.0,1100
VTP,2025-04-16 06:14:00,104.0,104.0,103.9,103.9,1800
VTP,2025-04-16 06:15:00,103.9,104.1,103.9,104.0,2700
VTP,2025-04-16 06:16:00,104.0,104.1,104.0,104.0,1500
VTP,2025-04-16 06:17:00,104.0,104.1,104.0,104.1,400
VTP,2025-04-16 06:18:00,104.1,104.1,104.0,104.0,2100
VTP,2025-04-16 06:19:00,104.0,104.0,104.0,104.0,1400
VTP,2025-04-16 06:20:00,104.0,104.0,104.0,104.0,5800
VTP,2025-04-16 06:21:00,104.0,104.0,103.5,103.5,10700
VTP,2025-04-16 06:22:00,103.5,103.5,103.2,103.2,2900
VTP,2025-04-16 06:23:00,103.2,103.6,103.2,103.6,3200
VTP,2025-04-16 06:24:00,103.6,103.6,103.2,103.3,5000
VTP,2025-04-16 06:25:00,103.3,103.5,103.2,103.2,7100
VTP,2025-04-16 06:26:00,103.2,103.3,103.0,103.3,12500
VTP,2025-04-16 06:27:00,103.3,103.3,103.3,103.3,2400
VTP,2025-04-16 06:28:00,103.3,103.3,103.1,103.1,2200
VTP,2025-04-16 06:29:00,103.1,103.5,103.1,103.5,2500
VTP,2025-04-16 06:30:00,103.5,104.2,103.5,104.2,3000
VTP,2025-04-16 06:31:00,104.2,104.5,104.2,104.5,2700
VTP,2025-04-16 06:32:00,104.5,105.0,104.5,105.0,3300
VTP,2025-04-16 06:33:00,105.0,105.0,105.0,105.0,9300
VTP,2025-04-16 06:34:00,105.0,105.0,104.7,104.7,1200
VTP,2025-04-16 06:36:00,104.7,104.7,104.5,104.5,200
VTP,2025-04-16 06:37:00,104.5,104.7,104.5,104.5,1400
VTP,2025-04-16 06:38:00,104.5,104.5,103.9,103.9,1800
VTP,2025-04-16 06:39:00,103.9,103.9,103.9,103.9,1700
VTP,2025-04-16 06:41:00,103.9,103.9,103.2,103.9,2300
VTP,2025-04-16 06:42:00,103.9,103.9,103.9,103.9,300
VTP,2025-04-16 06:43:00,103.9,103.9,103.2,103.2,6000
VTP,2025-04-16 06:44:00,103.2,103.5,103.2,103.5,300
VTP,2025-04-16 06:45:00,103.5,103.5,103.1,103.1,700
VTP,2025-04-16 06:46:00,103.1,103.1,103.0,103.0,1500
VTP,2025-04-16 06:47:00,103.0,103.1,102.8,102.8,10800
VTP,2025-04-16 06:48:00,102.8,102.8,102.0,102.1,9800
VTP,2025-04-16 06:49:00,102.1,102.9,102.1,102.4,2700
VTP,2025-04-16 06:50:00,102.4,102.4,102.4,102.4,100
VTP,2025-04-16 06:51:00,102.4,102.4,102.4,102.4,300
VTP,2025-04-16 06:52:00,102.4,102.5,102.4,102.5,1000
VTP,2025-04-16 06:53:00,102.5,102.5,102.4,102.5,3500
VTP,2025-04-16 06:54:00,102.5,102.8,102.5,102.8,5300
VTP,2025-04-16 06:55:00,102.8,102.9,102.7,102.9,1500
VTP,2025-04-16 06:56:00,102.9,102.9,102.9,102.9,2700
VTP,2025-04-16 06:57:00,102.9,102.9,102.8,102.8,100
VTP,2025-04-16 06:58:00,102.8,102.8,102.8,102.8,2300
VTP,2025-04-16 06:59:00,102.8,102.9,102.8,102.9,100
VTP,2025-04-16 07:00:00,102.9,103.0,102.8,103.0,6500
VTP,2025-04-16 07:01:00,103.0,103.0,102.7,102.7,2600
VTP,2025-04-16 07:02:00,102.7,102.8,102.5,102.5,6200
VTP,2025-04-16 07:03:00,102.5,102.6,102.5,102.5,4400
VTP,2025-04-16 07:04:00,102.5,102.5,102.4,102.4,6900
VTP,2025-04-16 07:05:00,102.4,102.4,102.4,102.4,1500
VTP,2025-04-16 07:06:00,102.4,102.4,102.3,102.3,1300
VTP,2025-04-16 07:07:00,102.3,102.5,102.3,102.5,1700
VTP,2025-04-16 07:08:00,102.5,102.5,102.5,102.5,800
VTP,2025-04-16 07:09:00,102.5,102.5,102.3,102.3,3100
VTP,2025-04-16 07:10:00,102.3,102.3,102.0,102.0,8400
VTP,2025-04-16 07:11:00,102.0,102.0,101.9,102.0,7000
VTP,2025-04-16 07:12:00,102.0,102.1,101.5,101.7,8000
VTP,2025-04-16 07:13:00,101.7,101.7,101.4,101.4,4600
VTP,2025-04-16 07:14:00,101.4,101.8,101.3,101.4,4100
VTP,2025-04-16 07:15:00,101.4,101.5,101.3,101.3,9500
VTP,2025-04-16 07:16:00,101.3,101.9,101.3,101.9,5300
VTP,2025-04-16 07:17:00,101.9,102.5,101.9,102.5,6100
VTP,2025-04-16 07:18:00,102.5,102.5,102.5,102.5,600
VTP,2025-04-16 07:19:00,102.5,102.5,102.1,102.1,1000
VTP,2025-04-16 07:20:00,102.1,102.1,102.1,102.1,4000
VTP,2025-04-16 07:21:00,102.1,102.1,102.1,102.1,2500
VTP,2025-04-16 07:22:00,102.1,102.1,102.0,102.0,2100
VTP,2025-04-16 07:23:00,102.0,102.0,101.9,101.9,1400
VTP,2025-04-16 07:24:00,101.9,101.9,101.8,101.9,1300
VTP,2025-04-16 07:25:00,101.9,101.9,101.4,101.4,2400
VTP,2025-04-16 07:26:00,101.4,101.4,101.0,101.0,10600
VTP,2025-04-16 07:27:00,101.0,101.0,101.0,101.0,4500
VTP,2025-04-16 07:28:00,101.0,101.3,101.0,101.1,5900
VTP,2025-04-16 07:29:00,101.1,101.4,101.0,101.2,4100
VTP,2025-04-16 07:45:00,100.0,100.0,100.0,100.0,58600
VTP,2025-04-17 02:15:00,99.9,99.9,99.0,99.6,39200
VTP,2025-04-17 02:16:00,99.6,99.7,98.9,98.9,2300
VTP,2025-04-17 02:17:00,98.9,98.9,98.2,98.5,8300
VTP,2025-04-17 02:18:00,98.5,98.8,97.5,97.5,2800
VTP,2025-04-17 02:19:00,97.5,98.1,97.5,98.1,10600
VTP,2025-04-17 02:20:00,98.1,98.4,98.1,98.1,6200
VTP,2025-04-17 02:21:00,98.1,98.1,98.0,98.0,4400
VTP,2025-04-17 02:22:00,98.0,98.1,97.9,98.1,3500
VTP,2025-04-17 02:23:00,98.1,98.3,98.0,98.3,2300
VTP,2025-04-17 02:24:00,98.3,98.7,98.3,98.7,8000
VTP,2025-04-17 02:25:00,98.7,99.5,98.6,99.0,2700
VTP,2025-04-17 02:26:00,99.0,99.0,98.7,99.0,23600
VTP,2025-04-17 02:27:00,99.0,99.3,99.0,99.3,9300
VTP,2025-04-17 02:28:00,99.3,99.5,99.1,99.5,8400
VTP,2025-04-17 02:29:00,99.5,99.6,99.5,99.6,4000
VTP,2025-04-17 02:30:00,99.6,99.8,99.6,99.8,4300
VTP,2025-04-17 02:31:00,99.8,99.9,99.8,99.9,6200
VTP,2025-04-17 02:32:00,99.9,99.9,99.7,99.9,2700
VTP,2025-04-17 02:33:00,99.9,99.9,99.8,99.9,1100
VTP,2025-04-17 02:34:00,99.9,99.9,99.7,99.7,2700
VTP,2025-04-17 02:35:00,99.7,99.7,98.6,98.6,6900
VTP,2025-04-17 02:36:00,98.6,98.6,98.6,98.6,2700
VTP,2025-04-17 02:37:00,98.6,98.6,98.4,98.4,7400
VTP,2025-04-17 02:38:00,98.4,98.5,98.2,98.2,3000
VTP,2025-04-17 02:39:00,98.2,98.4,98.0,98.4,4000
VTP,2025-04-17 02:40:00,98.4,98.4,98.2,98.3,4400
VTP,2025-04-17 02:41:00,98.3,98.4,98.3,98.3,3600
VTP,2025-04-17 02:42:00,98.3,98.3,98.2,98.2,3100
VTP,2025-04-17 02:43:00,98.2,98.2,98.2,98.2,600
VTP,2025-04-17 02:44:00,98.2,98.2,98.0,98.0,20300
VTP,2025-04-17 02:45:00,98.0,98.0,97.9,98.0,1800
VTP,2025-04-17 02:46:00,98.0,98.0,98.0,98.0,2500
VTP,2025-04-17 02:47:00,98.0,98.3,98.0,98.3,3300
VTP,2025-04-17 02:48:00,98.3,98.4,98.3,98.4,1200
VTP,2025-04-17 02:49:00,98.4,98.5,98.4,98.5,10700
VTP,2025-04-17 02:50:00,98.5,98.5,98.5,98.5,200
VTP,2025-04-17 02:51:00,98.5,98.5,98.4,98.4,700
VTP,2025-04-17 02:52:00,98.4,98.4,98.4,98.4,600
VTP,2025-04-17 02:54:00,98.4,98.5,98.1,98.3,5700
VTP,2025-04-17 02:57:00,98.3,98.4,98.3,98.4,400
VTP,2025-04-17 02:58:00,98.4,98.4,98.3,98.3,200
VTP,2025-04-17 02:59:00,98.3,98.3,98.1,98.1,8400
VTP,2025-04-17 03:00:00,98.1,98.2,97.9,97.9,16100
VTP,2025-04-17 03:01:00,97.9,98.0,97.8,97.8,6900
VTP,2025-04-17 03:02:00,97.8,97.8,97.5,97.5,2900
VTP,2025-04-17 03:03:00,97.5,97.8,97.5,97.6,9500
VTP,2025-04-17 03:04:00,97.6,97.6,97.5,97.5,1800
VTP,2025-04-17 03:05:00,97.5,97.6,97.4,97.4,3200
VTP,2025-04-17 03:06:00,97.4,97.4,97.0,97.0,6900
VTP,2025-04-17 03:07:00,97.0,97.0,96.9,97.0,8700
VTP,2025-04-17 03:08:00,97.0,97.0,96.8,96.8,8900
VTP,2025-04-17 03:09:00,96.8,96.8,96.5,96.5,1900
VTP,2025-04-17 03:10:00,96.5,96.5,96.4,96.4,2200
VTP,2025-04-17 03:11:00,96.4,96.4,96.3,96.3,5300
VTP,2025-04-17 03:12:00,96.3,96.4,96.1,96.4,1500
VTP,2025-04-17 03:13:00,96.4,96.4,96.3,96.4,1800
VTP,2025-04-17 03:14:00,96.4,96.4,96.3,96.3,1000
VTP,2025-04-17 03:15:00,96.3,96.5,96.3,96.5,3800
VTP,2025-04-17 03:16:00,96.5,96.6,96.4,96.6,2100
VTP,2025-04-17 03:17:00,96.6,96.6,96.6,96.6,2200
VTP,2025-04-17 03:18:00,96.6,96.6,96.5,96.5,3000
VTP,2025-04-17 03:19:00,96.5,96.5,96.4,96.4,1800
VTP,2025-04-17 03:20:00,96.4,96.6,96.3,96.3,5500
VTP,2025-04-17 03:21:00,96.3,96.5,96.2,96.2,2500
VTP,2025-04-17 03:22:00,96.2,96.3,96.2,96.3,3200
VTP,2025-04-17 03:23:00,96.3,96.3,96.2,96.2,4100
VTP,2025-04-17 03:24:00,96.2,96.3,96.2,96.3,500
VTP,2025-04-17 03:25:00,96.3,96.3,96.3,96.3,1100
VTP,2025-04-17 03:26:00,96.3,96.3,96.2,96.2,7300
VTP,2025-04-17 03:27:00,96.2,96.2,96.0,96.0,32000
VTP,2025-04-17 03:28:00,96.0,96.0,95.9,95.9,2000
VTP,2025-04-17 03:29:00,95.9,95.9,95.5,95.5,1000
VTP,2025-04-17 03:30:00,95.5,95.5,95.3,95.3,1900
VTP,2025-04-17 03:31:00,95.3,95.4,95.0,95.3,38500
VTP,2025-04-17 03:32:00,95.3,95.5,95.3,95.5,15600
VTP,2025-04-17 03:33:00,95.5,95.6,95.5,95.5,1500
VTP,2025-04-17 03:34:00,95.5,95.8,95.5,95.8,5000
VTP,2025-04-17 03:35:00,95.8,96.0,95.8,96.0,2600
VTP,2025-04-17 03:36:00,96.0,96.2,95.9,95.9,3600
VTP,2025-04-17 03:37:00,95.9,95.9,95.8,95.8,4700
VTP,2025-04-17 03:38:00,95.8,95.8,95.7,95.7,1000
VTP,2025-04-17 03:39:00,95.7,95.7,95.3,95.3,15900
VTP,2025-04-17 03:40:00,95.3,95.3,95.3,95.3,500
VTP,2025-04-17 03:41:00,95.3,95.3,95.2,95.3,5800
VTP,2025-04-17 03:42:00,95.3,95.5,95.3,95.4,1100
VTP,2025-04-17 03:43:00,95.4,95.4,95.4,95.4,2500
VTP,2025-04-17 03:44:00,95.4,95.6,95.4,95.6,7200
VTP,2025-04-17 03:45:00,95.6,95.7,95.6,95.7,2500
VTP,2025-04-17 03:46:00,95.7,95.8,95.4,95.5,3200
VTP,2025-04-17 03:47:00,95.5,95.8,95.5,95.7,2300
VTP,2025-04-17 03:48:00,95.7,95.7,95.7,95.7,400
VTP,2025-04-17 03:49:00,95.7,95.8,95.7,95.8,3400
VTP,2025-04-17 03:50:00,95.8,96.0,95.8,96.0,2800
VTP,2025-04-17 03:51:00,96.0,96.5,96.0,96.5,13300
VTP,2025-04-17 03:52:00,96.5,96.5,96.5,96.5,1200
VTP,2025-04-17 03:53:00,96.5,96.5,96.4,96.4,400
VTP,2025-04-17 03:54:00,96.4,96.4,96.0,96.0,300
VTP,2025-04-17 03:56:00,96.0,96.1,96.0,96.0,10900
VTP,2025-04-17 03:57:00,96.0,96.0,96.0,96.0,1000
VTP,2025-04-17 03:58:00,96.0,96.0,96.0,96.0,500
VTP,2025-04-17 03:59:00,96.0,96.4,95.9,96.4,2000
VTP,2025-04-17 04:00:00,96.4,96.6,96.4,96.6,4500
VTP,2025-04-17 04:01:00,96.6,96.7,96.6,96.7,1100
VTP,2025-04-17 04:02:00,96.7,97.0,96.7,97.0,5700
VTP,2025-04-17 04:03:00,97.0,97.5,97.0,97.5,5200
VTP,2025-04-17 04:04:00,97.5,97.5,97.5,97.5,100
VTP,2025-04-17 04:06:00,97.5,97.6,97.5,97.6,1000
VTP,2025-04-17 04:08:00,97.6,97.6,97.5,97.6,400
VTP,2025-04-17 04:09:00,97.6,97.6,97.6,97.6,500
VTP,2025-04-17 04:10:00,97.6,97.6,97.5,97.5,900
VTP,2025-04-17 04:11:00,97.5,97.6,97.5,97.5,2900
VTP,2025-04-17 04:12:00,97.5,97.6,97.5,97.5,2300
VTP,2025-04-17 04:13:00,97.5,97.5,97.5,97.5,3000
VTP,2025-04-17 04:14:00,97.5,98.1,97.5,98.1,4700
VTP,2025-04-17 04:15:00,98.1,98.9,98.0,98.9,6300
VTP,2025-04-17 04:20:00,98.9,99.0,98.8,99.0,9000
VTP,2025-04-17 04:22:00,99.0,99.0,98.9,98.9,300
VTP,2025-04-17 04:25:00,98.9,98.9,98.6,98.7,1000
VTP,2025-04-17 04:27:00,98.7,98.7,98.7,98.7,1100
VTP,2025-04-17 04:29:00,98.7,99.1,98.7,99.0,8300
VTP,2025-04-17 06:00:00,99.0,99.0,98.5,98.9,2800
VTP,2025-04-17 06:01:00,98.9,98.9,98.5,98.5,600
VTP,2025-04-17 06:02:00,98.5,98.5,98.2,98.3,800
VTP,2025-04-17 06:03:00,98.3,98.3,98.1,98.1,3700
VTP,2025-04-17 06:04:00,98.1,98.1,98.0,98.0,200
VTP,2025-04-17 06:05:00,98.0,98.4,98.0,98.4,2400
VTP,2025-04-17 06:06:00,98.4,98.4,98.4,98.4,300
VTP,2025-04-17 06:07:00,98.4,98.8,98.4,98.8,2100
VTP,2025-04-17 06:08:00,98.8,99.0,98.8,99.0,6700
VTP,2025-04-17 06:09:00,99.0,99.3,99.0,99.3,7000
VTP,2025-04-17 06:10:00,99.3,99.9,99.3,99.8,9400
VTP,2025-04-17 06:11:00,99.8,99.9,99.8,99.8,2300
VTP,2025-04-17 06:12:00,99.8,100.4,99.8,100.4,28600
VTP,2025-04-17 06:13:00,100.4,100.6,100.4,100.6,8400
VTP,2025-04-17 06:14:00,100.6,100.6,100.0,100.6,8100
VTP,2025-04-17 06:15:00,100.6,100.6,100.2,100.2,600
VTP,2025-04-17 06:16:00,100.2,100.3,100.0,100.0,600
VTP,2025-04-17 06:17:00,100.0,100.0,99.8,99.8,3600
VTP,2025-04-17 06:18:00,99.8,100.0,99.8,100.0,7100
VTP,2025-04-17 06:19:00,100.0,100.3,100.0,100.3,3200
VTP,2025-04-17 06:20:00,100.3,100.5,100.3,100.3,1000
VTP,2025-04-17 06:21:00,100.3,100.3,100.0,100.2,1700
VTP,2025-04-17 06:22:00,100.2,100.2,100.2,100.2,1200
VTP,2025-04-17 06:23:00,100.2,100.2,100.1,100.2,100
VTP,2025-04-17 06:24:00,100.2,100.3,100.2,100.3,1200
VTP,2025-04-17 06:25:00,100.3,100.4,100.3,100.4,4100
VTP,2025-04-17 06:26:00,100.4,100.5,100.4,100.4,3500
VTP,2025-04-17 06:27:00,100.4,100.6,100.4,100.6,300
VTP,2025-04-17 06:28:00,100.6,100.6,100.6,100.6,3300
VTP,2025-04-17 06:29:00,100.6,100.6,100.6,100.6,2100
VTP,2025-04-17 06:30:00,100.6,100.6,100.5,100.5,1400
VTP,2025-04-17 06:31:00,100.5,100.5,100.3,100.3,4200
VTP,2025-04-17 06:32:00,100.3,100.3,100.1,100.1,6100
VTP,2025-04-17 06:33:00,100.1,100.3,100.0,100.0,3200
VTP,2025-04-17 06:34:00,100.0,100.0,99.6,99.6,9600
VTP,2025-04-17 06:35:00,99.6,100.0,99.6,100.0,600
VTP,2025-04-17 06:36:00,100.0,100.0,100.0,100.0,9100
VTP,2025-04-17 06:37:00,100.0,100.0,100.0,100.0,600
VTP,2025-04-17 06:38:00,100.0,100.0,100.0,100.0,1100
VTP,2025-04-17 06:39:00,100.0,100.0,100.0,100.0,800
VTP,2025-04-17 06:40:00,100.0,100.0,100.0,100.0,100
VTP,2025-04-17 06:41:00,100.0,100.0,99.6,99.6,500
VTP,2025-04-17 06:42:00,99.6,99.7,99.6,99.7,2300
VTP,2025-04-17 06:43:00,99.7,99.9,99.7,99.8,200
VTP,2025-04-17 06:45:00,99.8,99.9,99.7,99.7,3400
VTP,2025-04-17 06:46:00,99.7,99.7,99.5,99.5,2000
VTP,2025-04-17 06:47:00,99.5,99.5,99.3,99.3,700
VTP,2025-04-17 06:48:00,99.3,99.5,99.0,99.4,6100
VTP,2025-04-17 06:49:00,99.4,99.4,99.4,99.4,1600
VTP,2025-04-17 06:50:00,99.4,99.4,99.3,99.4,900
VTP,2025-04-17 06:52:00,99.4,99.4,99.4,99.4,900
VTP,2025-04-17 06:53:00,99.4,99.4,99.4,99.4,1300
VTP,2025-04-17 06:54:00,99.4,99.4,99.1,99.1,1700
VTP,2025-04-17 06:55:00,99.1,99.1,98.0,98.0,10100
VTP,2025-04-17 06:56:00,98.0,98.0,97.8,97.8,500
VTP,2025-04-17 06:57:00,97.8,98.0,97.8,98.0,200
VTP,2025-04-17 06:58:00,98.0,98.5,98.0,98.5,800
VTP,2025-04-17 06:59:00,98.5,98.5,98.5,98.5,100
VTP,2025-04-17 07:00:00,98.5,98.5,98.3,98.3,2000
VTP,2025-04-17 07:01:00,98.3,98.5,98.3,98.5,300
VTP,2025-04-17 07:02:00,98.5,98.5,98.4,98.5,2100
VTP,2025-04-17 07:03:00,98.5,98.5,98.5,98.5,1500
VTP,2025-04-17 07:04:00,98.5,98.5,98.4,98.4,6800
VTP,2025-04-17 07:05:00,98.4,98.4,98.4,98.4,200
VTP,2025-04-17 07:06:00,98.4,99.0,98.4,98.9,7100
VTP,2025-04-17 07:07:00,98.9,99.0,98.9,99.0,8300
VTP,2025-04-17 07:08:00,99.0,99.3,99.0,99.3,500
VTP,2025-04-17 07:09:00,99.3,99.3,99.1,99.1,1000
VTP,2025-04-17 07:10:00,99.1,99.1,99.1,99.1,6000
VTP,2025-04-17 07:11:00,99.1,99.1,99.0,99.0,100
VTP,2025-04-17 07:12:00,99.0,99.0,98.9,98.9,1800
VTP,2025-04-17 07:13:00,98.9,98.9,98.8,98.8,400
VTP,2025-04-17 07:14:00,98.8,98.8,98.2,98.2,5700
VTP,2025-04-17 07:15:00,98.2,98.2,97.9,97.9,9700
VTP,2025-04-17 07:16:00,97.9,98.2,97.9,98.0,1100
VTP,2025-04-17 07:17:00,98.0,98.5,98.0,98.5,4600
VTP,2025-04-17 07:18:00,98.5,98.6,98.4,98.4,3400
VTP,2025-04-17 07:19:00,98.4,98.6,98.4,98.6,3800
VTP,2025-04-17 07:20:00,98.6,98.7,98.6,98.7,3400
VTP,2025-04-17 07:21:00,98.7,98.7,98.6,98.6,2000
VTP,2025-04-17 07:22:00,98.6,98.6,98.5,98.5,2100
VTP,2025-04-17 07:23:00,98.5,98.7,98.5,98.7,3700
VTP,2025-04-17 07:24:00,98.7,98.7,98.5,98.5,4000
VTP,2025-04-17 07:25:00,98.5,98.5,98.3,98.5,2000
VTP,2025-04-17 07:26:00,98.5,98.8,98.5,98.8,8500
VTP,2025-04-17 07:27:00,98.8,98.9,98.8,98.9,700
VTP,2025-04-17 07:28:00,98.9,98.9,98.9,98.9,1300
VTP,2025-04-17 07:29:00,98.9,99.0,98.7,98.7,7000
VTP,2025-04-17 07:45:00,99.0,99.0,99.0,99.0,58000
VTP,2025-04-18 02:15:00,102.8,102.8,102.1,102.3,29700
VTP,2025-04-18 02:16:00,102.3,102.8,102.3,102.8,1600
VTP,2025-04-18 02:17:00,102.8,103.0,102.8,103.0,7800
VTP,2025-04-18 02:18:00,103.0,103.7,103.0,103.4,5800
VTP,2025-04-18 02:19:00,103.4,103.4,103.0,103.3,13800
VTP,2025-04-18 02:20:00,103.3,103.3,102.9,103.0,9900
VTP,2025-04-18 02:21:00,103.0,103.5,103.0,103.5,8400
VTP,2025-04-18 02:22:00,103.5,103.7,103.0,103.2,21300
VTP,2025-04-18 02:23:00,103.2,103.2,103.0,103.0,5600
VTP,2025-04-18 02:24:00,103.0,103.2,103.0,103.2,200
VTP,2025-04-18 02:25:00,103.2,103.2,103.1,103.2,400
VTP,2025-04-18 02:26:00,103.2,103.2,103.0,103.1,2700
VTP,2025-04-18 02:27:00,103.1,103.3,103.1,103.3,10400
VTP,2025-04-18 02:28:00,103.3,103.3,103.1,103.3,800
VTP,2025-04-18 02:29:00,103.3,103.4,103.1,103.1,3300
VTP,2025-04-18 02:30:00,103.1,103.2,102.9,102.9,34400
VTP,2025-04-18 02:31:00,102.9,102.9,102.8,102.8,8700
VTP,2025-04-18 02:32:00,102.8,102.9,102.8,102.9,300
VTP,2025-04-18 02:33:00,102.9,102.9,102.8,102.8,5200
VTP,2025-04-18 02:34:00,102.8,102.9,102.7,102.7,1700
VTP,2025-04-18 02:35:00,102.7,102.7,102.6,102.6,5100
VTP,2025-04-18 02:36:00,102.6,102.6,102.4,102.4,3900
VTP,2025-04-18 02:37:00,102.4,102.4,102.4,102.4,1000
VTP,2025-04-18 02:38:00,102.4,102.4,102.0,102.0,21900
VTP,2025-04-18 02:40:00,102.0,102.1,102.0,102.1,1300
VTP,2025-04-18 02:41:00,102.1,102.1,102.0,102.0,9000
VTP,2025-04-18 02:42:00,102.0,102.0,101.4,101.4,6900
VTP,2025-04-18 02:43:00,101.4,101.4,101.3,101.4,800
VTP,2025-04-18 02:44:00,101.4,102.0,101.0,101.0,18500
VTP,2025-04-18 02:45:00,101.0,101.0,100.9,100.9,4700
VTP,2025-04-18 02:46:00,100.9,100.9,100.8,100.8,1100
VTP,2025-04-18 02:47:00,100.8,101.0,100.6,100.9,5800
VTP,2025-04-18 02:48:00,100.9,100.9,100.9,100.9,3700
VTP,2025-04-18 02:49:00,100.9,101.0,100.9,100.9,700
VTP,2025-04-18 02:50:00,100.9,101.5,100.9,101.5,14400
VTP,2025-04-18 02:51:00,101.5,102.0,101.5,102.0,200
VTP,2025-04-18 02:52:00,102.0,102.4,102.0,102.4,1000
VTP,2025-04-18 02:53:00,102.4,102.8,102.2,102.6,7000
VTP,2025-04-18 02:54:00,102.6,102.7,102.0,102.0,1600
VTP,2025-04-18 02:55:00,102.0,102.9,102.0,102.9,2100
VTP,2025-04-18 02:56:00,102.9,102.9,102.7,102.7,1800
VTP,2025-04-18 02:57:00,102.7,102.7,102.1,102.1,400
VTP,2025-04-18 02:58:00,102.1,102.1,102.1,102.1,700
VTP,2025-04-18 02:59:00,102.1,102.2,102.1,102.2,400
VTP,2025-04-18 03:00:00,102.2,102.2,102.1,102.1,1500
VTP,2025-04-18 03:01:00,102.1,102.1,102.1,102.1,1400
VTP,2025-04-18 03:02:00,102.1,102.1,102.1,102.1,200
VTP,2025-04-18 03:03:00,102.1,102.7,102.1,102.1,1000
VTP,2025-04-18 03:04:00,102.1,102.2,102.1,102.2,800
VTP,2025-04-18 03:05:00,102.2,102.2,102.2,102.2,1300
VTP,2025-04-18 03:06:00,102.2,102.2,102.1,102.2,2100
VTP,2025-04-18 03:07:00,102.2,102.5,102.2,102.5,1100
VTP,2025-04-18 03:08:00,102.5,102.5,102.4,102.5,300
VTP,2025-04-18 03:09:00,102.5,102.5,102.5,102.5,1300
VTP,2025-04-18 03:10:00,102.5,102.5,102.2,102.2,400
VTP,2025-04-18 03:11:00,102.2,102.3,102.2,102.3,200
VTP,2025-04-18 03:12:00,102.3,102.9,102.3,102.9,800
VTP,2025-04-18 03:13:00,102.9,102.9,102.3,102.4,4200
VTP,2025-04-18 03:14:00,102.4,102.4,102.4,102.4,500
VTP,2025-04-18 03:15:00,102.4,102.4,102.4,102.4,300
VTP,2025-04-18 03:16:00,102.4,102.4,102.3,102.3,400
VTP,2025-04-18 03:17:00,102.3,102.6,102.3,102.6,1500
VTP,2025-04-18 03:18:00,102.6,102.6,102.6,102.6,400
VTP,2025-04-18 03:19:00,102.6,102.9,102.6,102.9,5100
VTP,2025-04-18 03:20:00,102.9,103.0,102.7,102.7,900
VTP,2025-04-18 03:21:00,102.7,103.0,102.7,103.0,10800
VTP,2025-04-18 03:22:00,103.0,103.0,102.7,102.7,800
VTP,2025-04-18 03:23:00,102.7,102.8,102.7,102.8,300
VTP,2025-04-18 03:24:00,102.8,102.8,102.8,102.8,400
VTP,2025-04-18 03:25:00,102.8,102.8,102.8,102.8,400
VTP,2025-04-18 03:26:00,102.8,102.8,102.8,102.8,1500
VTP,2025-04-18 03:27:00,102.8,102.9,102.7,102.7,800
VTP,2025-04-18 03:28:00,102.7,102.7,102.7,102.7,3300
VTP,2025-04-18 03:29:00,102.7,102.7,102.6,102.6,200
VTP,2025-04-18 03:30:00,102.6,102.6,102.6,102.6,2900
VTP,2025-04-18 03:31:00,102.6,102.7,102.6,102.7,700
VTP,2025-04-18 03:32:00,102.7,102.7,102.6,102.6,500
VTP,2025-04-18 03:33:00,102.6,102.6,102.5,102.5,300
VTP,2025-04-18 03:34:00,102.5,102.6,102.5,102.5,600
VTP,2025-04-18 03:35:00,102.5,102.5,102.5,102.5,1200
VTP,2025-04-18 03:36:00,102.5,102.6,102.5,102.5,600
VTP,2025-04-18 03:37:00,102.5,102.5,102.3,102.3,1600
VTP,2025-04-18 03:38:00,102.3,102.6,102.3,102.6,1000
VTP,2025-04-18 03:39:00,102.6,102.6,102.3,102.3,200
VTP,2025-04-18 03:40:00,102.3,102.3,102.3,102.3,400
VTP,2025-04-18 03:41:00,102.3,102.3,102.3,102.3,200
VTP,2025-04-18 03:42:00,102.3,102.4,102.3,102.3,6400
VTP,2025-04-18 03:43:00,102.3,102.3,102.3,102.3,500
VTP,2025-04-18 03:44:00,102.3,102.3,102.3,102.3,200
VTP,2025-04-18 03:45:00,102.3,102.3,102.3,102.3,500
VTP,2025-04-18 03:46:00,102.3,102.3,102.2,102.2,1100
VTP,2025-04-18 03:47:00,102.2,102.3,102.2,102.3,500
VTP,2025-04-18 03:48:00,102.3,102.3,102.2,102.2,300
VTP,2025-04-18 03:49:00,102.2,102.3,102.2,102.3,400
VTP,2025-04-18 03:50:00,102.3,102.3,102.2,102.2,900
VTP,2025-04-18 03:51:00,102.2,102.2,102.2,102.2,400
VTP,2025-04-18 03:52:00,102.2,102.2,102.2,102.2,200
VTP,2025-04-18 03:53:00,102.2,102.2,102.2,102.2,400
VTP,2025-04-18 03:54:00,102.2,102.2,102.1,102.1,700
VTP,2025-04-18 03:55:00,102.1,102.1,102.1,102.1,400
VTP,2025-04-18 03:56:00,102.1,102.1,102.1,102.1,600
VTP,2025-04-18 03:57:00,102.1,102.3,102.1,102.3,400
VTP,2025-04-18 03:58:00,102.3,102.3,102.1,102.2,1000
VTP,2025-04-18 03:59:00,102.2,102.3,102.2,102.3,400
VTP,2025-04-18 04:00:00,102.3,102.3,102.3,102.3,1400
VTP,2025-04-18 04:01:00,102.3,102.8,102.3,102.7,5700
VTP,2025-04-18 04:02:00,102.7,103.0,102.6,102.6,9400
VTP,2025-04-18 04:03:00,102.6,103.0,102.6,102.6,4300
VTP,2025-04-18 04:04:00,102.6,102.7,102.6,102.7,200
VTP,2025-04-18 04:05:00,102.7,102.9,102.7,102.9,400
VTP,2025-04-18 04:06:00,102.9,102.9,102.9,102.9,300
VTP,2025-04-18 04:07:00,102.9,102.9,102.7,102.9,500
VTP,2025-04-18 04:08:00,102.9,103.0,102.7,102.7,1400
VTP,2025-04-18 04:09:00,102.7,102.7,102.7,102.7,400
VTP,2025-04-18 04:10:00,102.7,102.7,102.7,102.7,200
VTP,2025-04-18 04:11:00,102.7,103.0,102.7,103.0,300
VTP,2025-04-18 04:12:00,103.0,103.0,102.9,102.9,10700
VTP,2025-04-18 04:13:00,102.9,102.9,102.8,102.8,200
VTP,2025-04-18 04:14:00,102.8,102.9,102.8,102.9,400
VTP,2025-04-18 04:15:00,102.9,103.0,102.9,103.0,10500
VTP,2025-04-18 04:16:00,103.0,103.1,103.0,103.1,1000
VTP,2025-04-18 04:17:00,103.1,103.1,103.0,103.0,1400
VTP,2025-04-18 04:18:00,103.0,103.0,102.8,102.8,500
VTP,2025-04-18 04:19:00,102.8,103.0,102.8,102.9,300
VTP,2025-04-18 04:20:00,102.9,102.9,102.9,102.9,300
VTP,2025-04-18 04:21:00,102.9,102.9,102.8,102.9,1400
VTP,2025-04-18 04:22:00,102.9,102.9,102.8,102.8,2400
VTP,2025-04-18 04:23:00,102.8,102.8,102.8,102.8,200
VTP,2025-04-18 04:24:00,102.8,102.8,102.8,102.8,400
VTP,2025-04-18 04:25:00,102.8,102.8,102.8,102.8,1200
VTP,2025-04-18 04:26:00,102.8,102.8,102.7,102.7,500
VTP,2025-04-18 04:27:00,102.7,102.7,102.7,102.7,200
VTP,2025-04-18 04:28:00,102.7,102.9,102.7,102.9,2100
VTP,2025-04-18 04:29:00,102.9,102.9,102.9,102.9,600
VTP,2025-04-18 06:00:00,102.9,102.9,102.6,102.6,7300
VTP,2025-04-18 06:01:00,102.6,102.8,102.1,102.8,9300
VTP,2025-04-18 06:02:00,102.8,102.8,102.1,102.3,900
VTP,2025-04-18 06:03:00,102.3,102.4,102.3,102.4,2100
VTP,2025-04-18 06:04:00,102.4,102.4,102.2,102.2,2300
VTP,2025-04-18 06:05:00,102.2,102.9,102.2,102.2,1100
VTP,2025-04-18 06:06:00,102.2,102.5,102.2,102.3,900
VTP,2025-04-18 06:07:00,102.3,102.3,102.2,102.2,300
VTP,2025-04-18 06:08:00,102.2,102.7,102.2,102.2,1800
VTP,2025-04-18 06:09:00,102.2,102.5,102.2,102.3,700
VTP,2025-04-18 06:10:00,102.3,102.5,102.2,102.5,600
VTP,2025-04-18 06:11:00,102.5,102.5,102.2,102.5,1300
VTP,2025-04-18 06:12:00,102.5,102.5,102.3,102.4,3400
VTP,2025-04-18 06:13:00,102.4,102.4,102.3,102.4,800
VTP,2025-04-18 06:14:00,102.4,102.5,102.2,102.2,1200
VTP,2025-04-18 06:15:00,102.2,102.7,102.1,102.1,19600
VTP,2025-04-18 06:16:00,102.1,102.6,102.0,102.6,4100
VTP,2025-04-18 06:17:00,102.6,102.6,102.1,102.1,1400
VTP,2025-04-18 06:18:00,102.1,102.5,102.0,102.0,4800
VTP,2025-04-18 06:19:00,102.0,102.1,102.0,102.0,3800
VTP,2025-04-18 06:20:00,102.0,102.1,102.0,102.0,900
VTP,2025-04-18 06:21:00,102.0,102.3,102.0,102.0,600
VTP,2025-04-18 06:22:00,102.0,102.3,102.0,102.3,800
VTP,2025-04-18 06:23:00,102.3,102.4,102.1,102.3,2800
VTP,2025-04-18 06:24:00,102.3,102.4,102.3,102.3,1000
VTP,2025-04-18 06:25:00,102.3,102.3,102.3,102.3,500
VTP,2025-04-18 06:26:00,102.3,102.4,102.3,102.4,2000
VTP,2025-04-18 06:27:00,102.4,102.4,102.3,102.4,1400
VTP,2025-04-18 06:28:00,102.4,102.5,102.4,102.5,2900
VTP,2025-04-18 06:29:00,102.5,102.6,102.5,102.5,700
VTP,2025-04-18 06:30:00,102.5,102.6,102.5,102.6,1000
VTP,2025-04-18 06:31:00,102.6,102.6,102.5,102.5,3500
VTP,2025-04-18 06:32:00,102.5,102.5,102.5,102.5,300
VTP,2025-04-18 06:33:00,102.5,102.5,102.4,102.5,3100
VTP,2025-04-18 06:34:00,102.5,102.5,102.4,102.4,1700
VTP,2025-04-18 06:35:00,102.4,102.4,102.2,102.2,5400
VTP,2025-04-18 06:36:00,102.2,102.2,102.2,102.2,4500
VTP,2025-04-18 06:37:00,102.2,102.2,102.2,102.2,500
VTP,2025-04-18 06:38:00,102.2,102.6,102.2,102.6,15700
VTP,2025-04-18 06:39:00,102.6,102.9,102.6,102.8,13600
VTP,2025-04-18 06:40:00,102.8,103.0,102.8,103.0,3100
VTP,2025-04-18 06:41:00,103.0,103.1,103.0,103.1,18100
VTP,2025-04-18 06:42:00,103.1,103.1,103.0,103.0,1800
VTP,2025-04-18 06:43:00,103.0,103.0,102.9,102.9,4300
VTP,2025-04-18 06:44:00,102.9,102.9,102.8,102.8,1100
VTP,2025-04-18 06:45:00,102.8,102.9,102.8,102.8,7800
VTP,2025-04-18 06:46:00,102.8,102.9,102.8,102.9,6500
VTP,2025-04-18 06:47:00,102.9,102.9,102.9,102.9,900
VTP,2025-04-18 06:48:00,102.9,103.0,102.9,103.0,8700
VTP,2025-04-18 06:49:00,103.0,103.0,103.0,103.0,5100
VTP,2025-04-18 06:50:00,103.0,103.0,103.0,103.0,1800
VTP,2025-04-18 06:51:00,103.0,103.0,102.8,102.8,300
VTP,2025-04-18 06:52:00,102.8,102.9,102.8,102.8,300
VTP,2025-04-18 06:53:00,102.8,102.8,102.7,102.7,1500
VTP,2025-04-18 06:54:00,102.7,102.8,102.6,102.8,2300
VTP,2025-04-18 06:55:00,102.8,102.8,102.7,102.7,600
VTP,2025-04-18 06:56:00,102.7,102.8,102.7,102.7,1700
VTP,2025-04-18 06:57:00,102.7,102.7,102.5,102.6,13600
VTP,2025-04-18 06:58:00,102.6,102.6,102.6,102.6,1000
VTP,2025-04-18 06:59:00,102.6,102.7,102.0,102.0,22400
VTP,2025-04-18 07:00:00,102.0,102.3,101.9,101.9,12700
VTP,2025-04-18 07:01:00,101.9,101.9,101.8,101.9,2600
VTP,2025-04-18 07:02:00,101.9,102.0,101.9,101.9,4100
VTP,2025-04-18 07:03:00,101.9,102.0,101.9,102.0,2400
VTP,2025-04-18 07:04:00,102.0,102.0,101.9,102.0,600
VTP,2025-04-18 07:05:00,102.0,102.0,101.9,101.9,2500
VTP,2025-04-18 07:06:00,101.9,102.0,101.9,102.0,12700
VTP,2025-04-18 07:07:00,102.0,102.0,102.0,102.0,1600
VTP,2025-04-18 07:08:00,102.0,102.0,102.0,102.0,4400
VTP,2025-04-18 07:09:00,102.0,102.0,101.9,102.0,3800
VTP,2025-04-18 07:10:00,102.0,102.0,101.9,101.9,1500
VTP,2025-04-18 07:11:00,101.9,101.9,101.9,101.9,1400
VTP,2025-04-18 07:12:00,101.9,101.9,101.8,101.8,8800
VTP,2025-04-18 07:13:00,101.8,101.9,101.8,101.9,3700
VTP,2025-04-18 07:14:00,101.9,101.9,101.9,101.9,3000
VTP,2025-04-18 07:15:00,101.9,102.0,101.9,102.0,1500
VTP,2025-04-18 07:16:00,102.0,102.0,102.0,102.0,1800
VTP,2025-04-18 07:17:00,102.0,102.0,101.9,101.9,12500
VTP,2025-04-18 07:18:00,101.9,102.0,101.8,101.8,8900
VTP,2025-04-18 07:19:00,101.8,102.0,101.8,102.0,100
VTP,2025-04-18 07:20:00,102.0,102.0,101.8,101.9,1200
VTP,2025-04-18 07:21:00,101.9,102.0,101.8,101.9,6700
VTP,2025-04-18 07:22:00,101.9,101.9,101.7,101.7,10300
VTP,2025-04-18 07:23:00,101.7,101.9,101.7,101.9,300
VTP,2025-04-18 07:24:00,101.9,101.9,101.6,101.8,10100
VTP,2025-04-18 07:25:00,101.8,101.8,101.6,101.6,7400
VTP,2025-04-18 07:26:00,101.6,101.6,101.6,101.6,4500
VTP,2025-04-18 07:27:00,101.6,101.6,101.5,101.6,1700
VTP,2025-04-18 07:28:00,101.6,101.6,101.5,101.5,6500
VTP,2025-04-18 07:29:00,101.5,101.5,101.0,101.0,7500
VTP,2025-04-18 07:45:00,101.0,101.0,101.0,101.0,28800
VTP,2025-04-21 02:15:00,101.0,102.0,101.0,102.0,9300
VTP,2025-04-21 02:16:00,102.0,102.0,101.3,101.8,2400
VTP,2025-04-21 02:17:00,101.8,101.8,101.0,101.0,200
VTP,2025-04-21 02:19:00,101.0,101.4,101.0,101.4,700
VTP,2025-04-21 02:20:00,101.4,101.5,101.4,101.5,1000
VTP,2025-04-21 02:21:00,101.5,101.5,101.2,101.2,2600
VTP,2025-04-21 02:23:00,101.2,101.6,101.2,101.6,2000
VTP,2025-04-21 02:24:00,101.6,101.6,101.2,101.2,2600
VTP,2025-04-21 02:25:00,101.2,101.8,101.2,101.8,2500
VTP,2025-04-21 02:26:00,101.8,102.9,101.8,102.0,10800
VTP,2025-04-21 02:27:00,102.0,102.5,102.0,102.5,7000
VTP,2025-04-21 02:28:00,102.5,102.7,102.5,102.7,600
VTP,2025-04-21 02:29:00,102.7,102.7,102.2,102.2,1000
VTP,2025-04-21 02:30:00,102.2,102.3,102.2,102.3,200
VTP,2025-04-21 02:31:00,102.3,102.9,102.3,102.9,4500
VTP,2025-04-21 02:32:00,102.9,103.7,102.8,103.7,12600
VTP,2025-04-21 02:33:00,103.7,103.9,103.5,103.6,10900
VTP,2025-04-21 02:34:00,103.6,104.0,102.9,103.7,6600
VTP,2025-04-21 02:35:00,103.7,103.7,103.2,103.2,200
VTP,2025-04-21 02:36:00,103.2,103.5,103.2,103.5,400
VTP,2025-04-21 02:37:00,103.5,103.5,103.0,103.0,3500
VTP,2025-04-21 02:38:00,103.0,103.1,102.8,102.9,14100
VTP,2025-04-21 02:39:00,102.9,102.9,102.8,102.8,1400
VTP,2025-04-21 02:40:00,102.8,102.8,102.8,102.8,1400
VTP,2025-04-21 02:41:00,102.8,103.0,102.8,103.0,4400
VTP,2025-04-21 02:42:00,103.0,103.2,103.0,103.2,2500
VTP,2025-04-21 02:43:00,103.2,103.2,103.1,103.1,900
VTP,2025-04-21 02:45:00,103.1,103.1,103.1,103.1,300
VTP,2025-04-21 02:46:00,103.1,103.1,103.0,103.1,400
VTP,2025-04-21 02:47:00,103.1,103.2,103.0,103.1,3600
VTP,2025-04-21 02:48:00,103.1,103.1,103.1,103.1,1200
VTP,2025-04-21 02:49:00,103.1,103.1,103.1,103.1,400
VTP,2025-04-21 02:50:00,103.1,103.2,103.1,103.1,3200
VTP,2025-04-21 02:51:00,103.1,103.1,103.1,103.1,900
VTP,2025-04-21 02:52:00,103.1,103.1,103.0,103.0,800
VTP,2025-04-21 02:53:00,103.0,103.0,103.0,103.0,100
VTP,2025-04-21 02:55:00,103.0,103.0,102.9,102.9,12000
VTP,2025-04-21 02:56:00,102.9,102.9,102.5,102.5,1500
VTP,2025-04-21 02:57:00,102.5,102.5,102.5,102.5,200
VTP,2025-04-21 02:58:00,102.5,102.5,102.5,102.5,100
VTP,2025-04-21 03:00:00,102.5,102.5,102.5,102.5,3000
VTP,2025-04-21 03:01:00,102.5,102.5,102.3,102.3,1400
VTP,2025-04-21 03:02:00,102.3,102.3,102.0,102.0,5400
VTP,2025-04-21 03:03:00,102.0,102.1,102.0,102.0,1100
VTP,2025-04-21 03:04:00,102.0,102.0,102.0,102.0,1900
VTP,2025-04-21 03:07:00,102.0,102.0,102.0,102.0,1200
VTP,2025-04-21 03:08:00,102.0,102.0,102.0,102.0,4500
VTP,2025-04-21 03:09:00,102.0,102.0,102.0,102.0,1900
VTP,2025-04-21 03:11:00,102.0,102.0,101.9,101.9,600
VTP,2025-04-21 03:12:00,101.9,101.9,101.6,101.6,2400
VTP,2025-04-21 03:13:00,101.6,101.6,101.6,101.6,200
VTP,2025-04-21 03:14:00,101.6,101.8,101.6,101.8,500
VTP,2025-04-21 03:15:00,101.8,101.8,101.6,101.6,1200
VTP,2025-04-21 03:16:00,101.6,101.6,101.6,101.6,400
VTP,2025-04-21 03:17:00,101.6,101.6,101.5,101.6,1300
VTP,2025-04-21 03:18:00,101.6,101.6,101.6,101.6,1100
VTP,2025-04-21 03:19:00,101.6,101.6,101.5,101.5,1900
VTP,2025-04-21 03:20:00,101.5,101.6,101.5,101.6,1600
VTP,2025-04-21 03:22:00,101.6,101.8,101.6,101.8,100
VTP,2025-04-21 03:23:00,101.8,101.8,101.4,101.4,16000
VTP,2025-04-21 03:24:00,101.4,101.4,101.4,101.4,1300
VTP,2025-04-21 03:25:00,101.4,101.5,101.4,101.5,6500
VTP,2025-04-21 03:26:00,101.5,101.5,101.5,101.5,2600
VTP,2025-04-21 03:27:00,101.5,101.6,101.5,101.6,1000
VTP,2025-04-21 03:29:00,101.6,101.6,101.6,101.6,1000
VTP,2025-04-21 03:30:00,101.6,101.6,101.5,101.5,1300
VTP,2025-04-21 03:31:00,101.5,101.5,101.2,101.2,4000
VTP,2025-04-21 03:32:00,101.2,101.2,101.0,101.0,2400
VTP,2025-04-21 03:33:00,101.0,101.0,101.0,101.0,12900
VTP,2025-04-21 03:34:00,101.0,101.0,101.0,101.0,100
VTP,2025-04-21 03:35:00,101.0,101.0,100.8,100.8,1100
VTP,2025-04-21 03:36:00,100.8,100.8,100.7,100.7,2400
VTP,2025-04-21 03:37:00,100.7,100.7,100.5,100.7,5200
VTP,2025-04-21 03:38:00,100.7,100.7,100.5,100.6,1200
VTP,2025-04-21 03:39:00,100.6,100.7,100.6,100.7,1600
VTP,2025-04-21 03:40:00,100.7,100.7,100.7,100.7,900
VTP,2025-04-21 03:41:00,100.7,101.0,100.7,101.0,900
VTP,2025-04-21 03:42:00,101.0,101.0,101.0,101.0,100
VTP,2025-04-21 03:43:00,101.0,101.0,101.0,101.0,1000
VTP,2025-04-21 03:44:00,101.0,101.2,101.0,101.2,1000
VTP,2025-04-21 03:45:00,101.2,101.2,101.2,101.2,100
VTP,2025-04-21 03:46:00,101.2,101.2,101.0,101.0,3000
VTP,2025-04-21 03:47:00,101.0,101.0,101.0,101.0,3700
VTP,2025-04-21 03:49:00,101.0,101.0,101.0,101.0,100
VTP,2025-04-21 03:50:00,101.0,101.0,100.8,100.8,1000
VTP,2025-04-21 03:51:00,100.8,101.0,100.8,101.0,100
VTP,2025-04-21 03:52:00,101.0,101.0,101.0,101.0,1200
VTP,2025-04-21 03:53:00,101.0,101.1,101.0,101.1,1600
VTP,2025-04-21 03:54:00,101.1,101.2,101.1,101.2,200
VTP,2025-04-21 03:55:00,101.2,101.2,101.0,101.0,1900
VTP,2025-04-21 03:57:00,101.0,101.0,101.0,101.0,1000
VTP,2025-04-21 03:58:00,101.0,101.1,101.0,101.1,2000
VTP,2025-04-21 04:00:00,101.1,101.1,101.0,101.0,1200
VTP,2025-04-21 04:01:00,101.0,101.1,101.0,101.1,1100
VTP,2025-04-21 04:03:00,101.1,101.1,101.0,101.0,1000
VTP,2025-04-21 04:06:00,101.0,101.4,101.0,101.4,1000
VTP,2025-04-21 04:08:00,101.4,101.4,101.1,101.1,600
VTP,2025-04-21 04:09:00,101.1,101.1,101.1,101.1,3700
VTP,2025-04-21 04:10:00,101.1,101.1,101.0,101.0,9500
VTP,2025-04-21 04:11:00,101.0,101.0,100.9,100.9,100
VTP,2025-04-21 04:13:00,100.9,100.9,100.8,100.8,4400
VTP,2025-04-21 04:14:00,100.8,100.8,100.7,100.7,4200
VTP,2025-04-21 04:15:00,100.7,100.7,100.6,100.6,1900
VTP,2025-04-21 04:16:00,100.6,100.6,100.6,100.6,800
VTP,2025-04-21 04:17:00,100.6,100.6,100.6,100.6,400
VTP,2025-04-21 04:18:00,100.6,100.6,100.6,100.6,100
VTP,2025-04-21 04:19:00,100.6,100.6,100.5,100.5,1000
VTP,2025-04-21 04:21:00,100.5,100.5,100.5,100.5,4000
VTP,2025-04-21 04:22:00,100.5,100.5,100.5,100.5,400
VTP,2025-04-21 04:23:00,100.5,100.5,100.0,100.0,4200
VTP,2025-04-21 04:24:00,100.0,100.1,100.0,100.1,100
VTP,2025-04-21 04:25:00,100.1,100.1,100.0,100.0,11500
VTP,2025-04-21 04:27:00,100.0,100.0,100.0,100.0,4000
VTP,2025-04-21 04:28:00,100.0,100.0,100.0,100.0,300
VTP,2025-04-21 04:29:00,100.0,100.0,100.0,100.0,500
VTP,2025-04-21 06:00:00,100.0,100.0,99.7,99.7,11900
VTP,2025-04-21 06:01:00,99.7,99.7,99.5,99.5,8300
VTP,2025-04-21 06:02:00,99.5,99.5,99.5,99.5,600
VTP,2025-04-21 06:03:00,99.5,99.5,99.3,99.5,500
VTP,2025-04-21 06:04:00,99.5,99.5,99.1,99.1,4700
VTP,2025-04-21 06:05:00,99.1,99.2,98.5,98.5,14200
VTP,2025-04-21 06:06:00,98.5,98.6,98.5,98.6,2100
VTP,2025-04-21 06:07:00,98.6,99.2,98.6,99.2,13900
VTP,2025-04-21 06:08:00,99.2,99.6,99.2,99.6,3300
VTP,2025-04-21 06:09:00,99.6,99.8,99.6,99.8,5000
VTP,2025-04-21 06:10:00,99.8,99.8,99.6,99.7,1900
VTP,2025-04-21 06:11:00,99.7,99.9,99.7,99.9,3200
VTP,2025-04-21 06:12:00,99.9,100.1,99.9,100.1,5600
VTP,2025-04-21 06:13:00,100.1,100.1,100.1,100.1,2300
VTP,2025-04-21 06:14:00,100.1,100.7,100.1,100.7,3300
VTP,2025-04-21 06:15:00,100.7,100.7,100.4,100.4,1400
VTP,2025-04-21 06:16:00,100.4,100.4,100.1,100.2,500
VTP,2025-04-21 06:17:00,100.2,100.2,100.0,100.0,3800
VTP,2025-04-21 06:18:00,100.0,100.0,100.0,100.0,5100
VTP,2025-04-21 06:19:00,100.0,100.0,100.0,100.0,1500
VTP,2025-04-21 06:20:00,100.0,100.0,99.9,99.9,1100
VTP,2025-04-21 06:21:00,99.9,99.9,99.9,99.9,3900
VTP,2025-04-21 06:22:00,99.9,100.0,99.9,99.9,2800
VTP,2025-04-21 06:23:00,99.9,100.0,99.9,100.0,500
VTP,2025-04-21 06:24:00,100.0,100.0,100.0,100.0,1700
VTP,2025-04-21 06:25:00,100.0,100.0,100.0,100.0,1100
VTP,2025-04-21 06:26:00,100.0,100.0,99.9,100.0,400
VTP,2025-04-21 06:27:00,100.0,100.0,100.0,100.0,400
VTP,2025-04-21 06:28:00,100.0,100.0,99.9,99.9,1100
VTP,2025-04-21 06:29:00,99.9,100.1,99.9,100.1,3000
VTP,2025-04-21 06:30:00,100.1,100.1,100.1,100.1,2000
VTP,2025-04-21 06:31:00,100.1,100.1,100.0,100.0,100
VTP,2025-04-21 06:32:00,100.0,100.0,100.0,100.0,4200
VTP,2025-04-21 06:33:00,100.0,100.0,99.9,99.9,2200
VTP,2025-04-21 06:34:00,99.9,99.9,99.8,99.8,3900
VTP,2025-04-21 06:35:00,99.8,99.8,99.8,99.8,300
VTP,2025-04-21 06:36:00,99.8,99.8,99.7,99.7,1600
VTP,2025-04-21 06:37:00,99.7,99.7,99.1,99.1,8000
VTP,2025-04-21 06:38:00,99.1,99.3,99.1,99.1,4800
VTP,2025-04-21 06:39:00,99.1,99.2,99.1,99.2,4100
VTP,2025-04-21 06:40:00,99.2,99.2,99.2,99.2,1700
VTP,2025-04-21 06:41:00,99.2,99.2,99.2,99.2,1100
VTP,2025-04-21 06:42:00,99.2,99.4,99.2,99.2,400
VTP,2025-04-21 06:43:00,99.2,99.3,99.2,99.3,700
VTP,2025-04-21 06:44:00,99.3,99.5,99.3,99.5,2000
VTP,2025-04-21 06:45:00,99.5,99.6,99.5,99.6,3300
VTP,2025-04-21 06:46:00,99.6,99.7,99.6,99.7,800
VTP,2025-04-21 06:47:00,99.7,99.7,99.7,99.7,300
VTP,2025-04-21 06:48:00,99.7,99.7,99.7,99.7,700
VTP,2025-04-21 06:49:00,99.7,99.8,99.7,99.8,100
VTP,2025-04-21 06:50:00,99.8,99.9,99.8,99.9,2500
VTP,2025-04-21 06:51:00,99.9,100.1,99.9,100.1,2800
VTP,2025-04-21 06:52:00,100.1,100.1,100.1,100.1,600
VTP,2025-04-21 06:53:00,100.1,100.1,100.0,100.0,1100
VTP,2025-04-21 06:54:00,100.0,100.1,99.9,100.0,1900
VTP,2025-04-21 06:55:00,100.0,100.0,99.8,99.8,2900
VTP,2025-04-21 06:56:00,99.8,99.8,99.8,99.8,500
VTP,2025-04-21 06:57:00,99.8,99.9,99.7,99.9,5600
VTP,2025-04-21 06:58:00,99.9,99.9,99.9,99.9,900
VTP,2025-04-21 06:59:00,99.9,100.0,99.9,100.0,200
VTP,2025-04-21 07:00:00,100.0,100.0,99.9,99.9,1300
VTP,2025-04-21 07:01:00,99.9,99.9,99.9,99.9,3400
VTP,2025-04-21 07:02:00,99.9,99.9,99.9,99.9,700
VTP,2025-04-21 07:03:00,99.9,99.9,99.7,99.7,1800
VTP,2025-04-21 07:04:00,99.7,99.8,99.5,99.5,3600
VTP,2025-04-21 07:05:00,99.5,99.5,99.5,99.5,11000
VTP,2025-04-21 07:06:00,99.5,99.5,99.2,99.2,2400
VTP,2025-04-21 07:07:00,99.2,99.2,99.1,99.2,5900
VTP,2025-04-21 07:08:00,99.2,99.5,99.2,99.5,3100
VTP,2025-04-21 07:09:00,99.5,99.6,99.4,99.5,4400
VTP,2025-04-21 07:10:00,99.5,99.5,99.4,99.4,900
VTP,2025-04-21 07:11:00,99.4,99.4,99.4,99.4,11200
VTP,2025-04-21 07:12:00,99.4,99.4,99.1,99.1,2500
VTP,2025-04-21 07:13:00,99.1,99.3,99.1,99.1,12200
VTP,2025-04-21 07:14:00,99.1,99.3,99.0,99.3,41700
VTP,2025-04-21 07:15:00,99.3,99.3,99.3,99.3,400
VTP,2025-04-21 07:16:00,99.3,99.3,98.7,98.7,6000
VTP,2025-04-21 07:17:00,98.7,98.8,98.7,98.7,5100
VTP,2025-04-21 07:18:00,98.7,99.0,98.7,99.0,1400
VTP,2025-04-21 07:20:00,99.0,99.4,99.0,99.4,2600
VTP,2025-04-21 07:21:00,99.4,99.5,99.0,99.0,6800
VTP,2025-04-21 07:22:00,99.0,99.3,99.0,99.3,6200
VTP,2025-04-21 07:23:00,99.3,99.3,99.0,99.0,2100
VTP,2025-04-21 07:24:00,99.0,99.0,99.0,99.0,1500
VTP,2025-04-21 07:25:00,99.0,99.0,98.7,98.7,8800
VTP,2025-04-21 07:26:00,98.7,99.0,98.5,98.7,13900
VTP,2025-04-21 07:27:00,98.7,98.7,98.0,98.5,17600
VTP,2025-04-21 07:28:00,98.5,98.9,98.3,98.9,4600
VTP,2025-04-21 07:29:00,98.9,98.9,98.0,98.0,600
VTP,2025-04-21 07:45:00,98.0,98.0,98.0,98.0,64100
VTP,2025-04-22 02:15:00,96.1,97.8,96.1,97.8,17000
VTP,2025-04-22 02:16:00,97.8,97.8,97.7,97.7,300
VTP,2025-04-22 02:18:00,97.7,97.7,97.7,97.7,600
VTP,2025-04-22 02:19:00,97.7,97.7,97.5,97.5,2100
VTP,2025-04-22 02:20:00,97.5,97.5,97.5,97.5,200
VTP,2025-04-22 02:21:00,97.5,97.5,97.4,97.4,400
VTP,2025-04-22 02:22:00,97.4,97.4,97.3,97.3,600
VTP,2025-04-22 02:23:00,97.3,97.3,97.3,97.3,1600
VTP,2025-04-22 02:24:00,97.3,97.3,97.0,97.0,1800
VTP,2025-04-22 02:25:00,97.0,97.0,96.8,96.8,6600
VTP,2025-04-22 02:26:00,96.8,96.8,96.3,96.3,3900
VTP,2025-04-22 02:27:00,96.3,96.4,96.3,96.4,1400
VTP,2025-04-22 02:28:00,96.4,96.5,96.4,96.5,100
VTP,2025-04-22 02:29:00,96.5,96.5,96.5,96.5,1800
VTP,2025-04-22 02:30:00,96.5,96.5,96.4,96.4,3700
VTP,2025-04-22 02:31:00,96.4,96.4,96.3,96.3,5100
VTP,2025-04-22 02:32:00,96.3,96.3,96.0,96.0,38100
VTP,2025-04-22 02:33:00,96.0,96.0,95.8,95.9,1400
VTP,2025-04-22 02:34:00,95.9,95.9,95.7,95.7,2000
VTP,2025-04-22 02:35:00,95.7,95.7,95.4,95.4,9300
VTP,2025-04-22 02:36:00,95.4,95.8,95.4,95.5,8600
VTP,2025-04-22 02:37:00,95.5,95.6,95.5,95.6,2300
VTP,2025-04-22 02:38:00,95.6,95.7,95.6,95.6,7800
VTP,2025-04-22 02:39:00,95.6,95.7,95.6,95.7,2000
VTP,2025-04-22 02:40:00,95.7,95.7,95.6,95.6,1600
VTP,2025-04-22 02:41:00,95.6,95.7,95.6,95.7,2100
VTP,2025-04-22 02:42:00,95.7,95.8,95.7,95.8,2600
VTP,2025-04-22 02:44:00,95.8,95.8,95.7,95.7,9300
VTP,2025-04-22 02:45:00,95.7,95.9,95.7,95.9,5600
VTP,2025-04-22 02:46:00,95.9,96.4,95.9,96.4,29100
VTP,2025-04-22 02:47:00,96.4,96.6,96.4,96.5,5900
VTP,2025-04-22 02:48:00,96.5,96.6,96.5,96.6,300
VTP,2025-04-22 02:49:00,96.6,96.6,96.5,96.5,3500
VTP,2025-04-22 02:50:00,96.5,96.6,96.4,96.5,4300
VTP,2025-04-22 02:51:00,96.5,96.7,96.5,96.6,1700
VTP,2025-04-22 02:52:00,96.6,96.6,96.4,96.6,1600
VTP,2025-04-22 02:53:00,96.6,96.6,96.6,96.6,100
VTP,2025-04-22 02:54:00,96.6,96.6,96.6,96.6,2000
VTP,2025-04-22 02:55:00,96.6,96.6,96.6,96.6,100
VTP,2025-04-22 02:56:00,96.6,96.6,96.2,96.2,1300
VTP,2025-04-22 02:57:00,96.2,96.6,96.2,96.6,3800
VTP,2025-04-22 02:58:00,96.6,96.6,96.2,96.2,6100
VTP,2025-04-22 02:59:00,96.2,96.2,96.2,96.2,1800
VTP,2025-04-22 03:00:00,96.2,96.2,96.2,96.2,800
VTP,2025-04-22 03:01:00,96.2,96.5,96.2,96.5,600
VTP,2025-04-22 03:02:00,96.5,96.5,96.2,96.4,1400
VTP,2025-04-22 03:04:00,96.4,96.4,96.1,96.1,6500
VTP,2025-04-22 03:05:00,96.1,96.1,96.0,96.0,9300
VTP,2025-04-22 03:06:00,96.0,96.0,95.7,95.7,6100
VTP,2025-04-22 03:07:00,95.7,96.0,95.7,96.0,1300
VTP,2025-04-22 03:08:00,96.0,96.0,96.0,96.0,1200
VTP,2025-04-22 03:09:00,96.0,96.0,95.8,96.0,900
VTP,2025-04-22 03:10:00,96.0,96.1,95.8,96.1,9700
VTP,2025-04-22 03:11:00,96.1,96.1,96.0,96.1,10300
VTP,2025-04-22 03:12:00,96.1,96.1,95.6,96.0,21000
VTP,2025-04-22 03:13:00,96.0,96.0,96.0,96.0,200
VTP,2025-04-22 03:14:00,96.0,96.0,95.9,96.0,5400
VTP,2025-04-22 03:16:00,96.0,96.0,96.0,96.0,100
VTP,2025-04-22 03:17:00,96.0,96.1,96.0,96.1,3800
VTP,2025-04-22 03:18:00,96.1,96.1,96.1,96.1,100
VTP,2025-04-22 03:19:00,96.1,96.1,96.0,96.1,2400
VTP,2025-04-22 03:20:00,96.1,96.2,95.5,96.1,30800
VTP,2025-04-22 03:21:00,96.1,96.1,96.1,96.1,500
VTP,2025-04-22 03:22:00,96.1,96.1,96.0,96.1,100
VTP,2025-04-22 03:23:00,96.1,96.1,96.1,96.1,200
VTP,2025-04-22 03:24:00,96.1,96.2,96.1,96.2,200
VTP,2025-04-22 03:25:00,96.2,96.5,96.2,96.5,12100
VTP,2025-04-22 03:27:00,96.5,96.7,95.0,95.1,51000
VTP,2025-04-22 03:28:00,95.1,96.5,95.1,96.5,1200
VTP,2025-04-22 03:31:00,96.5,96.7,96.2,96.7,1400
VTP,2025-04-22 03:32:00,96.7,96.9,96.5,96.9,10900
VTP,2025-04-22 03:33:00,96.9,97.2,96.9,97.2,8000
VTP,2025-04-22 03:34:00,97.2,97.7,97.2,97.7,6100
VTP,2025-04-22 03:35:00,97.7,97.9,97.7,97.9,600
VTP,2025-04-22 03:36:00,97.9,97.9,97.3,97.3,700
VTP,2025-04-22 03:37:00,97.3,97.7,97.3,97.7,200
VTP,2025-04-22 03:38:00,97.7,97.7,97.7,97.7,1100
VTP,2025-04-22 03:40:00,97.7,97.9,97.7,97.7,200
VTP,2025-04-22 03:41:00,97.7,98.0,97.7,98.0,1400
VTP,2025-04-22 03:42:00,98.0,98.0,97.9,98.0,6300
VTP,2025-04-22 03:43:00,98.0,98.0,98.0,98.0,1000
VTP,2025-04-22 03:45:00,98.0,98.0,97.5,97.5,1000
VTP,2025-04-22 03:46:00,97.5,97.5,97.4,97.4,700
VTP,2025-04-22 03:47:00,97.4,97.4,97.4,97.4,200
VTP,2025-04-22 03:48:00,97.4,97.6,97.4,97.6,100
VTP,2025-04-22 03:49:00,97.6,97.6,97.6,97.6,100
VTP,2025-04-22 03:50:00,97.6,97.6,97.4,97.4,1000
VTP,2025-04-22 03:52:00,97.4,97.4,97.4,97.4,100
VTP,2025-04-22 03:53:00,97.4,97.4,97.3,97.3,200
VTP,2025-04-22 03:54:00,97.3,97.4,97.3,97.4,300
VTP,2025-04-22 03:56:00,97.4,97.4,97.4,97.4,100
VTP,2025-04-22 03:58:00,97.4,97.4,97.4,97.4,2300
VTP,2025-04-22 03:59:00,97.4,97.4,97.4,97.4,1000
VTP,2025-04-22 04:01:00,97.4,97.4,97.3,97.3,300
VTP,2025-04-22 04:02:00,97.3,97.3,97.3,97.3,4000
VTP,2025-04-22 04:03:00,97.3,97.3,97.3,97.3,200
VTP,2025-04-22 04:04:00,97.3,97.4,97.3,97.4,1600
VTP,2025-04-22 04:06:00,97.4,97.4,97.4,97.4,200
VTP,2025-04-22 04:09:00,97.4,97.4,97.1,97.1,200
VTP,2025-04-22 04:11:00,97.1,97.1,97.1,97.1,300
VTP,2025-04-22 04:12:00,97.1,97.1,97.1,97.1,4600
VTP,2025-04-22 04:15:00,97.1,97.1,97.0,97.0,200
VTP,2025-04-22 04:16:00,97.0,97.1,97.0,97.1,200
VTP,2025-04-22 04:17:00,97.1,97.1,97.0,97.0,2400
VTP,2025-04-22 04:18:00,97.0,97.0,96.8,96.8,21600
VTP,2025-04-22 04:19:00,96.8,96.8,96.5,96.5,6700
VTP,2025-04-22 04:20:00,96.5,96.5,96.0,96.0,9500
VTP,2025-04-22 04:21:00,96.0,96.0,95.6,95.6,8700
VTP,2025-04-22 04:22:00,95.6,95.6,95.2,95.4,19200
VTP,2025-04-22 04:23:00,95.4,96.4,95.4,96.4,600
VTP,2025-04-22 04:24:00,96.4,96.4,96.4,96.4,200
VTP,2025-04-22 04:25:00,96.4,96.4,95.5,96.3,2900
VTP,2025-04-22 04:26:00,96.3,96.4,96.2,96.2,2200
VTP,2025-04-22 04:27:00,96.2,96.2,96.2,96.2,1400
VTP,2025-04-22 04:28:00,96.2,96.5,96.2,96.5,2700
VTP,2025-04-22 06:00:00,96.5,96.5,95.6,95.7,17500
VTP,2025-04-22 06:01:00,95.7,95.7,94.7,94.7,44900
VTP,2025-04-22 06:02:00,94.7,94.7,94.0,94.0,11900
VTP,2025-04-22 06:03:00,94.0,94.1,93.2,93.4,11800
VTP,2025-04-22 06:04:00,93.4,95.2,93.4,94.0,26700
VTP,2025-04-22 06:05:00,94.0,94.1,93.6,93.6,22600
VTP,2025-04-22 06:06:00,93.6,94.9,93.5,94.0,31200
VTP,2025-04-22 06:07:00,94.0,94.0,93.5,94.0,31300
VTP,2025-04-22 06:08:00,94.0,94.2,94.0,94.2,12700
VTP,2025-04-22 06:09:00,94.2,94.7,94.1,94.4,5300
VTP,2025-04-22 06:10:00,94.4,94.4,94.0,94.0,10800
VTP,2025-04-22 06:11:00,94.0,94.0,93.6,93.6,20200
VTP,2025-04-22 06:12:00,93.6,93.7,93.5,93.6,6100
VTP,2025-04-22 06:13:00,93.6,93.8,93.6,93.8,6300
VTP,2025-04-22 06:14:00,93.8,94.0,93.6,94.0,20500
VTP,2025-04-22 06:15:00,94.0,94.0,93.7,93.8,10400
VTP,2025-04-22 06:16:00,93.8,94.0,93.8,94.0,33100
VTP,2025-04-22 06:17:00,94.0,94.0,93.6,94.0,45700
VTP,2025-04-22 06:18:00,94.0,94.0,93.4,93.5,30400
VTP,2025-04-22 06:19:00,93.5,93.7,93.0,93.0,27900
VTP,2025-04-22 06:20:00,93.0,93.0,92.2,92.2,15900
VTP,2025-04-22 06:21:00,92.2,92.2,91.5,91.6,68500
VTP,2025-04-22 06:22:00,91.6,92.4,91.6,92.0,36700
VTP,2025-04-22 06:23:00,92.0,92.0,91.2,91.2,81300
VTP,2025-04-22 06:24:00,91.2,91.2,91.2,91.2,7700
VTP,2025-04-22 06:25:00,91.2,91.2,91.2,91.2,12200
VTP,2025-04-22 06:26:00,91.2,91.2,91.2,91.2,71400
VTP,2025-04-22 06:27:00,91.2,91.2,91.2,91.2,56600
VTP,2025-04-22 06:28:00,91.2,91.2,91.2,91.2,73800
VTP,2025-04-22 06:29:00,91.2,91.8,91.2,91.8,3400
VTP,2025-04-22 06:30:00,91.8,92.1,91.4,91.4,16300
VTP,2025-04-22 06:31:00,91.4,92.0,91.4,91.7,11200
VTP,2025-04-22 06:32:00,91.7,91.7,91.5,91.5,8600
VTP,2025-04-22 06:33:00,91.5,91.5,91.4,91.4,11700
VTP,2025-04-22 06:34:00,91.4,91.5,91.3,91.3,7400
VTP,2025-04-22 06:35:00,91.3,91.3,91.2,91.2,116700
VTP,2025-04-22 06:36:00,91.2,91.2,91.2,91.2,28900
VTP,2025-04-22 06:37:00,91.2,91.2,91.2,91.2,10200
VTP,2025-04-22 06:38:00,91.2,91.2,91.2,91.2,1200
VTP,2025-04-22 06:39:00,91.2,91.2,91.2,91.2,3200
VTP,2025-04-22 06:40:00,91.2,91.2,91.2,91.2,7900
VTP,2025-04-22 06:41:00,91.2,91.2,91.2,91.2,162900
VTP,2025-04-22 06:42:00,91.2,91.5,91.2,91.3,11200
VTP,2025-04-22 06:43:00,91.3,91.5,91.3,91.5,4300
VTP,2025-04-22 06:44:00,91.5,91.6,91.3,91.6,7700
VTP,2025-04-22 06:45:00,91.6,92.0,91.6,92.0,10600
VTP,2025-04-22 06:46:00,92.0,92.0,91.9,92.0,3500
VTP,2025-04-22 06:47:00,92.0,92.0,91.9,91.9,15000
VTP,2025-04-22 06:48:00,91.9,92.0,91.9,92.0,1800
VTP,2025-04-22 06:49:00,92.0,92.1,92.0,92.1,4800
VTP,2025-04-22 06:50:00,92.1,92.1,91.9,91.9,7200
VTP,2025-04-22 06:51:00,91.9,92.0,91.7,91.7,11400
VTP,2025-04-22 06:52:00,91.7,91.8,91.3,91.3,22300
VTP,2025-04-22 06:53:00,91.3,91.3,91.2,91.2,15200
VTP,2025-04-22 06:54:00,91.2,91.3,91.2,91.3,3300
VTP,2025-04-22 06:55:00,91.3,91.3,91.3,91.3,1700
VTP,2025-04-22 06:56:00,91.3,91.4,91.2,91.4,17700
VTP,2025-04-22 06:57:00,91.4,91.8,91.4,91.8,6700
VTP,2025-04-22 06:58:00,91.8,91.8,91.3,91.7,7500
VTP,2025-04-22 06:59:00,91.7,91.8,91.7,91.8,700
VTP,2025-04-22 07:00:00,91.8,91.8,91.8,91.8,400
VTP,2025-04-22 07:01:00,91.8,91.8,91.6,91.8,1400
VTP,2025-04-22 07:02:00,91.8,91.9,91.6,91.9,13600
VTP,2025-04-22 07:03:00,91.9,92.0,91.9,92.0,13300
VTP,2025-04-22 07:04:00,92.0,92.3,92.0,92.3,10500
VTP,2025-04-22 07:05:00,92.3,92.8,92.3,92.4,2000
VTP,2025-04-22 07:06:00,92.4,92.8,92.4,92.8,4300
VTP,2025-04-22 07:07:00,92.8,93.3,92.8,93.3,7600
VTP,2025-04-22 07:08:00,93.3,93.4,93.0,93.0,4000
VTP,2025-04-22 07:09:00,93.0,93.2,93.0,93.0,5100
VTP,2025-04-22 07:10:00,93.0,93.2,93.0,93.2,1600
VTP,2025-04-22 07:11:00,93.2,93.2,92.1,92.7,10200
VTP,2025-04-22 07:12:00,92.7,92.7,92.4,92.4,6500
VTP,2025-04-22 07:13:00,92.4,92.5,92.0,92.0,7000
VTP,2025-04-22 07:14:00,92.0,93.0,92.0,93.0,12100
VTP,2025-04-22 07:15:00,93.0,93.0,92.2,92.2,1000
VTP,2025-04-22 07:16:00,92.2,92.9,92.2,92.8,7200
VTP,2025-04-22 07:17:00,92.8,93.2,92.8,93.2,11200
VTP,2025-04-22 07:18:00,93.2,93.5,93.2,93.3,1100
VTP,2025-04-22 07:19:00,93.3,93.8,93.3,93.8,2500
VTP,2025-04-22 07:20:00,93.8,93.8,93.4,93.4,1600
VTP,2025-04-22 07:21:00,93.4,94.8,93.4,94.8,17600
VTP,2025-04-22 07:22:00,94.8,94.9,94.8,94.8,3300
VTP,2025-04-22 07:23:00,94.8,94.8,94.8,94.8,2000
VTP,2025-04-22 07:24:00,94.8,94.8,94.6,94.7,900
VTP,2025-04-22 07:25:00,94.7,94.7,94.6,94.7,3500
VTP,2025-04-22 07:26:00,94.7,95.0,94.7,95.0,7500
VTP,2025-04-22 07:27:00,95.0,95.1,95.0,95.0,2800
VTP,2025-04-22 07:28:00,95.0,96.0,95.0,96.0,8200
VTP,2025-04-22 07:29:00,96.0,97.0,95.1,96.8,9600
VTP,2025-04-22 07:45:00,96.8,96.8,96.8,96.8,35000
VTP,2025-04-23 02:15:00,98.0,99.5,98.0,99.4,21400
VTP,2025-04-23 02:16:00,99.4,99.5,99.3,99.4,4700
VTP,2025-04-23 02:17:00,99.4,99.4,98.9,98.9,1300
VTP,2025-04-23 02:18:00,98.9,99.0,98.9,98.9,3500
VTP,2025-04-23 02:19:00,98.9,99.0,98.9,99.0,4600
VTP,2025-04-23 02:20:00,99.0,99.0,99.0,99.0,6500
VTP,2025-04-23 02:21:00,99.0,99.0,98.9,98.9,7600
VTP,2025-04-23 02:22:00,98.9,98.9,98.7,98.8,2600
VTP,2025-04-23 02:23:00,98.8,98.9,98.8,98.9,1900
VTP,2025-04-23 02:24:00,98.9,99.0,98.9,99.0,5300
VTP,2025-04-23 02:25:00,99.0,99.1,98.9,99.1,5800
VTP,2025-04-23 02:26:00,99.1,99.5,99.1,99.5,8900
VTP,2025-04-23 02:27:00,99.5,99.9,99.5,99.9,5100
VTP,2025-04-23 02:28:00,99.9,100.1,99.9,100.1,22500
VTP,2025-04-23 02:29:00,100.1,101.5,100.1,101.0,27600
VTP,2025-04-23 02:30:00,101.0,102.0,101.0,102.0,27300
VTP,2025-04-23 02:31:00,102.0,102.5,101.5,101.5,3800
VTP,2025-04-23 02:32:00,101.5,101.5,101.0,101.3,10000
VTP,2025-04-23 02:33:00,101.3,101.3,101.1,101.1,700
VTP,2025-04-23 02:34:00,101.1,101.4,101.1,101.4,3100
VTP,2025-04-23 02:35:00,101.4,102.5,101.3,102.5,28100
VTP,2025-04-23 02:36:00,102.5,103.5,102.5,103.5,70800
VTP,2025-04-23 02:37:00,103.5,103.5,103.4,103.5,51000
VTP,2025-04-23 02:38:00,103.5,103.5,103.5,103.5,16100
VTP,2025-04-23 02:39:00,103.5,103.5,103.5,103.5,5400
VTP,2025-04-23 02:40:00,103.5,103.5,103.5,103.5,5500
VTP,2025-04-23 02:41:00,103.5,103.5,103.5,103.5,15400
VTP,2025-04-23 02:42:00,103.5,103.5,103.5,103.5,1900
VTP,2025-04-23 02:43:00,103.5,103.5,103.5,103.5,1700
VTP,2025-04-23 02:44:00,103.5,103.5,103.5,103.5,1100
VTP,2025-04-23 02:45:00,103.5,103.5,103.5,103.5,2800
VTP,2025-04-23 02:46:00,103.5,103.5,103.5,103.5,1800
VTP,2025-04-23 02:47:00,103.5,103.5,103.5,103.5,8400
VTP,2025-04-23 02:49:00,103.5,103.5,103.5,103.5,700
VTP,2025-04-23 02:50:00,103.5,103.5,103.5,103.5,700
VTP,2025-04-23 02:51:00,103.5,103.5,103.5,103.5,2300
VTP,2025-04-23 02:52:00,103.5,103.5,103.5,103.5,2000
VTP,2025-04-23 02:53:00,103.5,103.5,103.5,103.5,500
VTP,2025-04-23 02:54:00,103.5,103.5,103.5,103.5,1700
VTP,2025-04-23 02:55:00,103.5,103.5,103.5,103.5,800
VTP,2025-04-23 02:56:00,103.5,103.5,103.5,103.5,100
VTP,2025-04-23 02:57:00,103.5,103.5,103.5,103.5,700
VTP,2025-04-23 02:58:00,103.5,103.5,103.5,103.5,2200
VTP,2025-04-23 02:59:00,103.5,103.5,103.5,103.5,100
VTP,2025-04-23 03:01:00,103.5,103.5,103.5,103.5,1800
VTP,2025-04-23 03:02:00,103.5,103.5,103.5,103.5,2000
VTP,2025-04-23 03:04:00,103.5,103.5,103.5,103.5,1400
VTP,2025-04-23 03:05:00,103.5,103.5,103.5,103.5,2000
VTP,2025-04-23 03:06:00,103.5,103.5,103.5,103.5,4700
VTP,2025-04-23 03:07:00,103.5,103.5,103.5,103.5,3200
VTP,2025-04-23 03:08:00,103.5,103.5,103.5,103.5,600
VTP,2025-04-23 03:09:00,103.5,103.5,103.5,103.5,11300
VTP,2025-04-23 03:10:00,103.5,103.5,103.5,103.5,300
VTP,2025-04-23 03:11:00,103.5,103.5,103.5,103.5,900
VTP,2025-04-23 03:12:00,103.5,103.5,103.5,103.5,3800
VTP,2025-04-23 03:13:00,103.5,103.5,103.5,103.5,600
VTP,2025-04-23 03:14:00,103.5,103.5,103.5,103.5,400
VTP,2025-04-23 03:15:00,103.5,103.5,103.5,103.5,900
VTP,2025-04-23 03:16:00,103.5,103.5,103.5,103.5,33700
VTP,2025-04-23 03:17:00,103.5,103.5,103.5,103.5,24600
VTP,2025-04-23 03:18:00,103.5,103.5,103.5,103.5,7100
VTP,2025-04-23 03:19:00,103.5,103.5,103.5,103.5,200
VTP,2025-04-23 03:20:00,103.5,103.5,103.5,103.5,2200
VTP,2025-04-23 03:21:00,103.5,103.5,103.5,103.5,14600
VTP,2025-04-23 03:22:00,103.5,103.5,103.5,103.5,700
VTP,2025-04-23 03:23:00,103.5,103.5,103.5,103.5,200
VTP,2025-04-23 03:25:00,103.5,103.5,103.5,103.5,200
VTP,2025-04-23 03:26:00,103.5,103.5,103.5,103.5,300
VTP,2025-04-23 03:27:00,103.5,103.5,103.5,103.5,10000
VTP,2025-04-23 03:29:00,103.5,103.5,103.5,103.5,400
VTP,2025-04-23 03:31:00,103.5,103.5,103.5,103.5,200
VTP,2025-04-23 03:32:00,103.5,103.5,103.5,103.5,200
VTP,2025-04-23 03:35:00,103.5,103.5,103.5,103.5,9100
VTP,2025-04-23 03:36:00,103.5,103.5,103.5,103.5,200
VTP,2025-04-23 03:37:00,103.5,103.5,103.5,103.5,800
VTP,2025-04-23 03:39:00,103.5,103.5,103.5,103.5,500
VTP,2025-04-23 03:41:00,103.5,103.5,103.5,103.5,100
VTP,2025-04-23 03:43:00,103.5,103.5,103.5,103.5,200
VTP,2025-04-23 03:44:00,103.5,103.5,103.5,103.5,400
VTP,2025-04-23 03:47:00,103.5,103.5,103.5,103.5,200
VTP,2025-04-23 03:48:00,103.5,103.5,103.5,103.5,200
VTP,2025-04-23 03:59:00,103.5,103.5,103.5,103.5,500
VTP,2025-04-23 04:00:00,103.5,103.5,103.5,103.5,300
VTP,2025-04-23 04:15:00,103.5,103.5,103.5,103.5,200
VTP,2025-04-23 04:19:00,103.5,103.5,103.5,103.5,100
VTP,2025-04-23 04:22:00,103.5,103.5,103.5,103.5,100
VTP,2025-04-23 06:00:00,103.5,103.5,103.5,103.5,10100
VTP,2025-04-23 06:01:00,103.5,103.5,103.5,103.5,1400
VTP,2025-04-23 06:02:00,103.5,103.5,103.5,103.5,600
VTP,2025-04-23 06:03:00,103.5,103.5,103.5,103.5,300
VTP,2025-04-23 06:04:00,103.5,103.5,103.5,103.5,3700
VTP,2025-04-23 06:06:00,103.5,103.5,103.5,103.5,1400
VTP,2025-04-23 06:08:00,103.5,103.5,103.5,103.5,5200
VTP,2025-04-23 06:09:00,103.5,103.5,103.5,103.5,2600
VTP,2025-04-23 06:10:00,103.5,103.5,103.5,103.5,1000
VTP,2025-04-23 06:13:00,103.5,103.5,103.5,103.5,5100
VTP,2025-04-23 06:15:00,103.5,103.5,103.5,103.5,400
VTP,2025-04-23 06:17:00,103.5,103.5,103.5,103.5,1100
VTP,2025-04-23 06:18:00,103.5,103.5,103.5,103.5,4200
VTP,2025-04-23 06:28:00,103.5,103.5,103.5,103.5,100
VTP,2025-04-23 06:29:00,103.5,103.5,103.5,103.5,500
VTP,2025-04-23 06:30:00,103.5,103.5,103.5,103.5,100
VTP,2025-04-23 06:31:00,103.5,103.5,103.5,103.5,600
VTP,2025-04-23 06:32:00,103.5,103.5,103.5,103.5,100
VTP,2025-04-23 06:35:00,103.5,103.5,103.5,103.5,900
VTP,2025-04-23 06:36:00,103.5,103.5,103.5,103.5,1400
VTP,2025-04-23 06:37:00,103.5,103.5,103.5,103.5,3000
VTP,2025-04-23 06:43:00,103.5,103.5,103.5,103.5,300
VTP,2025-04-23 06:45:00,103.5,103.5,103.5,103.5,100
VTP,2025-04-23 06:49:00,103.5,103.5,103.5,103.5,100
VTP,2025-04-23 06:51:00,103.5,103.5,103.5,103.5,3000
VTP,2025-04-23 06:55:00,103.5,103.5,103.5,103.5,100
VTP,2025-04-23 07:00:00,103.5,103.5,103.5,103.5,100
VTP,2025-04-23 07:01:00,103.5,103.5,103.5,103.5,100
VTP,2025-04-23 07:11:00,103.5,103.5,103.5,103.5,100
VTP,2025-04-23 07:12:00,103.5,103.5,103.5,103.5,6400
VTP,2025-04-23 07:18:00,103.5,103.5,103.5,103.5,1000
VTP,2025-04-23 07:23:00,103.5,103.5,103.5,103.5,100
VTP,2025-04-23 07:24:00,103.5,103.5,103.5,103.5,5000
VTP,2025-04-23 07:29:00,103.5,103.5,103.5,103.5,700
VTP,2025-04-23 07:45:00,103.5,103.5,103.5,103.5,3100
VTP,2025-04-24 02:15:00,107.2,107.5,106.0,107.5,56600
VTP,2025-04-24 02:16:00,107.5,109.0,107.5,109.0,59000
VTP,2025-04-24 02:17:00,109.0,109.0,107.1,107.5,50400
VTP,2025-04-24 02:18:00,107.5,108.0,107.5,107.9,21500
VTP,2025-04-24 02:19:00,107.9,108.4,107.8,108.4,27100
VTP,2025-04-24 02:20:00,108.4,108.5,108.0,108.0,32300
VTP,2025-04-24 02:21:00,108.0,108.4,108.0,108.0,12400
VTP,2025-04-24 02:22:00,108.0,108.6,108.0,108.6,26200
VTP,2025-04-24 02:23:00,108.6,109.9,108.6,109.9,53900
VTP,2025-04-24 02:24:00,109.9,110.7,109.7,110.7,116500
VTP,2025-04-24 02:25:00,110.7,110.7,110.6,110.7,273800
VTP,2025-04-24 02:26:00,110.7,110.7,110.7,110.7,34500
VTP,2025-04-24 02:27:00,110.7,110.7,110.7,110.7,15000
VTP,2025-04-24 02:28:00,110.7,110.7,110.7,110.7,17400
VTP,2025-04-24 02:29:00,110.7,110.7,110.7,110.7,33800
VTP,2025-04-24 02:30:00,110.7,110.7,110.7,110.7,60700
VTP,2025-04-24 02:31:00,110.7,110.7,110.6,110.6,13100
VTP,2025-04-24 02:32:00,110.6,110.7,110.5,110.5,13700
VTP,2025-04-24 02:33:00,110.5,110.5,109.1,109.2,20600
VTP,2025-04-24 02:34:00,109.2,109.5,109.0,109.4,7000
VTP,2025-04-24 02:35:00,109.4,109.5,109.2,109.3,7800
VTP,2025-04-24 02:36:00,109.3,110.0,109.3,109.9,14800
VTP,2025-04-24 02:37:00,109.9,110.4,109.9,110.4,14700
VTP,2025-04-24 02:38:00,110.4,110.6,110.3,110.6,27200
VTP,2025-04-24 02:39:00,110.6,110.7,110.6,110.6,4000
VTP,2025-04-24 02:40:00,110.6,110.6,110.5,110.5,1600
VTP,2025-04-24 02:41:00,110.5,110.5,110.0,110.0,9400
VTP,2025-04-24 02:42:00,110.0,110.5,109.8,110.5,4500
VTP,2025-04-24 02:43:00,110.5,110.5,110.0,110.5,8700
VTP,2025-04-24 02:44:00,110.5,110.5,110.5,110.5,7000
VTP,2025-04-24 02:45:00,110.5,110.5,110.2,110.4,12400
VTP,2025-04-24 02:46:00,110.4,110.4,110.2,110.2,600
VTP,2025-04-24 02:47:00,110.2,110.2,109.9,110.0,11500
VTP,2025-04-24 02:48:00,110.0,110.2,110.0,110.0,4100
VTP,2025-04-24 02:49:00,110.0,110.1,109.9,110.0,2100
VTP,2025-04-24 02:50:00,110.0,110.0,109.9,110.0,2900
VTP,2025-04-24 02:51:00,110.0,110.0,109.7,109.7,5800
VTP,2025-04-24 02:52:00,109.7,109.8,109.7,109.7,1600
VTP,2025-04-24 02:53:00,109.7,109.8,109.7,109.8,900
VTP,2025-04-24 02:54:00,109.8,109.9,109.8,109.9,1300
VTP,2025-04-24 02:55:00,109.9,109.9,109.7,109.7,1000
VTP,2025-04-24 02:56:00,109.7,109.8,109.7,109.8,1200
VTP,2025-04-24 02:57:00,109.8,109.8,109.7,109.8,1900
VTP,2025-04-24 02:58:00,109.8,109.8,109.6,109.6,7500
VTP,2025-04-24 02:59:00,109.6,109.6,109.1,109.1,6600
VTP,2025-04-24 03:00:00,109.1,109.6,109.1,109.5,7800
VTP,2025-04-24 03:01:00,109.5,109.5,109.4,109.4,1300
VTP,2025-04-24 03:02:00,109.4,109.4,109.4,109.4,700
VTP,2025-04-24 03:03:00,109.4,109.6,109.4,109.6,9100
VTP,2025-04-24 03:04:00,109.6,109.6,109.3,109.4,15500
VTP,2025-04-24 03:05:00,109.4,109.4,109.4,109.4,800
VTP,2025-04-24 03:07:00,109.4,109.4,109.3,109.3,1500
VTP,2025-04-24 03:08:00,109.3,109.4,109.2,109.2,2100
VTP,2025-04-24 03:09:00,109.2,109.3,109.0,109.3,4900
VTP,2025-04-24 03:10:00,109.3,109.3,109.3,109.3,3200
VTP,2025-04-24 03:11:00,109.3,109.4,109.0,109.4,10700
VTP,2025-04-24 03:12:00,109.4,109.4,109.3,109.4,1800
VTP,2025-04-24 03:13:00,109.4,109.4,109.2,109.2,1100
VTP,2025-04-24 03:14:00,109.2,109.5,109.2,109.5,8800
VTP,2025-04-24 03:15:00,109.5,109.5,109.4,109.5,800
VTP,2025-04-24 03:16:00,109.5,109.5,109.4,109.4,1600
VTP,2025-04-24 03:18:00,109.4,109.4,109.4,109.4,2000
VTP,2025-04-24 03:19:00,109.4,109.4,109.3,109.3,1700
VTP,2025-04-24 03:20:00,109.3,109.3,109.3,109.3,1200
VTP,2025-04-24 03:21:00,109.3,109.4,109.3,109.3,800
VTP,2025-04-24 03:22:00,109.3,109.3,109.3,109.3,400
VTP,2025-04-24 03:23:00,109.3,109.3,109.3,109.3,400
VTP,2025-04-24 03:24:00,109.3,109.3,109.3,109.3,900
VTP,2025-04-24 03:25:00,109.3,109.3,109.3,109.3,2400
VTP,2025-04-24 03:26:00,109.3,109.4,109.3,109.4,1000
VTP,2025-04-24 03:28:00,109.4,109.4,109.2,109.2,1000
VTP,2025-04-24 03:29:00,109.2,109.4,109.2,109.4,3500
VTP,2025-04-24 03:30:00,109.4,109.4,109.1,109.1,6300
VTP,2025-04-24 03:31:00,109.1,109.1,109.1,109.1,1700
VTP,2025-04-24 03:32:00,109.1,109.1,109.0,109.0,300
VTP,2025-04-24 03:33:00,109.0,109.0,108.8,108.8,15600
VTP,2025-04-24 03:34:00,108.8,108.9,108.8,108.9,2600
VTP,2025-04-24 03:35:00,108.9,109.1,108.9,109.0,6600
VTP,2025-04-24 03:36:00,109.0,109.0,109.0,109.0,3400
VTP,2025-04-24 03:37:00,109.0,109.1,109.0,109.1,9000
VTP,2025-04-24 03:38:00,109.1,109.1,109.0,109.1,2300
VTP,2025-04-24 03:39:00,109.1,109.1,109.0,109.1,1500
VTP,2025-04-24 03:40:00,109.1,109.1,109.1,109.1,800
VTP,2025-04-24 03:41:00,109.1,109.1,109.1,109.1,400
VTP,2025-04-24 03:42:00,109.1,109.1,109.0,109.0,9500
VTP,2025-04-24 03:43:00,109.0,109.0,108.9,108.9,5300
VTP,2025-04-24 03:44:00,108.9,109.0,108.8,108.9,300
VTP,2025-04-24 03:45:00,108.9,108.9,108.7,108.7,7400
VTP,2025-04-24 03:46:00,108.7,108.7,108.7,108.7,600
VTP,2025-04-24 03:47:00,108.7,108.7,108.5,108.6,1300
VTP,2025-04-24 03:48:00,108.6,108.6,108.6,108.6,100
VTP,2025-04-24 03:49:00,108.6,108.6,108.5,108.5,2400
VTP,2025-04-24 03:51:00,108.5,108.6,108.5,108.5,200
VTP,2025-04-24 03:52:00,108.5,108.6,108.5,108.6,1500
VTP,2025-04-24 03:53:00,108.6,108.6,108.5,108.5,1000
VTP,2025-04-24 03:54:00,108.5,108.5,108.4,108.4,500
VTP,2025-04-24 03:55:00,108.4,108.5,108.4,108.5,2000
VTP,2025-04-24 03:56:00,108.5,108.5,108.5,108.5,600
VTP,2025-04-24 03:57:00,108.5,108.5,108.4,108.4,1300
VTP,2025-04-24 03:58:00,108.4,108.5,108.4,108.4,1100
VTP,2025-04-24 03:59:00,108.4,108.5,108.3,108.3,7100
VTP,2025-04-24 04:00:00,108.3,108.3,108.3,108.3,2300
VTP,2025-04-24 04:01:00,108.3,108.5,108.3,108.5,1000
VTP,2025-04-24 04:02:00,108.5,108.7,108.5,108.7,7200
VTP,2025-04-24 04:04:00,108.7,108.9,108.7,108.9,500
VTP,2025-04-24 04:05:00,108.9,109.0,108.9,109.0,2600
VTP,2025-04-24 04:06:00,109.0,109.0,109.0,109.0,9100
VTP,2025-04-24 04:07:00,109.0,109.1,109.0,109.1,3400
VTP,2025-04-24 04:08:00,109.1,109.1,109.1,109.1,300
VTP,2025-04-24 04:09:00,109.1,109.2,109.1,109.2,700
VTP,2025-04-24 04:11:00,109.2,109.2,109.1,109.1,200
VTP,2025-04-24 04:12:00,109.1,109.1,109.1,109.1,200
VTP,2025-04-24 04:13:00,109.1,109.2,109.0,109.0,300
VTP,2025-04-24 04:14:00,109.0,109.0,109.0,109.0,4300
VTP,2025-04-24 04:15:00,109.0,109.0,109.0,109.0,700
VTP,2025-04-24 04:16:00,109.0,109.1,109.0,109.0,300
VTP,2025-04-24 04:17:00,109.0,109.0,108.9,108.9,800
VTP,2025-04-24 04:18:00,108.9,108.9,108.9,108.9,2300
VTP,2025-04-24 04:20:00,108.9,108.9,108.9,108.9,100
VTP,2025-04-24 04:21:00,108.9,108.9,108.7,108.7,1600
VTP,2025-04-24 04:22:00,108.7,108.7,108.6,108.6,2900
VTP,2025-04-24 04:23:00,108.6,108.6,108.5,108.6,3200
VTP,2025-04-24 04:24:00,108.6,108.6,108.4,108.5,8400
VTP,2025-04-24 04:25:00,108.5,108.5,108.2,108.2,8800
VTP,2025-04-24 04:26:00,108.2,108.2,108.2,108.2,1200
VTP,2025-04-24 04:27:00,108.2,108.2,108.1,108.2,3500
VTP,2025-04-24 04:28:00,108.2,108.3,108.0,108.0,21000
VTP,2025-04-24 04:29:00,108.0,108.0,108.0,108.0,6600
VTP,2025-04-24 06:00:00,108.0,108.1,107.0,107.3,63300
VTP,2025-04-24 06:01:00,107.3,107.3,106.5,106.8,47900
VTP,2025-04-24 06:02:00,106.8,107.6,106.7,107.0,15200
VTP,2025-04-24 06:03:00,107.0,107.5,106.9,107.2,20300
VTP,2025-04-24 06:04:00,107.2,107.9,107.2,107.8,22500
VTP,2025-04-24 06:05:00,107.8,108.0,107.6,108.0,16100
VTP,2025-04-24 06:06:00,108.0,108.4,107.9,108.4,28800
VTP,2025-04-24 06:07:00,108.4,108.5,108.2,108.4,8900
VTP,2025-04-24 06:08:00,108.4,108.8,108.4,108.8,17700
VTP,2025-04-24 06:09:00,108.8,108.9,108.8,108.8,8300
VTP,2025-04-24 06:10:00,108.8,108.9,108.7,108.8,4100
VTP,2025-04-24 06:11:00,108.8,108.8,108.8,108.8,1400
VTP,2025-04-24 06:12:00,108.8,108.9,108.8,108.8,6500
VTP,2025-04-24 06:13:00,108.8,108.8,108.8,108.8,3100
VTP,2025-04-24 06:14:00,108.8,108.8,108.8,108.8,600
VTP,2025-04-24 06:15:00,108.8,108.8,108.3,108.3,14700
VTP,2025-04-24 06:16:00,108.3,108.4,108.3,108.4,600
VTP,2025-04-24 06:17:00,108.4,108.6,108.4,108.6,2700
VTP,2025-04-24 06:18:00,108.6,108.6,108.4,108.5,800
VTP,2025-04-24 06:19:00,108.5,108.6,108.5,108.6,800
VTP,2025-04-24 06:20:00,108.6,108.8,108.6,108.8,5800
VTP,2025-04-24 06:21:00,108.8,108.8,108.6,108.6,300
VTP,2025-04-24 06:22:00,108.6,108.6,108.6,108.6,700
VTP,2025-04-24 06:23:00,108.6,108.6,108.6,108.6,1100
VTP,2025-04-24 06:24:00,108.6,108.6,108.5,108.5,9500
VTP,2025-04-24 06:26:00,108.5,108.6,108.5,108.5,2200
VTP,2025-04-24 06:27:00,108.5,108.5,108.5,108.5,800
VTP,2025-04-24 06:28:00,108.5,108.6,108.5,108.5,2800
VTP,2025-04-24 06:29:00,108.5,108.9,108.4,108.9,23500
VTP,2025-04-24 06:30:00,108.9,108.9,108.9,108.9,2200
VTP,2025-04-24 06:31:00,108.9,108.9,108.8,108.8,500
VTP,2025-04-24 06:32:00,108.8,108.8,108.8,108.8,3200
VTP,2025-04-24 06:33:00,108.8,108.8,108.7,108.8,1500
VTP,2025-04-24 06:34:00,108.8,108.8,108.8,108.8,2500
VTP,2025-04-24 06:35:00,108.8,108.8,108.7,108.7,1200
VTP,2025-04-24 06:36:00,108.7,108.7,108.7,108.7,1400
VTP,2025-04-24 06:37:00,108.7,108.7,108.6,108.6,2100
VTP,2025-04-24 06:38:00,108.6,108.6,108.6,108.6,900
VTP,2025-04-24 06:39:00,108.6,108.7,108.6,108.7,3200
VTP,2025-04-24 06:40:00,108.7,108.8,108.7,108.8,500
VTP,2025-04-24 06:41:00,108.8,108.8,108.8,108.8,1600
VTP,2025-04-24 06:42:00,108.8,108.8,108.8,108.8,400
VTP,2025-04-24 06:43:00,108.8,108.8,108.7,108.7,6700
VTP,2025-04-24 06:44:00,108.7,108.7,108.7,108.7,300
VTP,2025-04-24 06:45:00,108.7,108.7,108.7,108.7,6200
VTP,2025-04-24 06:46:00,108.7,108.7,108.7,108.7,100
VTP,2025-04-24 06:47:00,108.7,108.7,108.6,108.7,2800
VTP,2025-04-24 06:48:00,108.7,108.7,108.6,108.6,5000
VTP,2025-04-24 06:49:00,108.6,108.6,108.6,108.6,7900
VTP,2025-04-24 06:50:00,108.6,108.6,108.5,108.5,700
VTP,2025-04-24 06:51:00,108.5,108.6,108.5,108.6,1600
VTP,2025-04-24 06:52:00,108.6,108.6,108.6,108.6,4100
VTP,2025-04-24 06:53:00,108.6,108.6,108.5,108.5,400
VTP,2025-04-24 06:54:00,108.5,108.6,108.5,108.6,9700
VTP,2025-04-24 06:55:00,108.6,108.6,108.4,108.4,1600
VTP,2025-04-24 06:57:00,108.4,108.4,108.3,108.4,4500
VTP,2025-04-24 06:58:00,108.4,108.4,108.3,108.3,600
VTP,2025-04-24 06:59:00,108.3,108.3,108.3,108.3,200
VTP,2025-04-24 07:00:00,108.3,108.4,108.0,108.0,12200
VTP,2025-04-24 07:01:00,108.0,108.0,108.0,108.0,1100
VTP,2025-04-24 07:02:00,108.0,108.4,108.0,108.0,3100
VTP,2025-04-24 07:03:00,108.0,108.0,107.7,107.7,7600
VTP,2025-04-24 07:04:00,107.7,107.9,107.7,107.8,4000
VTP,2025-04-24 07:05:00,107.8,108.2,107.8,108.2,2300
VTP,2025-04-24 07:06:00,108.2,108.2,108.0,108.2,1600
VTP,2025-04-24 07:07:00,108.2,108.2,108.2,108.2,1900
VTP,2025-04-24 07:08:00,108.2,108.4,108.2,108.4,2300
VTP,2025-04-24 07:09:00,108.4,108.5,108.4,108.5,600
VTP,2025-04-24 07:10:00,108.5,108.5,108.5,108.5,6400
VTP,2025-04-24 07:11:00,108.5,108.5,108.5,108.5,2500
VTP,2025-04-24 07:12:00,108.5,108.5,108.5,108.5,1100
VTP,2025-04-24 07:13:00,108.5,108.6,108.5,108.6,4100
VTP,2025-04-24 07:14:00,108.6,108.7,108.6,108.7,4600
VTP,2025-04-24 07:15:00,108.7,108.8,108.6,108.8,15400
VTP,2025-04-24 07:16:00,108.8,108.8,108.7,108.8,3100
VTP,2025-04-24 07:17:00,108.8,108.8,108.7,108.8,3700
VTP,2025-04-24 07:18:00,108.8,108.9,108.8,108.9,1200
VTP,2025-04-24 07:19:00,108.9,108.9,108.8,108.9,8300
VTP,2025-04-24 07:20:00,108.9,108.9,108.8,108.8,3300
VTP,2025-04-24 07:21:00,108.8,108.8,108.7,108.7,9000
VTP,2025-04-24 07:22:00,108.7,108.7,108.7,108.7,700
VTP,2025-04-24 07:23:00,108.7,108.7,108.7,108.7,4500
VTP,2025-04-24 07:24:00,108.7,108.7,108.6,108.6,3900
VTP,2025-04-24 07:25:00,108.6,108.6,108.5,108.6,8000
VTP,2025-04-24 07:26:00,108.6,108.7,108.6,108.7,6800
VTP,2025-04-24 07:27:00,108.7,108.7,108.5,108.5,1600
VTP,2025-04-24 07:28:00,108.5,108.5,108.5,108.5,6300
VTP,2025-04-24 07:29:00,108.5,108.5,108.3,108.3,4600
VTP,2025-04-24 07:45:00,108.0,108.0,108.0,108.0,71900
VTP,2025-04-25 02:15:00,109.0,109.0,108.3,108.4,22900
VTP,2025-04-25 02:16:00,108.4,109.0,108.4,109.0,6800
VTP,2025-04-25 02:17:00,109.0,109.4,108.7,109.0,20300
VTP,2025-04-25 02:18:00,109.0,109.0,108.9,108.9,1300
VTP,2025-04-25 02:19:00,108.9,109.0,108.5,108.9,2800
VTP,2025-04-25 02:20:00,108.9,108.9,108.6,108.6,1400
VTP,2025-04-25 02:21:00,108.6,108.6,108.3,108.3,5800
VTP,2025-04-25 02:22:00,108.3,108.3,108.3,108.3,600
VTP,2025-04-25 02:23:00,108.3,108.4,108.2,108.2,3800
VTP,2025-04-25 02:24:00,108.2,108.4,108.2,108.3,1000
VTP,2025-04-25 02:25:00,108.3,108.4,108.0,108.3,11100
VTP,2025-04-25 02:26:00,108.3,108.3,108.0,108.0,1500
VTP,2025-04-25 02:27:00,108.0,108.2,108.0,108.2,700
VTP,2025-04-25 02:28:00,108.2,108.3,108.0,108.3,18600
VTP,2025-04-25 02:29:00,108.3,108.4,108.3,108.3,2500
VTP,2025-04-25 02:30:00,108.3,108.3,108.3,108.3,1500
VTP,2025-04-25 02:31:00,108.3,108.3,108.3,108.3,500
VTP,2025-04-25 02:32:00,108.3,108.3,108.2,108.2,800
VTP,2025-04-25 02:33:00,108.2,108.2,108.1,108.1,400
VTP,2025-04-25 02:34:00,108.1,108.1,108.1,108.1,100
VTP,2025-04-25 02:35:00,108.1,108.1,108.1,108.1,200
VTP,2025-04-25 02:36:00,108.1,108.1,107.9,107.9,7900
VTP,2025-04-25 02:37:00,107.9,108.0,107.8,107.8,1400
VTP,2025-04-25 02:38:00,107.8,107.8,107.6,107.7,1900
VTP,2025-04-25 02:39:00,107.7,107.7,107.6,107.7,2500
VTP,2025-04-25 02:40:00,107.7,107.7,107.4,107.5,9800
VTP,2025-04-25 02:41:00,107.5,107.6,107.5,107.5,2300
VTP,2025-04-25 02:42:00,107.5,107.7,107.5,107.5,800
VTP,2025-04-25 02:43:00,107.5,107.7,107.5,107.7,2500
VTP,2025-04-25 02:44:00,107.7,107.7,107.6,107.6,2200
VTP,2025-04-25 02:45:00,107.6,107.8,107.5,107.7,14600
VTP,2025-04-25 02:46:00,107.7,108.0,107.7,108.0,5100
VTP,2025-04-25 02:47:00,108.0,108.0,107.9,107.9,3300
VTP,2025-04-25 02:48:00,107.9,107.9,107.9,107.9,1000
VTP,2025-04-25 02:49:00,107.9,107.9,107.9,107.9,1000
VTP,2025-04-25 02:50:00,107.9,108.0,107.9,108.0,1000
VTP,2025-04-25 02:51:00,108.0,108.0,107.9,108.0,2700
VTP,2025-04-25 02:52:00,108.0,108.0,107.9,107.9,600
VTP,2025-04-25 02:53:00,107.9,108.0,107.9,107.9,1300
VTP,2025-04-25 02:54:00,107.9,107.9,107.9,107.9,500
VTP,2025-04-25 02:55:00,107.9,108.0,107.9,107.9,4800
VTP,2025-04-25 02:56:00,107.9,108.0,107.9,108.0,100
VTP,2025-04-25 02:57:00,108.0,108.0,107.9,107.9,300
VTP,2025-04-25 02:58:00,107.9,107.9,107.8,107.8,1800
VTP,2025-04-25 02:59:00,107.8,107.8,107.7,107.7,400
VTP,2025-04-25 03:00:00,107.7,107.7,107.7,107.7,2400
VTP,2025-04-25 03:01:00,107.7,107.7,107.6,107.7,900
VTP,2025-04-25 03:02:00,107.7,107.8,107.7,107.8,1300
VTP,2025-04-25 03:03:00,107.8,107.8,107.8,107.8,200
VTP,2025-04-25 03:04:00,107.8,107.8,107.6,107.6,1600
VTP,2025-04-25 03:05:00,107.6,107.6,107.6,107.6,1200
VTP,2025-04-25 03:06:00,107.6,107.6,107.6,107.6,700
VTP,2025-04-25 03:07:00,107.6,107.7,107.5,107.5,700
VTP,2025-04-25 03:08:00,107.5,107.6,107.5,107.5,2700
VTP,2025-04-25 03:09:00,107.5,107.5,107.4,107.5,4200
VTP,2025-04-25 03:10:00,107.5,107.5,107.3,107.3,500
VTP,2025-04-25 03:11:00,107.3,107.3,107.3,107.3,300
VTP,2025-04-25 03:12:00,107.3,107.3,107.2,107.3,1900
VTP,2025-04-25 03:14:00,107.3,107.3,107.2,107.2,600
VTP,2025-04-25 03:15:00,107.2,107.2,106.5,106.5,31900
VTP,2025-04-25 03:16:00,106.5,106.5,106.5,106.5,2100
VTP,2025-04-25 03:17:00,106.5,107.0,106.5,107.0,2600
VTP,2025-04-25 03:18:00,107.0,107.0,107.0,107.0,600
VTP,2025-04-25 03:19:00,107.0,107.2,107.0,107.2,2700
VTP,2025-04-25 03:20:00,107.2,107.2,107.2,107.2,700
VTP,2025-04-25 03:21:00,107.2,107.3,107.2,107.3,2200
VTP,2025-04-25 03:22:00,107.3,107.3,107.3,107.3,400
VTP,2025-04-25 03:23:00,107.3,107.3,107.3,107.3,1100
VTP,2025-04-25 03:24:00,107.3,107.3,107.2,107.2,200
VTP,2025-04-25 03:25:00,107.2,107.3,107.2,107.3,2400
VTP,2025-04-25 03:26:00,107.3,107.5,107.3,107.5,1100
VTP,2025-04-25 03:27:00,107.5,107.7,107.5,107.7,2900
VTP,2025-04-25 03:28:00,107.7,107.7,107.7,107.7,200
VTP,2025-04-25 03:29:00,107.7,108.0,107.6,108.0,12500
VTP,2025-04-25 03:30:00,108.0,108.0,108.0,108.0,2800
VTP,2025-04-25 03:31:00,108.0,108.1,108.0,108.1,17100
VTP,2025-04-25 03:32:00,108.1,108.2,108.1,108.2,1100
VTP,2025-04-25 03:33:00,108.2,108.2,108.1,108.1,1800
VTP,2025-04-25 03:34:00,108.1,108.2,108.1,108.2,2400
VTP,2025-04-25 03:35:00,108.2,108.3,108.2,108.3,1000
VTP,2025-04-25 03:36:00,108.3,108.5,108.3,108.5,3000
VTP,2025-04-25 03:37:00,108.5,108.9,108.5,108.9,8300
VTP,2025-04-25 03:38:00,108.9,109.8,108.9,109.8,22800
VTP,2025-04-25 03:39:00,109.8,110.1,109.5,110.1,45100
VTP,2025-04-25 03:40:00,110.1,110.9,110.1,110.1,12100
VTP,2025-04-25 03:41:00,110.1,111.0,110.1,110.5,23000
VTP,2025-04-25 03:42:00,110.5,110.5,110.0,110.5,8800
VTP,2025-04-25 03:43:00,110.5,110.5,110.2,110.2,1000
VTP,2025-04-25 03:44:00,110.2,110.4,110.1,110.1,1400
VTP,2025-04-25 03:45:00,110.1,110.2,110.0,110.0,29300
VTP,2025-04-25 03:46:00,110.0,110.0,109.2,109.2,5100
VTP,2025-04-25 03:47:00,109.2,109.2,109.2,109.2,8500
VTP,2025-04-25 03:48:00,109.2,109.2,109.2,109.2,6200
VTP,2025-04-25 03:49:00,109.2,109.2,109.2,109.2,2100
VTP,2025-04-25 03:50:00,109.2,109.5,109.2,109.5,100
VTP,2025-04-25 03:51:00,109.5,109.5,109.4,109.4,400
VTP,2025-04-25 03:52:00,109.4,109.4,109.3,109.4,500
VTP,2025-04-25 03:53:00,109.4,109.4,109.3,109.4,4800
VTP,2025-04-25 03:54:00,109.4,109.4,109.4,109.4,1100
VTP,2025-04-25 03:55:00,109.4,109.4,109.3,109.3,1300
VTP,2025-04-25 03:56:00,109.3,109.3,109.1,109.1,5600
VTP,2025-04-25 03:57:00,109.1,109.3,109.1,109.3,1000
VTP,2025-04-25 03:58:00,109.3,109.3,109.3,109.3,100
VTP,2025-04-25 03:59:00,109.3,109.3,109.3,109.3,300
VTP,2025-04-25 04:00:00,109.3,109.3,109.1,109.2,2300
VTP,2025-04-25 04:01:00,109.2,109.2,109.2,109.2,1600
VTP,2025-04-25 04:02:00,109.2,109.2,109.2,109.2,1300
VTP,2025-04-25 04:03:00,109.2,109.2,109.1,109.1,3000
VTP,2025-04-25 04:04:00,109.1,109.1,109.1,109.1,3000
VTP,2025-04-25 04:05:00,109.1,109.1,109.0,109.0,2800
VTP,2025-04-25 04:06:00,109.0,109.0,109.0,109.0,3100
VTP,2025-04-25 04:07:00,109.0,109.0,108.8,109.0,2500
VTP,2025-04-25 04:09:00,109.0,109.1,109.0,109.1,5500
VTP,2025-04-25 04:10:00,109.1,109.1,109.1,109.1,100
VTP,2025-04-25 04:11:00,109.1,109.1,109.0,109.1,1700
VTP,2025-04-25 04:12:00,109.1,109.1,109.1,109.1,1500
VTP,2025-04-25 04:13:00,109.1,109.1,109.1,109.1,300
VTP,2025-04-25 04:14:00,109.1,109.1,109.0,109.0,1900
VTP,2025-04-25 04:15:00,109.0,109.0,108.8,108.8,100
VTP,2025-04-25 04:16:00,108.8,109.1,108.8,109.1,5100
VTP,2025-04-25 04:17:00,109.1,109.2,109.1,109.2,400
VTP,2025-04-25 04:18:00,109.2,109.3,109.2,109.3,1100
VTP,2025-04-25 04:19:00,109.3,109.4,109.3,109.3,2700
VTP,2025-04-25 04:20:00,109.3,109.3,109.2,109.2,1700
VTP,2025-04-25 04:22:00,109.2,109.3,109.2,109.3,100
VTP,2025-04-25 04:23:00,109.3,109.3,109.2,109.3,100
VTP,2025-04-25 04:24:00,109.3,109.3,109.2,109.2,2100
VTP,2025-04-25 04:25:00,109.2,109.2,109.1,109.1,1100
VTP,2025-04-25 04:26:00,109.1,109.1,109.1,109.1,100
VTP,2025-04-25 04:27:00,109.1,109.2,109.1,109.2,200
VTP,2025-04-25 04:28:00,109.2,109.2,109.1,109.2,500
VTP,2025-04-25 04:29:00,109.2,109.2,109.0,109.0,1700
VTP,2025-04-25 04:30:00,109.0,109.0,109.0,109.0,1000
VTP,2025-04-25 06:00:00,109.0,109.0,108.5,108.5,5600
VTP,2025-04-25 06:01:00,108.5,108.6,108.5,108.6,500
VTP,2025-04-25 06:02:00,108.6,108.6,108.5,108.6,6400
VTP,2025-04-25 06:03:00,108.6,108.6,108.6,108.6,400
VTP,2025-04-25 06:04:00,108.6,109.0,108.6,109.0,5900
VTP,2025-04-25 06:05:00,109.0,109.2,109.0,109.2,3500
VTP,2025-04-25 06:06:00,109.2,109.2,108.9,108.9,2900
VTP,2025-04-25 06:07:00,108.9,109.1,108.9,109.1,4300
VTP,2025-04-25 06:08:00,109.1,109.5,109.1,109.3,34000
VTP,2025-04-25 06:09:00,109.3,109.8,109.3,109.8,4400
VTP,2025-04-25 06:10:00,109.8,110.0,109.8,110.0,5800
VTP,2025-04-25 06:11:00,110.0,110.0,109.9,109.9,3800
VTP,2025-04-25 06:12:00,109.9,109.9,109.9,109.9,700
VTP,2025-04-25 06:13:00,109.9,110.0,109.7,109.8,7000
VTP,2025-04-25 06:14:00,109.8,109.8,109.7,109.7,1700
VTP,2025-04-25 06:15:00,109.7,109.8,109.7,109.8,2300
VTP,2025-04-25 06:16:00,109.8,109.8,109.8,109.8,100
VTP,2025-04-25 06:17:00,109.8,109.9,109.8,109.8,4300
VTP,2025-04-25 06:18:00,109.8,109.8,109.8,109.8,1300
VTP,2025-04-25 06:19:00,109.8,109.8,109.8,109.8,1600
VTP,2025-04-25 06:20:00,109.8,109.8,109.8,109.8,500
VTP,2025-04-25 06:21:00,109.8,109.8,109.7,109.7,400
VTP,2025-04-25 06:22:00,109.7,109.7,109.5,109.5,6100
VTP,2025-04-25 06:23:00,109.5,109.5,109.5,109.5,200
VTP,2025-04-25 06:24:00,109.5,109.5,109.5,109.5,1100
VTP,2025-04-25 06:25:00,109.5,109.7,109.5,109.7,7100
VTP,2025-04-25 06:26:00,109.7,109.9,109.7,109.8,5400
VTP,2025-04-25 06:27:00,109.8,110.0,109.7,110.0,8700
VTP,2025-04-25 06:28:00,110.0,110.0,109.9,109.9,1700
VTP,2025-04-25 06:29:00,109.9,109.9,109.8,109.8,2300
VTP,2025-04-25 06:30:00,109.8,109.9,109.8,109.8,600
VTP,2025-04-25 06:31:00,109.8,109.8,109.7,109.7,600
VTP,2025-04-25 06:32:00,109.7,109.8,109.5,109.5,9900
VTP,2025-04-25 06:33:00,109.5,109.6,109.5,109.5,100
VTP,2025-04-25 06:34:00,109.5,109.5,109.5,109.5,1100
VTP,2025-04-25 06:35:00,109.5,109.5,109.2,109.2,100
VTP,2025-04-25 06:36:00,109.2,109.2,109.0,109.0,3500
VTP,2025-04-25 06:37:00,109.0,109.1,109.0,109.1,1100
VTP,2025-04-25 06:38:00,109.1,109.1,109.0,109.1,8600
VTP,2025-04-25 06:39:00,109.1,109.3,109.0,109.0,1800
VTP,2025-04-25 06:40:00,109.0,109.1,109.0,109.0,12300
VTP,2025-04-25 06:41:00,109.0,109.1,109.0,109.1,400
VTP,2025-04-25 06:42:00,109.1,109.1,109.1,109.1,600
VTP,2025-04-25 06:43:00,109.1,109.3,109.1,109.3,200
VTP,2025-04-25 06:44:00,109.3,109.5,109.0,109.3,3100
VTP,2025-04-25 06:46:00,109.3,109.5,109.3,109.4,1200
VTP,2025-04-25 06:47:00,109.4,109.4,109.0,109.0,3500
VTP,2025-04-25 06:48:00,109.0,109.0,109.0,109.0,2000
VTP,2025-04-25 06:49:00,109.0,109.3,109.0,109.3,100
VTP,2025-04-25 06:50:00,109.3,109.3,109.3,109.3,1000
VTP,2025-04-25 06:51:00,109.3,109.3,109.0,109.3,2300
VTP,2025-04-25 06:52:00,109.3,109.3,109.2,109.2,100
VTP,2025-04-25 06:53:00,109.2,109.2,109.0,109.1,7700
VTP,2025-04-25 06:54:00,109.1,109.3,109.1,109.3,1600
VTP,2025-04-25 06:55:00,109.3,109.3,109.3,109.3,300
VTP,2025-04-25 06:57:00,109.3,109.3,108.9,108.9,4400
VTP,2025-04-25 06:58:00,108.9,109.0,108.8,108.8,700
VTP,2025-04-25 06:59:00,108.8,108.8,108.6,108.6,2100
VTP,2025-04-25 07:00:00,108.6,108.6,108.2,108.2,7300
VTP,2025-04-25 07:01:00,108.2,108.2,108.0,108.0,21600
VTP,2025-04-25 07:02:00,108.0,108.7,108.0,108.7,1900
VTP,2025-04-25 07:04:00,108.7,108.7,108.2,108.2,100
VTP,2025-04-25 07:05:00,108.2,108.7,108.2,108.7,8000
VTP,2025-04-25 07:06:00,108.7,108.7,108.0,108.0,16400
VTP,2025-04-25 07:07:00,108.0,108.0,108.0,108.0,200
VTP,2025-04-25 07:09:00,108.0,108.6,108.0,108.6,200
VTP,2025-04-25 07:10:00,108.6,108.6,108.5,108.5,1000
VTP,2025-04-25 07:11:00,108.5,109.0,108.5,109.0,4500
VTP,2025-04-25 07:12:00,109.0,109.0,109.0,109.0,5900
VTP,2025-04-25 07:13:00,109.0,109.0,109.0,109.0,1700
VTP,2025-04-25 07:14:00,109.0,109.4,109.0,109.4,9600
VTP,2025-04-25 07:15:00,109.4,109.4,109.4,109.4,200
VTP,2025-04-25 07:16:00,109.4,109.7,109.4,109.7,22700
VTP,2025-04-25 07:17:00,109.7,110.0,109.7,110.0,38500
VTP,2025-04-25 07:18:00,110.0,110.2,110.0,110.2,4700
VTP,2025-04-25 07:19:00,110.2,110.2,110.1,110.1,2400
VTP,2025-04-25 07:20:00,110.1,110.1,110.0,110.1,8600
VTP,2025-04-25 07:21:00,110.1,110.1,110.0,110.0,4300
VTP,2025-04-25 07:22:00,110.0,110.0,109.7,109.7,900
VTP,2025-04-25 07:23:00,109.7,109.7,109.7,109.7,900
VTP,2025-04-25 07:24:00,109.7,109.7,109.7,109.7,2300
VTP,2025-04-25 07:25:00,109.7,109.8,109.6,109.7,6300
VTP,2025-04-25 07:27:00,109.7,109.7,109.6,109.6,4100
VTP,2025-04-25 07:28:00,109.6,109.6,109.5,109.5,6000
VTP,2025-04-25 07:29:00,109.5,109.5,109.4,109.4,4100
VTP,2025-04-25 07:30:00,109.4,109.4,109.1,109.1,100
VTP,2025-04-25 07:45:00,109.1,109.1,109.1,109.1,26900
VTP,2025-04-28 02:15:00,111.4,111.4,111.0,111.3,14500
VTP,2025-04-28 02:16:00,111.3,111.3,110.9,111.0,900
VTP,2025-04-28 02:17:00,111.0,111.0,110.6,111.0,2700
VTP,2025-04-28 02:18:00,111.0,111.0,110.4,110.4,500
VTP,2025-04-28 02:19:00,110.4,110.6,110.4,110.5,1100
VTP,2025-04-28 02:20:00,110.5,110.5,110.5,110.5,2500
VTP,2025-04-28 02:21:00,110.5,111.8,110.5,111.8,35000
VTP,2025-04-28 02:22:00,111.8,112.3,111.8,112.3,20700
VTP,2025-04-28 02:23:00,112.3,112.5,112.3,112.5,10000
VTP,2025-04-28 02:24:00,112.5,112.5,112.0,112.0,7800
VTP,2025-04-28 02:25:00,112.0,112.3,111.5,111.9,1900
VTP,2025-04-28 02:26:00,111.9,112.0,111.9,112.0,7700
VTP,2025-04-28 02:27:00,112.0,112.0,112.0,112.0,2300
VTP,2025-04-28 02:28:00,112.0,112.0,111.9,112.0,9400
VTP,2025-04-28 02:29:00,112.0,112.3,112.0,112.3,4000
VTP,2025-04-28 02:30:00,112.3,112.5,112.2,112.5,23400
VTP,2025-04-28 02:31:00,112.5,112.6,112.3,112.6,13900
VTP,2025-04-28 02:32:00,112.6,113.0,112.6,113.0,18200
VTP,2025-04-28 02:33:00,113.0,113.1,112.9,113.1,43800
VTP,2025-04-28 02:34:00,113.1,113.4,113.1,113.4,9000
VTP,2025-04-28 02:35:00,113.4,113.8,113.4,113.8,16700
VTP,2025-04-28 02:36:00,113.8,115.0,113.8,115.0,34900
VTP,2025-04-28 02:37:00,115.0,115.5,115.0,115.4,75800
VTP,2025-04-28 02:38:00,115.4,115.4,114.7,115.0,12800
VTP,2025-04-28 02:39:00,115.0,115.0,114.5,114.5,8100
VTP,2025-04-28 02:40:00,114.5,114.5,113.8,114.0,6600
VTP,2025-04-28 02:41:00,114.0,114.0,113.9,113.9,9000
VTP,2025-04-28 02:42:00,113.9,114.0,113.9,113.9,13200
VTP,2025-04-28 02:43:00,113.9,113.9,113.8,113.9,7200
VTP,2025-04-28 02:44:00,113.9,113.9,113.6,113.7,3000
VTP,2025-04-28 02:45:00,113.7,113.7,113.7,113.7,2000
VTP,2025-04-28 02:46:00,113.7,114.0,113.7,114.0,10300
VTP,2025-04-28 02:47:00,114.0,114.3,113.9,114.2,28000
VTP,2025-04-28 02:48:00,114.2,114.8,114.2,114.6,4100
VTP,2025-04-28 02:49:00,114.6,114.6,114.3,114.3,700
VTP,2025-04-28 02:50:00,114.3,114.5,114.3,114.3,3200
VTP,2025-04-28 02:51:00,114.3,114.3,114.0,114.0,3900
VTP,2025-04-28 02:52:00,114.0,114.1,114.0,114.1,8900
VTP,2025-04-28 02:53:00,114.1,114.1,114.1,114.1,1400
VTP,2025-04-28 02:54:00,114.1,114.1,114.1,114.1,2400
VTP,2025-04-28 02:55:00,114.1,114.1,114.1,114.1,600
VTP,2025-04-28 02:56:00,114.1,114.2,114.1,114.2,700
VTP,2025-04-28 02:57:00,114.2,114.2,114.2,114.2,6400
VTP,2025-04-28 02:58:00,114.2,114.2,114.2,114.2,1200
VTP,2025-04-28 02:59:00,114.2,114.2,114.2,114.2,200
VTP,2025-04-28 03:00:00,114.2,114.3,114.2,114.3,1400
VTP,2025-04-28 03:01:00,114.3,114.4,114.3,114.3,3500
VTP,2025-04-28 03:02:00,114.3,114.3,114.3,114.3,4000
VTP,2025-04-28 03:03:00,114.3,114.3,113.9,113.9,13200
VTP,2025-04-28 03:04:00,113.9,114.0,113.9,113.9,600
VTP,2025-04-28 03:05:00,113.9,113.9,113.7,113.7,5500
VTP,2025-04-28 03:06:00,113.7,113.7,113.7,113.7,100
VTP,2025-04-28 03:07:00,113.7,113.7,113.7,113.7,500
VTP,2025-04-28 03:08:00,113.7,114.0,113.7,114.0,11100
VTP,2025-04-28 03:09:00,114.0,114.0,113.8,113.8,400
VTP,2025-04-28 03:10:00,113.8,113.8,113.6,113.6,8200
VTP,2025-04-28 03:11:00,113.6,113.6,113.6,113.6,1100
VTP,2025-04-28 03:12:00,113.6,113.6,113.5,113.6,8000
VTP,2025-04-28 03:13:00,113.6,113.6,113.6,113.6,200
VTP,2025-04-28 03:14:00,113.6,113.6,113.6,113.6,300
VTP,2025-04-28 03:15:00,113.6,113.7,113.6,113.7,500
VTP,2025-04-28 03:16:00,113.7,113.7,113.6,113.6,2200
VTP,2025-04-28 03:17:00,113.6,113.6,113.5,113.5,6000
VTP,2025-04-28 03:18:00,113.5,113.5,113.3,113.3,1900
VTP,2025-04-28 03:19:00,113.3,113.3,113.3,113.3,1700
VTP,2025-04-28 03:20:00,113.3,113.3,113.2,113.3,800
VTP,2025-04-28 03:21:00,113.3,113.3,113.3,113.3,1000
VTP,2025-04-28 03:22:00,113.3,113.3,113.2,113.2,1800
VTP,2025-04-28 03:23:00,113.2,113.3,113.2,113.3,200
VTP,2025-04-28 03:24:00,113.3,113.3,113.2,113.2,4600
VTP,2025-04-28 03:25:00,113.2,113.3,113.2,113.2,100
VTP,2025-04-28 03:26:00,113.2,113.2,112.9,112.9,14200
VTP,2025-04-28 03:27:00,112.9,112.9,112.8,112.8,3200
VTP,2025-04-28 03:28:00,112.8,113.2,112.8,113.0,21400
VTP,2025-04-28 03:29:00,113.0,113.2,113.0,113.2,300
VTP,2025-04-28 03:30:00,113.2,114.0,113.2,114.0,26000
VTP,2025-04-28 03:32:00,114.0,114.0,114.0,114.0,100
VTP,2025-04-28 03:33:00,114.0,114.0,114.0,114.0,100
VTP,2025-04-28 03:34:00,114.0,114.0,114.0,114.0,1800
VTP,2025-04-28 03:35:00,114.0,114.0,114.0,114.0,100
VTP,2025-04-28 03:36:00,114.0,114.0,113.6,113.6,200
VTP,2025-04-28 03:37:00,113.6,113.7,113.6,113.7,100
VTP,2025-04-28 03:39:00,113.7,113.7,113.7,113.7,200
VTP,2025-04-28 03:40:00,113.7,113.7,113.6,113.6,2000
VTP,2025-04-28 03:41:00,113.6,113.7,113.6,113.7,1500
VTP,2025-04-28 03:42:00,113.7,113.9,113.7,113.9,5000
VTP,2025-04-28 03:43:00,113.9,114.0,113.9,114.0,2100
VTP,2025-04-28 03:44:00,114.0,114.0,113.7,113.7,10100
VTP,2025-04-28 03:45:00,113.7,113.7,113.7,113.7,9200
VTP,2025-04-28 03:46:00,113.7,113.7,113.7,113.7,200
VTP,2025-04-28 03:47:00,113.7,113.7,113.5,113.7,10600
VTP,2025-04-28 03:49:00,113.7,113.7,113.7,113.7,300
VTP,2025-04-28 03:50:00,113.7,113.8,113.7,113.7,200
VTP,2025-04-28 03:51:00,113.7,113.7,113.6,113.6,1400
VTP,2025-04-28 03:52:00,113.6,113.6,113.6,113.6,700
VTP,2025-04-28 03:54:00,113.6,113.6,113.6,113.6,100
VTP,2025-04-28 03:55:00,113.6,113.6,113.6,113.6,400
VTP,2025-04-28 03:56:00,113.6,113.6,113.5,113.5,100
VTP,2025-04-28 03:57:00,113.5,113.5,113.4,113.4,2400
VTP,2025-04-28 03:58:00,113.4,113.4,113.4,113.4,1600
VTP,2025-04-28 03:59:00,113.4,113.4,113.1,113.2,5200
VTP,2025-04-28 04:00:00,113.2,113.4,113.2,113.3,1000
VTP,2025-04-28 04:01:00,113.3,113.3,113.3,113.3,1900
VTP,2025-04-28 04:02:00,113.3,113.3,113.2,113.2,300
VTP,2025-04-28 04:03:00,113.2,113.2,113.0,113.0,11600
VTP,2025-04-28 04:04:00,113.0,113.2,113.0,113.2,200
VTP,2025-04-28 04:05:00,113.2,113.3,113.2,113.3,2600
VTP,2025-04-28 04:06:00,113.3,113.3,113.1,113.1,2300
VTP,2025-04-28 04:08:00,113.1,113.2,113.1,113.2,100
VTP,2025-04-28 04:10:00,113.2,113.3,113.2,113.3,100
VTP,2025-04-28 04:11:00,113.3,113.3,113.2,113.2,200
VTP,2025-04-28 04:12:00,113.2,113.4,113.2,113.3,400
VTP,2025-04-28 04:13:00,113.3,113.3,113.2,113.2,800
VTP,2025-04-28 04:14:00,113.2,113.3,113.2,113.3,900
VTP,2025-04-28 04:15:00,113.3,113.3,113.3,113.3,1100
VTP,2025-04-28 04:16:00,113.3,113.3,113.3,113.3,300
VTP,2025-04-28 04:17:00,113.3,113.5,113.3,113.5,15900
VTP,2025-04-28 04:18:00,113.5,113.7,113.5,113.7,4200
VTP,2025-04-28 04:19:00,113.7,113.7,113.7,113.7,600
VTP,2025-04-28 04:20:00,113.7,113.8,113.6,113.8,2100
VTP,2025-04-28 04:21:00,113.8,113.8,113.8,113.8,800
VTP,2025-04-28 04:22:00,113.8,113.8,113.8,113.8,1400
VTP,2025-04-28 04:23:00,113.8,113.8,113.8,113.8,400
VTP,2025-04-28 04:26:00,113.8,113.8,113.8,113.8,1500
VTP,2025-04-28 04:27:00,113.8,113.8,113.8,113.8,800
VTP,2025-04-28 04:28:00,113.8,113.8,113.8,113.8,100
VTP,2025-04-28 04:29:00,113.8,113.9,113.7,113.7,1200
VTP,2025-04-28 06:00:00,113.7,113.7,113.1,113.1,31200
VTP,2025-04-28 06:01:00,113.1,113.1,112.9,112.9,10800
VTP,2025-04-28 06:02:00,112.9,112.9,112.7,112.7,8900
VTP,2025-04-28 06:03:00,112.7,112.7,112.5,112.6,14600
VTP,2025-04-28 06:04:00,112.6,112.7,112.6,112.7,1200
VTP,2025-04-28 06:05:00,112.7,112.8,112.6,112.8,8900
VTP,2025-04-28 06:06:00,112.8,112.8,112.7,112.7,3900
VTP,2025-04-28 06:07:00,112.7,113.0,112.7,113.0,900
VTP,2025-04-28 06:08:00,113.0,113.5,113.0,113.5,10600
VTP,2025-04-28 06:09:00,113.5,113.5,113.4,113.5,2000
VTP,2025-04-28 06:10:00,113.5,113.8,113.5,113.7,6300
VTP,2025-04-28 06:11:00,113.7,113.8,113.6,113.7,3600
VTP,2025-04-28 06:12:00,113.7,113.8,113.5,113.5,2900
VTP,2025-04-28 06:13:00,113.5,113.5,113.4,113.5,1800
VTP,2025-04-28 06:14:00,113.5,113.5,113.3,113.4,3900
VTP,2025-04-28 06:15:00,113.4,113.4,113.3,113.3,900
VTP,2025-04-28 06:16:00,113.3,113.4,113.2,113.3,3400
VTP,2025-04-28 06:17:00,113.3,113.3,113.3,113.3,100
VTP,2025-04-28 06:18:00,113.3,113.5,113.3,113.5,600
VTP,2025-04-28 06:19:00,113.5,113.6,113.4,113.5,3800
VTP,2025-04-28 06:20:00,113.5,113.8,113.5,113.8,14000
VTP,2025-04-28 06:21:00,113.8,113.8,113.5,113.5,600
VTP,2025-04-28 06:22:00,113.5,113.6,113.3,113.5,5300
VTP,2025-04-28 06:23:00,113.5,113.5,113.4,113.5,4500
VTP,2025-04-28 06:24:00,113.5,113.5,113.5,113.5,2500
VTP,2025-04-28 06:25:00,113.5,113.5,113.2,113.2,3800
VTP,2025-04-28 06:26:00,113.2,113.5,113.1,113.5,4900
VTP,2025-04-28 06:27:00,113.5,113.5,113.3,113.3,500
VTP,2025-04-28 06:28:00,113.3,113.3,113.2,113.2,1800
VTP,2025-04-28 06:29:00,113.2,113.3,113.2,113.3,1100
VTP,2025-04-28 06:30:00,113.3,113.3,113.3,113.3,800
VTP,2025-04-28 06:31:00,113.3,113.3,113.3,113.3,300
VTP,2025-04-28 06:32:00,113.3,113.4,113.3,113.3,1400
VTP,2025-04-28 06:33:00,113.3,113.6,113.3,113.6,2000
VTP,2025-04-28 06:34:00,113.6,113.6,113.3,113.3,200
VTP,2025-04-28 06:35:00,113.3,113.3,113.3,113.3,600
VTP,2025-04-28 06:36:00,113.3,113.4,113.3,113.4,500
VTP,2025-04-28 06:37:00,113.4,113.5,113.4,113.5,300
VTP,2025-04-28 06:38:00,113.5,113.5,113.5,113.5,700
VTP,2025-04-28 06:39:00,113.5,113.5,113.5,113.5,900
VTP,2025-04-28 06:40:00,113.5,113.6,113.5,113.6,2500
VTP,2025-04-28 06:41:00,113.6,113.7,113.6,113.7,6200
VTP,2025-04-28 06:42:00,113.7,113.7,113.6,113.7,3400
VTP,2025-04-28 06:43:00,113.7,113.8,113.4,113.4,10400
VTP,2025-04-28 06:44:00,113.4,113.5,113.4,113.5,300
VTP,2025-04-28 06:45:00,113.5,113.5,113.5,113.5,5200
VTP,2025-04-28 06:47:00,113.5,113.5,113.5,113.5,500
VTP,2025-04-28 06:48:00,113.5,113.5,113.5,113.5,4400
VTP,2025-04-28 06:49:00,113.5,113.5,113.5,113.5,700
VTP,2025-04-28 06:50:00,113.5,113.5,113.5,113.5,200
VTP,2025-04-28 06:51:00,113.5,113.5,113.5,113.5,2400
VTP,2025-04-28 06:52:00,113.5,113.5,113.4,113.4,1200
VTP,2025-04-28 06:53:00,113.4,113.7,113.4,113.7,1500
VTP,2025-04-28 06:54:00,113.7,113.7,113.7,113.7,200
VTP,2025-04-28 06:56:00,113.7,113.7,113.6,113.6,4000
VTP,2025-04-28 06:57:00,113.6,113.7,113.6,113.6,1000
VTP,2025-04-28 06:58:00,113.6,113.8,113.6,113.8,5400
VTP,2025-04-28 06:59:00,113.8,113.8,113.7,113.7,500
VTP,2025-04-28 07:00:00,113.7,113.8,113.7,113.7,2200
VTP,2025-04-28 07:01:00,113.7,113.7,113.6,113.6,1800
VTP,2025-04-28 07:02:00,113.6,113.6,113.6,113.6,1400
VTP,2025-04-28 07:03:00,113.6,113.6,113.4,113.4,2700
VTP,2025-04-28 07:04:00,113.4,113.4,113.3,113.3,6700
VTP,2025-04-28 07:05:00,113.3,113.3,113.3,113.3,800
VTP,2025-04-28 07:06:00,113.3,113.3,113.2,113.3,5900
VTP,2025-04-28 07:07:00,113.3,113.3,113.3,113.3,2500
VTP,2025-04-28 07:08:00,113.3,113.3,113.2,113.2,900
VTP,2025-04-28 07:09:00,113.2,113.3,113.1,113.1,2800
VTP,2025-04-28 07:10:00,113.1,113.1,112.9,112.9,8600
VTP,2025-04-28 07:11:00,112.9,112.9,112.6,112.6,11000
VTP,2025-04-28 07:12:00,112.6,112.6,111.9,112.0,19500
VTP,2025-04-28 07:13:00,112.0,112.2,111.9,112.2,3900
VTP,2025-04-28 07:14:00,112.2,112.6,112.0,112.6,7700
VTP,2025-04-28 07:15:00,112.6,113.2,112.6,113.2,11600
VTP,2025-04-28 07:16:00,113.2,113.2,113.1,113.1,2000
VTP,2025-04-28 07:17:00,113.1,113.2,113.0,113.0,1500
VTP,2025-04-28 07:18:00,113.0,113.0,113.0,113.0,1100
VTP,2025-04-28 07:19:00,113.0,113.0,113.0,113.0,1200
VTP,2025-04-28 07:20:00,113.0,113.0,113.0,113.0,400
VTP,2025-04-28 07:21:00,113.0,113.0,113.0,113.0,2000
VTP,2025-04-28 07:22:00,113.0,113.0,113.0,113.0,2500
VTP,2025-04-28 07:23:00,113.0,113.0,112.9,113.0,1700
VTP,2025-04-28 07:24:00,113.0,113.0,112.9,113.0,1000
VTP,2025-04-28 07:25:00,113.0,113.0,112.9,113.0,1700
VTP,2025-04-28 07:26:00,113.0,113.0,112.9,112.9,4200
VTP,2025-04-28 07:27:00,112.9,112.9,112.7,112.8,15200
VTP,2025-04-28 07:28:00,112.8,112.8,112.6,112.6,1400
VTP,2025-04-28 07:29:00,112.6,112.6,112.1,112.1,2200
VTP,2025-04-28 07:45:00,112.1,112.1,112.1,112.1,45200
VTP,2025-04-29 02:15:00,112.3,112.3,112.3,112.3,5800
VTP,2025-04-29 02:16:00,112.3,112.3,112.3,112.3,3900
VTP,2025-04-29 02:17:00,112.3,113.0,112.3,112.9,3200
VTP,2025-04-29 02:18:00,112.9,112.9,112.5,112.5,6400
VTP,2025-04-29 02:19:00,112.5,112.9,112.5,112.7,2100
VTP,2025-04-29 02:20:00,112.7,112.8,112.5,112.8,800
VTP,2025-04-29 02:21:00,112.8,112.9,112.8,112.9,400
VTP,2025-04-29 02:22:00,112.9,113.0,112.9,112.9,1400
VTP,2025-04-29 02:23:00,112.9,112.9,112.6,112.9,1900
VTP,2025-04-29 02:24:00,112.9,112.9,112.5,112.5,10000
VTP,2025-04-29 02:26:00,112.5,112.5,112.2,112.2,10100
VTP,2025-04-29 02:27:00,112.2,112.2,112.0,112.0,6300
VTP,2025-04-29 02:28:00,112.0,112.0,111.6,111.6,200
VTP,2025-04-29 02:29:00,111.6,111.6,111.4,111.4,1600
VTP,2025-04-29 02:30:00,111.4,111.4,111.0,111.0,1800
VTP,2025-04-29 02:31:00,111.0,111.0,110.8,110.8,2900
VTP,2025-04-29 02:32:00,110.8,110.8,110.6,110.8,13000
VTP,2025-04-29 02:33:00,110.8,111.0,110.8,111.0,2800
VTP,2025-04-29 02:34:00,111.0,111.0,110.7,110.8,5400
VTP,2025-04-29 02:35:00,110.8,110.9,110.7,110.7,3400
VTP,2025-04-29 02:36:00,110.7,111.4,110.7,111.0,3100
VTP,2025-04-29 02:37:00,111.0,112.0,111.0,111.1,2300
VTP,2025-04-29 02:38:00,111.1,111.2,111.1,111.2,600
VTP,2025-04-29 02:39:00,111.2,112.0,111.2,112.0,400
VTP,2025-04-29 02:40:00,112.0,112.0,112.0,112.0,2000
VTP,2025-04-29 02:41:00,112.0,112.0,112.0,112.0,100
VTP,2025-04-29 02:42:00,112.0,112.0,111.4,111.4,6000
VTP,2025-04-29 02:43:00,111.4,111.4,111.3,111.3,3200
VTP,2025-04-29 02:44:00,111.3,111.3,111.3,111.3,500
VTP,2025-04-29 02:45:00,111.3,111.3,111.2,111.2,2600
VTP,2025-04-29 02:46:00,111.2,111.2,111.1,111.1,3000
VTP,2025-04-29 02:47:00,111.1,111.1,111.1,111.1,600
VTP,2025-04-29 02:48:00,111.1,111.1,111.0,111.0,2800
VTP,2025-04-29 02:49:00,111.0,111.0,111.0,111.0,6900
VTP,2025-04-29 02:50:00,111.0,111.4,111.0,111.4,1300
VTP,2025-04-29 02:52:00,111.4,111.4,111.1,111.1,600
VTP,2025-04-29 02:53:00,111.1,111.4,111.1,111.4,800
VTP,2025-04-29 02:54:00,111.4,111.9,111.4,111.9,2600
VTP,2025-04-29 02:55:00,111.9,112.0,111.8,111.8,6800
VTP,2025-04-29 02:57:00,111.8,111.8,111.6,111.6,300
VTP,2025-04-29 02:59:00,111.6,111.6,111.6,111.6,2000
VTP,2025-04-29 03:00:00,111.6,111.6,111.6,111.6,1600
VTP,2025-04-29 03:01:00,111.6,111.6,111.5,111.5,2500
VTP,2025-04-29 03:02:00,111.5,111.5,111.5,111.5,6100
VTP,2025-04-29 03:03:00,111.5,111.5,111.4,111.4,2200
VTP,2025-04-29 03:04:00,111.4,111.4,111.3,111.3,3900
VTP,2025-04-29 03:05:00,111.3,111.4,111.3,111.3,1100
VTP,2025-04-29 03:06:00,111.3,111.3,111.2,111.2,2400
VTP,2025-04-29 03:07:00,111.2,111.3,111.2,111.3,1300
VTP,2025-04-29 03:08:00,111.3,111.3,111.3,111.3,600
VTP,2025-04-29 03:11:00,111.3,111.3,111.2,111.2,7600
VTP,2025-04-29 03:12:00,111.2,111.2,111.2,111.2,2200
VTP,2025-04-29 03:13:00,111.2,111.2,111.2,111.2,1600
VTP,2025-04-29 03:14:00,111.2,111.2,111.2,111.2,100
VTP,2025-04-29 03:15:00,111.2,111.3,111.2,111.3,500
VTP,2025-04-29 03:16:00,111.3,111.3,111.3,111.3,500
VTP,2025-04-29 03:17:00,111.3,111.3,111.2,111.3,700
VTP,2025-04-29 03:18:00,111.3,111.3,111.3,111.3,700
VTP,2025-04-29 03:19:00,111.3,111.3,111.2,111.2,2100
VTP,2025-04-29 03:20:00,111.2,111.2,111.2,111.2,2600
VTP,2025-04-29 03:21:00,111.2,111.2,111.2,111.2,2100
VTP,2025-04-29 03:22:00,111.2,111.2,111.1,111.1,700
VTP,2025-04-29 03:23:00,111.1,111.2,111.1,111.1,200
VTP,2025-04-29 03:25:00,111.1,111.1,111.1,111.1,600
VTP,2025-04-29 03:26:00,111.1,111.2,111.1,111.1,200
VTP,2025-04-29 03:28:00,111.1,111.1,111.0,111.0,16600
VTP,2025-04-29 03:31:00,111.0,111.0,111.0,111.0,100
VTP,2025-04-29 03:32:00,111.0,111.0,110.9,110.9,2300
VTP,2025-04-29 03:33:00,110.9,110.9,110.9,110.9,600
VTP,2025-04-29 03:34:00,110.9,110.9,110.9,110.9,2700
VTP,2025-04-29 03:35:00,110.9,110.9,110.8,110.8,600
VTP,2025-04-29 03:36:00,110.8,110.9,110.8,110.8,6200
VTP,2025-04-29 03:37:00,110.8,110.8,110.6,110.6,12600
VTP,2025-04-29 03:38:00,110.6,110.6,110.5,110.5,15200
VTP,2025-04-29 03:39:00,110.5,110.5,110.3,110.3,900
VTP,2025-04-29 03:40:00,110.3,110.3,110.2,110.2,3300
VTP,2025-04-29 03:41:00,110.2,110.5,110.2,110.5,6800
VTP,2025-04-29 03:42:00,110.5,110.5,110.5,110.5,2000
VTP,2025-04-29 03:43:00,110.5,110.5,110.5,110.5,1700
VTP,2025-04-29 03:44:00,110.5,110.5,110.4,110.4,600
VTP,2025-04-29 03:45:00,110.4,110.4,110.4,110.4,1000
VTP,2025-04-29 03:46:00,110.4,110.5,110.4,110.4,1100
VTP,2025-04-29 03:47:00,110.4,110.4,110.3,110.3,800
VTP,2025-04-29 03:48:00,110.3,110.4,110.3,110.4,200
VTP,2025-04-29 03:49:00,110.4,110.4,110.3,110.3,1100
VTP,2025-04-29 03:50:00,110.3,110.3,110.3,110.3,900
VTP,2025-04-29 03:51:00,110.3,110.3,110.1,110.3,8100
VTP,2025-04-29 03:52:00,110.3,110.3,110.2,110.2,100
VTP,2025-04-29 03:53:00,110.2,110.2,110.2,110.2,300
VTP,2025-04-29 03:54:00,110.2,110.2,110.1,110.1,11200
VTP,2025-04-29 03:55:00,110.1,110.1,110.0,110.0,12900
VTP,2025-04-29 03:56:00,110.0,110.1,110.0,110.0,4100
VTP,2025-04-29 03:57:00,110.0,110.0,109.9,110.0,1200
VTP,2025-04-29 03:58:00,110.0,110.0,110.0,110.0,1000
VTP,2025-04-29 03:59:00,110.0,110.0,110.0,110.0,1400
VTP,2025-04-29 04:00:00,110.0,110.1,110.0,110.0,1000
VTP,2025-04-29 04:01:00,110.0,110.0,110.0,110.0,1200
VTP,2025-04-29 04:02:00,110.0,110.4,110.0,110.4,300
VTP,2025-04-29 04:03:00,110.4,110.4,110.3,110.3,300
VTP,2025-04-29 04:04:00,110.3,110.3,110.0,110.0,2900
VTP,2025-04-29 04:05:00,110.0,110.0,110.0,110.0,100
VTP,2025-04-29 04:06:00,110.0,110.0,109.8,109.8,1600
VTP,2025-04-29 04:07:00,109.8,109.9,109.8,109.8,5300
VTP,2025-04-29 04:08:00,109.8,109.9,109.8,109.9,3000
VTP,2025-04-29 04:09:00,109.9,109.9,109.9,109.9,600
VTP,2025-04-29 04:10:00,109.9,109.9,109.9,109.9,300
VTP,2025-04-29 04:11:00,109.9,110.0,109.9,110.0,400
VTP,2025-04-29 04:12:00,110.0,110.0,109.9,109.9,400
VTP,2025-04-29 04:13:00,109.9,110.0,109.9,109.9,3000
VTP,2025-04-29 04:14:00,109.9,110.0,109.9,110.0,1000
VTP,2025-04-29 04:15:00,110.0,110.0,110.0,110.0,2300
VTP,2025-04-29 04:16:00,110.0,110.0,110.0,110.0,1200
VTP,2025-04-29 04:18:00,110.0,110.0,110.0,110.0,600
VTP,2025-04-29 04:19:00,110.0,110.0,110.0,110.0,500
VTP,2025-04-29 04:20:00,110.0,110.0,109.9,110.0,400
VTP,2025-04-29 04:21:00,110.0,110.0,109.9,110.0,1000
VTP,2025-04-29 04:23:00,110.0,110.0,110.0,110.0,300
VTP,2025-04-29 04:24:00,110.0,110.0,110.0,110.0,500
VTP,2025-04-29 04:25:00,110.0,110.0,110.0,110.0,300
VTP,2025-04-29 04:26:00,110.0,110.0,110.0,110.0,300
VTP,2025-04-29 04:27:00,110.0,110.0,110.0,110.0,1900
VTP,2025-04-29 04:28:00,110.0,110.0,110.0,110.0,500
VTP,2025-04-29 06:00:00,110.0,110.0,109.7,109.7,14100
VTP,2025-04-29 06:01:00,109.7,109.7,109.5,109.5,11000
VTP,2025-04-29 06:02:00,109.5,109.6,109.5,109.5,6900
VTP,2025-04-29 06:03:00,109.5,109.8,109.4,109.8,4700
VTP,2025-04-29 06:04:00,109.8,109.8,109.6,109.8,1600
VTP,2025-04-29 06:05:00,109.8,110.0,109.8,109.8,400
VTP,2025-04-29 06:06:00,109.8,110.0,109.8,110.0,2800
VTP,2025-04-29 06:07:00,110.0,110.0,109.8,109.8,700
VTP,2025-04-29 06:08:00,109.8,109.8,109.7,109.8,3600
VTP,2025-04-29 06:09:00,109.8,109.8,109.8,109.8,200
VTP,2025-04-29 06:10:00,109.8,109.8,109.8,109.8,2500
VTP,2025-04-29 06:11:00,109.8,109.9,109.8,109.9,2300
VTP,2025-04-29 06:12:00,109.9,110.0,109.9,110.0,400
VTP,2025-04-29 06:13:00,110.0,110.0,110.0,110.0,2400
VTP,2025-04-29 06:14:00,110.0,110.0,110.0,110.0,1800
VTP,2025-04-29 06:15:00,110.0,110.0,110.0,110.0,3200
VTP,2025-04-29 06:16:00,110.0,110.0,110.0,110.0,3300
VTP,2025-04-29 06:17:00,110.0,110.0,110.0,110.0,2900
VTP,2025-04-29 06:18:00,110.0,110.1,110.0,110.1,300
VTP,2025-04-29 06:19:00,110.1,110.1,110.1,110.1,200
VTP,2025-04-29 06:20:00,110.1,110.1,110.0,110.0,2200
VTP,2025-04-29 06:21:00,110.0,110.0,109.9,110.0,2300
VTP,2025-04-29 06:22:00,110.0,110.0,110.0,110.0,600
VTP,2025-04-29 06:24:00,110.0,110.0,110.0,110.0,500
VTP,2025-04-29 06:25:00,110.0,110.1,110.0,110.1,200
VTP,2025-04-29 06:26:00,110.1,110.2,109.9,109.9,2100
VTP,2025-04-29 06:27:00,109.9,110.0,109.9,109.9,1700
VTP,2025-04-29 06:28:00,109.9,110.0,109.6,110.0,15600
VTP,2025-04-29 06:29:00,110.0,110.0,110.0,110.0,1100
VTP,2025-04-29 06:30:00,110.0,110.0,109.6,110.0,6400
VTP,2025-04-29 06:31:00,110.0,110.0,109.9,109.9,200
VTP,2025-04-29 06:32:00,109.9,109.9,109.7,109.7,3100
VTP,2025-04-29 06:33:00,109.7,109.7,109.3,109.5,15700
VTP,2025-04-29 06:34:00,109.5,109.6,109.5,109.5,6000
VTP,2025-04-29 06:35:00,109.5,109.5,109.4,109.5,3200
VTP,2025-04-29 06:36:00,109.5,109.5,109.4,109.4,3500
VTP,2025-04-29 06:37:00,109.4,109.4,109.4,109.4,300
VTP,2025-04-29 06:38:00,109.4,109.5,109.4,109.4,7000
VTP,2025-04-29 06:39:00,109.4,109.4,109.4,109.4,1600
VTP,2025-04-29 06:40:00,109.4,109.6,109.4,109.6,2400
VTP,2025-04-29 06:41:00,109.6,110.0,109.6,110.0,6100
VTP,2025-04-29 06:42:00,110.0,111.0,110.0,111.0,9200
VTP,2025-04-29 06:43:00,111.0,111.0,110.5,110.5,3100
VTP,2025-04-29 06:44:00,110.5,110.5,110.1,110.1,2200
VTP,2025-04-29 06:46:00,110.1,110.2,110.1,110.1,3900
VTP,2025-04-29 06:47:00,110.1,110.1,110.0,110.1,1200
VTP,2025-04-29 06:48:00,110.1,110.1,110.0,110.1,3100
VTP,2025-04-29 06:49:00,110.1,110.1,110.1,110.1,3000
VTP,2025-04-29 06:50:00,110.1,110.5,110.1,110.5,300
VTP,2025-04-29 06:51:00,110.5,110.5,110.0,110.0,7700
VTP,2025-04-29 06:52:00,110.0,110.0,110.0,110.0,1100
VTP,2025-04-29 06:53:00,110.0,110.2,110.0,110.2,1500
VTP,2025-04-29 06:54:00,110.2,110.2,110.2,110.2,400
VTP,2025-04-29 06:55:00,110.2,110.2,110.2,110.2,2400
VTP,2025-04-29 06:57:00,110.2,110.6,110.2,110.6,1000
VTP,2025-04-29 06:58:00,110.6,110.6,110.6,110.6,2400
VTP,2025-04-29 06:59:00,110.6,110.6,110.6,110.6,2600
VTP,2025-04-29 07:00:00,110.6,110.8,110.6,110.6,500
VTP,2025-04-29 07:01:00,110.6,110.6,110.4,110.4,8600
VTP,2025-04-29 07:02:00,110.4,110.4,110.4,110.4,1100
VTP,2025-04-29 07:03:00,110.4,110.4,110.4,110.4,1200
VTP,2025-04-29 07:04:00,110.4,110.4,110.3,110.3,700
VTP,2025-04-29 07:05:00,110.3,110.3,110.2,110.2,6500
VTP,2025-04-29 07:06:00,110.2,110.2,110.2,110.2,100
VTP,2025-04-29 07:07:00,110.2,110.2,110.0,110.1,9000
VTP,2025-04-29 07:08:00,110.1,110.2,110.1,110.2,300
VTP,2025-04-29 07:09:00,110.2,110.3,110.2,110.3,1300
VTP,2025-04-29 07:10:00,110.3,110.5,110.3,110.5,8400
VTP,2025-04-29 07:12:00,110.5,110.5,110.5,110.5,400
VTP,2025-04-29 07:13:00,110.5,110.5,110.5,110.5,500
VTP,2025-04-29 07:14:00,110.5,110.5,110.3,110.5,4000
VTP,2025-04-29 07:15:00,110.5,110.6,110.5,110.6,4400
VTP,2025-04-29 07:16:00,110.6,110.7,110.6,110.7,500
VTP,2025-04-29 07:17:00,110.7,110.7,110.3,110.3,4200
VTP,2025-04-29 07:18:00,110.3,110.4,110.3,110.4,6100
VTP,2025-04-29 07:19:00,110.4,110.4,110.0,110.0,13300
VTP,2025-04-29 07:20:00,110.0,110.0,109.8,109.8,2700
VTP,2025-04-29 07:21:00,109.8,109.9,109.7,109.7,6500
VTP,2025-04-29 07:22:00,109.7,109.8,109.7,109.8,10700
VTP,2025-04-29 07:23:00,109.8,110.1,109.8,110.1,3900
VTP,2025-04-29 07:24:00,110.1,110.3,110.1,110.2,800
VTP,2025-04-29 07:25:00,110.2,110.5,110.2,110.5,6600
VTP,2025-04-29 07:26:00,110.5,110.8,110.5,110.8,900
VTP,2025-04-29 07:27:00,110.8,110.8,110.7,110.7,2600
VTP,2025-04-29 07:28:00,110.7,110.7,110.6,110.6,1500
VTP,2025-04-29 07:29:00,110.6,110.6,110.5,110.5,2100
VTP,2025-04-29 07:30:00,110.5,110.5,110.0,110.0,500
VTP,2025-04-29 07:45:00,110.0,110.0,110.0,110.0,31300
